address_id,customer_id,address_type,address_line1,address_line2,city,state,country,postal_code,company_code,plant_id,material_group,created_ts,source_system
SAPADDR5647,SAP1647,Shipping,23 Brigade Rd,Near Old Town,Mumbai,Maharashtra,India,814328,COMP007,PLANT07,MG07,2026-03-02,SAP
SAPADDR5047,SAP1047,Shipping,34 JM Road,,Pune,Maharashtra,India,876187,COMP007,PLANT07,MG07,2026-01-18,SAP
SAPADDR5529,SAP1529,Shipping,12 Residency Rd,Near Old Town,Pune,Maharashtra,India,291258,COMP001,PLANT01,MG01,2026-01-02,SAP
SAPADDR5051,SAP1051,Billing,101 FC Rd,Near Old Town,Kolkata,West Bengal,India,104635,COMP003,PLANT03,MG03,2026-03-06,SAP
SAPADDR5060,SAP1060,Shipping,88 Worli Sea Face,Near Metro Station,Surat,Gujarat,India,925663,COMP004,PLANT04,MG04,2026-02-05,SAP
SAPADDR5634,SAP1634,Billing,44 Ashram Rd,Opposite Mall,Chennai,Tamil Nadu,India,844448,COMP002,PLANT02,MG02,2026-03-12,SAP
SAPADDR5409,SAP1409,Billing,45 Marine Dr,Near City Center,Ahmedabad,Gujarat,India,175022,COMP001,PLANT01,MG01,2026-03-07,SAP
SAPADDR5129,SAP1129,Billing,77 Linking Rd,Opposite Mall,Surat,Gujarat,India,149208,COMP001,PLANT01,MG01,2026-03-14,SAP
SAPADDR5561,SAP1561,Billing,55 MI Rd,Near Old Town,Delhi,Delhi,India,575651,COMP001,PLANT01,MG01,2026-03-28,SAP
SAPADDR5645,SAP1645,Billing,88 Worli Sea Face,Opposite Mall,Hyderabad,Telangana,India,152868,COMP005,PLANT05,MG05,2026-01-12,SAP
SAPADDR5297,SAP1297,Shipping,77 Linking Rd,Above Central Bank,Chennai,Tamil Nadu,India,452613,COMP001,PLANT01,MG01,2026-03-25,SAP
SAPADDR5134,SAP1134,Billing,55 MI Rd,Near City Center,Jaipur,Rajasthan,India,849044,COMP006,PLANT06,MG06,2026-02-10,SAP
SAPADDR5406,SAP1406,Billing,78 Connaught Pl,,Pune,Maharashtra,India,751627,COMP006,PLANT06,MG06,2026-03-02,SAP
SAPADDR5640,SAP1640,Shipping,78 Connaught Pl,Opposite Mall,Surat,Gujarat,India,626072,COMP008,PLANT08,MG08,2026-01-08,SAP
SAPADDR5532,SAP1532,Shipping,88 Worli Sea Face,Next to Market,Chennai,Tamil Nadu,India,495625,COMP004,PLANT04,MG04,2026-03-02,SAP
SAPADDR5873,SAP1873,Billing,67 Law Garden Rd,Above Central Bank,Bangalore,Karnataka,India,528759,COMP001,PLANT01,MG01,2026-01-31,SAP
SAPADDR5613,SAP1613,Shipping,67 Law Garden Rd,Next to Market,Chennai,Tamil Nadu,India,117724,COMP005,PLANT05,MG05,2026-03-29,SAP
SAPADDR5472,SAP1472,Shipping,101 FC Rd,Above Central Bank,Ahmedabad,Gujarat,India,110649,COMP008,PLANT08,MG08,2026-02-07,SAP
SAPADDR5335,SAP1335,Billing,78 Connaught Pl,Near City Center,Bangalore,Karnataka,India,298985,COMP007,PLANT07,MG07,2026-01-01,SAP
SAPADDR5386,SAP1386,Billing,77 Linking Rd,Near Metro Station,Jaipur,Rajasthan,India,264821,COMP002,PLANT02,MG02,2026-01-24,SAP
SAPADDR5352,SAP1352,Billing,101 FC Rd,Near Metro Station,Surat,Gujarat,India,115105,COMP008,PLANT08,MG08,2026-02-12,SAP
SAPADDR5523,SAP1523,Shipping,34 JM Road,Opposite Mall,Jaipur,Rajasthan,India,499066,COMP003,PLANT03,MG03,2026-01-03,SAP
SAPADDR5479,SAP1479,Billing,55 MI Rd,Opposite Mall,Mumbai,Maharashtra,India,855997,COMP007,PLANT07,MG07,2026-01-21,SAP
SAPADDR5791,SAP1791,Billing,45 Marine Dr,Near Metro Station,Delhi,Delhi,India,764417,COMP007,PLANT07,MG07,2026-02-03,SAP
SAPADDR5353,SAP1353,Shipping,101 FC Rd,Near Old Town,Kolkata,West Bengal,India,992682,COMP001,PLANT01,MG01,2026-03-04,SAP
SAPADDR5225,SAP1225,Shipping,56 Chandni Chowk,Near Metro Station,Mumbai,Maharashtra,India,595293,COMP001,PLANT01,MG01,2026-01-18,SAP
SAPADDR5044,SAP1044,Billing,67 Law Garden Rd,Near Metro Station,Ahmedabad,Gujarat,India,189188,COMP004,PLANT04,MG04,2026-01-21,SAP
SAPADDR5098,SAP1098,Shipping,34 JM Road,Near City Center,Kolkata,West Bengal,India,236416,COMP002,PLANT02,MG02,2026-01-09,SAP
SAPADDR5315,SAP1315,Shipping,34 JM Road,Near Old Town,Chennai,Tamil Nadu,India,767750,COMP003,PLANT03,MG03,2026-02-10,SAP
SAPADDR5387,SAP1387,Billing,101 FC Rd,Near Metro Station,Ahmedabad,Gujarat,India,824231,COMP003,PLANT03,MG03,2026-02-07,SAP
SAPADDR5933,SAP1933,Billing,44 Ashram Rd,Near Metro Station,Kolkata,West Bengal,India,921501,COMP005,PLANT05,MG05,2026-02-01,SAP
SAPADDR5311,SAP1311,Billing,90 Karol Bagh Market,Near Old Town,Hyderabad,Telangana,India,192940,COMP007,PLANT07,MG07,2026-02-08,SAP
SAPADDR5441,SAP1441,Shipping,78 Connaught Pl,Near City Center,Chennai,Tamil Nadu,India,106184,COMP001,PLANT01,MG01,2026-03-05,SAP
SAPADDR5596,SAP1596,Shipping,101 FC Rd,Near Metro Station,Surat,Gujarat,India,346233,COMP004,PLANT04,MG04,2026-03-08,SAP
SAPADDR5354,SAP1354,Shipping,23 Brigade Rd,,Jaipur,Rajasthan,India,375118,COMP002,PLANT02,MG02,2026-03-09,SAP
SAPADDR5726,SAP1726,Billing,23 Brigade Rd,Above Central Bank,Surat,Gujarat,India,913360,COMP006,PLANT06,MG06,2026-02-09,SAP
SAPADDR5222,SAP1222,Shipping,78 Connaught Pl,Near Metro Station,Ahmedabad,Gujarat,India,152855,COMP006,PLANT06,MG06,2026-03-13,SAP
SAPADDR5319,SAP1319,Billing,67 Law Garden Rd,Next to Market,Pune,Maharashtra,India,782633,COMP007,PLANT07,MG07,2026-03-28,SAP
SAPADDR5578,SAP1578,Billing,23 Brigade Rd,Near Metro Station,Kolkata,West Bengal,India,548643,COMP002,PLANT02,MG02,2026-03-19,SAP
SAPADDR5658,SAP1658,Shipping,78 Connaught Pl,Above Central Bank,Hyderabad,Telangana,India,614121,COMP002,PLANT02,MG02,2026-03-28,SAP
SAPADDR5161,SAP1161,Billing,77 Linking Rd,Next to Market,Bangalore,Karnataka,India,421666,COMP001,PLANT01,MG01,2026-01-29,SAP
SAPADDR5270,SAP1270,Billing,34 JM Road,Near Metro Station,Hyderabad,Telangana,India,538109,COMP006,PLANT06,MG06,2026-03-30,SAP
SAPADDR5052,SAP1052,Billing,56 Chandni Chowk,Next to Market,Surat,Gujarat,India,751435,COMP004,PLANT04,MG04,2026-01-13,SAP
SAPADDR5074,SAP1074,Billing,101 FC Rd,Above Central Bank,Mumbai,Maharashtra,India,372743,COMP002,PLANT02,MG02,2026-02-22,SAP
SAPADDR5908,SAP1908,Shipping,90 Karol Bagh Market,Near Old Town,Surat,Gujarat,India,317207,COMP004,PLANT04,MG04,2026-03-28,SAP
SAPADDR5419,SAP1419,Billing,90 Karol Bagh Market,Opposite Mall,Pune,Maharashtra,India,942030,COMP003,PLANT03,MG03,2026-01-05,SAP
SAPADDR5887,SAP1887,Shipping,67 Law Garden Rd,Near Old Town,Bangalore,Karnataka,India,577788,COMP007,PLANT07,MG07,2026-01-09,SAP
SAPADDR5422,SAP1422,Shipping,45 Marine Dr,Near City Center,Hyderabad,Telangana,India,876496,COMP006,PLANT06,MG06,2026-03-11,SAP
SAPADDR5711,SAP1711,Shipping,45 Marine Dr,Near City Center,Delhi,Delhi,India,637857,COMP007,PLANT07,MG07,2026-02-25,SAP
SAPADDR5508,SAP1508,Shipping,23 Brigade Rd,Near Metro Station,Ahmedabad,Gujarat,India,154890,COMP004,PLANT04,MG04,2026-01-26,SAP
SAPADDR5848,SAP1848,Shipping,77 Linking Rd,Opposite Mall,Chennai,Tamil Nadu,India,830072,COMP008,PLANT08,MG08,2026-01-09,SAP
SAPADDR5865,SAP1865,Shipping,44 Ashram Rd,Opposite Mall,Mumbai,Maharashtra,India,561361,COMP001,PLANT01,MG01,2026-03-08,SAP
SAPADDR5046,SAP1046,Billing,44 Ashram Rd,Near City Center,Kolkata,West Bengal,India,100852,COMP006,PLANT06,MG06,2026-02-05,SAP
SAPADDR5360,SAP1360,Billing,45 Marine Dr,,Kolkata,West Bengal,India,445744,COMP008,PLANT08,MG08,2026-02-21,SAP
SAPADDR5760,SAP1760,Billing,45 Marine Dr,Near Old Town,Surat,Gujarat,India,676149,COMP008,PLANT08,MG08,2026-02-17,SAP
SAPADDR5604,SAP1604,Billing,55 MI Rd,Next to Market,Bangalore,Karnataka,India,487078,COMP004,PLANT04,MG04,2026-02-22,SAP
SAPADDR5120,SAP1120,Billing,101 FC Rd,Near City Center,Kolkata,West Bengal,India,656756,COMP008,PLANT08,MG08,2026-01-18,SAP
SAPADDR5437,SAP1437,Billing,55 MI Rd,Near City Center,Hyderabad,Telangana,India,735499,COMP005,PLANT05,MG05,2026-01-12,SAP
SAPADDR5555,SAP1555,Billing,23 Brigade Rd,Near Old Town,Jaipur,Rajasthan,India,647637,COMP003,PLANT03,MG03,2026-02-26,SAP
SAPADDR5511,SAP1511,Shipping,12 Residency Rd,Next to Market,Mumbai,Maharashtra,India,507179,COMP007,PLANT07,MG07,2026-02-21,SAP
SAPADDR5402,SAP1402,Shipping,88 Worli Sea Face,Near Metro Station,Surat,Gujarat,India,556677,COMP002,PLANT02,MG02,2026-03-16,SAP
SAPADDR5327,SAP1327,Billing,12 MG Rd,Near Old Town,Mumbai,Maharashtra,India,593893,COMP007,PLANT07,MG07,2026-03-05,SAP
SAPADDR5152,SAP1152,Billing,23 Brigade Rd,Opposite Mall,Ahmedabad,Gujarat,India,690882,COMP008,PLANT08,MG08,2026-01-23,SAP
SAPADDR5768,SAP1768,Billing,101 FC Rd,Near Old Town,Kolkata,West Bengal,India,700113,COMP008,PLANT08,MG08,2026-03-31,SAP
SAPADDR5840,SAP1840,Billing,34 JM Road,Near Metro Station,Mumbai,Maharashtra,India,514211,COMP008,PLANT08,MG08,2026-02-01,SAP
SAPADDR5271,SAP1271,Billing,34 JM Road,,Ahmedabad,Gujarat,India,553152,COMP007,PLANT07,MG07,2026-01-14,SAP
SAPADDR5002,SAP1002,Billing,88 Worli Sea Face,,Kolkata,West Bengal,India,934915,COMP002,PLANT02,MG02,2026-01-03,SAP
SAPADDR5276,SAP1276,Shipping,44 Ashram Rd,,Surat,Gujarat,India,153752,COMP004,PLANT04,MG04,2026-02-28,SAP
SAPADDR5180,SAP1180,Shipping,90 Karol Bagh Market,Opposite Mall,Bangalore,Karnataka,India,535416,COMP004,PLANT04,MG04,2026-03-27,SAP
SAPADDR5737,SAP1737,Billing,55 MI Rd,Near Metro Station,Chennai,Tamil Nadu,India,432191,COMP001,PLANT01,MG01,2026-02-18,SAP
SAPADDR5617,SAP1617,Billing,12 Residency Rd,Opposite Mall,Surat,Gujarat,India,378726,COMP001,PLANT01,MG01,2026-01-29,SAP
SAPADDR5719,SAP1719,Shipping,12 MG Rd,Near City Center,Hyderabad,Telangana,India,215279,COMP007,PLANT07,MG07,2026-01-07,SAP
SAPADDR5388,SAP1388,Shipping,12 MG Rd,Near City Center,Chennai,Tamil Nadu,India,846259,COMP004,PLANT04,MG04,2026-01-16,SAP
SAPADDR5068,SAP1068,Shipping,67 Law Garden Rd,Near Metro Station,Surat,Gujarat,India,467510,COMP004,PLANT04,MG04,2026-01-27,SAP
SAPADDR5305,SAP1305,Shipping,78 Connaught Pl,Above Central Bank,Surat,Gujarat,India,259886,COMP001,PLANT01,MG01,2026-01-17,SAP
SAPADDR5104,SAP1104,Shipping,101 FC Rd,Above Central Bank,Surat,Gujarat,India,923643,COMP008,PLANT08,MG08,2026-02-02,SAP
SAPADDR5659,SAP1659,Billing,90 Karol Bagh Market,Above Central Bank,Mumbai,Maharashtra,India,108256,COMP003,PLANT03,MG03,2026-02-05,SAP
SAPADDR5210,SAP1210,Shipping,44 Ashram Rd,Next to Market,Surat,Gujarat,India,363742,COMP002,PLANT02,MG02,2026-02-07,SAP
SAPADDR5853,SAP1853,Billing,55 MI Rd,Above Central Bank,Kolkata,West Bengal,India,146513,COMP005,PLANT05,MG05,2026-01-02,SAP
SAPADDR5357,SAP1357,Billing,55 MI Rd,Above Central Bank,Bangalore,Karnataka,India,587649,COMP005,PLANT05,MG05,2026-01-23,SAP
SAPADDR5714,SAP1714,Shipping,34 JM Road,Near Old Town,Pune,Maharashtra,India,792336,COMP002,PLANT02,MG02,2026-01-03,SAP
SAPADDR5641,SAP1641,Billing,67 Law Garden Rd,Near Old Town,Bangalore,Karnataka,India,694367,COMP001,PLANT01,MG01,2026-02-25,SAP
SAPADDR5153,SAP1153,Shipping,55 MI Rd,Next to Market,Pune,Maharashtra,India,940766,COMP001,PLANT01,MG01,2026-01-30,SAP
SAPADDR5575,SAP1575,Shipping,45 Marine Dr,Above Central Bank,Kolkata,West Bengal,India,655819,COMP007,PLANT07,MG07,2026-01-16,SAP
SAPADDR5620,SAP1620,Billing,55 MI Rd,,Delhi,Delhi,India,789958,COMP004,PLANT04,MG04,2026-02-25,SAP
SAPADDR5899,SAP1899,Billing,56 Chandni Chowk,Near City Center,Hyderabad,Telangana,India,742893,COMP003,PLANT03,MG03,2026-01-01,SAP
SAPADDR5948,SAP1948,Shipping,88 Worli Sea Face,Opposite Mall,Chennai,Tamil Nadu,India,449861,COMP004,PLANT04,MG04,2026-02-06,SAP
SAPADDR5301,SAP1301,Billing,78 Connaught Pl,Opposite Mall,Pune,Maharashtra,India,669589,COMP005,PLANT05,MG05,2026-01-15,SAP
SAPADDR5465,SAP1465,Shipping,56 Chandni Chowk,Next to Market,Chennai,Tamil Nadu,India,460616,COMP001,PLANT01,MG01,2026-02-03,SAP
SAPADDR5071,SAP1071,Shipping,67 Law Garden Rd,Near Old Town,Jaipur,Rajasthan,India,978514,COMP007,PLANT07,MG07,2026-03-24,SAP
SAPADDR5036,SAP1036,Billing,12 MG Rd,Next to Market,Hyderabad,Telangana,India,188685,COMP004,PLANT04,MG04,2026-01-08,SAP
SAPADDR5106,SAP1106,Shipping,12 MG Rd,,Ahmedabad,Gujarat,India,183999,COMP002,PLANT02,MG02,2026-03-26,SAP
SAPADDR5204,SAP1204,Billing,12 MG Rd,Next to Market,Pune,Maharashtra,India,813588,COMP004,PLANT04,MG04,2026-03-01,SAP
SAPADDR5170,SAP1170,Billing,77 Linking Rd,Above Central Bank,Hyderabad,Telangana,India,409352,COMP002,PLANT02,MG02,2026-03-17,SAP
SAPADDR5015,SAP1015,Shipping,77 Linking Rd,Near Old Town,Bangalore,Karnataka,India,704087,COMP007,PLANT07,MG07,2026-02-05,SAP
SAPADDR5706,SAP1706,Shipping,101 FC Rd,Next to Market,Surat,Gujarat,India,580242,COMP002,PLANT02,MG02,2026-02-09,SAP
SAPADDR5947,SAP1947,Shipping,88 Worli Sea Face,Near Metro Station,Kolkata,West Bengal,India,694320,COMP003,PLANT03,MG03,2026-03-07,SAP
SAPADDR5471,SAP1471,Billing,90 Karol Bagh Market,Near Old Town,Pune,Maharashtra,India,152740,COMP007,PLANT07,MG07,2026-01-15,SAP
SAPADDR5941,SAP1941,Billing,67 Law Garden Rd,,Jaipur,Rajasthan,India,212395,COMP005,PLANT05,MG05,2026-02-06,SAP
SAPADDR5688,SAP1688,Shipping,101 FC Rd,Near City Center,Delhi,Delhi,India,369414,COMP008,PLANT08,MG08,2026-03-10,SAP
SAPADDR5592,SAP1592,Billing,78 Connaught Pl,Next to Market,Chennai,Tamil Nadu,India,429246,COMP008,PLANT08,MG08,2026-03-14,SAP
SAPADDR5159,SAP1159,Shipping,23 Brigade Rd,Opposite Mall,Pune,Maharashtra,India,462517,COMP007,PLANT07,MG07,2026-02-24,SAP
SAPADDR5660,SAP1660,Shipping,12 Residency Rd,Near City Center,Delhi,Delhi,India,971481,COMP004,PLANT04,MG04,2026-01-23,SAP
SAPADDR5877,SAP1877,Shipping,44 Ashram Rd,Near Old Town,Surat,Gujarat,India,900937,COMP005,PLANT05,MG05,2026-02-27,SAP
SAPADDR5910,SAP1910,Billing,12 Residency Rd,Near City Center,Pune,Maharashtra,India,684690,COMP006,PLANT06,MG06,2026-03-15,SAP
SAPADDR5032,SAP1032,Shipping,23 Brigade Rd,Opposite Mall,Bangalore,Karnataka,India,588212,COMP008,PLANT08,MG08,2026-02-22,SAP
SAPADDR5730,SAP1730,Shipping,45 Marine Dr,Near City Center,Ahmedabad,Gujarat,India,670057,COMP002,PLANT02,MG02,2026-01-24,SAP
SAPADDR5850,SAP1850,Billing,90 Karol Bagh Market,,Surat,Gujarat,India,975485,COMP002,PLANT02,MG02,2026-02-28,SAP
SAPADDR5922,SAP1922,Billing,44 Ashram Rd,Above Central Bank,Bangalore,Karnataka,India,256876,COMP002,PLANT02,MG02,2026-03-25,SAP
SAPADDR5738,SAP1738,Billing,12 Residency Rd,Near City Center,Pune,Maharashtra,India,260619,COMP002,PLANT02,MG02,2026-01-31,SAP
SAPADDR5215,SAP1215,Shipping,55 MI Rd,Near Metro Station,Mumbai,Maharashtra,India,851824,COMP007,PLANT07,MG07,2026-02-14,SAP
SAPADDR5217,SAP1217,Shipping,88 Worli Sea Face,Near Metro Station,Delhi,Delhi,India,624045,COMP001,PLANT01,MG01,2026-01-18,SAP
SAPADDR5394,SAP1394,Billing,77 Linking Rd,Near Old Town,Jaipur,Rajasthan,India,284746,COMP002,PLANT02,MG02,2026-01-05,SAP
SAPADDR5761,SAP1761,Billing,90 Karol Bagh Market,Above Central Bank,Hyderabad,Telangana,India,565225,COMP001,PLANT01,MG01,2026-02-10,SAP
SAPADDR5135,SAP1135,Shipping,77 Linking Rd,Next to Market,Jaipur,Rajasthan,India,188844,COMP007,PLANT07,MG07,2026-03-16,SAP
SAPADDR5484,SAP1484,Billing,77 Linking Rd,Near City Center,Jaipur,Rajasthan,India,457748,COMP004,PLANT04,MG04,2026-03-13,SAP
SAPADDR5316,SAP1316,Billing,88 Worli Sea Face,Near Old Town,Jaipur,Rajasthan,India,606363,COMP004,PLANT04,MG04,2026-03-17,SAP
SAPADDR5427,SAP1427,Shipping,101 FC Rd,Near City Center,Kolkata,West Bengal,India,816857,COMP003,PLANT03,MG03,2026-02-20,SAP
SAPADDR5633,SAP1633,Shipping,55 MI Rd,Above Central Bank,Bangalore,Karnataka,India,805811,COMP001,PLANT01,MG01,2026-01-11,SAP
SAPADDR5486,SAP1486,Shipping,88 Worli Sea Face,Near Metro Station,Pune,Maharashtra,India,948673,COMP006,PLANT06,MG06,2026-02-02,SAP
SAPADDR5638,SAP1638,Billing,88 Worli Sea Face,,Ahmedabad,Gujarat,India,101921,COMP006,PLANT06,MG06,2026-03-28,SAP
SAPADDR5111,SAP1111,Billing,23 Brigade Rd,Near Old Town,Bangalore,Karnataka,India,184605,COMP007,PLANT07,MG07,2026-01-03,SAP
SAPADDR5184,SAP1184,Shipping,77 Linking Rd,Near Metro Station,Hyderabad,Telangana,India,257671,COMP008,PLANT08,MG08,2026-03-27,SAP
SAPADDR5012,SAP1012,Billing,12 MG Rd,Near Old Town,Mumbai,Maharashtra,India,347456,COMP004,PLANT04,MG04,2026-02-18,SAP
SAPADDR5566,SAP1566,Shipping,23 Brigade Rd,Above Central Bank,Ahmedabad,Gujarat,India,243424,COMP006,PLANT06,MG06,2026-02-11,SAP
SAPADDR5571,SAP1571,Billing,101 FC Rd,Opposite Mall,Jaipur,Rajasthan,India,523313,COMP003,PLANT03,MG03,2026-02-26,SAP
SAPADDR5828,SAP1828,Billing,44 Ashram Rd,Next to Market,Bangalore,Karnataka,India,823366,COMP004,PLANT04,MG04,2026-02-18,SAP
SAPADDR5392,SAP1392,Shipping,12 MG Rd,Near City Center,Hyderabad,Telangana,India,421808,COMP008,PLANT08,MG08,2026-01-20,SAP
SAPADDR5802,SAP1802,Billing,77 Linking Rd,Next to Market,Delhi,Delhi,India,864779,COMP002,PLANT02,MG02,2026-01-20,SAP
SAPADDR5233,SAP1233,Billing,23 Brigade Rd,Near Old Town,Kolkata,West Bengal,India,366437,COMP001,PLANT01,MG01,2026-03-17,SAP
SAPADDR5404,SAP1404,Shipping,56 Chandni Chowk,,Kolkata,West Bengal,India,117998,COMP004,PLANT04,MG04,2026-01-14,SAP
SAPADDR5416,SAP1416,Billing,23 Brigade Rd,Above Central Bank,Mumbai,Maharashtra,India,429672,COMP008,PLANT08,MG08,2026-03-16,SAP
SAPADDR5904,SAP1904,Shipping,77 Linking Rd,Near City Center,Hyderabad,Telangana,India,738243,COMP008,PLANT08,MG08,2026-03-02,SAP
SAPADDR5577,SAP1577,Billing,56 Chandni Chowk,Near Metro Station,Surat,Gujarat,India,152610,COMP001,PLANT01,MG01,2026-02-21,SAP
SAPADDR5190,SAP1190,Shipping,55 MI Rd,Near City Center,Chennai,Tamil Nadu,India,584425,COMP006,PLANT06,MG06,2026-02-05,SAP
SAPADDR5695,SAP1695,Billing,88 Worli Sea Face,Above Central Bank,Delhi,Delhi,India,791452,COMP007,PLANT07,MG07,2026-03-27,SAP
SAPADDR5581,SAP1581,Shipping,56 Chandni Chowk,Near Metro Station,Pune,Maharashtra,India,362443,COMP005,PLANT05,MG05,2026-03-22,SAP
SAPADDR5551,SAP1551,Billing,45 Marine Dr,Next to Market,Delhi,Delhi,India,160495,COMP007,PLANT07,MG07,2026-03-27,SAP
SAPADDR5516,SAP1516,Shipping,23 Brigade Rd,Near Old Town,Delhi,Delhi,India,349636,COMP004,PLANT04,MG04,2026-02-19,SAP
SAPADDR5608,SAP1608,Shipping,56 Chandni Chowk,Near City Center,Mumbai,Maharashtra,India,765393,COMP008,PLANT08,MG08,2026-01-18,SAP
SAPADDR5915,SAP1915,Billing,12 MG Rd,Above Central Bank,Surat,Gujarat,India,148149,COMP003,PLANT03,MG03,2026-01-25,SAP
SAPADDR5295,SAP1295,Billing,56 Chandni Chowk,Above Central Bank,Mumbai,Maharashtra,India,856422,COMP007,PLANT07,MG07,2026-01-25,SAP
SAPADDR5656,SAP1656,Shipping,88 Worli Sea Face,,Chennai,Tamil Nadu,India,765061,COMP008,PLANT08,MG08,2026-03-24,SAP
SAPADDR5752,SAP1752,Billing,101 FC Rd,,Hyderabad,Telangana,India,365891,COMP008,PLANT08,MG08,2026-01-28,SAP
SAPADDR5609,SAP1609,Shipping,34 JM Road,Next to Market,Pune,Maharashtra,India,901538,COMP001,PLANT01,MG01,2026-03-19,SAP
SAPADDR5681,SAP1681,Shipping,88 Worli Sea Face,Near Metro Station,Pune,Maharashtra,India,836944,COMP001,PLANT01,MG01,2026-03-27,SAP
SAPADDR5229,SAP1229,Shipping,56 Chandni Chowk,Next to Market,Pune,Maharashtra,India,834692,COMP005,PLANT05,MG05,2026-03-06,SAP
SAPADDR5727,SAP1727,Shipping,55 MI Rd,Opposite Mall,Bangalore,Karnataka,India,315962,COMP007,PLANT07,MG07,2026-01-30,SAP
SAPADDR5429,SAP1429,Shipping,90 Karol Bagh Market,Above Central Bank,Delhi,Delhi,India,352244,COMP005,PLANT05,MG05,2026-02-05,SAP
SAPADDR5445,SAP1445,Shipping,78 Connaught Pl,Opposite Mall,Ahmedabad,Gujarat,India,475389,COMP005,PLANT05,MG05,2026-03-17,SAP
SAPADDR5431,SAP1431,Billing,12 Residency Rd,Next to Market,Hyderabad,Telangana,India,343939,COMP007,PLANT07,MG07,2026-03-12,SAP
SAPADDR5191,SAP1191,Shipping,88 Worli Sea Face,Near Old Town,Kolkata,West Bengal,India,676029,COMP007,PLANT07,MG07,2026-01-30,SAP
SAPADDR5470,SAP1470,Billing,56 Chandni Chowk,Next to Market,Bangalore,Karnataka,India,550627,COMP006,PLANT06,MG06,2026-03-24,SAP
SAPADDR5827,SAP1827,Shipping,55 MI Rd,Next to Market,Chennai,Tamil Nadu,India,508901,COMP003,PLANT03,MG03,2026-01-22,SAP
SAPADDR5889,SAP1889,Shipping,77 Linking Rd,Near Metro Station,Surat,Gujarat,India,400910,COMP001,PLANT01,MG01,2026-01-26,SAP
SAPADDR5518,SAP1518,Billing,67 Law Garden Rd,Opposite Mall,Pune,Maharashtra,India,861396,COMP006,PLANT06,MG06,2026-02-25,SAP
SAPADDR5906,SAP1906,Shipping,23 Brigade Rd,,Kolkata,West Bengal,India,706349,COMP002,PLANT02,MG02,2026-02-11,SAP
SAPADDR5919,SAP1919,Shipping,12 MG Rd,Next to Market,Hyderabad,Telangana,India,729208,COMP007,PLANT07,MG07,2026-03-26,SAP
SAPADDR5786,SAP1786,Shipping,12 Residency Rd,Near Old Town,Bangalore,Karnataka,India,949539,COMP002,PLANT02,MG02,2026-03-10,SAP
SAPADDR5141,SAP1141,Shipping,77 Linking Rd,,Pune,Maharashtra,India,253877,COMP005,PLANT05,MG05,2026-03-31,SAP
SAPADDR5557,SAP1557,Shipping,88 Worli Sea Face,Near City Center,Delhi,Delhi,India,908313,COMP005,PLANT05,MG05,2026-02-19,SAP
SAPADDR5749,SAP1749,Shipping,44 Ashram Rd,Next to Market,Surat,Gujarat,India,486679,COMP005,PLANT05,MG05,2026-02-01,SAP
SAPADDR5494,SAP1494,Billing,12 MG Rd,Above Central Bank,Ahmedabad,Gujarat,India,395410,COMP006,PLANT06,MG06,2026-03-21,SAP
SAPADDR5892,SAP1892,Billing,44 Ashram Rd,,Delhi,Delhi,India,912272,COMP004,PLANT04,MG04,2026-02-23,SAP
SAPADDR5931,SAP1931,Billing,55 MI Rd,Next to Market,Jaipur,Rajasthan,India,378106,COMP003,PLANT03,MG03,2026-02-16,SAP
SAPADDR5442,SAP1442,Shipping,56 Chandni Chowk,Above Central Bank,Bangalore,Karnataka,India,982410,COMP002,PLANT02,MG02,2026-02-28,SAP
SAPADDR5693,SAP1693,Shipping,78 Connaught Pl,Near City Center,Surat,Gujarat,India,461853,COMP005,PLANT05,MG05,2026-03-07,SAP
SAPADDR5708,SAP1708,Billing,12 Residency Rd,Above Central Bank,Ahmedabad,Gujarat,India,480075,COMP004,PLANT04,MG04,2026-03-10,SAP
SAPADDR5087,SAP1087,Shipping,23 Brigade Rd,Near City Center,Hyderabad,Telangana,India,362676,COMP007,PLANT07,MG07,2026-01-29,SAP
SAPADDR5859,SAP1859,Shipping,101 FC Rd,Near Old Town,Ahmedabad,Gujarat,India,189175,COMP003,PLANT03,MG03,2026-03-26,SAP
SAPADDR5773,SAP1773,Shipping,45 Marine Dr,Opposite Mall,Delhi,Delhi,India,192823,COMP005,PLANT05,MG05,2026-01-31,SAP
SAPADDR5293,SAP1293,Billing,45 Marine Dr,Near City Center,Surat,Gujarat,India,506640,COMP005,PLANT05,MG05,2026-01-22,SAP
SAPADDR5292,SAP1292,Billing,34 JM Road,Above Central Bank,Surat,Gujarat,India,673077,COMP004,PLANT04,MG04,2026-01-22,SAP
SAPADDR5459,SAP1459,Billing,88 Worli Sea Face,Above Central Bank,Kolkata,West Bengal,India,964722,COMP003,PLANT03,MG03,2026-02-27,SAP
SAPADDR5807,SAP1807,Billing,77 Linking Rd,Near City Center,Chennai,Tamil Nadu,India,254514,COMP007,PLANT07,MG07,2026-01-27,SAP
SAPADDR5082,SAP1082,Shipping,77 Linking Rd,Above Central Bank,Surat,Gujarat,India,292363,COMP002,PLANT02,MG02,2026-03-25,SAP
SAPADDR5856,SAP1856,Billing,34 JM Road,Near Metro Station,Pune,Maharashtra,India,950712,COMP008,PLANT08,MG08,2026-01-12,SAP
SAPADDR5487,SAP1487,Billing,56 Chandni Chowk,Opposite Mall,Chennai,Tamil Nadu,India,560822,COMP007,PLANT07,MG07,2026-01-06,SAP
SAPADDR5242,SAP1242,Shipping,34 JM Road,Near Old Town,Mumbai,Maharashtra,India,222582,COMP002,PLANT02,MG02,2026-01-22,SAP
SAPADDR5584,SAP1584,Billing,45 Marine Dr,Near Metro Station,Jaipur,Rajasthan,India,929244,COMP008,PLANT08,MG08,2026-03-10,SAP
SAPADDR5395,SAP1395,Shipping,67 Law Garden Rd,,Mumbai,Maharashtra,India,805603,COMP003,PLANT03,MG03,2026-01-15,SAP
SAPADDR5095,SAP1095,Shipping,12 MG Rd,Near Metro Station,Bangalore,Karnataka,India,212897,COMP007,PLANT07,MG07,2026-02-13,SAP
SAPADDR5182,SAP1182,Billing,34 JM Road,Near City Center,Delhi,Delhi,India,126180,COMP006,PLANT06,MG06,2026-01-20,SAP
SAPADDR5322,SAP1322,Shipping,55 MI Rd,Opposite Mall,Chennai,Tamil Nadu,India,940282,COMP002,PLANT02,MG02,2026-02-20,SAP
SAPADDR5795,SAP1795,Billing,12 MG Rd,Opposite Mall,Pune,Maharashtra,India,193147,COMP003,PLANT03,MG03,2026-01-28,SAP
SAPADDR5040,SAP1040,Billing,23 Brigade Rd,Near City Center,Surat,Gujarat,India,522421,COMP008,PLANT08,MG08,2026-03-07,SAP
SAPADDR5831,SAP1831,Shipping,90 Karol Bagh Market,Next to Market,Jaipur,Rajasthan,India,258774,COMP007,PLANT07,MG07,2026-02-22,SAP
SAPADDR5330,SAP1330,Billing,67 Law Garden Rd,,Kolkata,West Bengal,India,807738,COMP002,PLANT02,MG02,2026-03-20,SAP
SAPADDR5054,SAP1054,Shipping,23 Brigade Rd,Above Central Bank,Delhi,Delhi,India,320861,COMP006,PLANT06,MG06,2026-02-07,SAP
SAPADDR5256,SAP1256,Shipping,77 Linking Rd,Near Old Town,Bangalore,Karnataka,India,174989,COMP008,PLANT08,MG08,2026-01-18,SAP
SAPADDR5034,SAP1034,Shipping,78 Connaught Pl,Near Old Town,Chennai,Tamil Nadu,India,914671,COMP002,PLANT02,MG02,2026-02-01,SAP
SAPADDR5614,SAP1614,Shipping,23 Brigade Rd,Above Central Bank,Chennai,Tamil Nadu,India,882536,COMP006,PLANT06,MG06,2026-02-28,SAP
SAPADDR5382,SAP1382,Shipping,12 Residency Rd,,Surat,Gujarat,India,802202,COMP006,PLANT06,MG06,2026-01-05,SAP
SAPADDR5784,SAP1784,Shipping,34 JM Road,Above Central Bank,Hyderabad,Telangana,India,170162,COMP008,PLANT08,MG08,2026-02-16,SAP
SAPADDR5310,SAP1310,Shipping,101 FC Rd,Near Metro Station,Pune,Maharashtra,India,957868,COMP006,PLANT06,MG06,2026-03-14,SAP
SAPADDR5924,SAP1924,Billing,78 Connaught Pl,Opposite Mall,Surat,Gujarat,India,776800,COMP004,PLANT04,MG04,2026-01-31,SAP
SAPADDR5770,SAP1770,Billing,23 Brigade Rd,Next to Market,Hyderabad,Telangana,India,832747,COMP002,PLANT02,MG02,2026-03-02,SAP
SAPADDR5670,SAP1670,Shipping,23 Brigade Rd,Above Central Bank,Mumbai,Maharashtra,India,472851,COMP006,PLANT06,MG06,2026-01-28,SAP
SAPADDR5218,SAP1218,Billing,90 Karol Bagh Market,Opposite Mall,Bangalore,Karnataka,India,476575,COMP002,PLANT02,MG02,2026-02-13,SAP
SAPADDR5114,SAP1114,Shipping,77 Linking Rd,Near City Center,Pune,Maharashtra,India,101231,COMP002,PLANT02,MG02,2026-01-18,SAP
SAPADDR5438,SAP1438,Billing,55 MI Rd,Opposite Mall,Kolkata,West Bengal,India,480037,COMP006,PLANT06,MG06,2026-01-30,SAP
SAPADDR5155,SAP1155,Shipping,12 Residency Rd,,Jaipur,Rajasthan,India,990963,COMP003,PLANT03,MG03,2026-01-10,SAP
SAPADDR5195,SAP1195,Billing,67 Law Garden Rd,Near City Center,Chennai,Tamil Nadu,India,559492,COMP003,PLANT03,MG03,2026-03-16,SAP
SAPADDR5326,SAP1326,Billing,78 Connaught Pl,Above Central Bank,Jaipur,Rajasthan,India,133560,COMP006,PLANT06,MG06,2026-03-04,SAP
SAPADDR5618,SAP1618,Shipping,67 Law Garden Rd,Near Old Town,Mumbai,Maharashtra,India,781978,COMP002,PLANT02,MG02,2026-02-26,SAP
SAPADDR5376,SAP1376,Billing,78 Connaught Pl,Near Old Town,Ahmedabad,Gujarat,India,215433,COMP008,PLANT08,MG08,2026-02-15,SAP
SAPADDR5440,SAP1440,Billing,34 JM Road,Above Central Bank,Bangalore,Karnataka,India,727517,COMP008,PLANT08,MG08,2026-03-18,SAP
SAPADDR5014,SAP1014,Shipping,56 Chandni Chowk,Above Central Bank,Chennai,Tamil Nadu,India,585469,COMP006,PLANT06,MG06,2026-01-11,SAP
SAPADDR5339,SAP1339,Shipping,88 Worli Sea Face,Near Metro Station,Jaipur,Rajasthan,India,120225,COMP003,PLANT03,MG03,2026-01-19,SAP
SAPADDR5680,SAP1680,Billing,44 Ashram Rd,Near Old Town,Chennai,Tamil Nadu,India,757761,COMP008,PLANT08,MG08,2026-03-29,SAP
SAPADDR5788,SAP1788,Billing,90 Karol Bagh Market,Next to Market,Pune,Maharashtra,India,318044,COMP004,PLANT04,MG04,2026-02-17,SAP
SAPADDR5911,SAP1911,Billing,77 Linking Rd,Near Old Town,Surat,Gujarat,India,439199,COMP007,PLANT07,MG07,2026-03-17,SAP
SAPADDR5281,SAP1281,Billing,56 Chandni Chowk,Opposite Mall,Kolkata,West Bengal,India,282458,COMP001,PLANT01,MG01,2026-03-13,SAP
SAPADDR5454,SAP1454,Shipping,55 MI Rd,,Pune,Maharashtra,India,365257,COMP006,PLANT06,MG06,2026-03-10,SAP
SAPADDR5288,SAP1288,Billing,23 Brigade Rd,Opposite Mall,Hyderabad,Telangana,India,949933,COMP008,PLANT08,MG08,2026-01-04,SAP
SAPADDR5864,SAP1864,Shipping,88 Worli Sea Face,,Hyderabad,Telangana,India,397719,COMP008,PLANT08,MG08,2026-01-19,SAP
SAPADDR5503,SAP1503,Billing,90 Karol Bagh Market,Above Central Bank,Surat,Gujarat,India,248961,COMP007,PLANT07,MG07,2026-03-29,SAP
SAPADDR5649,SAP1649,Billing,67 Law Garden Rd,Near City Center,Jaipur,Rajasthan,India,747743,COMP001,PLANT01,MG01,2026-01-21,SAP
SAPADDR5733,SAP1733,Shipping,55 MI Rd,Near Old Town,Mumbai,Maharashtra,India,944787,COMP005,PLANT05,MG05,2026-03-23,SAP
SAPADDR5801,SAP1801,Billing,23 Brigade Rd,Near Metro Station,Chennai,Tamil Nadu,India,642350,COMP001,PLANT01,MG01,2026-03-17,SAP
SAPADDR5408,SAP1408,Shipping,55 MI Rd,Near Metro Station,Mumbai,Maharashtra,India,129337,COMP008,PLANT08,MG08,2026-01-29,SAP
SAPADDR5872,SAP1872,Shipping,78 Connaught Pl,,Hyderabad,Telangana,India,630676,COMP008,PLANT08,MG08,2026-03-25,SAP
SAPADDR5418,SAP1418,Shipping,23 Brigade Rd,Next to Market,Pune,Maharashtra,India,166108,COMP002,PLANT02,MG02,2026-03-07,SAP
SAPADDR5869,SAP1869,Billing,45 Marine Dr,Next to Market,Jaipur,Rajasthan,India,131382,COMP005,PLANT05,MG05,2026-01-02,SAP
SAPADDR5874,SAP1874,Billing,78 Connaught Pl,,Chennai,Tamil Nadu,India,701369,COMP002,PLANT02,MG02,2026-02-22,SAP
SAPADDR5086,SAP1086,Shipping,45 Marine Dr,Near Metro Station,Chennai,Tamil Nadu,India,763754,COMP006,PLANT06,MG06,2026-01-27,SAP
SAPADDR5754,SAP1754,Billing,23 Brigade Rd,Near Old Town,Mumbai,Maharashtra,India,277559,COMP002,PLANT02,MG02,2026-03-29,SAP
SAPADDR5564,SAP1564,Shipping,67 Law Garden Rd,Next to Market,Chennai,Tamil Nadu,India,908564,COMP004,PLANT04,MG04,2026-01-29,SAP
SAPADDR5245,SAP1245,Billing,88 Worli Sea Face,Near Old Town,Surat,Gujarat,India,191680,COMP005,PLANT05,MG05,2026-03-17,SAP
SAPADDR5920,SAP1920,Billing,44 Ashram Rd,Above Central Bank,Pune,Maharashtra,India,592635,COMP008,PLANT08,MG08,2026-01-24,SAP
SAPADDR5081,SAP1081,Billing,12 MG Rd,Near Old Town,Ahmedabad,Gujarat,India,767125,COMP001,PLANT01,MG01,2026-02-24,SAP
SAPADDR5005,SAP1005,Billing,44 Ashram Rd,Opposite Mall,Mumbai,Maharashtra,India,688213,COMP005,PLANT05,MG05,2026-02-13,SAP
SAPADDR5318,SAP1318,Shipping,12 MG Rd,Above Central Bank,Bangalore,Karnataka,India,215545,COMP006,PLANT06,MG06,2026-01-16,SAP
SAPADDR5467,SAP1467,Billing,90 Karol Bagh Market,Next to Market,Chennai,Tamil Nadu,India,787772,COMP003,PLANT03,MG03,2026-02-03,SAP
SAPADDR5662,SAP1662,Shipping,67 Law Garden Rd,Opposite Mall,Mumbai,Maharashtra,India,411886,COMP006,PLANT06,MG06,2026-01-30,SAP
SAPADDR5792,SAP1792,Shipping,67 Law Garden Rd,Near Old Town,Jaipur,Rajasthan,India,913099,COMP008,PLANT08,MG08,2026-02-09,SAP
SAPADDR5475,SAP1475,Shipping,55 MI Rd,Next to Market,Ahmedabad,Gujarat,India,987999,COMP003,PLANT03,MG03,2026-03-04,SAP
SAPADDR5679,SAP1679,Shipping,44 Ashram Rd,Near City Center,Pune,Maharashtra,India,508540,COMP007,PLANT07,MG07,2026-01-21,SAP
SAPADDR5306,SAP1306,Shipping,12 MG Rd,Near City Center,Jaipur,Rajasthan,India,781778,COMP002,PLANT02,MG02,2026-02-09,SAP
SAPADDR5070,SAP1070,Shipping,45 Marine Dr,Next to Market,Kolkata,West Bengal,India,794914,COMP006,PLANT06,MG06,2026-01-26,SAP
SAPADDR5193,SAP1193,Billing,23 Brigade Rd,Near Metro Station,Pune,Maharashtra,India,897210,COMP001,PLANT01,MG01,2026-01-09,SAP
SAPADDR5383,SAP1383,Billing,23 Brigade Rd,Near Metro Station,Ahmedabad,Gujarat,India,296600,COMP007,PLANT07,MG07,2026-02-26,SAP
SAPADDR5027,SAP1027,Billing,12 Residency Rd,Opposite Mall,Hyderabad,Telangana,India,790873,COMP003,PLANT03,MG03,2026-03-31,SAP
SAPADDR5617,SAP1617,Billing,12 Residency Rd,Opposite Mall,Surat,Gujarat,India,378726,COMP001,PLANT01,MG01,2026-01-29,SAP
SAPADDR5019,SAP1019,Shipping,88 Worli Sea Face,Near City Center,Delhi,Delhi,India,554381,COMP003,PLANT03,MG03,2026-03-15,SAP
SAPADDR5001,SAP1001,Shipping,12 MG Rd,Above Central Bank,Surat,Gujarat,India,501598,COMP001,PLANT01,MG01,2026-02-18,SAP
SAPADDR5026,SAP1026,Shipping,44 Ashram Rd,Above Central Bank,Kolkata,West Bengal,India,225893,COMP002,PLANT02,MG02,2026-01-19,SAP
SAPADDR5303,SAP1303,Shipping,90 Karol Bagh Market,Above Central Bank,Hyderabad,Telangana,India,710158,COMP007,PLANT07,MG07,2026-02-03,SAP
SAPADDR5250,SAP1250,Billing,78 Connaught Pl,,Mumbai,Maharashtra,India,700802,COMP002,PLANT02,MG02,2026-02-20,SAP
SAPADDR5143,SAP1143,Billing,23 Brigade Rd,Near Old Town,Surat,Gujarat,India,979817,COMP007,PLANT07,MG07,2026-01-12,SAP
SAPADDR5148,SAP1148,Shipping,78 Connaught Pl,Above Central Bank,Pune,Maharashtra,India,653343,COMP004,PLANT04,MG04,2026-03-07,SAP
SAPADDR5501,SAP1501,Shipping,23 Brigade Rd,Next to Market,Chennai,Tamil Nadu,India,818210,COMP005,PLANT05,MG05,2026-02-04,SAP
SAPADDR5818,SAP1818,Billing,67 Law Garden Rd,Near City Center,Jaipur,Rajasthan,India,801752,COMP002,PLANT02,MG02,2026-01-02,SAP
SAPADDR5289,SAP1289,Billing,55 MI Rd,Next to Market,Kolkata,West Bengal,India,361350,COMP001,PLANT01,MG01,2026-02-14,SAP
SAPADDR5347,SAP1347,Shipping,55 MI Rd,Near Old Town,Ahmedabad,Gujarat,India,944552,COMP003,PLANT03,MG03,2026-01-25,SAP
SAPADDR5008,SAP1008,Billing,77 Linking Rd,Opposite Mall,Surat,Gujarat,India,320631,COMP008,PLANT08,MG08,2026-02-24,SAP
SAPADDR5800,SAP1800,Billing,67 Law Garden Rd,Above Central Bank,Hyderabad,Telangana,India,348929,COMP008,PLANT08,MG08,2026-03-20,SAP
SAPADDR5221,SAP1221,Billing,90 Karol Bagh Market,Opposite Mall,Kolkata,West Bengal,India,204701,COMP005,PLANT05,MG05,2026-02-27,SAP
SAPADDR5748,SAP1748,Shipping,101 FC Rd,Near Metro Station,Hyderabad,Telangana,India,186477,COMP004,PLANT04,MG04,2026-01-11,SAP
SAPADDR5131,SAP1131,Shipping,78 Connaught Pl,Next to Market,Mumbai,Maharashtra,India,133877,COMP003,PLANT03,MG03,2026-01-13,SAP
SAPADDR5348,SAP1348,Shipping,45 Marine Dr,Near City Center,Surat,Gujarat,India,720944,COMP004,PLANT04,MG04,2026-01-04,SAP
SAPADDR5253,SAP1253,Billing,23 Brigade Rd,Near Metro Station,Hyderabad,Telangana,India,239767,COMP005,PLANT05,MG05,2026-03-30,SAP
SAPADDR5702,SAP1702,Shipping,55 MI Rd,Above Central Bank,Jaipur,Rajasthan,India,821129,COMP006,PLANT06,MG06,2026-01-27,SAP
SAPADDR5200,SAP1200,Billing,34 JM Road,Near Old Town,Pune,Maharashtra,India,848166,COMP008,PLANT08,MG08,2026-03-16,SAP
SAPADDR5663,SAP1663,Shipping,101 FC Rd,,Pune,Maharashtra,India,736790,COMP007,PLANT07,MG07,2026-01-07,SAP
SAPADDR5167,SAP1167,Billing,12 Residency Rd,Opposite Mall,Chennai,Tamil Nadu,India,718730,COMP007,PLANT07,MG07,2026-02-22,SAP
SAPADDR5776,SAP1776,Billing,78 Connaught Pl,Opposite Mall,Jaipur,Rajasthan,India,878184,COMP008,PLANT08,MG08,2026-02-04,SAP
SAPADDR5269,SAP1269,Billing,88 Worli Sea Face,Above Central Bank,Pune,Maharashtra,India,850586,COMP005,PLANT05,MG05,2026-01-02,SAP
SAPADDR5539,SAP1539,Shipping,90 Karol Bagh Market,,Jaipur,Rajasthan,India,271533,COMP003,PLANT03,MG03,2026-02-16,SAP
SAPADDR5337,SAP1337,Billing,77 Linking Rd,,Mumbai,Maharashtra,India,641010,COMP001,PLANT01,MG01,2026-03-08,SAP
SAPADDR5539,SAP1539,Shipping,90 Karol Bagh Market,,Jaipur,Rajasthan,India,271533,COMP003,PLANT03,MG03,2026-02-16,SAP
SAPADDR5569,SAP1569,Shipping,12 MG Rd,,Kolkata,West Bengal,India,116761,COMP001,PLANT01,MG01,2026-01-09,SAP
SAPADDR5075,SAP1075,Billing,56 Chandni Chowk,Near City Center,Surat,Gujarat,India,614256,COMP003,PLANT03,MG03,2026-03-07,SAP
SAPADDR5016,SAP1016,Billing,23 Brigade Rd,Above Central Bank,Hyderabad,Telangana,India,876118,COMP008,PLANT08,MG08,2026-01-08,SAP
SAPADDR5138,SAP1138,Shipping,23 Brigade Rd,Near City Center,Delhi,Delhi,India,914825,COMP002,PLANT02,MG02,2026-01-04,SAP
SAPADDR5067,SAP1067,Shipping,78 Connaught Pl,Opposite Mall,Bangalore,Karnataka,India,621667,COMP003,PLANT03,MG03,2026-01-10,SAP
SAPADDR5627,SAP1627,Billing,101 FC Rd,Above Central Bank,Pune,Maharashtra,India,816124,COMP003,PLANT03,MG03,2026-03-23,SAP
SAPADDR5545,SAP1545,Shipping,56 Chandni Chowk,,Chennai,Tamil Nadu,India,422434,COMP001,PLANT01,MG01,2026-02-24,SAP
SAPADDR5421,SAP1421,Shipping,67 Law Garden Rd,Near Old Town,Surat,Gujarat,India,441802,COMP005,PLANT05,MG05,2026-01-23,SAP
SAPADDR5367,SAP1367,Shipping,88 Worli Sea Face,Above Central Bank,Ahmedabad,Gujarat,India,384592,COMP007,PLANT07,MG07,2026-01-01,SAP
SAPADDR5123,SAP1123,Billing,101 FC Rd,Near Old Town,Bangalore,Karnataka,India,942223,COMP003,PLANT03,MG03,2026-02-15,SAP
SAPADDR5329,SAP1329,Billing,23 Brigade Rd,Near Metro Station,Chennai,Tamil Nadu,India,967259,COMP001,PLANT01,MG01,2026-03-26,SAP
SAPADDR5938,SAP1938,Billing,45 Marine Dr,Opposite Mall,Ahmedabad,Gujarat,India,733149,COMP002,PLANT02,MG02,2026-02-14,SAP
SAPADDR5654,SAP1654,Shipping,56 Chandni Chowk,,Ahmedabad,Gujarat,India,193190,COMP006,PLANT06,MG06,2026-03-21,SAP
SAPADDR5156,SAP1156,Billing,34 JM Road,Near Metro Station,Hyderabad,Telangana,India,696210,COMP004,PLANT04,MG04,2026-02-18,SAP
SAPADDR5735,SAP1735,Shipping,55 MI Rd,Near Old Town,Bangalore,Karnataka,India,973351,COMP007,PLANT07,MG07,2026-02-19,SAP
SAPADDR5844,SAP1844,Shipping,12 Residency Rd,,Bangalore,Karnataka,India,372313,COMP004,PLANT04,MG04,2026-02-16,SAP
SAPADDR5092,SAP1092,Shipping,67 Law Garden Rd,Above Central Bank,Surat,Gujarat,India,201420,COMP004,PLANT04,MG04,2026-01-04,SAP
SAPADDR5472,SAP1472,Shipping,101 FC Rd,Above Central Bank,Ahmedabad,Gujarat,India,110649,COMP008,PLANT08,MG08,2026-02-07,SAP
SAPADDR5598,SAP1598,Shipping,34 JM Road,Near Metro Station,Hyderabad,Telangana,India,262427,COMP006,PLANT06,MG06,2026-02-05,SAP
SAPADDR5661,SAP1661,Shipping,77 Linking Rd,,Hyderabad,Telangana,India,740734,COMP005,PLANT05,MG05,2026-03-09,SAP
SAPADDR5228,SAP1228,Shipping,23 Brigade Rd,Opposite Mall,Chennai,Tamil Nadu,India,552755,COMP004,PLANT04,MG04,2026-02-18,SAP
SAPADDR5895,SAP1895,Billing,67 Law Garden Rd,,Jaipur,Rajasthan,India,976322,COMP007,PLANT07,MG07,2026-01-07,SAP
SAPADDR5249,SAP1249,Shipping,101 FC Rd,Near Old Town,Chennai,Tamil Nadu,India,700601,COMP001,PLANT01,MG01,2026-01-17,SAP
SAPADDR5091,SAP1091,Billing,77 Linking Rd,Next to Market,Kolkata,West Bengal,India,198605,COMP003,PLANT03,MG03,2026-02-05,SAP
SAPADDR5722,SAP1722,Shipping,90 Karol Bagh Market,Near City Center,Mumbai,Maharashtra,India,508806,COMP002,PLANT02,MG02,2026-01-20,SAP
SAPADDR5637,SAP1637,Shipping,88 Worli Sea Face,Near Metro Station,Delhi,Delhi,India,552969,COMP005,PLANT05,MG05,2026-01-04,SAP
SAPADDR5246,SAP1246,Shipping,56 Chandni Chowk,Opposite Mall,Delhi,Delhi,India,746578,COMP006,PLANT06,MG06,2026-03-19,SAP
SAPADDR5813,SAP1813,Shipping,56 Chandni Chowk,Near City Center,Mumbai,Maharashtra,India,495983,COMP005,PLANT05,MG05,2026-03-18,SAP
SAPADDR5254,SAP1254,Billing,90 Karol Bagh Market,Near Old Town,Surat,Gujarat,India,419413,COMP006,PLANT06,MG06,2026-02-03,SAP
SAPADDR5171,SAP1171,Billing,44 Ashram Rd,Above Central Bank,Pune,Maharashtra,India,935824,COMP003,PLANT03,MG03,2026-02-03,SAP
SAPADDR5164,SAP1164,Billing,90 Karol Bagh Market,Opposite Mall,Hyderabad,Telangana,India,645934,COMP004,PLANT04,MG04,2026-03-21,SAP
SAPADDR5084,SAP1084,Shipping,101 FC Rd,Next to Market,Chennai,Tamil Nadu,India,636109,COMP004,PLANT04,MG04,2026-03-11,SAP
SAPADDR5436,SAP1436,Shipping,77 Linking Rd,Near Metro Station,Ahmedabad,Gujarat,India,238581,COMP004,PLANT04,MG04,2026-03-14,SAP
SAPADDR5312,SAP1312,Billing,34 JM Road,Near Metro Station,Bangalore,Karnataka,India,557959,COMP008,PLANT08,MG08,2026-03-06,SAP
SAPADDR5498,SAP1498,Shipping,45 Marine Dr,Near Metro Station,Pune,Maharashtra,India,615057,COMP002,PLANT02,MG02,2026-02-26,SAP
SAPADDR5578,SAP1578,Billing,23 Brigade Rd,Near Metro Station,Kolkata,West Bengal,India,548643,COMP002,PLANT02,MG02,2026-03-19,SAP
SAPADDR5685,SAP1685,Billing,34 JM Road,Above Central Bank,Surat,Gujarat,India,433744,COMP005,PLANT05,MG05,2026-02-04,SAP
SAPADDR5474,SAP1474,Shipping,34 JM Road,Near Metro Station,Pune,Maharashtra,India,863409,COMP002,PLANT02,MG02,2026-03-04,SAP
SAPADDR5314,SAP1314,Shipping,88 Worli Sea Face,,Ahmedabad,Gujarat,India,515329,COMP002,PLANT02,MG02,2026-03-25,SAP
SAPADDR5842,SAP1842,Billing,23 Brigade Rd,Near Metro Station,Bangalore,Karnataka,India,477009,COMP002,PLANT02,MG02,2026-03-02,SAP
SAPADDR5480,SAP1480,Billing,78 Connaught Pl,Above Central Bank,Mumbai,Maharashtra,India,100434,COMP008,PLANT08,MG08,2026-03-17,SAP
SAPADDR5023,SAP1023,Shipping,45 Marine Dr,Near Metro Station,Mumbai,Maharashtra,India,604225,COMP007,PLANT07,MG07,2026-01-05,SAP
SAPADDR5331,SAP1331,Shipping,78 Connaught Pl,Next to Market,Delhi,Delhi,India,469986,COMP003,PLANT03,MG03,2026-03-26,SAP
SAPADDR5298,SAP1298,Shipping,44 Ashram Rd,,Ahmedabad,Gujarat,India,681140,COMP002,PLANT02,MG02,2026-02-03,SAP
SAPADDR5573,SAP1573,Shipping,23 Brigade Rd,Next to Market,Bangalore,Karnataka,India,322016,COMP005,PLANT05,MG05,2026-02-09,SAP
SAPADDR5206,SAP1206,Shipping,45 Marine Dr,Near City Center,Pune,Maharashtra,India,179083,COMP006,PLANT06,MG06,2026-03-28,SAP
SAPADDR5072,SAP1072,Shipping,23 Brigade Rd,Near Metro Station,Hyderabad,Telangana,India,695672,COMP008,PLANT08,MG08,2026-03-14,SAP
SAPADDR5812,SAP1812,Billing,23 Brigade Rd,Opposite Mall,Jaipur,Rajasthan,India,688724,COMP004,PLANT04,MG04,2026-02-17,SAP
SAPADDR5234,SAP1234,Shipping,12 MG Rd,Next to Market,Surat,Gujarat,India,759247,COMP002,PLANT02,MG02,2026-02-19,SAP
SAPADDR5147,SAP1147,Billing,67 Law Garden Rd,Opposite Mall,Mumbai,Maharashtra,India,116574,COMP003,PLANT03,MG03,2026-02-05,SAP
SAPADDR5759,SAP1759,Billing,34 JM Road,Opposite Mall,Mumbai,Maharashtra,India,729157,COMP007,PLANT07,MG07,2026-02-15,SAP
SAPADDR5174,SAP1174,Billing,77 Linking Rd,Next to Market,Kolkata,West Bengal,India,631013,COMP006,PLANT06,MG06,2026-03-25,SAP
SAPADDR5266,SAP1266,Shipping,45 Marine Dr,Near Metro Station,Hyderabad,Telangana,India,147953,COMP002,PLANT02,MG02,2026-02-04,SAP
SAPADDR5769,SAP1769,Billing,90 Karol Bagh Market,,Ahmedabad,Gujarat,India,394905,COMP001,PLANT01,MG01,2026-03-04,SAP
SAPADDR5715,SAP1715,Billing,23 Brigade Rd,,Surat,Gujarat,India,403431,COMP003,PLANT03,MG03,2026-03-20,SAP
SAPADDR5284,SAP1284,Billing,77 Linking Rd,Opposite Mall,Ahmedabad,Gujarat,India,696961,COMP004,PLANT04,MG04,2026-03-17,SAP
SAPADDR5876,SAP1876,Shipping,67 Law Garden Rd,Opposite Mall,Bangalore,Karnataka,India,103917,COMP004,PLANT04,MG04,2026-03-19,SAP
SAPADDR5268,SAP1268,Shipping,101 FC Rd,Near City Center,Delhi,Delhi,India,338843,COMP004,PLANT04,MG04,2026-02-26,SAP
SAPADDR5361,SAP1361,Billing,101 FC Rd,Near City Center,Hyderabad,Telangana,India,133988,COMP001,PLANT01,MG01,2026-02-23,SAP
SAPADDR5900,SAP1900,Billing,12 MG Rd,Next to Market,Ahmedabad,Gujarat,India,753720,COMP004,PLANT04,MG04,2026-03-15,SAP
SAPADDR5124,SAP1124,Shipping,12 Residency Rd,,Surat,Gujarat,India,157459,COMP004,PLANT04,MG04,2026-01-01,SAP
SAPADDR5450,SAP1450,Billing,45 Marine Dr,,Kolkata,West Bengal,India,215440,COMP002,PLANT02,MG02,2026-03-13,SAP
SAPADDR5852,SAP1852,Billing,23 Brigade Rd,Near City Center,Jaipur,Rajasthan,India,839111,COMP004,PLANT04,MG04,2026-01-10,SAP
SAPADDR5837,SAP1837,Billing,45 Marine Dr,Opposite Mall,Kolkata,West Bengal,India,514949,COMP005,PLANT05,MG05,2026-02-11,SAP
SAPADDR5455,SAP1455,Billing,78 Connaught Pl,,Surat,Gujarat,India,572035,COMP007,PLANT07,MG07,2026-02-26,SAP
SAPADDR5261,SAP1261,Billing,12 MG Rd,Near Old Town,Mumbai,Maharashtra,India,584539,COMP005,PLANT05,MG05,2026-02-18,SAP
SAPADDR5512,SAP1512,Billing,56 Chandni Chowk,Near City Center,Hyderabad,Telangana,India,133122,COMP008,PLANT08,MG08,2026-02-07,SAP
SAPADDR5209,SAP1209,Shipping,67 Law Garden Rd,Near Old Town,Bangalore,Karnataka,India,310092,COMP001,PLANT01,MG01,2026-02-04,SAP
SAPADDR5867,SAP1867,Shipping,78 Connaught Pl,,Ahmedabad,Gujarat,India,663528,COMP003,PLANT03,MG03,2026-02-20,SAP
SAPADDR5355,SAP1355,Shipping,77 Linking Rd,Above Central Bank,Delhi,Delhi,India,400673,COMP003,PLANT03,MG03,2026-01-19,SAP
SAPADDR5751,SAP1751,Shipping,55 MI Rd,Near Old Town,Bangalore,Karnataka,India,988909,COMP007,PLANT07,MG07,2026-03-27,SAP
SAPADDR5062,SAP1062,Shipping,56 Chandni Chowk,Next to Market,Pune,Maharashtra,India,452815,COMP006,PLANT06,MG06,2026-01-17,SAP
SAPADDR5816,SAP1816,Billing,90 Karol Bagh Market,Near City Center,Pune,Maharashtra,India,125843,COMP008,PLANT08,MG08,2026-01-25,SAP
SAPADDR5302,SAP1302,Billing,88 Worli Sea Face,Near Metro Station,Chennai,Tamil Nadu,India,257640,COMP006,PLANT06,MG06,2026-01-27,SAP
SAPADDR5456,SAP1456,Billing,12 MG Rd,Opposite Mall,Delhi,Delhi,India,414133,COMP008,PLANT08,MG08,2026-03-03,SAP
SAPADDR5457,SAP1457,Billing,12 MG Rd,Next to Market,Delhi,Delhi,India,787173,COMP001,PLANT01,MG01,2026-02-03,SAP
SAPADDR5112,SAP1112,Billing,90 Karol Bagh Market,,Mumbai,Maharashtra,India,150578,COMP008,PLANT08,MG08,2026-01-24,SAP
SAPADDR5037,SAP1037,Billing,101 FC Rd,Next to Market,Delhi,Delhi,India,660333,COMP005,PLANT05,MG05,2026-02-25,SAP
SAPADDR5500,SAP1500,Billing,78 Connaught Pl,Opposite Mall,Surat,Gujarat,India,931855,COMP004,PLANT04,MG04,2026-02-01,SAP
SAPADDR5220,SAP1220,Billing,55 MI Rd,Near Metro Station,Chennai,Tamil Nadu,India,381796,COMP004,PLANT04,MG04,2026-02-09,SAP
SAPADDR5574,SAP1574,Billing,56 Chandni Chowk,Near Metro Station,Delhi,Delhi,India,476785,COMP006,PLANT06,MG06,2026-01-25,SAP
SAPADDR5120,SAP1120,Billing,101 FC Rd,Near City Center,Kolkata,West Bengal,India,656756,COMP008,PLANT08,MG08,2026-01-18,SAP
SAPADDR5446,SAP1446,Shipping,44 Ashram Rd,Opposite Mall,Mumbai,Maharashtra,India,300788,COMP006,PLANT06,MG06,2026-02-03,SAP
SAPADDR5127,SAP1127,Billing,12 MG Rd,Next to Market,Ahmedabad,Gujarat,India,476548,COMP007,PLANT07,MG07,2026-01-21,SAP
SAPADDR5340,SAP1340,Billing,23 Brigade Rd,Above Central Bank,Hyderabad,Telangana,India,331458,COMP004,PLANT04,MG04,2026-01-24,SAP
SAPADDR5042,SAP1042,Billing,55 MI Rd,Next to Market,Kolkata,West Bengal,India,725517,COMP002,PLANT02,MG02,2026-03-11,SAP
SAPADDR5262,SAP1262,Shipping,90 Karol Bagh Market,Near Metro Station,Surat,Gujarat,India,753101,COMP006,PLANT06,MG06,2026-01-11,SAP
SAPADDR5199,SAP1199,Billing,78 Connaught Pl,Near City Center,Delhi,Delhi,India,620159,COMP007,PLANT07,MG07,2026-03-10,SAP
SAPADDR5491,SAP1491,Billing,67 Law Garden Rd,,Hyderabad,Telangana,India,726923,COMP003,PLANT03,MG03,2026-03-19,SAP
SAPADDR5628,SAP1628,Billing,90 Karol Bagh Market,Next to Market,Mumbai,Maharashtra,India,635184,COMP004,PLANT04,MG04,2026-02-16,SAP
SAPADDR5576,SAP1576,Billing,45 Marine Dr,Opposite Mall,Hyderabad,Telangana,India,338140,COMP008,PLANT08,MG08,2026-01-07,SAP
SAPADDR5891,SAP1891,Shipping,67 Law Garden Rd,Near City Center,Delhi,Delhi,India,152237,COMP003,PLANT03,MG03,2026-03-24,SAP
SAPADDR5384,SAP1384,Billing,55 MI Rd,Near Old Town,Ahmedabad,Gujarat,India,693906,COMP008,PLANT08,MG08,2026-03-30,SAP
SAPADDR5020,SAP1020,Billing,12 Residency Rd,Above Central Bank,Bangalore,Karnataka,India,126420,COMP004,PLANT04,MG04,2026-02-09,SAP
SAPADDR5056,SAP1056,Shipping,45 Marine Dr,Next to Market,Hyderabad,Telangana,India,612635,COMP008,PLANT08,MG08,2026-01-15,SAP
SAPADDR5344,SAP1344,Shipping,12 MG Rd,Above Central Bank,Ahmedabad,Gujarat,India,192097,COMP008,PLANT08,MG08,2026-03-16,SAP
SAPADDR5059,SAP1059,Shipping,23 Brigade Rd,Near City Center,Hyderabad,Telangana,India,605080,COMP003,PLANT03,MG03,2026-03-07,SAP
SAPADDR5796,SAP1796,Billing,56 Chandni Chowk,Opposite Mall,Surat,Gujarat,India,820533,COMP004,PLANT04,MG04,2026-02-15,SAP
SAPADDR5113,SAP1113,Billing,12 MG Rd,Near City Center,Mumbai,Maharashtra,India,537224,COMP001,PLANT01,MG01,2026-03-25,SAP
SAPADDR5875,SAP1875,Shipping,23 Brigade Rd,Above Central Bank,Delhi,Delhi,India,842022,COMP003,PLANT03,MG03,2026-02-24,SAP
SAPADDR5804,SAP1804,Billing,23 Brigade Rd,Above Central Bank,Hyderabad,Telangana,India,816628,COMP004,PLANT04,MG04,2026-02-24,SAP
SAPADDR5560,SAP1560,Shipping,77 Linking Rd,Near Old Town,Jaipur,Rajasthan,India,244457,COMP008,PLANT08,MG08,2026-01-18,SAP
SAPADDR5194,SAP1194,Billing,55 MI Rd,Near City Center,Mumbai,Maharashtra,India,490923,COMP002,PLANT02,MG02,2026-01-05,SAP
SAPADDR5928,SAP1928,Shipping,77 Linking Rd,Opposite Mall,Chennai,Tamil Nadu,India,998767,COMP008,PLANT08,MG08,2026-02-16,SAP
SAPADDR5128,SAP1128,Billing,44 Ashram Rd,Next to Market,Pune,Maharashtra,India,148504,COMP008,PLANT08,MG08,2026-01-15,SAP
SAPADDR5309,SAP1309,Billing,12 Residency Rd,Above Central Bank,Mumbai,Maharashtra,India,721024,COMP005,PLANT05,MG05,2026-03-27,SAP
SAPADDR5256,SAP1256,Shipping,77 Linking Rd,Near Old Town,Bangalore,Karnataka,India,174989,COMP008,PLANT08,MG08,2026-01-18,SAP
SAPADDR5425,SAP1425,Billing,55 MI Rd,Near Metro Station,Jaipur,Rajasthan,India,439976,COMP001,PLANT01,MG01,2026-01-03,SAP
SAPADDR5750,SAP1750,Shipping,67 Law Garden Rd,Opposite Mall,Bangalore,Karnataka,India,309839,COMP006,PLANT06,MG06,2026-03-01,SAP
SAPADDR5930,SAP1930,Billing,55 MI Rd,Opposite Mall,Pune,Maharashtra,India,355857,COMP002,PLANT02,MG02,2026-03-25,SAP
SAPADDR5597,SAP1597,Shipping,67 Law Garden Rd,Opposite Mall,Chennai,Tamil Nadu,India,280263,COMP005,PLANT05,MG05,2026-03-15,SAP
SAPADDR5137,SAP1137,Billing,45 Marine Dr,Above Central Bank,Delhi,Delhi,India,803701,COMP001,PLANT01,MG01,2026-01-31,SAP
SAPADDR5004,SAP1004,Shipping,78 Connaught Pl,Near Old Town,Pune,Maharashtra,India,540004,COMP004,PLANT04,MG04,2026-02-12,SAP
SAPADDR5623,SAP1623,Shipping,77 Linking Rd,Near Metro Station,Hyderabad,Telangana,India,641018,COMP007,PLANT07,MG07,2026-01-02,SAP
SAPADDR5478,SAP1478,Billing,12 MG Rd,,Ahmedabad,Gujarat,India,618810,COMP006,PLANT06,MG06,2026-01-26,SAP
SAPADDR5334,SAP1334,Shipping,12 MG Rd,Near Metro Station,Hyderabad,Telangana,India,316234,COMP006,PLANT06,MG06,2026-03-22,SAP
SAPADDR5445,SAP1445,Shipping,78 Connaught Pl,Opposite Mall,Ahmedabad,Gujarat,India,475389,COMP005,PLANT05,MG05,2026-03-17,SAP
SAPADDR5643,SAP1643,Shipping,101 FC Rd,Near Metro Station,Surat,Gujarat,India,864510,COMP003,PLANT03,MG03,2026-01-10,SAP
SAPADDR5729,SAP1729,Shipping,45 Marine Dr,Near City Center,Surat,Gujarat,India,586772,COMP001,PLANT01,MG01,2026-01-26,SAP
SAPADDR5291,SAP1291,Billing,77 Linking Rd,Near Metro Station,Hyderabad,Telangana,India,349854,COMP003,PLANT03,MG03,2026-03-24,SAP
SAPADDR5381,SAP1381,Billing,44 Ashram Rd,Near Metro Station,Pune,Maharashtra,India,351783,COMP005,PLANT05,MG05,2026-03-06,SAP
SAPADDR5188,SAP1188,Billing,55 MI Rd,Near Metro Station,Surat,Gujarat,India,391540,COMP004,PLANT04,MG04,2026-02-03,SAP
SAPADDR5543,SAP1543,Billing,34 JM Road,Near Metro Station,Pune,Maharashtra,India,686557,COMP007,PLANT07,MG07,2026-03-03,SAP
SAPADDR5115,SAP1115,Shipping,45 Marine Dr,,Bangalore,Karnataka,India,730630,COMP003,PLANT03,MG03,2026-03-22,SAP
SAPADDR5373,SAP1373,Shipping,67 Law Garden Rd,Above Central Bank,Ahmedabad,Gujarat,India,415069,COMP005,PLANT05,MG05,2026-03-27,SAP
SAPADDR5579,SAP1579,Billing,55 MI Rd,Near City Center,Mumbai,Maharashtra,India,754209,COMP003,PLANT03,MG03,2026-03-28,SAP
SAPADDR5397,SAP1397,Billing,56 Chandni Chowk,Near Old Town,Mumbai,Maharashtra,India,913336,COMP005,PLANT05,MG05,2026-03-24,SAP
SAPADDR5817,SAP1817,Shipping,101 FC Rd,Next to Market,Delhi,Delhi,India,213097,COMP001,PLANT01,MG01,2026-02-09,SAP
SAPADDR5945,SAP1945,Billing,44 Ashram Rd,Next to Market,Ahmedabad,Gujarat,India,684846,COMP001,PLANT01,MG01,2026-01-18,SAP
SAPADDR5177,SAP1177,Shipping,101 FC Rd,Near City Center,Chennai,Tamil Nadu,India,511104,COMP001,PLANT01,MG01,2026-01-23,SAP
SAPADDR5469,SAP1469,Shipping,56 Chandni Chowk,,Mumbai,Maharashtra,India,606462,COMP005,PLANT05,MG05,2026-01-11,SAP
SAPADDR5003,SAP1003,Shipping,101 FC Rd,Near Old Town,Delhi,Delhi,India,886563,COMP003,PLANT03,MG03,2026-01-13,SAP
SAPADDR5556,SAP1556,Shipping,12 Residency Rd,Opposite Mall,Surat,Gujarat,India,874733,COMP004,PLANT04,MG04,2026-01-31,SAP
SAPADDR5020,SAP1020,Billing,12 Residency Rd,Above Central Bank,Bangalore,Karnataka,India,126420,COMP004,PLANT04,MG04,2026-02-09,SAP
SAPADDR5651,SAP1651,Shipping,45 Marine Dr,Opposite Mall,Jaipur,Rajasthan,India,786099,COMP003,PLANT03,MG03,2026-02-11,SAP
SAPADDR5755,SAP1755,Billing,12 Residency Rd,Next to Market,Hyderabad,Telangana,India,799593,COMP003,PLANT03,MG03,2026-02-17,SAP
SAPADDR5849,SAP1849,Shipping,12 MG Rd,,Ahmedabad,Gujarat,India,924806,COMP001,PLANT01,MG01,2026-03-18,SAP
SAPADDR5588,SAP1588,Shipping,55 MI Rd,Near City Center,Chennai,Tamil Nadu,India,660806,COMP004,PLANT04,MG04,2026-02-13,SAP
SAPADDR5950,SAP1950,Shipping,12 MG Rd,Above Central Bank,Delhi,Delhi,India,293628,COMP006,PLANT06,MG06,2026-03-23,SAP
SAPADDR5278,SAP1278,Billing,78 Connaught Pl,Next to Market,Hyderabad,Telangana,India,811206,COMP006,PLANT06,MG06,2026-03-13,SAP
SAPADDR5296,SAP1296,Shipping,44 Ashram Rd,,Kolkata,West Bengal,India,313601,COMP008,PLANT08,MG08,2026-01-05,SAP
SAPADDR5845,SAP1845,Shipping,67 Law Garden Rd,Opposite Mall,Bangalore,Karnataka,India,685092,COMP005,PLANT05,MG05,2026-01-01,SAP
SAPADDR5616,SAP1616,Billing,44 Ashram Rd,Near Old Town,Bangalore,Karnataka,India,969442,COMP008,PLANT08,MG08,2026-01-29,SAP
SAPADDR5644,SAP1644,Shipping,88 Worli Sea Face,Opposite Mall,Chennai,Tamil Nadu,India,749628,COMP004,PLANT04,MG04,2026-01-29,SAP
SAPADDR5780,SAP1780,Billing,12 MG Rd,Near City Center,Ahmedabad,Gujarat,India,318329,COMP004,PLANT04,MG04,2026-03-13,SAP
SAPADDR5654,SAP1654,Shipping,56 Chandni Chowk,,Ahmedabad,Gujarat,India,193190,COMP006,PLANT06,MG06,2026-03-21,SAP
SAPADDR5635,SAP1635,Billing,88 Worli Sea Face,Next to Market,Bangalore,Karnataka,India,984492,COMP003,PLANT03,MG03,2026-03-31,SAP
SAPADDR5589,SAP1589,Billing,45 Marine Dr,,Mumbai,Maharashtra,India,232405,COMP005,PLANT05,MG05,2026-01-09,SAP
SAPADDR5697,SAP1697,Billing,77 Linking Rd,Near City Center,Kolkata,West Bengal,India,478192,COMP001,PLANT01,MG01,2026-03-04,SAP
SAPADDR5370,SAP1370,Billing,23 Brigade Rd,Next to Market,Hyderabad,Telangana,India,703071,COMP002,PLANT02,MG02,2026-03-29,SAP
SAPADDR5687,SAP1687,Billing,55 MI Rd,Near Old Town,Jaipur,Rajasthan,India,717113,COMP007,PLANT07,MG07,2026-01-31,SAP
SAPADDR5943,SAP1943,Billing,101 FC Rd,Next to Market,Kolkata,West Bengal,India,272106,COMP007,PLANT07,MG07,2026-01-14,SAP
SAPADDR5473,SAP1473,Billing,101 FC Rd,,Ahmedabad,Gujarat,India,717638,COMP001,PLANT01,MG01,2026-01-13,SAP
SAPADDR5591,SAP1591,Billing,55 MI Rd,Near Metro Station,Hyderabad,Telangana,India,550525,COMP007,PLANT07,MG07,2026-03-28,SAP
SAPADDR5205,SAP1205,Billing,44 Ashram Rd,Opposite Mall,Hyderabad,Telangana,India,793692,COMP005,PLANT05,MG05,2026-01-07,SAP
SAPADDR5540,SAP1540,Shipping,88 Worli Sea Face,Near City Center,Surat,Gujarat,India,191680,COMP004,PLANT04,MG04,2026-02-25,SAP
SAPADDR5275,SAP1275,Billing,67 Law Garden Rd,Near Metro Station,Surat,Gujarat,India,899509,COMP003,PLANT03,MG03,2026-02-15,SAP
SAPADDR5230,SAP1230,Shipping,55 MI Rd,Above Central Bank,Delhi,Delhi,India,260813,COMP006,PLANT06,MG06,2026-03-23,SAP
SAPADDR5482,SAP1482,Shipping,56 Chandni Chowk,,Pune,Maharashtra,India,748327,COMP002,PLANT02,MG02,2026-01-29,SAP
SAPADDR5381,SAP1381,Billing,44 Ashram Rd,Near Metro Station,Pune,Maharashtra,India,351783,COMP005,PLANT05,MG05,2026-03-06,SAP
SAPADDR5771,SAP1771,Billing,23 Brigade Rd,Opposite Mall,Pune,Maharashtra,India,880883,COMP003,PLANT03,MG03,2026-03-22,SAP
SAPADDR5807,SAP1807,Billing,77 Linking Rd,Near City Center,Chennai,Tamil Nadu,India,254514,COMP007,PLANT07,MG07,2026-01-27,SAP
SAPADDR5049,SAP1049,Billing,90 Karol Bagh Market,Above Central Bank,Chennai,Tamil Nadu,India,400678,COMP001,PLANT01,MG01,2026-02-13,SAP
SAPADDR5108,SAP1108,Shipping,55 MI Rd,Above Central Bank,Pune,Maharashtra,India,922667,COMP004,PLANT04,MG04,2026-02-13,SAP
SAPADDR5100,SAP1100,Billing,55 MI Rd,,Kolkata,West Bengal,India,923562,COMP004,PLANT04,MG04,2026-03-27,SAP
SAPADDR5139,SAP1139,Shipping,45 Marine Dr,Above Central Bank,Hyderabad,Telangana,India,233692,COMP003,PLANT03,MG03,2026-03-17,SAP
SAPADDR5243,SAP1243,Shipping,56 Chandni Chowk,Opposite Mall,Delhi,Delhi,India,575584,COMP003,PLANT03,MG03,2026-01-03,SAP
SAPADDR5168,SAP1168,Billing,88 Worli Sea Face,Near Old Town,Kolkata,West Bengal,India,272851,COMP008,PLANT08,MG08,2026-03-09,SAP
SAPADDR5285,SAP1285,Shipping,34 JM Road,Near City Center,Pune,Maharashtra,India,660755,COMP005,PLANT05,MG05,2026-03-08,SAP
SAPADDR5901,SAP1901,Shipping,45 Marine Dr,Near City Center,Kolkata,West Bengal,India,514308,COMP005,PLANT05,MG05,2026-02-15,SAP
SAPADDR5496,SAP1496,Billing,56 Chandni Chowk,Opposite Mall,Ahmedabad,Gujarat,India,536916,COMP008,PLANT08,MG08,2026-01-02,SAP
SAPADDR5333,SAP1333,Billing,34 JM Road,Above Central Bank,Delhi,Delhi,India,968662,COMP005,PLANT05,MG05,2026-01-23,SAP
SAPADDR5197,SAP1197,Shipping,56 Chandni Chowk,,Bangalore,Karnataka,India,870654,COMP005,PLANT05,MG05,2026-03-09,SAP
SAPADDR5826,SAP1826,Shipping,45 Marine Dr,Near Old Town,Delhi,Delhi,India,565078,COMP002,PLANT02,MG02,2026-02-26,SAP
SAPADDR5601,SAP1601,Shipping,78 Connaught Pl,Near Old Town,Pune,Maharashtra,India,224955,COMP001,PLANT01,MG01,2026-01-01,SAP
SAPADDR5673,SAP1673,Shipping,88 Worli Sea Face,Near Metro Station,Jaipur,Rajasthan,India,957339,COMP001,PLANT01,MG01,2026-03-24,SAP
SAPADDR5946,SAP1946,Shipping,56 Chandni Chowk,,Kolkata,West Bengal,India,598571,COMP002,PLANT02,MG02,2026-02-02,SAP
SAPADDR5267,SAP1267,Billing,55 MI Rd,Next to Market,Ahmedabad,Gujarat,India,365468,COMP003,PLANT03,MG03,2026-02-05,SAP
SAPADDR5185,SAP1185,Shipping,45 Marine Dr,Opposite Mall,Surat,Gujarat,India,792234,COMP001,PLANT01,MG01,2026-02-22,SAP
SAPADDR5694,SAP1694,Billing,67 Law Garden Rd,Near Old Town,Bangalore,Karnataka,India,100926,COMP006,PLANT06,MG06,2026-03-08,SAP
SAPADDR5946,SAP1946,Shipping,56 Chandni Chowk,,Kolkata,West Bengal,India,598571,COMP002,PLANT02,MG02,2026-02-02,SAP
SAPADDR5882,SAP1882,Billing,77 Linking Rd,Near Old Town,Kolkata,West Bengal,India,436677,COMP002,PLANT02,MG02,2026-01-19,SAP
SAPADDR5756,SAP1756,Shipping,12 MG Rd,Opposite Mall,Bangalore,Karnataka,India,588972,COMP004,PLANT04,MG04,2026-01-08,SAP
SAPADDR5509,SAP1509,Shipping,12 Residency Rd,Above Central Bank,Kolkata,West Bengal,India,543795,COMP005,PLANT05,MG05,2026-02-11,SAP
SAPADDR5226,SAP1226,Shipping,78 Connaught Pl,Above Central Bank,Pune,Maharashtra,India,343995,COMP002,PLANT02,MG02,2026-03-06,SAP
SAPADDR5391,SAP1391,Shipping,101 FC Rd,Near Old Town,Kolkata,West Bengal,India,410012,COMP007,PLANT07,MG07,2026-03-30,SAP
SAPADDR5121,SAP1121,Shipping,44 Ashram Rd,Above Central Bank,Kolkata,West Bengal,India,837574,COMP001,PLANT01,MG01,2026-03-25,SAP
SAPADDR5866,SAP1866,Shipping,23 Brigade Rd,Near City Center,Mumbai,Maharashtra,India,870304,COMP002,PLANT02,MG02,2026-02-21,SAP
SAPADDR5886,SAP1886,Shipping,23 Brigade Rd,Next to Market,Bangalore,Karnataka,India,322055,COMP006,PLANT06,MG06,2026-02-04,SAP
SAPADDR5505,SAP1505,Shipping,67 Law Garden Rd,Above Central Bank,Surat,Gujarat,India,389451,COMP001,PLANT01,MG01,2026-01-01,SAP
SAPADDR5132,SAP1132,Shipping,55 MI Rd,,Delhi,Delhi,India,863188,COMP004,PLANT04,MG04,2026-01-15,SAP
SAPADDR5897,SAP1897,Billing,12 Residency Rd,Above Central Bank,Jaipur,Rajasthan,India,610090,COMP001,PLANT01,MG01,2026-03-22,SAP
SAPADDR5765,SAP1765,Billing,56 Chandni Chowk,Near Old Town,Delhi,Delhi,India,851519,COMP005,PLANT05,MG05,2026-01-03,SAP
SAPADDR5937,SAP1937,Billing,23 Brigade Rd,Near Old Town,Ahmedabad,Gujarat,India,976389,COMP001,PLANT01,MG01,2026-03-22,SAP
SAPADDR5921,SAP1921,Billing,55 MI Rd,Opposite Mall,Chennai,Tamil Nadu,India,915277,COMP001,PLANT01,MG01,2026-03-20,SAP
SAPADDR5515,SAP1515,Shipping,67 Law Garden Rd,Above Central Bank,Bangalore,Karnataka,India,309008,COMP003,PLANT03,MG03,2026-01-08,SAP
SAPADDR5808,SAP1808,Billing,56 Chandni Chowk,Near Old Town,Pune,Maharashtra,India,358366,COMP008,PLANT08,MG08,2026-01-09,SAP
SAPADDR5240,SAP1240,Shipping,101 FC Rd,Next to Market,Chennai,Tamil Nadu,India,997339,COMP008,PLANT08,MG08,2026-02-24,SAP
SAPADDR5323,SAP1323,Shipping,78 Connaught Pl,,Ahmedabad,Gujarat,India,909642,COMP003,PLANT03,MG03,2026-01-13,SAP
SAPADDR5283,SAP1283,Shipping,88 Worli Sea Face,Next to Market,Kolkata,West Bengal,India,225026,COMP003,PLANT03,MG03,2026-02-26,SAP
SAPADDR5559,SAP1559,Shipping,56 Chandni Chowk,,Kolkata,West Bengal,India,670125,COMP007,PLANT07,MG07,2026-01-13,SAP
SAPADDR5918,SAP1918,Billing,88 Worli Sea Face,Opposite Mall,Pune,Maharashtra,India,423546,COMP006,PLANT06,MG06,2026-03-13,SAP
SAPADDR5841,SAP1841,Shipping,12 MG Rd,Next to Market,Mumbai,Maharashtra,India,289350,COMP001,PLANT01,MG01,2026-02-19,SAP
SAPADDR5885,SAP1885,Shipping,55 MI Rd,Above Central Bank,Pune,Maharashtra,India,991042,COMP005,PLANT05,MG05,2026-03-09,SAP
SAPADDR5122,SAP1122,Shipping,12 MG Rd,Near City Center,Hyderabad,Telangana,India,506171,COMP002,PLANT02,MG02,2026-01-26,SAP
SAPADDR5536,SAP1536,Billing,67 Law Garden Rd,Near Metro Station,Kolkata,West Bengal,India,694407,COMP008,PLANT08,MG08,2026-02-04,SAP
SAPADDR5257,SAP1257,Shipping,12 MG Rd,,Delhi,Delhi,India,393863,COMP001,PLANT01,MG01,2026-01-11,SAP
SAPADDR5102,SAP1102,Billing,101 FC Rd,,Mumbai,Maharashtra,India,795522,COMP006,PLANT06,MG06,2026-01-20,SAP
SAPADDR5675,SAP1675,Shipping,45 Marine Dr,Above Central Bank,Pune,Maharashtra,India,507386,COMP003,PLANT03,MG03,2026-02-12,SAP
SAPADDR5216,SAP1216,Billing,77 Linking Rd,,Hyderabad,Telangana,India,622460,COMP008,PLANT08,MG08,2026-01-02,SAP
SAPADDR5949,SAP1949,Billing,56 Chandni Chowk,Near City Center,Delhi,Delhi,India,352285,COMP005,PLANT05,MG05,2026-03-14,SAP
SAPADDR5089,SAP1089,Shipping,56 Chandni Chowk,Near Old Town,Ahmedabad,Gujarat,India,669913,COMP001,PLANT01,MG01,2026-01-20,SAP
SAPADDR5029,SAP1029,Shipping,34 JM Road,Next to Market,Kolkata,West Bengal,India,672102,COMP005,PLANT05,MG05,2026-03-25,SAP
SAPADDR5078,SAP1078,Billing,23 Brigade Rd,Near Metro Station,Bangalore,Karnataka,India,779215,COMP006,PLANT06,MG06,2026-01-28,SAP
SAPADDR5286,SAP1286,Billing,23 Brigade Rd,,Ahmedabad,Gujarat,India,643175,COMP006,PLANT06,MG06,2026-03-13,SAP
SAPADDR5449,SAP1449,Billing,34 JM Road,,Surat,Gujarat,India,900659,COMP001,PLANT01,MG01,2026-01-20,SAP
SAPADDR5151,SAP1151,Billing,78 Connaught Pl,Opposite Mall,Hyderabad,Telangana,India,760275,COMP007,PLANT07,MG07,2026-03-31,SAP
SAPADDR5893,SAP1893,Billing,67 Law Garden Rd,Next to Market,Delhi,Delhi,India,577371,COMP005,PLANT05,MG05,2026-03-25,SAP
SAPADDR5510,SAP1510,Billing,78 Connaught Pl,Near City Center,Ahmedabad,Gujarat,India,222880,COMP006,PLANT06,MG06,2026-01-17,SAP
SAPADDR5936,SAP1936,Shipping,88 Worli Sea Face,Above Central Bank,Delhi,Delhi,India,691960,COMP008,PLANT08,MG08,2026-02-08,SAP
SAPADDR5934,SAP1934,Shipping,55 MI Rd,Near Metro Station,Mumbai,Maharashtra,India,928020,COMP006,PLANT06,MG06,2026-03-04,SAP
SAPADDR5462,SAP1462,Shipping,90 Karol Bagh Market,Near Metro Station,Ahmedabad,Gujarat,India,652523,COMP006,PLANT06,MG06,2026-03-14,SAP
SAPADDR5820,SAP1820,Shipping,12 MG Rd,Near City Center,Delhi,Delhi,India,920901,COMP004,PLANT04,MG04,2026-01-29,SAP
SAPADDR5732,SAP1732,Billing,90 Karol Bagh Market,Opposite Mall,Pune,Maharashtra,India,228823,COMP004,PLANT04,MG04,2026-01-21,SAP
SAPADDR5909,SAP1909,Shipping,45 Marine Dr,Near City Center,Ahmedabad,Gujarat,India,631169,COMP005,PLANT05,MG05,2026-03-15,SAP
SAPADDR5299,SAP1299,Billing,23 Brigade Rd,Near Old Town,Delhi,Delhi,India,768641,COMP003,PLANT03,MG03,2026-01-11,SAP
SAPADDR5173,SAP1173,Shipping,90 Karol Bagh Market,Opposite Mall,Ahmedabad,Gujarat,India,682075,COMP005,PLANT05,MG05,2026-03-05,SAP
SAPADDR5731,SAP1731,Shipping,101 FC Rd,Near Metro Station,Kolkata,West Bengal,India,958757,COMP003,PLANT03,MG03,2026-01-18,SAP
SAPADDR5123,SAP1123,Billing,101 FC Rd,Near Old Town,Bangalore,Karnataka,India,942223,COMP003,PLANT03,MG03,2026-02-15,SAP
SAPADDR5466,SAP1466,Billing,23 Brigade Rd,Opposite Mall,Mumbai,Maharashtra,India,884191,COMP002,PLANT02,MG02,2026-03-05,SAP
SAPADDR5767,SAP1767,Billing,12 Residency Rd,Near City Center,Jaipur,Rajasthan,India,859435,COMP007,PLANT07,MG07,2026-02-08,SAP
SAPADDR5410,SAP1410,Billing,78 Connaught Pl,,Mumbai,Maharashtra,India,760487,COMP002,PLANT02,MG02,2026-01-07,SAP
SAPADDR5178,SAP1178,Billing,23 Brigade Rd,Near City Center,Pune,Maharashtra,India,382253,COMP002,PLANT02,MG02,2026-01-10,SAP
SAPADDR5942,SAP1942,Billing,88 Worli Sea Face,,Pune,Maharashtra,India,433002,COMP006,PLANT06,MG06,2026-02-04,SAP
SAPADDR5499,SAP1499,Billing,55 MI Rd,Near Metro Station,Ahmedabad,Gujarat,India,369932,COMP003,PLANT03,MG03,2026-02-15,SAP
SAPADDR5443,SAP1443,Billing,44 Ashram Rd,Near City Center,Mumbai,Maharashtra,India,430484,COMP003,PLANT03,MG03,2026-03-11,SAP
SAPADDR5533,SAP1533,Shipping,90 Karol Bagh Market,Near City Center,Mumbai,Maharashtra,India,356957,COMP005,PLANT05,MG05,2026-03-12,SAP
SAPADDR5629,SAP1629,Billing,90 Karol Bagh Market,Next to Market,Ahmedabad,Gujarat,India,377484,COMP005,PLANT05,MG05,2026-03-09,SAP
SAPADDR5689,SAP1689,Shipping,77 Linking Rd,,Kolkata,West Bengal,India,106752,COMP001,PLANT01,MG01,2026-01-08,SAP
SAPADDR5187,SAP1187,Shipping,44 Ashram Rd,Next to Market,Pune,Maharashtra,India,808258,COMP003,PLANT03,MG03,2026-01-14,SAP
SAPADDR5405,SAP1405,Shipping,44 Ashram Rd,Near Metro Station,Hyderabad,Telangana,India,663970,COMP005,PLANT05,MG05,2026-03-09,SAP
SAPADDR5172,SAP1172,Billing,12 MG Rd,Above Central Bank,Chennai,Tamil Nadu,India,856401,COMP004,PLANT04,MG04,2026-02-13,SAP
SAPADDR5504,SAP1504,Shipping,12 MG Rd,,Bangalore,Karnataka,India,653075,COMP008,PLANT08,MG08,2026-01-26,SAP
SAPADDR5870,SAP1870,Billing,88 Worli Sea Face,Near City Center,Bangalore,Karnataka,India,926115,COMP006,PLANT06,MG06,2026-03-09,SAP
SAPADDR5739,SAP1739,Billing,45 Marine Dr,,Delhi,Delhi,India,450202,COMP003,PLANT03,MG03,2026-01-02,SAP
SAPADDR5320,SAP1320,Billing,44 Ashram Rd,Next to Market,Delhi,Delhi,India,531588,COMP008,PLANT08,MG08,2026-01-22,SAP
SAPADDR5117,SAP1117,Billing,56 Chandni Chowk,Opposite Mall,Mumbai,Maharashtra,India,239965,COMP005,PLANT05,MG05,2026-03-13,SAP
SAPADDR5313,SAP1313,Billing,55 MI Rd,Near Old Town,Bangalore,Karnataka,India,517770,COMP001,PLANT01,MG01,2026-02-01,SAP
SAPADDR5506,SAP1506,Billing,44 Ashram Rd,,Chennai,Tamil Nadu,India,493465,COMP002,PLANT02,MG02,2026-01-04,SAP
SAPADDR5580,SAP1580,Billing,34 JM Road,Near Metro Station,Hyderabad,Telangana,India,900303,COMP004,PLANT04,MG04,2026-03-05,SAP
SAPADDR5667,SAP1667,Billing,55 MI Rd,Next to Market,Pune,Maharashtra,India,952022,COMP003,PLANT03,MG03,2026-02-20,SAP
SAPADDR5785,SAP1785,Shipping,78 Connaught Pl,Near City Center,Hyderabad,Telangana,India,808332,COMP001,PLANT01,MG01,2026-01-30,SAP
SAPADDR5839,SAP1839,Billing,55 MI Rd,Next to Market,Chennai,Tamil Nadu,India,211065,COMP007,PLANT07,MG07,2026-02-05,SAP
SAPADDR5707,SAP1707,Shipping,90 Karol Bagh Market,Near Metro Station,Hyderabad,Telangana,India,126725,COMP003,PLANT03,MG03,2026-02-06,SAP
SAPADDR5028,SAP1028,Billing,55 MI Rd,Near Old Town,Pune,Maharashtra,India,744368,COMP004,PLANT04,MG04,2026-03-28,SAP
SAPADDR5244,SAP1244,Shipping,34 JM Road,Near City Center,Pune,Maharashtra,India,961862,COMP004,PLANT04,MG04,2026-03-19,SAP
SAPADDR5790,SAP1790,Shipping,23 Brigade Rd,Near City Center,Kolkata,West Bengal,India,620842,COMP006,PLANT06,MG06,2026-01-02,SAP
SAPADDR5921,SAP1921,Billing,55 MI Rd,Opposite Mall,Chennai,Tamil Nadu,India,915277,COMP001,PLANT01,MG01,2026-03-20,SAP
SAPADDR5351,SAP1351,Shipping,90 Karol Bagh Market,Near City Center,Delhi,Delhi,India,486751,COMP007,PLANT07,MG07,2026-01-13,SAP
SAPADDR5125,SAP1125,Shipping,34 JM Road,Next to Market,Bangalore,Karnataka,India,641132,COMP005,PLANT05,MG05,2026-01-26,SAP
SAPADDR5359,SAP1359,Billing,44 Ashram Rd,Next to Market,Mumbai,Maharashtra,India,338955,COMP007,PLANT07,MG07,2026-03-05,SAP
SAPADDR5192,SAP1192,Shipping,12 Residency Rd,Near Old Town,Surat,Gujarat,India,378506,COMP008,PLANT08,MG08,2026-03-06,SAP
SAPADDR5308,SAP1308,Billing,88 Worli Sea Face,Next to Market,Ahmedabad,Gujarat,India,592507,COMP004,PLANT04,MG04,2026-02-14,SAP
SAPADDR5758,SAP1758,Billing,12 MG Rd,Opposite Mall,Jaipur,Rajasthan,India,440224,COMP006,PLANT06,MG06,2026-01-04,SAP
SAPADDR5803,SAP1803,Shipping,45 Marine Dr,Next to Market,Delhi,Delhi,India,489181,COMP003,PLANT03,MG03,2026-02-21,SAP
SAPADDR5860,SAP1860,Shipping,56 Chandni Chowk,Opposite Mall,Pune,Maharashtra,India,310515,COMP004,PLANT04,MG04,2026-03-30,SAP
SAPADDR5495,SAP1495,Shipping,44 Ashram Rd,Opposite Mall,Mumbai,Maharashtra,India,698378,COMP007,PLANT07,MG07,2026-01-22,SAP
SAPADDR5248,SAP1248,Shipping,44 Ashram Rd,Near City Center,Surat,Gujarat,India,774795,COMP008,PLANT08,MG08,2026-03-07,SAP
SAPADDR5686,SAP1686,Shipping,56 Chandni Chowk,,Jaipur,Rajasthan,India,575000,COMP006,PLANT06,MG06,2026-02-25,SAP
SAPADDR5838,SAP1838,Shipping,23 Brigade Rd,,Kolkata,West Bengal,India,264426,COMP006,PLANT06,MG06,2026-01-22,SAP
SAPADDR5650,SAP1650,Shipping,23 Brigade Rd,Near Metro Station,Pune,Maharashtra,India,259407,COMP002,PLANT02,MG02,2026-01-23,SAP
SAPADDR5050,SAP1050,Billing,88 Worli Sea Face,Near City Center,Mumbai,Maharashtra,India,455001,COMP002,PLANT02,MG02,2026-03-31,SAP
SAPADDR5232,SAP1232,Billing,67 Law Garden Rd,Near City Center,Surat,Gujarat,India,166796,COMP008,PLANT08,MG08,2026-02-14,SAP
SAPADDR5252,SAP1252,Billing,12 Residency Rd,Near Metro Station,Bangalore,Karnataka,India,728431,COMP004,PLANT04,MG04,2026-01-24,SAP
SAPADDR5476,SAP1476,Shipping,44 Ashram Rd,Near Old Town,Chennai,Tamil Nadu,India,414722,COMP004,PLANT04,MG04,2026-01-19,SAP
SAPADDR5833,SAP1833,Billing,34 JM Road,Next to Market,Chennai,Tamil Nadu,India,776779,COMP001,PLANT01,MG01,2026-03-13,SAP
SAPADDR5880,SAP1880,Billing,88 Worli Sea Face,Above Central Bank,Hyderabad,Telangana,India,940266,COMP008,PLANT08,MG08,2026-02-10,SAP
SAPADDR5822,SAP1822,Shipping,44 Ashram Rd,,Chennai,Tamil Nadu,India,400249,COMP006,PLANT06,MG06,2026-02-25,SAP
SAPADDR5775,SAP1775,Billing,101 FC Rd,Above Central Bank,Hyderabad,Telangana,India,835186,COMP007,PLANT07,MG07,2026-02-25,SAP
SAPADDR5085,SAP1085,Billing,101 FC Rd,,Pune,Maharashtra,India,957772,COMP005,PLANT05,MG05,2026-02-24,SAP
SAPADDR5626,SAP1626,Shipping,12 MG Rd,Above Central Bank,Chennai,Tamil Nadu,India,469064,COMP002,PLANT02,MG02,2026-03-11,SAP
SAPADDR5772,SAP1772,Billing,77 Linking Rd,Near Metro Station,Chennai,Tamil Nadu,India,336466,COMP004,PLANT04,MG04,2026-03-20,SAP
SAPADDR5881,SAP1881,Billing,55 MI Rd,,Kolkata,West Bengal,India,120104,COMP001,PLANT01,MG01,2026-03-10,SAP
SAPADDR5065,SAP1065,Shipping,101 FC Rd,Near Metro Station,Kolkata,West Bengal,India,962646,COMP001,PLANT01,MG01,2026-02-13,SAP
SAPADDR5317,SAP1317,Billing,88 Worli Sea Face,Above Central Bank,Mumbai,Maharashtra,India,969472,COMP005,PLANT05,MG05,2026-03-01,SAP
SAPADDR5365,SAP1365,Billing,78 Connaught Pl,Near Old Town,Ahmedabad,Gujarat,India,544627,COMP005,PLANT05,MG05,2026-03-03,SAP
SAPADDR5417,SAP1417,Shipping,67 Law Garden Rd,Opposite Mall,Ahmedabad,Gujarat,India,647272,COMP001,PLANT01,MG01,2026-02-25,SAP
SAPADDR5094,SAP1094,Billing,55 MI Rd,Above Central Bank,Delhi,Delhi,India,464867,COMP006,PLANT06,MG06,2026-03-18,SAP
SAPADDR5863,SAP1863,Billing,78 Connaught Pl,Next to Market,Surat,Gujarat,India,825995,COMP007,PLANT07,MG07,2026-01-17,SAP
SAPADDR5562,SAP1562,Billing,56 Chandni Chowk,Near City Center,Mumbai,Maharashtra,India,475351,COMP002,PLANT02,MG02,2026-01-17,SAP
SAPADDR5013,SAP1013,Billing,45 Marine Dr,Near City Center,Surat,Gujarat,India,875957,COMP005,PLANT05,MG05,2026-01-13,SAP
SAPADDR5041,SAP1041,Shipping,23 Brigade Rd,Next to Market,Jaipur,Rajasthan,India,891157,COMP001,PLANT01,MG01,2026-02-01,SAP
SAPADDR5531,SAP1531,Billing,12 MG Rd,Near City Center,Pune,Maharashtra,India,210166,COMP003,PLANT03,MG03,2026-02-02,SAP
SAPADDR5763,SAP1763,Shipping,67 Law Garden Rd,Near City Center,Kolkata,West Bengal,India,700132,COMP003,PLANT03,MG03,2026-02-08,SAP
SAPADDR5568,SAP1568,Shipping,34 JM Road,Opposite Mall,Mumbai,Maharashtra,India,181635,COMP008,PLANT08,MG08,2026-02-25,SAP
SAPADDR5701,SAP1701,Shipping,44 Ashram Rd,Near Old Town,Chennai,Tamil Nadu,India,105611,COMP005,PLANT05,MG05,2026-02-08,SAP
SAPADDR5258,SAP1258,Shipping,12 MG Rd,Near Metro Station,Mumbai,Maharashtra,India,942326,COMP002,PLANT02,MG02,2026-03-20,SAP
SAPADDR5133,SAP1133,Shipping,34 JM Road,Near Old Town,Delhi,Delhi,India,590095,COMP005,PLANT05,MG05,2026-02-23,SAP
SAPADDR5061,SAP1061,Shipping,78 Connaught Pl,Opposite Mall,Pune,Maharashtra,India,827193,COMP005,PLANT05,MG05,2026-03-23,SAP
SAPADDR5142,SAP1142,Billing,88 Worli Sea Face,Near Metro Station,Mumbai,Maharashtra,India,326663,COMP006,PLANT06,MG06,2026-03-01,SAP
SAPADDR5435,SAP1435,Shipping,12 MG Rd,Near Metro Station,Surat,Gujarat,India,494970,COMP003,PLANT03,MG03,2026-01-23,SAP
SAPADDR5192,SAP1192,Shipping,12 Residency Rd,Near Old Town,Surat,Gujarat,India,378506,COMP008,PLANT08,MG08,2026-03-06,SAP
SAPADDR5304,SAP1304,Billing,44 Ashram Rd,Near Old Town,Ahmedabad,Gujarat,India,368067,COMP008,PLANT08,MG08,2026-03-30,SAP
SAPADDR5377,SAP1377,Shipping,101 FC Rd,Near Old Town,Surat,Gujarat,India,536080,COMP001,PLANT01,MG01,2026-01-04,SAP
SAPADDR5430,SAP1430,Billing,12 MG Rd,Near Metro Station,Hyderabad,Telangana,India,434967,COMP006,PLANT06,MG06,2026-02-27,SAP
SAPADDR5678,SAP1678,Billing,101 FC Rd,Next to Market,Chennai,Tamil Nadu,India,756391,COMP006,PLANT06,MG06,2026-02-23,SAP
SAPADDR5705,SAP1705,Billing,90 Karol Bagh Market,Near City Center,Hyderabad,Telangana,India,148098,COMP001,PLANT01,MG01,2026-03-16,SAP
SAPADDR5413,SAP1413,Shipping,34 JM Road,Near City Center,Jaipur,Rajasthan,India,558800,COMP005,PLANT05,MG05,2026-03-19,SAP
SAPADDR5378,SAP1378,Billing,56 Chandni Chowk,Above Central Bank,Jaipur,Rajasthan,India,235916,COMP002,PLANT02,MG02,2026-02-06,SAP
SAPADDR5590,SAP1590,Billing,34 JM Road,Near Metro Station,Mumbai,Maharashtra,India,382002,COMP006,PLANT06,MG06,2026-01-06,SAP
SAPADDR5868,SAP1868,Billing,12 MG Rd,Next to Market,Delhi,Delhi,India,554591,COMP004,PLANT04,MG04,2026-03-15,SAP
SAPADDR5207,SAP1207,Shipping,78 Connaught Pl,Opposite Mall,Surat,Gujarat,India,828863,COMP007,PLANT07,MG07,2026-03-02,SAP
SAPADDR5186,SAP1186,Shipping,12 MG Rd,,Hyderabad,Telangana,India,783809,COMP002,PLANT02,MG02,2026-01-20,SAP
SAPADDR5453,SAP1453,Shipping,12 MG Rd,Near Metro Station,Pune,Maharashtra,India,791997,COMP005,PLANT05,MG05,2026-02-04,SAP
SAPADDR5549,SAP1549,Shipping,78 Connaught Pl,Above Central Bank,Delhi,Delhi,India,637094,COMP005,PLANT05,MG05,2026-02-08,SAP
SAPADDR5181,SAP1181,Billing,101 FC Rd,Opposite Mall,Chennai,Tamil Nadu,India,547221,COMP005,PLANT05,MG05,2026-03-31,SAP
SAPADDR5521,SAP1521,Shipping,34 JM Road,Next to Market,Surat,Gujarat,India,417561,COMP001,PLANT01,MG01,2026-02-06,SAP
SAPADDR5011,SAP1011,Billing,67 Law Garden Rd,Opposite Mall,Delhi,Delhi,India,140449,COMP003,PLANT03,MG03,2026-01-28,SAP
SAPADDR5913,SAP1913,Shipping,56 Chandni Chowk,Opposite Mall,Delhi,Delhi,India,308989,COMP001,PLANT01,MG01,2026-02-27,SAP
SAPADDR5690,SAP1690,Shipping,67 Law Garden Rd,Near City Center,Ahmedabad,Gujarat,India,973786,COMP002,PLANT02,MG02,2026-01-19,SAP
SAPADDR5393,SAP1393,Shipping,90 Karol Bagh Market,Next to Market,Chennai,Tamil Nadu,India,730932,COMP001,PLANT01,MG01,2026-03-08,SAP
SAPADDR5179,SAP1179,Billing,12 MG Rd,Near City Center,Bangalore,Karnataka,India,464823,COMP003,PLANT03,MG03,2026-03-10,SAP
SAPADDR5211,SAP1211,Billing,12 Residency Rd,,Ahmedabad,Gujarat,India,761770,COMP003,PLANT03,MG03,2026-03-28,SAP
SAPADDR5451,SAP1451,Billing,101 FC Rd,Near Old Town,Bangalore,Karnataka,India,806052,COMP003,PLANT03,MG03,2026-03-07,SAP
SAPADDR5255,SAP1255,Shipping,44 Ashram Rd,,Chennai,Tamil Nadu,India,610944,COMP007,PLANT07,MG07,2026-02-16,SAP
SAPADDR5208,SAP1208,Shipping,34 JM Road,Opposite Mall,Chennai,Tamil Nadu,India,841860,COMP008,PLANT08,MG08,2026-03-17,SAP
SAPADDR5781,SAP1781,Billing,44 Ashram Rd,Near Metro Station,Ahmedabad,Gujarat,India,813412,COMP005,PLANT05,MG05,2026-02-28,SAP
SAPADDR5646,SAP1646,Billing,23 Brigade Rd,,Bangalore,Karnataka,India,111713,COMP006,PLANT06,MG06,2026-02-21,SAP
SAPADDR5300,SAP1300,Billing,12 Residency Rd,Next to Market,Jaipur,Rajasthan,India,524099,COMP004,PLANT04,MG04,2026-02-22,SAP
SAPADDR5835,SAP1835,Billing,23 Brigade Rd,,Mumbai,Maharashtra,India,103345,COMP003,PLANT03,MG03,2026-03-06,SAP
SAPADDR5641,SAP1641,Billing,67 Law Garden Rd,Near Old Town,Bangalore,Karnataka,India,694367,COMP001,PLANT01,MG01,2026-02-25,SAP
SAPADDR5574,SAP1574,Billing,56 Chandni Chowk,Near Metro Station,Delhi,Delhi,India,476785,COMP006,PLANT06,MG06,2026-01-25,SAP
SAPADDR5328,SAP1328,Billing,12 Residency Rd,,Mumbai,Maharashtra,India,549014,COMP008,PLANT08,MG08,2026-02-02,SAP
SAPADDR5163,SAP1163,Shipping,101 FC Rd,Near Metro Station,Chennai,Tamil Nadu,India,876194,COMP003,PLANT03,MG03,2026-02-25,SAP
SAPADDR5403,SAP1403,Shipping,90 Karol Bagh Market,,Surat,Gujarat,India,858450,COMP003,PLANT03,MG03,2026-02-26,SAP
SAPADDR5203,SAP1203,Billing,56 Chandni Chowk,Near City Center,Surat,Gujarat,India,468997,COMP003,PLANT03,MG03,2026-02-14,SAP
SAPADDR5602,SAP1602,Shipping,101 FC Rd,Above Central Bank,Delhi,Delhi,India,451657,COMP002,PLANT02,MG02,2026-03-12,SAP
SAPADDR5175,SAP1175,Shipping,88 Worli Sea Face,,Chennai,Tamil Nadu,India,723451,COMP007,PLANT07,MG07,2026-02-19,SAP
SAPADDR5477,SAP1477,Shipping,77 Linking Rd,Next to Market,Bangalore,Karnataka,India,943806,COMP005,PLANT05,MG05,2026-02-06,SAP
SAPADDR5048,SAP1048,Billing,56 Chandni Chowk,Opposite Mall,Surat,Gujarat,India,828738,COMP008,PLANT08,MG08,2026-01-16,SAP
SAPADDR5174,SAP1174,Billing,77 Linking Rd,Next to Market,Kolkata,West Bengal,India,631013,COMP006,PLANT06,MG06,2026-03-25,SAP
SAPADDR5890,SAP1890,Shipping,78 Connaught Pl,,Mumbai,Maharashtra,India,963508,COMP002,PLANT02,MG02,2026-03-12,SAP
SAPADDR5264,SAP1264,Billing,56 Chandni Chowk,Above Central Bank,Surat,Gujarat,India,738396,COMP008,PLANT08,MG08,2026-02-28,SAP
SAPADDR5858,SAP1858,Shipping,67 Law Garden Rd,Near Old Town,Chennai,Tamil Nadu,India,199290,COMP002,PLANT02,MG02,2026-03-04,SAP
SAPADDR5665,SAP1665,Billing,90 Karol Bagh Market,,Mumbai,Maharashtra,India,371934,COMP001,PLANT01,MG01,2026-01-13,SAP
SAPADDR5605,SAP1605,Billing,56 Chandni Chowk,Next to Market,Hyderabad,Telangana,India,795931,COMP005,PLANT05,MG05,2026-03-03,SAP
SAPADDR5541,SAP1541,Shipping,12 Residency Rd,,Chennai,Tamil Nadu,India,610650,COMP005,PLANT05,MG05,2026-02-04,SAP
SAPADDR5136,SAP1136,Billing,67 Law Garden Rd,Opposite Mall,Delhi,Delhi,India,576073,COMP008,PLANT08,MG08,2026-03-11,SAP
SAPADDR5782,SAP1782,Shipping,12 Residency Rd,Opposite Mall,Jaipur,Rajasthan,India,897259,COMP006,PLANT06,MG06,2026-02-18,SAP
SAPADDR5316,SAP1316,Billing,88 Worli Sea Face,Near Old Town,Jaipur,Rajasthan,India,606363,COMP004,PLANT04,MG04,2026-03-17,SAP
SAPADDR5677,SAP1677,Shipping,101 FC Rd,Near Metro Station,Delhi,Delhi,India,775861,COMP005,PLANT05,MG05,2026-03-24,SAP
SAPADDR5823,SAP1823,Billing,56 Chandni Chowk,Near City Center,Pune,Maharashtra,India,286413,COMP007,PLANT07,MG07,2026-01-30,SAP
SAPADDR5553,SAP1553,Shipping,12 MG Rd,Near Old Town,Bangalore,Karnataka,India,691275,COMP001,PLANT01,MG01,2026-03-24,SAP
SAPADDR5633,SAP1633,Shipping,55 MI Rd,Above Central Bank,Bangalore,Karnataka,India,805811,COMP001,PLANT01,MG01,2026-01-11,SAP
SAPADDR5700,SAP1700,Billing,34 JM Road,Near City Center,Surat,Gujarat,India,551063,COMP004,PLANT04,MG04,2026-03-16,SAP
SAPADDR5674,SAP1674,Shipping,78 Connaught Pl,,Pune,Maharashtra,India,737119,COMP002,PLANT02,MG02,2026-01-02,SAP
SAPADDR5043,SAP1043,Billing,34 JM Road,Next to Market,Hyderabad,Telangana,India,659786,COMP003,PLANT03,MG03,2026-02-14,SAP
SAPADDR5854,SAP1854,Shipping,77 Linking Rd,Near Old Town,Surat,Gujarat,India,315274,COMP006,PLANT06,MG06,2026-03-28,SAP
SAPADDR5223,SAP1223,Shipping,45 Marine Dr,Above Central Bank,Surat,Gujarat,India,246365,COMP007,PLANT07,MG07,2026-03-24,SAP
SAPADDR5349,SAP1349,Billing,45 Marine Dr,Opposite Mall,Hyderabad,Telangana,India,262554,COMP005,PLANT05,MG05,2026-01-31,SAP
SAPADDR5489,SAP1489,Billing,44 Ashram Rd,Near Metro Station,Bangalore,Karnataka,India,671590,COMP001,PLANT01,MG01,2026-03-31,SAP
SAPADDR5676,SAP1676,Billing,23 Brigade Rd,Opposite Mall,Jaipur,Rajasthan,India,365789,COMP004,PLANT04,MG04,2026-01-16,SAP
SAPADDR5666,SAP1666,Shipping,67 Law Garden Rd,,Bangalore,Karnataka,India,509500,COMP002,PLANT02,MG02,2026-01-30,SAP
SAPADDR5683,SAP1683,Shipping,77 Linking Rd,Next to Market,Bangalore,Karnataka,India,532908,COMP003,PLANT03,MG03,2026-01-06,SAP
SAPADDR5836,SAP1836,Billing,12 MG Rd,Above Central Bank,Hyderabad,Telangana,India,516131,COMP004,PLANT04,MG04,2026-03-26,SAP
SAPADDR5724,SAP1724,Shipping,44 Ashram Rd,,Mumbai,Maharashtra,India,371736,COMP004,PLANT04,MG04,2026-01-17,SAP
SAPADDR5716,SAP1716,Billing,44 Ashram Rd,,Kolkata,West Bengal,India,979581,COMP004,PLANT04,MG04,2026-01-22,SAP
SAPADDR5593,SAP1593,Shipping,23 Brigade Rd,Next to Market,Pune,Maharashtra,India,435919,COMP001,PLANT01,MG01,2026-02-16,SAP
SAPADDR5468,SAP1468,Shipping,90 Karol Bagh Market,Next to Market,Surat,Gujarat,India,880160,COMP004,PLANT04,MG04,2026-03-20,SAP
SAPADDR5806,SAP1806,Billing,45 Marine Dr,Next to Market,Chennai,Tamil Nadu,India,818527,COMP006,PLANT06,MG06,2026-02-12,SAP
SAPADDR5098,SAP1098,Shipping,34 JM Road,Near City Center,Kolkata,West Bengal,India,236416,COMP002,PLANT02,MG02,2026-01-09,SAP
SAPADDR5907,SAP1907,Billing,12 Residency Rd,,Bangalore,Karnataka,India,907968,COMP003,PLANT03,MG03,2026-02-16,SAP
SAPADDR5710,SAP1710,Shipping,12 Residency Rd,,Kolkata,West Bengal,India,493205,COMP006,PLANT06,MG06,2026-02-08,SAP
SAPADDR5342,SAP1342,Billing,12 MG Rd,Near Metro Station,Pune,Maharashtra,India,547563,COMP006,PLANT06,MG06,2026-03-12,SAP
SAPADDR5018,SAP1018,Shipping,23 Brigade Rd,Near City Center,Mumbai,Maharashtra,India,937651,COMP002,PLANT02,MG02,2026-02-15,SAP
SAPADDR5464,SAP1464,Shipping,90 Karol Bagh Market,Next to Market,Mumbai,Maharashtra,India,877524,COMP008,PLANT08,MG08,2026-01-10,SAP
SAPADDR5063,SAP1063,Shipping,88 Worli Sea Face,Near Old Town,Pune,Maharashtra,India,535663,COMP007,PLANT07,MG07,2026-01-31,SAP
SAPADDR5698,SAP1698,Shipping,12 Residency Rd,Above Central Bank,Kolkata,West Bengal,India,193757,COMP002,PLANT02,MG02,2026-02-14,SAP
SAPADDR5519,SAP1519,Billing,45 Marine Dr,Next to Market,Chennai,Tamil Nadu,India,400556,COMP007,PLANT07,MG07,2026-03-21,SAP
SAPADDR5380,SAP1380,Shipping,88 Worli Sea Face,Opposite Mall,Jaipur,Rajasthan,India,237753,COMP004,PLANT04,MG04,2026-03-06,SAP
SAPADDR5725,SAP1725,Billing,78 Connaught Pl,Near City Center,Jaipur,Rajasthan,India,388432,COMP005,PLANT05,MG05,2026-01-21,SAP
SAPADDR5021,SAP1021,Billing,78 Connaught Pl,Near City Center,Ahmedabad,Gujarat,India,990382,COMP005,PLANT05,MG05,2026-02-26,SAP
SAPADDR5448,SAP1448,Billing,23 Brigade Rd,Near City Center,Hyderabad,Telangana,India,315408,COMP008,PLANT08,MG08,2026-03-22,SAP
SAPADDR5603,SAP1603,Billing,12 MG Rd,Near Old Town,Mumbai,Maharashtra,India,827018,COMP003,PLANT03,MG03,2026-03-17,SAP
SAPADDR5779,SAP1779,Shipping,34 JM Road,Near City Center,Pune,Maharashtra,India,921472,COMP003,PLANT03,MG03,2026-02-18,SAP
SAPADDR5356,SAP1356,Billing,77 Linking Rd,Near City Center,Pune,Maharashtra,India,315335,COMP004,PLANT04,MG04,2026-03-14,SAP
SAPADDR5196,SAP1196,Shipping,101 FC Rd,Opposite Mall,Surat,Gujarat,India,791003,COMP004,PLANT04,MG04,2026-02-05,SAP
SAPADDR5183,SAP1183,Shipping,44 Ashram Rd,Next to Market,Ahmedabad,Gujarat,India,678681,COMP007,PLANT07,MG07,2026-01-12,SAP
SAPADDR5524,SAP1524,Billing,12 Residency Rd,Next to Market,Kolkata,West Bengal,India,747480,COMP004,PLANT04,MG04,2026-01-29,SAP
SAPADDR5542,SAP1542,Billing,90 Karol Bagh Market,Above Central Bank,Kolkata,West Bengal,India,143085,COMP006,PLANT06,MG06,2026-01-15,SAP
SAPADDR5932,SAP1932,Billing,12 Residency Rd,Near Metro Station,Delhi,Delhi,India,742140,COMP004,PLANT04,MG04,2026-02-06,SAP
SAPADDR5935,SAP1935,Billing,67 Law Garden Rd,Above Central Bank,Kolkata,West Bengal,India,545492,COMP007,PLANT07,MG07,2026-03-23,SAP
SAPADDR5884,SAP1884,Billing,12 MG Rd,Near City Center,Surat,Gujarat,India,805844,COMP004,PLANT04,MG04,2026-01-22,SAP
SAPADDR5642,SAP1642,Billing,23 Brigade Rd,,Pune,Maharashtra,India,919127,COMP002,PLANT02,MG02,2026-01-05,SAP
SAPADDR5847,SAP1847,Shipping,44 Ashram Rd,Near Metro Station,Ahmedabad,Gujarat,India,497776,COMP007,PLANT07,MG07,2026-03-31,SAP
SAPADDR5655,SAP1655,Billing,78 Connaught Pl,,Chennai,Tamil Nadu,India,329403,COMP007,PLANT07,MG07,2026-03-08,SAP
SAPADDR5797,SAP1797,Billing,78 Connaught Pl,Near City Center,Jaipur,Rajasthan,India,710834,COMP005,PLANT05,MG05,2026-03-02,SAP
SAPADDR5736,SAP1736,Shipping,12 Residency Rd,Near Old Town,Hyderabad,Telangana,India,750018,COMP008,PLANT08,MG08,2026-01-02,SAP
SAPADDR5712,SAP1712,Billing,88 Worli Sea Face,Above Central Bank,Kolkata,West Bengal,India,467090,COMP008,PLANT08,MG08,2026-02-14,SAP
SAPADDR5096,SAP1096,Shipping,101 FC Rd,Near Metro Station,Ahmedabad,Gujarat,India,993615,COMP008,PLANT08,MG08,2026-03-31,SAP
SAPADDR5238,SAP1238,Billing,12 MG Rd,Opposite Mall,Pune,Maharashtra,India,796983,COMP006,PLANT06,MG06,2026-03-23,SAP
SAPADDR5916,SAP1916,Shipping,78 Connaught Pl,Near Old Town,Kolkata,West Bengal,India,509860,COMP004,PLANT04,MG04,2026-01-18,SAP
SAPADDR5599,SAP1599,Billing,67 Law Garden Rd,Above Central Bank,Jaipur,Rajasthan,India,565006,COMP007,PLANT07,MG07,2026-02-14,SAP
SAPADDR5612,SAP1612,Shipping,12 MG Rd,Near Old Town,Bangalore,Karnataka,India,682755,COMP004,PLANT04,MG04,2026-01-26,SAP
SAPADDR5343,SAP1343,Billing,44 Ashram Rd,Above Central Bank,Delhi,Delhi,India,824632,COMP007,PLANT07,MG07,2026-03-31,SAP
SAPADDR5914,SAP1914,Billing,44 Ashram Rd,Next to Market,Hyderabad,Telangana,India,828977,COMP002,PLANT02,MG02,2026-03-10,SAP
SAPADDR5778,SAP1778,Shipping,23 Brigade Rd,Next to Market,Chennai,Tamil Nadu,India,825516,COMP002,PLANT02,MG02,2026-03-02,SAP
SAPADDR5506,SAP1506,Billing,44 Ashram Rd,,Chennai,Tamil Nadu,India,493465,COMP002,PLANT02,MG02,2026-01-04,SAP
SAPADDR5249,SAP1249,Shipping,101 FC Rd,Near Old Town,Chennai,Tamil Nadu,India,700601,COMP001,PLANT01,MG01,2026-01-17,SAP
SAPADDR5548,SAP1548,Billing,45 Marine Dr,Opposite Mall,Pune,Maharashtra,India,619081,COMP004,PLANT04,MG04,2026-02-13,SAP
SAPADDR5669,SAP1669,Shipping,55 MI Rd,Next to Market,Mumbai,Maharashtra,India,178194,COMP005,PLANT05,MG05,2026-03-20,SAP
SAPADDR5379,SAP1379,Billing,67 Law Garden Rd,Next to Market,Ahmedabad,Gujarat,India,188967,COMP003,PLANT03,MG03,2026-03-17,SAP
SAPADDR5587,SAP1587,Billing,12 MG Rd,Opposite Mall,Jaipur,Rajasthan,India,291546,COMP003,PLANT03,MG03,2026-01-17,SAP
SAPADDR5287,SAP1287,Shipping,77 Linking Rd,Next to Market,Surat,Gujarat,India,928582,COMP007,PLANT07,MG07,2026-01-20,SAP
SAPADDR5522,SAP1522,Billing,45 Marine Dr,Above Central Bank,Pune,Maharashtra,India,274157,COMP002,PLANT02,MG02,2026-02-10,SAP
SAPADDR5746,SAP1746,Shipping,12 MG Rd,Next to Market,Hyderabad,Telangana,India,602554,COMP002,PLANT02,MG02,2026-01-10,SAP
SAPADDR5649,SAP1649,Billing,67 Law Garden Rd,Near City Center,Jaipur,Rajasthan,India,747743,COMP001,PLANT01,MG01,2026-01-21,SAP
SAPADDR5528,SAP1528,Billing,12 MG Rd,Near Metro Station,Ahmedabad,Gujarat,India,847484,COMP008,PLANT08,MG08,2026-03-23,SAP
SAPADDR5851,SAP1851,Shipping,44 Ashram Rd,Above Central Bank,Surat,Gujarat,India,181144,COMP003,PLANT03,MG03,2026-03-01,SAP
SAPADDR5846,SAP1846,Shipping,67 Law Garden Rd,Near City Center,Jaipur,Rajasthan,India,434771,COMP006,PLANT06,MG06,2026-03-02,SAP
SAPADDR5821,SAP1821,Billing,67 Law Garden Rd,Opposite Mall,Jaipur,Rajasthan,India,995217,COMP005,PLANT05,MG05,2026-03-31,SAP
SAPADDR5783,SAP1783,Shipping,45 Marine Dr,Above Central Bank,Ahmedabad,Gujarat,India,579477,COMP007,PLANT07,MG07,2026-01-29,SAP
SAPADDR5871,SAP1871,Shipping,12 MG Rd,Above Central Bank,Surat,Gujarat,India,906626,COMP007,PLANT07,MG07,2026-02-14,SAP
SAPADDR5009,SAP1009,Shipping,12 MG Rd,Above Central Bank,Surat,Gujarat,India,706091,COMP001,PLANT01,MG01,2026-02-06,SAP
SAPADDR5621,SAP1621,Shipping,12 Residency Rd,Near Old Town,Chennai,Tamil Nadu,India,960289,COMP005,PLANT05,MG05,2026-02-21,SAP
SAPADDR5219,SAP1219,Shipping,90 Karol Bagh Market,Above Central Bank,Jaipur,Rajasthan,India,592370,COMP003,PLANT03,MG03,2026-01-23,SAP
SAPADDR5939,SAP1939,Shipping,12 MG Rd,Near Old Town,Hyderabad,Telangana,India,512184,COMP003,PLANT03,MG03,2026-03-05,SAP
SAPADDR5464,SAP1464,Shipping,90 Karol Bagh Market,Next to Market,Mumbai,Maharashtra,India,877524,COMP008,PLANT08,MG08,2026-01-10,SAP
SAPADDR5787,SAP1787,Billing,90 Karol Bagh Market,Near Metro Station,Surat,Gujarat,India,118323,COMP003,PLANT03,MG03,2026-03-18,SAP
SAPADDR5630,SAP1630,Billing,90 Karol Bagh Market,Near City Center,Surat,Gujarat,India,629583,COMP006,PLANT06,MG06,2026-03-30,SAP
SAPADDR5567,SAP1567,Billing,12 MG Rd,Above Central Bank,Jaipur,Rajasthan,India,975048,COMP007,PLANT07,MG07,2026-03-04,SAP
SAPADDR5744,SAP1744,Shipping,67 Law Garden Rd,Near Old Town,Jaipur,Rajasthan,India,905458,COMP008,PLANT08,MG08,2026-02-28,SAP
SAPADDR5517,SAP1517,Billing,34 JM Road,Opposite Mall,Chennai,Tamil Nadu,India,159180,COMP005,PLANT05,MG05,2026-02-19,SAP
SAPADDR5709,SAP1709,Shipping,23 Brigade Rd,Near Old Town,Pune,Maharashtra,India,425508,COMP005,PLANT05,MG05,2026-03-18,SAP
SAPADDR5006,SAP1006,Billing,44 Ashram Rd,Near Metro Station,Hyderabad,Telangana,India,358268,COMP006,PLANT06,MG06,2026-02-03,SAP
SAPADDR5428,SAP1428,Billing,45 Marine Dr,Near City Center,Kolkata,West Bengal,India,483349,COMP004,PLANT04,MG04,2026-03-17,SAP
SAPADDR5458,SAP1458,Billing,45 Marine Dr,Next to Market,Pune,Maharashtra,India,289224,COMP002,PLANT02,MG02,2026-01-22,SAP
SAPADDR5338,SAP1338,Billing,88 Worli Sea Face,Near Old Town,Chennai,Tamil Nadu,India,221128,COMP002,PLANT02,MG02,2026-02-25,SAP
SAPADDR5363,SAP1363,Shipping,56 Chandni Chowk,Near Old Town,Bangalore,Karnataka,India,490510,COMP003,PLANT03,MG03,2026-01-26,SAP
SAPADDR5325,SAP1325,Shipping,45 Marine Dr,Above Central Bank,Pune,Maharashtra,India,961571,COMP005,PLANT05,MG05,2026-03-15,SAP
SAPADDR5547,SAP1547,Shipping,88 Worli Sea Face,Near City Center,Kolkata,West Bengal,India,941226,COMP003,PLANT03,MG03,2026-01-11,SAP
SAPADDR5488,SAP1488,Billing,34 JM Road,Next to Market,Delhi,Delhi,India,959415,COMP008,PLANT08,MG08,2026-02-27,SAP
SAPADDR5543,SAP1543,Billing,34 JM Road,Near Metro Station,Pune,Maharashtra,India,686557,COMP007,PLANT07,MG07,2026-03-03,SAP
SAPADDR5420,SAP1420,Billing,23 Brigade Rd,Above Central Bank,Chennai,Tamil Nadu,India,212209,COMP004,PLANT04,MG04,2026-01-07,SAP
SAPADDR5107,SAP1107,Billing,12 MG Rd,Near City Center,Hyderabad,Telangana,India,971543,COMP003,PLANT03,MG03,2026-02-15,SAP
SAPADDR5684,SAP1684,Shipping,44 Ashram Rd,Opposite Mall,Surat,Gujarat,India,472197,COMP004,PLANT04,MG04,2026-03-22,SAP
SAPADDR5176,SAP1176,Shipping,67 Law Garden Rd,,Kolkata,West Bengal,India,607229,COMP008,PLANT08,MG08,2026-02-17,SAP
SAPADDR5433,SAP1433,Billing,23 Brigade Rd,,Surat,Gujarat,India,505518,COMP001,PLANT01,MG01,2026-01-31,SAP
SAPADDR5811,SAP1811,Billing,88 Worli Sea Face,,Hyderabad,Telangana,India,797569,COMP003,PLANT03,MG03,2026-03-06,SAP
SAPADDR5412,SAP1412,Billing,34 JM Road,Above Central Bank,Mumbai,Maharashtra,India,109362,COMP004,PLANT04,MG04,2026-02-09,SAP
SAPADDR5280,SAP1280,Shipping,12 MG Rd,Next to Market,Mumbai,Maharashtra,India,236078,COMP008,PLANT08,MG08,2026-01-21,SAP
SAPADDR5742,SAP1742,Billing,77 Linking Rd,Near Metro Station,Jaipur,Rajasthan,India,476452,COMP006,PLANT06,MG06,2026-02-12,SAP
SAPADDR5160,SAP1160,Billing,78 Connaught Pl,Near Metro Station,Hyderabad,Telangana,India,783380,COMP008,PLANT08,MG08,2026-03-23,SAP
SAPADDR5753,SAP1753,Shipping,90 Karol Bagh Market,Near Metro Station,Surat,Gujarat,India,984041,COMP001,PLANT01,MG01,2026-02-22,SAP
SAPADDR5607,SAP1607,Shipping,67 Law Garden Rd,Opposite Mall,Jaipur,Rajasthan,India,983887,COMP007,PLANT07,MG07,2026-01-05,SAP
SAPADDR5624,SAP1624,Billing,101 FC Rd,,Bangalore,Karnataka,India,302353,COMP008,PLANT08,MG08,2026-03-02,SAP
SAPADDR5358,SAP1358,Billing,23 Brigade Rd,Near Old Town,Bangalore,Karnataka,India,145130,COMP006,PLANT06,MG06,2026-03-21,SAP
SAPADDR5294,SAP1294,Billing,23 Brigade Rd,,Jaipur,Rajasthan,India,831706,COMP006,PLANT06,MG06,2026-01-13,SAP
SAPADDR5198,SAP1198,Billing,55 MI Rd,Next to Market,Kolkata,West Bengal,India,798935,COMP006,PLANT06,MG06,2026-03-17,SAP
SAPADDR5150,SAP1150,Billing,44 Ashram Rd,Near City Center,Mumbai,Maharashtra,India,786981,COMP006,PLANT06,MG06,2026-01-22,SAP
SAPADDR5790,SAP1790,Shipping,23 Brigade Rd,Near City Center,Kolkata,West Bengal,India,620842,COMP006,PLANT06,MG06,2026-01-02,SAP
SAPADDR5236,SAP1236,Shipping,101 FC Rd,Opposite Mall,Jaipur,Rajasthan,India,799789,COMP004,PLANT04,MG04,2026-03-17,SAP
SAPADDR5290,SAP1290,Billing,23 Brigade Rd,Near Old Town,Kolkata,West Bengal,India,115565,COMP002,PLANT02,MG02,2026-02-16,SAP
SAPADDR5855,SAP1855,Shipping,88 Worli Sea Face,Opposite Mall,Surat,Gujarat,India,845681,COMP007,PLANT07,MG07,2026-02-12,SAP
SAPADDR5538,SAP1538,Billing,55 MI Rd,Near City Center,Bangalore,Karnataka,India,199681,COMP002,PLANT02,MG02,2026-01-17,SAP
SAPADDR5364,SAP1364,Billing,44 Ashram Rd,Near Metro Station,Jaipur,Rajasthan,India,480130,COMP004,PLANT04,MG04,2026-02-21,SAP
SAPADDR5903,SAP1903,Shipping,56 Chandni Chowk,Near Old Town,Chennai,Tamil Nadu,India,989977,COMP007,PLANT07,MG07,2026-03-20,SAP
SAPADDR5332,SAP1332,Shipping,88 Worli Sea Face,Near Old Town,Hyderabad,Telangana,India,982774,COMP004,PLANT04,MG04,2026-02-16,SAP
SAPADDR5502,SAP1502,Billing,45 Marine Dr,,Pune,Maharashtra,India,380709,COMP006,PLANT06,MG06,2026-02-17,SAP
SAPADDR5815,SAP1815,Billing,55 MI Rd,Near City Center,Mumbai,Maharashtra,India,478723,COMP007,PLANT07,MG07,2026-02-05,SAP
SAPADDR5497,SAP1497,Billing,45 Marine Dr,Near City Center,Ahmedabad,Gujarat,India,429541,COMP001,PLANT01,MG01,2026-01-18,SAP
SAPADDR5757,SAP1757,Shipping,55 MI Rd,Above Central Bank,Surat,Gujarat,India,943885,COMP005,PLANT05,MG05,2026-01-16,SAP
SAPADDR5485,SAP1485,Billing,56 Chandni Chowk,Near Old Town,Kolkata,West Bengal,India,645399,COMP005,PLANT05,MG05,2026-01-12,SAP
SAPADDR5251,SAP1251,Shipping,78 Connaught Pl,Above Central Bank,Mumbai,Maharashtra,India,969354,COMP003,PLANT03,MG03,2026-01-04,SAP
SAPADDR5097,SAP1097,Billing,44 Ashram Rd,Near Old Town,Ahmedabad,Gujarat,India,634384,COMP001,PLANT01,MG01,2026-03-29,SAP
SAPADDR5369,SAP1369,Billing,12 Residency Rd,Above Central Bank,Mumbai,Maharashtra,India,637448,COMP001,PLANT01,MG01,2026-01-26,SAP
SAPADDR5563,SAP1563,Shipping,44 Ashram Rd,Near Metro Station,Chennai,Tamil Nadu,India,310749,COMP003,PLANT03,MG03,2026-01-04,SAP
SAPADDR5324,SAP1324,Billing,78 Connaught Pl,,Pune,Maharashtra,India,483181,COMP004,PLANT04,MG04,2026-03-04,SAP
SAPADDR5407,SAP1407,Billing,78 Connaught Pl,Near City Center,Jaipur,Rajasthan,India,252960,COMP007,PLANT07,MG07,2026-02-01,SAP
SAPADDR5878,SAP1878,Shipping,45 Marine Dr,Near City Center,Bangalore,Karnataka,India,493187,COMP006,PLANT06,MG06,2026-01-13,SAP
SAPADDR5520,SAP1520,Billing,23 Brigade Rd,Next to Market,Ahmedabad,Gujarat,India,523482,COMP008,PLANT08,MG08,2026-03-01,SAP
SAPADDR5583,SAP1583,Shipping,12 Residency Rd,Opposite Mall,Delhi,Delhi,India,138205,COMP007,PLANT07,MG07,2026-03-30,SAP
SAPADDR5158,SAP1158,Billing,12 MG Rd,Above Central Bank,Mumbai,Maharashtra,India,555679,COMP006,PLANT06,MG06,2026-01-20,SAP
SAPADDR5274,SAP1274,Shipping,45 Marine Dr,,Jaipur,Rajasthan,India,595477,COMP002,PLANT02,MG02,2026-03-25,SAP
SAPADDR5218,SAP1218,Billing,90 Karol Bagh Market,Opposite Mall,Bangalore,Karnataka,India,476575,COMP002,PLANT02,MG02,2026-02-13,SAP
SAPADDR5631,SAP1631,Billing,67 Law Garden Rd,Above Central Bank,Chennai,Tamil Nadu,India,219440,COMP007,PLANT07,MG07,2026-01-27,SAP
SAPADDR5053,SAP1053,Shipping,90 Karol Bagh Market,Above Central Bank,Mumbai,Maharashtra,India,635527,COMP005,PLANT05,MG05,2026-02-27,SAP
SAPADDR5699,SAP1699,Billing,55 MI Rd,Near Metro Station,Kolkata,West Bengal,India,751129,COMP003,PLANT03,MG03,2026-01-28,SAP
SAPADDR5090,SAP1090,Billing,34 JM Road,Near City Center,Hyderabad,Telangana,India,479183,COMP002,PLANT02,MG02,2026-02-03,SAP
SAPADDR5862,SAP1862,Shipping,77 Linking Rd,Opposite Mall,Surat,Gujarat,India,155249,COMP006,PLANT06,MG06,2026-01-25,SAP
SAPADDR5202,SAP1202,Billing,56 Chandni Chowk,Near Old Town,Delhi,Delhi,India,888836,COMP002,PLANT02,MG02,2026-03-28,SAP
SAPADDR5764,SAP1764,Billing,90 Karol Bagh Market,Next to Market,Jaipur,Rajasthan,India,893551,COMP004,PLANT04,MG04,2026-02-18,SAP
SAPADDR5043,SAP1043,Billing,34 JM Road,Next to Market,Hyderabad,Telangana,India,659786,COMP003,PLANT03,MG03,2026-02-14,SAP
SAPADDR5336,SAP1336,Shipping,23 Brigade Rd,Near Old Town,Kolkata,West Bengal,India,456218,COMP008,PLANT08,MG08,2026-01-12,SAP
SAPADDR5259,SAP1259,Shipping,44 Ashram Rd,,Chennai,Tamil Nadu,India,514911,COMP003,PLANT03,MG03,2026-03-05,SAP
SAPADDR5146,SAP1146,Shipping,12 MG Rd,Opposite Mall,Hyderabad,Telangana,India,895645,COMP002,PLANT02,MG02,2026-02-04,SAP
SAPADDR5481,SAP1481,Billing,77 Linking Rd,Next to Market,Bangalore,Karnataka,India,401594,COMP001,PLANT01,MG01,2026-02-09,SAP
SAPADDR5375,SAP1375,Shipping,56 Chandni Chowk,Near Metro Station,Delhi,Delhi,India,741744,COMP007,PLANT07,MG07,2026-01-05,SAP
SAPADDR5572,SAP1572,Billing,45 Marine Dr,Opposite Mall,Chennai,Tamil Nadu,India,536767,COMP004,PLANT04,MG04,2026-02-06,SAP
SAPADDR5057,SAP1057,Billing,90 Karol Bagh Market,Near City Center,Delhi,Delhi,India,675347,COMP001,PLANT01,MG01,2026-03-20,SAP
SAPADDR5657,SAP1657,Billing,90 Karol Bagh Market,Opposite Mall,Mumbai,Maharashtra,India,857792,COMP001,PLANT01,MG01,2026-03-21,SAP
SAPADDR5743,SAP1743,Shipping,23 Brigade Rd,Near City Center,Ahmedabad,Gujarat,India,384796,COMP007,PLANT07,MG07,2026-01-12,SAP
SAPADDR5350,SAP1350,Billing,34 JM Road,Above Central Bank,Jaipur,Rajasthan,India,781206,COMP006,PLANT06,MG06,2026-03-04,SAP
SAPADDR5444,SAP1444,Billing,12 MG Rd,Near City Center,Delhi,Delhi,India,833081,COMP004,PLANT04,MG04,2026-01-27,SAP
SAPADDR5396,SAP1396,Shipping,78 Connaught Pl,Near Metro Station,Mumbai,Maharashtra,India,160107,COMP004,PLANT04,MG04,2026-03-13,SAP
SAPADDR5400,SAP1400,Shipping,23 Brigade Rd,Near City Center,Mumbai,Maharashtra,India,102943,COMP008,PLANT08,MG08,2026-01-24,SAP
SAPADDR5414,SAP1414,Shipping,90 Karol Bagh Market,Near Metro Station,Ahmedabad,Gujarat,India,826207,COMP006,PLANT06,MG06,2026-02-20,SAP
SAPADDR5810,SAP1810,Shipping,12 MG Rd,Above Central Bank,Chennai,Tamil Nadu,India,916222,COMP002,PLANT02,MG02,2026-01-25,SAP
SAPADDR5668,SAP1668,Billing,12 Residency Rd,,Hyderabad,Telangana,India,855851,COMP004,PLANT04,MG04,2026-03-20,SAP
SAPADDR5925,SAP1925,Billing,101 FC Rd,Opposite Mall,Ahmedabad,Gujarat,India,679777,COMP005,PLANT05,MG05,2026-02-06,SAP
SAPADDR5064,SAP1064,Billing,12 Residency Rd,Above Central Bank,Hyderabad,Telangana,India,765236,COMP008,PLANT08,MG08,2026-03-30,SAP
SAPADDR5619,SAP1619,Shipping,12 Residency Rd,Opposite Mall,Bangalore,Karnataka,India,690026,COMP003,PLANT03,MG03,2026-01-19,SAP
SAPADDR5010,SAP1010,Shipping,34 JM Road,Next to Market,Jaipur,Rajasthan,India,400610,COMP002,PLANT02,MG02,2026-03-18,SAP
SAPADDR5432,SAP1432,Shipping,34 JM Road,Above Central Bank,Ahmedabad,Gujarat,India,500004,COMP008,PLANT08,MG08,2026-01-09,SAP
SAPADDR5565,SAP1565,Shipping,55 MI Rd,Opposite Mall,Surat,Gujarat,India,599149,COMP005,PLANT05,MG05,2026-02-12,SAP
SAPADDR5119,SAP1119,Billing,88 Worli Sea Face,Near Metro Station,Surat,Gujarat,India,451545,COMP007,PLANT07,MG07,2026-01-18,SAP
SAPADDR5101,SAP1101,Billing,90 Karol Bagh Market,Near City Center,Jaipur,Rajasthan,India,588056,COMP005,PLANT05,MG05,2026-01-31,SAP
SAPADDR5212,SAP1212,Shipping,44 Ashram Rd,Opposite Mall,Ahmedabad,Gujarat,India,465533,COMP004,PLANT04,MG04,2026-02-02,SAP
SAPADDR5896,SAP1896,Billing,23 Brigade Rd,Near Metro Station,Mumbai,Maharashtra,India,842320,COMP008,PLANT08,MG08,2026-02-03,SAP
SAPADDR5636,SAP1636,Shipping,90 Karol Bagh Market,Next to Market,Kolkata,West Bengal,India,600255,COMP004,PLANT04,MG04,2026-03-28,SAP
SAPADDR5162,SAP1162,Billing,45 Marine Dr,Near Old Town,Bangalore,Karnataka,India,233921,COMP002,PLANT02,MG02,2026-01-04,SAP
SAPADDR5513,SAP1513,Billing,12 MG Rd,Near City Center,Surat,Gujarat,India,285438,COMP001,PLANT01,MG01,2026-02-09,SAP
SAPADDR5720,SAP1720,Billing,101 FC Rd,,Kolkata,West Bengal,India,489485,COMP008,PLANT08,MG08,2026-02-26,SAP
SAPADDR5554,SAP1554,Shipping,45 Marine Dr,Near Metro Station,Surat,Gujarat,India,913963,COMP002,PLANT02,MG02,2026-02-18,SAP
SAPADDR5024,SAP1024,Billing,45 Marine Dr,,Mumbai,Maharashtra,India,839938,COMP008,PLANT08,MG08,2026-02-26,SAP
SAPADDR5740,SAP1740,Billing,88 Worli Sea Face,Opposite Mall,Kolkata,West Bengal,India,813801,COMP004,PLANT04,MG04,2026-03-24,SAP
SAPADDR5341,SAP1341,Billing,55 MI Rd,Opposite Mall,Ahmedabad,Gujarat,India,662263,COMP005,PLANT05,MG05,2026-02-14,SAP
SAPADDR5424,SAP1424,Shipping,101 FC Rd,Opposite Mall,Hyderabad,Telangana,India,182215,COMP008,PLANT08,MG08,2026-03-09,SAP
SAPADDR5254,SAP1254,Billing,90 Karol Bagh Market,Near Old Town,Surat,Gujarat,India,419413,COMP006,PLANT06,MG06,2026-02-03,SAP
SAPADDR5247,SAP1247,Billing,45 Marine Dr,Next to Market,Delhi,Delhi,India,363363,COMP007,PLANT07,MG07,2026-02-06,SAP
SAPADDR5385,SAP1385,Shipping,44 Ashram Rd,Next to Market,Ahmedabad,Gujarat,India,588912,COMP001,PLANT01,MG01,2026-02-09,SAP
SAPADDR5585,SAP1585,Billing,34 JM Road,Near City Center,Bangalore,Karnataka,India,183149,COMP001,PLANT01,MG01,2026-01-30,SAP
SAPADDR5164,SAP1164,Billing,90 Karol Bagh Market,Opposite Mall,Hyderabad,Telangana,India,645934,COMP004,PLANT04,MG04,2026-03-21,SAP
SAPADDR5038,SAP1038,Billing,45 Marine Dr,Near City Center,Jaipur,Rajasthan,India,745292,COMP006,PLANT06,MG06,2026-03-29,SAP
SAPADDR5212,SAP1212,Shipping,44 Ashram Rd,Opposite Mall,Ahmedabad,Gujarat,India,465533,COMP004,PLANT04,MG04,2026-02-02,SAP
SAPADDR5923,SAP1923,Billing,101 FC Rd,Near City Center,Delhi,Delhi,India,877746,COMP003,PLANT03,MG03,2026-01-05,SAP
SAPADDR5774,SAP1774,Billing,45 Marine Dr,Next to Market,Jaipur,Rajasthan,India,387448,COMP006,PLANT06,MG06,2026-03-19,SAP
SAPADDR5423,SAP1423,Billing,78 Connaught Pl,Opposite Mall,Kolkata,West Bengal,India,956799,COMP007,PLANT07,MG07,2026-01-20,SAP
SAPADDR5857,SAP1857,Shipping,67 Law Garden Rd,,Hyderabad,Telangana,India,457352,COMP001,PLANT01,MG01,2026-01-12,SAP
SAPADDR5682,SAP1682,Shipping,56 Chandni Chowk,Next to Market,Delhi,Delhi,India,374496,COMP002,PLANT02,MG02,2026-03-09,SAP
SAPADDR5610,SAP1610,Billing,45 Marine Dr,Near City Center,Surat,Gujarat,India,382514,COMP002,PLANT02,MG02,2026-02-12,SAP
SAPADDR5514,SAP1514,Billing,77 Linking Rd,Near Old Town,Pune,Maharashtra,India,231043,COMP002,PLANT02,MG02,2026-02-21,SAP
SAPADDR5526,SAP1526,Billing,90 Karol Bagh Market,Near City Center,Jaipur,Rajasthan,India,853002,COMP006,PLANT06,MG06,2026-01-14,SAP
SAPADDR5165,SAP1165,Billing,78 Connaught Pl,Near City Center,Jaipur,Rajasthan,India,829418,COMP005,PLANT05,MG05,2026-02-18,SAP
SAPADDR5088,SAP1088,Billing,88 Worli Sea Face,Above Central Bank,Pune,Maharashtra,India,549177,COMP008,PLANT08,MG08,2026-02-03,SAP
SAPADDR5812,SAP1812,Billing,23 Brigade Rd,Opposite Mall,Jaipur,Rajasthan,India,688724,COMP004,PLANT04,MG04,2026-02-17,SAP
SAPADDR5332,SAP1332,Shipping,88 Worli Sea Face,Near Old Town,Hyderabad,Telangana,India,982774,COMP004,PLANT04,MG04,2026-02-16,SAP
SAPADDR5025,SAP1025,Shipping,44 Ashram Rd,Near Old Town,Pune,Maharashtra,India,278038,COMP001,PLANT01,MG01,2026-03-05,SAP
SAPADDR5079,SAP1079,Billing,45 Marine Dr,Near Metro Station,Pune,Maharashtra,India,717854,COMP007,PLANT07,MG07,2026-02-27,SAP
SAPADDR5777,SAP1777,Shipping,12 Residency Rd,Near City Center,Mumbai,Maharashtra,India,218683,COMP001,PLANT01,MG01,2026-03-28,SAP
SAPADDR5201,SAP1201,Billing,12 MG Rd,Near City Center,Surat,Gujarat,India,283641,COMP001,PLANT01,MG01,2026-03-29,SAP
SAPADDR5527,SAP1527,Billing,44 Ashram Rd,,Bangalore,Karnataka,India,617307,COMP007,PLANT07,MG07,2026-03-10,SAP
SAPADDR5366,SAP1366,Shipping,101 FC Rd,Above Central Bank,Mumbai,Maharashtra,India,388551,COMP006,PLANT06,MG06,2026-02-10,SAP
SAPADDR5372,SAP1372,Shipping,77 Linking Rd,Next to Market,Chennai,Tamil Nadu,India,310802,COMP004,PLANT04,MG04,2026-03-12,SAP
SAPADDR5691,SAP1691,Billing,88 Worli Sea Face,Next to Market,Hyderabad,Telangana,India,726014,COMP003,PLANT03,MG03,2026-01-05,SAP
SAPADDR5794,SAP1794,Shipping,44 Ashram Rd,Near City Center,Chennai,Tamil Nadu,India,427184,COMP002,PLANT02,MG02,2026-03-06,SAP
SAPADDR5235,SAP1235,Shipping,101 FC Rd,Near City Center,Delhi,Delhi,India,588206,COMP003,PLANT03,MG03,2026-01-17,SAP
SAPADDR5861,SAP1861,Shipping,56 Chandni Chowk,Near Metro Station,Surat,Gujarat,India,211547,COMP005,PLANT05,MG05,2026-03-23,SAP
SAPADDR5481,SAP1481,Billing,77 Linking Rd,Next to Market,Bangalore,Karnataka,India,401594,COMP001,PLANT01,MG01,2026-02-09,SAP
SAPADDR5717,SAP1717,Shipping,78 Connaught Pl,Near City Center,Chennai,Tamil Nadu,India,601981,COMP005,PLANT05,MG05,2026-03-15,SAP
SAPADDR5031,SAP1031,Shipping,34 JM Road,Above Central Bank,Hyderabad,Telangana,India,817830,COMP007,PLANT07,MG07,2026-03-08,SAP
SAPADDR5105,SAP1105,Billing,77 Linking Rd,Opposite Mall,Kolkata,West Bengal,India,704014,COMP001,PLANT01,MG01,2026-02-07,SAP
SAPADDR5718,SAP1718,Shipping,90 Karol Bagh Market,Next to Market,Bangalore,Karnataka,India,332868,COMP006,PLANT06,MG06,2026-01-01,SAP
SAPADDR5033,SAP1033,Shipping,56 Chandni Chowk,Above Central Bank,Delhi,Delhi,India,704312,COMP001,PLANT01,MG01,2026-03-15,SAP
SAPADDR5189,SAP1189,Billing,56 Chandni Chowk,Near Old Town,Chennai,Tamil Nadu,India,418767,COMP005,PLANT05,MG05,2026-01-12,SAP
SAPADDR5898,SAP1898,Billing,12 Residency Rd,Near City Center,Pune,Maharashtra,India,327898,COMP002,PLANT02,MG02,2026-03-30,SAP
SAPADDR5721,SAP1721,Shipping,45 Marine Dr,,Ahmedabad,Gujarat,India,109757,COMP001,PLANT01,MG01,2026-01-26,SAP
SAPADDR5940,SAP1940,Billing,78 Connaught Pl,Near Old Town,Chennai,Tamil Nadu,India,913253,COMP004,PLANT04,MG04,2026-02-06,SAP
SAPADDR5069,SAP1069,Shipping,12 MG Rd,Near Old Town,Bangalore,Karnataka,India,236193,COMP005,PLANT05,MG05,2026-01-16,SAP
SAPADDR5537,SAP1537,Shipping,12 MG Rd,Near Old Town,Chennai,Tamil Nadu,India,536972,COMP001,PLANT01,MG01,2026-03-26,SAP
SAPADDR5741,SAP1741,Shipping,34 JM Road,,Kolkata,West Bengal,India,766436,COMP005,PLANT05,MG05,2026-01-13,SAP
SAPADDR5410,SAP1410,Billing,78 Connaught Pl,,Mumbai,Maharashtra,India,760487,COMP002,PLANT02,MG02,2026-01-07,SAP
SAPADDR5653,SAP1653,Shipping,55 MI Rd,Near City Center,Kolkata,West Bengal,India,899361,COMP005,PLANT05,MG05,2026-03-16,SAP
SAPADDR5546,SAP1546,Billing,101 FC Rd,Near Old Town,Hyderabad,Telangana,India,197897,COMP002,PLANT02,MG02,2026-01-17,SAP
SAPADDR5282,SAP1282,Billing,45 Marine Dr,Above Central Bank,Bangalore,Karnataka,India,941089,COMP002,PLANT02,MG02,2026-01-06,SAP
SAPADDR5913,SAP1913,Shipping,56 Chandni Chowk,Opposite Mall,Delhi,Delhi,India,308989,COMP001,PLANT01,MG01,2026-02-27,SAP
SAPADDR5483,SAP1483,Billing,23 Brigade Rd,Opposite Mall,Ahmedabad,Gujarat,India,637508,COMP003,PLANT03,MG03,2026-01-17,SAP
SAPADDR5734,SAP1734,Shipping,23 Brigade Rd,Above Central Bank,Kolkata,West Bengal,India,736471,COMP006,PLANT06,MG06,2026-03-04,SAP
SAPADDR5390,SAP1390,Shipping,45 Marine Dr,,Ahmedabad,Gujarat,India,410110,COMP006,PLANT06,MG06,2026-01-11,SAP
SAPADDR5035,SAP1035,Shipping,77 Linking Rd,Near Old Town,Pune,Maharashtra,India,781939,COMP003,PLANT03,MG03,2026-01-10,SAP
SAPADDR5399,SAP1399,Billing,56 Chandni Chowk,Opposite Mall,Bangalore,Karnataka,India,519050,COMP007,PLANT07,MG07,2026-01-26,SAP
SAPADDR5321,SAP1321,Shipping,23 Brigade Rd,Near Metro Station,Ahmedabad,Gujarat,India,294458,COMP001,PLANT01,MG01,2026-01-09,SAP
SAPADDR5525,SAP1525,Shipping,78 Connaught Pl,Near Metro Station,Hyderabad,Telangana,India,397530,COMP005,PLANT05,MG05,2026-01-16,SAP
SAPADDR5083,SAP1083,Billing,23 Brigade Rd,Near Metro Station,Jaipur,Rajasthan,India,312146,COMP003,PLANT03,MG03,2026-03-04,SAP
SAPADDR5493,SAP1493,Shipping,23 Brigade Rd,Near Old Town,Chennai,Tamil Nadu,India,862557,COMP005,PLANT05,MG05,2026-01-21,SAP
SAPADDR5116,SAP1116,Billing,56 Chandni Chowk,Near City Center,Pune,Maharashtra,India,938394,COMP004,PLANT04,MG04,2026-01-21,SAP
SAPADDR5648,SAP1648,Billing,45 Marine Dr,Near City Center,Pune,Maharashtra,India,289071,COMP008,PLANT08,MG08,2026-02-08,SAP
SAPADDR5927,SAP1927,Shipping,23 Brigade Rd,Next to Market,Hyderabad,Telangana,India,758441,COMP007,PLANT07,MG07,2026-01-23,SAP
SAPADDR5505,SAP1505,Shipping,67 Law Garden Rd,Above Central Bank,Surat,Gujarat,India,389451,COMP001,PLANT01,MG01,2026-01-01,SAP
SAPADDR5696,SAP1696,Shipping,77 Linking Rd,,Chennai,Tamil Nadu,India,895075,COMP008,PLANT08,MG08,2026-01-17,SAP
SAPADDR5530,SAP1530,Shipping,56 Chandni Chowk,Above Central Bank,Chennai,Tamil Nadu,India,813389,COMP002,PLANT02,MG02,2026-01-20,SAP
SAPADDR5766,SAP1766,Shipping,55 MI Rd,Near City Center,Kolkata,West Bengal,India,905537,COMP006,PLANT06,MG06,2026-02-15,SAP
SAPADDR5917,SAP1917,Shipping,23 Brigade Rd,Near City Center,Mumbai,Maharashtra,India,275509,COMP005,PLANT05,MG05,2026-03-19,SAP
SAPADDR5723,SAP1723,Billing,90 Karol Bagh Market,Near Metro Station,Mumbai,Maharashtra,India,306364,COMP003,PLANT03,MG03,2026-03-10,SAP
SAPADDR5227,SAP1227,Billing,23 Brigade Rd,Near City Center,Delhi,Delhi,India,262067,COMP003,PLANT03,MG03,2026-02-12,SAP
SAPADDR5045,SAP1045,Shipping,101 FC Rd,,Hyderabad,Telangana,India,446006,COMP005,PLANT05,MG05,2026-01-17,SAP
SAPADDR5129,SAP1129,Billing,77 Linking Rd,Opposite Mall,Surat,Gujarat,India,149208,COMP001,PLANT01,MG01,2026-03-14,SAP
SAPADDR5789,SAP1789,Billing,78 Connaught Pl,Near Old Town,Ahmedabad,Gujarat,India,987593,COMP005,PLANT05,MG05,2026-02-12,SAP
SAPADDR5266,SAP1266,Shipping,45 Marine Dr,Near Metro Station,Hyderabad,Telangana,India,147953,COMP002,PLANT02,MG02,2026-02-04,SAP
SAPADDR5157,SAP1157,Billing,56 Chandni Chowk,Near City Center,Pune,Maharashtra,India,783556,COMP005,PLANT05,MG05,2026-01-03,SAP
SAPADDR5622,SAP1622,Billing,77 Linking Rd,Opposite Mall,Jaipur,Rajasthan,India,501719,COMP006,PLANT06,MG06,2026-01-21,SAP
SAPADDR5460,SAP1460,Billing,90 Karol Bagh Market,Near City Center,Ahmedabad,Gujarat,India,832685,COMP004,PLANT04,MG04,2026-03-31,SAP
SAPADDR5272,SAP1272,Billing,44 Ashram Rd,Near Old Town,Kolkata,West Bengal,India,463094,COMP008,PLANT08,MG08,2026-02-03,SAP
SAPADDR5728,SAP1728,Shipping,44 Ashram Rd,Near Metro Station,Kolkata,West Bengal,India,413352,COMP008,PLANT08,MG08,2026-02-27,SAP
SAPADDR5231,SAP1231,Shipping,101 FC Rd,Next to Market,Ahmedabad,Gujarat,India,357428,COMP007,PLANT07,MG07,2026-02-17,SAP
SAPADDR5077,SAP1077,Shipping,45 Marine Dr,,Jaipur,Rajasthan,India,978895,COMP005,PLANT05,MG05,2026-01-12,SAP
SAPADDR5825,SAP1825,Shipping,101 FC Rd,Above Central Bank,Chennai,Tamil Nadu,India,186068,COMP001,PLANT01,MG01,2026-02-15,SAP
SAPADDR5349,SAP1349,Billing,45 Marine Dr,Opposite Mall,Hyderabad,Telangana,India,262554,COMP005,PLANT05,MG05,2026-01-31,SAP
SAPADDR5829,SAP1829,Shipping,55 MI Rd,Next to Market,Bangalore,Karnataka,India,741948,COMP005,PLANT05,MG05,2026-03-04,SAP
SAPADDR5426,SAP1426,Billing,67 Law Garden Rd,Near Old Town,Jaipur,Rajasthan,India,952635,COMP002,PLANT02,MG02,2026-02-07,SAP
SAPADDR5237,SAP1237,Billing,45 Marine Dr,Near Old Town,Delhi,Delhi,India,528396,COMP005,PLANT05,MG05,2026-03-15,SAP
SAPADDR5058,SAP1058,Billing,56 Chandni Chowk,Near City Center,Mumbai,Maharashtra,India,756634,COMP002,PLANT02,MG02,2026-03-17,SAP
SAPADDR5544,SAP1544,Billing,101 FC Rd,Near Metro Station,Kolkata,West Bengal,India,777528,COMP008,PLANT08,MG08,2026-01-08,SAP
SAPADDR5944,SAP1944,Shipping,23 Brigade Rd,Opposite Mall,Hyderabad,Telangana,India,411569,COMP008,PLANT08,MG08,2026-01-10,SAP
SAPADDR5490,SAP1490,Shipping,67 Law Garden Rd,Above Central Bank,Pune,Maharashtra,India,708880,COMP002,PLANT02,MG02,2026-03-05,SAP
SAPADDR5535,SAP1535,Shipping,56 Chandni Chowk,Near Old Town,Kolkata,West Bengal,India,913173,COMP007,PLANT07,MG07,2026-01-26,SAP
SAPADDR5109,SAP1109,Billing,67 Law Garden Rd,Next to Market,Hyderabad,Telangana,India,379681,COMP005,PLANT05,MG05,2026-01-16,SAP
SAPADDR5507,SAP1507,Shipping,56 Chandni Chowk,,Surat,Gujarat,India,767538,COMP003,PLANT03,MG03,2026-02-02,SAP
SAPADDR5103,SAP1103,Shipping,88 Worli Sea Face,Above Central Bank,Ahmedabad,Gujarat,India,679671,COMP007,PLANT07,MG07,2026-01-01,SAP
SAPADDR5869,SAP1869,Billing,45 Marine Dr,Next to Market,Jaipur,Rajasthan,India,131382,COMP005,PLANT05,MG05,2026-01-02,SAP
SAPADDR5241,SAP1241,Billing,55 MI Rd,,Kolkata,West Bengal,India,740203,COMP001,PLANT01,MG01,2026-03-29,SAP
SAPADDR5929,SAP1929,Shipping,56 Chandni Chowk,Near Metro Station,Bangalore,Karnataka,India,643842,COMP001,PLANT01,MG01,2026-02-05,SAP
SAPADDR5030,SAP1030,Shipping,45 Marine Dr,Opposite Mall,Surat,Gujarat,India,890742,COMP006,PLANT06,MG06,2026-02-19,SAP
SAPADDR5582,SAP1582,Billing,88 Worli Sea Face,Near Metro Station,Bangalore,Karnataka,India,412880,COMP006,PLANT06,MG06,2026-01-31,SAP
SAPADDR5007,SAP1007,Billing,67 Law Garden Rd,Above Central Bank,Bangalore,Karnataka,India,188663,COMP007,PLANT07,MG07,2026-01-16,SAP
SAPADDR5534,SAP1534,Shipping,23 Brigade Rd,Near City Center,Chennai,Tamil Nadu,India,989333,COMP006,PLANT06,MG06,2026-03-02,SAP
SAPADDR5239,SAP1239,Shipping,45 Marine Dr,Opposite Mall,Pune,Maharashtra,India,313427,COMP007,PLANT07,MG07,2026-01-22,SAP
SAPADDR5196,SAP1196,Shipping,101 FC Rd,Opposite Mall,Surat,Gujarat,India,791003,COMP004,PLANT04,MG04,2026-02-05,SAP
SAPADDR5401,SAP1401,Shipping,67 Law Garden Rd,Next to Market,Pune,Maharashtra,India,354180,COMP001,PLANT01,MG01,2026-03-22,SAP
SAPADDR5434,SAP1434,Billing,56 Chandni Chowk,Opposite Mall,Jaipur,Rajasthan,India,674780,COMP002,PLANT02,MG02,2026-03-02,SAP
SAPADDR5671,SAP1671,Shipping,67 Law Garden Rd,Near Old Town,Bangalore,Karnataka,India,588255,COMP007,PLANT07,MG07,2026-02-02,SAP
SAPADDR5260,SAP1260,Billing,55 MI Rd,Next to Market,Chennai,Tamil Nadu,India,901959,COMP004,PLANT04,MG04,2026-03-30,SAP
SAPADDR5832,SAP1832,Shipping,12 MG Rd,Near City Center,Delhi,Delhi,India,746257,COMP008,PLANT08,MG08,2026-03-04,SAP
SAPADDR5213,SAP1213,Shipping,78 Connaught Pl,Near Metro Station,Ahmedabad,Gujarat,India,283597,COMP005,PLANT05,MG05,2026-01-09,SAP
SAPADDR5140,SAP1140,Shipping,12 Residency Rd,Next to Market,Delhi,Delhi,India,797095,COMP004,PLANT04,MG04,2026-02-17,SAP
SAPADDR5704,SAP1704,Billing,88 Worli Sea Face,Near Metro Station,Kolkata,West Bengal,India,671585,COMP008,PLANT08,MG08,2026-01-21,SAP
SAPADDR5463,SAP1463,Shipping,78 Connaught Pl,Near Old Town,Hyderabad,Telangana,India,937786,COMP007,PLANT07,MG07,2026-02-18,SAP
SAPADDR5091,SAP1091,Billing,77 Linking Rd,Next to Market,Kolkata,West Bengal,India,198605,COMP003,PLANT03,MG03,2026-02-05,SAP
SAPADDR5793,SAP1793,Shipping,88 Worli Sea Face,,Mumbai,Maharashtra,India,789976,COMP001,PLANT01,MG01,2026-02-18,SAP
SAPADDR5073,SAP1073,Shipping,45 Marine Dr,Near Metro Station,Hyderabad,Telangana,India,481375,COMP001,PLANT01,MG01,2026-01-30,SAP
SAPADDR5902,SAP1902,Shipping,55 MI Rd,Opposite Mall,Delhi,Delhi,India,402362,COMP006,PLANT06,MG06,2026-01-08,SAP
SAPADDR5118,SAP1118,Shipping,78 Connaught Pl,Above Central Bank,Ahmedabad,Gujarat,India,127499,COMP006,PLANT06,MG06,2026-01-17,SAP
SAPADDR5277,SAP1277,Shipping,56 Chandni Chowk,Opposite Mall,Delhi,Delhi,India,786497,COMP005,PLANT05,MG05,2026-02-17,SAP
SAPADDR5632,SAP1632,Shipping,44 Ashram Rd,Opposite Mall,Surat,Gujarat,India,341267,COMP008,PLANT08,MG08,2026-02-06,SAP
SAPADDR5439,SAP1439,Billing,55 MI Rd,Near Old Town,Hyderabad,Telangana,India,261440,COMP007,PLANT07,MG07,2026-01-05,SAP
SAPADDR5149,SAP1149,Billing,67 Law Garden Rd,Opposite Mall,Pune,Maharashtra,India,882638,COMP005,PLANT05,MG05,2026-03-27,SAP
SAPADDR5894,SAP1894,Shipping,90 Karol Bagh Market,Next to Market,Delhi,Delhi,India,925205,COMP006,PLANT06,MG06,2026-02-21,SAP
SAPADDR5273,SAP1273,Shipping,67 Law Garden Rd,Near City Center,Surat,Gujarat,India,839960,COMP001,PLANT01,MG01,2026-02-03,SAP
SAPADDR5830,SAP1830,Shipping,88 Worli Sea Face,Opposite Mall,Kolkata,West Bengal,India,151306,COMP006,PLANT06,MG06,2026-01-07,SAP
SAPADDR5843,SAP1843,Shipping,45 Marine Dr,Near Old Town,Kolkata,West Bengal,India,995694,COMP003,PLANT03,MG03,2026-02-28,SAP
SAPADDR5461,SAP1461,Shipping,12 Residency Rd,Near Old Town,Delhi,Delhi,India,367179,COMP005,PLANT05,MG05,2026-03-09,SAP
SAPADDR5606,SAP1606,Billing,88 Worli Sea Face,,Bangalore,Karnataka,India,375457,COMP006,PLANT06,MG06,2026-03-03,SAP
SAPADDR5080,SAP1080,Shipping,34 JM Road,Opposite Mall,Surat,Gujarat,India,974492,COMP008,PLANT08,MG08,2026-02-02,SAP
SAPADDR5595,SAP1595,Shipping,34 JM Road,Above Central Bank,Kolkata,West Bengal,India,865368,COMP003,PLANT03,MG03,2026-03-16,SAP
SAPADDR5144,SAP1144,Billing,78 Connaught Pl,Near Metro Station,Jaipur,Rajasthan,India,898359,COMP008,PLANT08,MG08,2026-03-21,SAP
SAPADDR5799,SAP1799,Shipping,45 Marine Dr,,Delhi,Delhi,India,896488,COMP007,PLANT07,MG07,2026-03-27,SAP
SAPADDR5110,SAP1110,Billing,23 Brigade Rd,Next to Market,Jaipur,Rajasthan,India,395192,COMP006,PLANT06,MG06,2026-03-26,SAP
SAPADDR5126,SAP1126,Billing,56 Chandni Chowk,Opposite Mall,Ahmedabad,Gujarat,India,926071,COMP006,PLANT06,MG06,2026-01-13,SAP
SAPADDR5066,SAP1066,Billing,88 Worli Sea Face,Near Metro Station,Chennai,Tamil Nadu,India,766415,COMP002,PLANT02,MG02,2026-03-27,SAP
SAPADDR5912,SAP1912,Shipping,78 Connaught Pl,Near Metro Station,Ahmedabad,Gujarat,India,494093,COMP008,PLANT08,MG08,2026-02-23,SAP
SAPADDR5611,SAP1611,Shipping,55 MI Rd,Near Metro Station,Hyderabad,Telangana,India,191383,COMP003,PLANT03,MG03,2026-02-27,SAP
SAPADDR5076,SAP1076,Shipping,88 Worli Sea Face,,Pune,Maharashtra,India,174807,COMP004,PLANT04,MG04,2026-01-17,SAP
SAPADDR5824,SAP1824,Shipping,77 Linking Rd,Near City Center,Delhi,Delhi,India,140675,COMP008,PLANT08,MG08,2026-03-12,SAP
SAPADDR5703,SAP1703,Shipping,12 MG Rd,Near Metro Station,Bangalore,Karnataka,India,149172,COMP007,PLANT07,MG07,2026-03-01,SAP
SAPADDR5550,SAP1550,Shipping,101 FC Rd,Near Old Town,Pune,Maharashtra,India,979306,COMP006,PLANT06,MG06,2026-01-24,SAP
SAPADDR5552,SAP1552,Billing,12 MG Rd,Opposite Mall,Ahmedabad,Gujarat,India,583135,COMP008,PLANT08,MG08,2026-03-12,SAP
SAPADDR5809,SAP1809,Shipping,67 Law Garden Rd,Next to Market,Delhi,Delhi,India,863945,COMP001,PLANT01,MG01,2026-03-03,SAP
SAPADDR5398,SAP1398,Billing,67 Law Garden Rd,Near Old Town,Hyderabad,Telangana,India,904026,COMP006,PLANT06,MG06,2026-02-18,SAP
SAPADDR5374,SAP1374,Billing,56 Chandni Chowk,,Kolkata,West Bengal,India,223738,COMP006,PLANT06,MG06,2026-03-27,SAP
SAPADDR5601,SAP1601,Shipping,78 Connaught Pl,Near Old Town,Pune,Maharashtra,India,224955,COMP001,PLANT01,MG01,2026-01-01,SAP
SAPADDR5263,SAP1263,Billing,90 Karol Bagh Market,Near City Center,Mumbai,Maharashtra,India,910583,COMP007,PLANT07,MG07,2026-03-23,SAP
SAPADDR5172,SAP1172,Billing,12 MG Rd,Above Central Bank,Chennai,Tamil Nadu,India,856401,COMP004,PLANT04,MG04,2026-02-13,SAP
SAPADDR5093,SAP1093,Billing,56 Chandni Chowk,Near City Center,Kolkata,West Bengal,India,554245,COMP005,PLANT05,MG05,2026-03-06,SAP
SAPADDR5819,SAP1819,Billing,44 Ashram Rd,Near City Center,Ahmedabad,Gujarat,India,721405,COMP003,PLANT03,MG03,2026-02-12,SAP
SAPADDR5279,SAP1279,Billing,56 Chandni Chowk,Above Central Bank,Surat,Gujarat,India,719754,COMP007,PLANT07,MG07,2026-01-19,SAP
SAPADDR5411,SAP1411,Billing,78 Connaught Pl,Opposite Mall,Ahmedabad,Gujarat,India,360104,COMP003,PLANT03,MG03,2026-03-13,SAP
SAPADDR5625,SAP1625,Shipping,23 Brigade Rd,,Ahmedabad,Gujarat,India,583518,COMP001,PLANT01,MG01,2026-02-27,SAP
SAPADDR5926,SAP1926,Billing,78 Connaught Pl,Opposite Mall,Hyderabad,Telangana,India,416447,COMP006,PLANT06,MG06,2026-03-16,SAP
SAPADDR5600,SAP1600,Shipping,67 Law Garden Rd,Next to Market,Pune,Maharashtra,India,589159,COMP008,PLANT08,MG08,2026-02-16,SAP
SAPADDR5834,SAP1834,Shipping,23 Brigade Rd,Near City Center,Delhi,Delhi,India,794029,COMP002,PLANT02,MG02,2026-03-13,SAP
SAPADDR5594,SAP1594,Shipping,34 JM Road,Opposite Mall,Pune,Maharashtra,India,748157,COMP002,PLANT02,MG02,2026-03-05,SAP
SAPADDR5039,SAP1039,Shipping,55 MI Rd,Next to Market,Jaipur,Rajasthan,India,181724,COMP007,PLANT07,MG07,2026-02-28,SAP
SAPADDR5099,SAP1099,Shipping,12 Residency Rd,Near Metro Station,Delhi,Delhi,India,975185,COMP003,PLANT03,MG03,2026-01-28,SAP
SAPADDR5492,SAP1492,Billing,67 Law Garden Rd,,Delhi,Delhi,India,688693,COMP004,PLANT04,MG04,2026-03-19,SAP
SAPADDR5214,SAP1214,Billing,55 MI Rd,Above Central Bank,Hyderabad,Telangana,India,808522,COMP006,PLANT06,MG06,2026-01-02,SAP
SAPADDR5447,SAP1447,Shipping,12 MG Rd,,Surat,Gujarat,India,742482,COMP007,PLANT07,MG07,2026-03-26,SAP
SAPADDR5586,SAP1586,Shipping,34 JM Road,Above Central Bank,Hyderabad,Telangana,India,990714,COMP002,PLANT02,MG02,2026-01-20,SAP
SAPADDR5415,SAP1415,Shipping,55 MI Rd,Opposite Mall,Chennai,Tamil Nadu,India,438487,COMP007,PLANT07,MG07,2026-01-22,SAP
SAPADDR5307,SAP1307,Billing,12 Residency Rd,Opposite Mall,Delhi,Delhi,India,818420,COMP003,PLANT03,MG03,2026-03-06,SAP
SAPADDR5166,SAP1166,Shipping,55 MI Rd,,Jaipur,Rajasthan,India,231351,COMP006,PLANT06,MG06,2026-02-19,SAP
SAPADDR5258,SAP1258,Shipping,12 MG Rd,Near Metro Station,Mumbai,Maharashtra,India,942326,COMP002,PLANT02,MG02,2026-03-20,SAP
SAPADDR5713,SAP1713,Shipping,12 MG Rd,Near City Center,Bangalore,Karnataka,India,665920,COMP001,PLANT01,MG01,2026-02-03,SAP
SAPADDR5112,SAP1112,Billing,90 Karol Bagh Market,,Mumbai,Maharashtra,India,150578,COMP008,PLANT08,MG08,2026-01-24,SAP
SAPADDR5805,SAP1805,Billing,44 Ashram Rd,Next to Market,Kolkata,West Bengal,India,169690,COMP005,PLANT05,MG05,2026-01-02,SAP
SAPADDR5672,SAP1672,Billing,45 Marine Dr,Near Old Town,Chennai,Tamil Nadu,India,872334,COMP008,PLANT08,MG08,2026-03-15,SAP
SAPADDR5692,SAP1692,Shipping,34 JM Road,,Kolkata,West Bengal,India,322216,COMP004,PLANT04,MG04,2026-01-12,SAP
SAPADDR5362,SAP1362,Shipping,78 Connaught Pl,Opposite Mall,Chennai,Tamil Nadu,India,531813,COMP002,PLANT02,MG02,2026-03-02,SAP
SAPADDR5265,SAP1265,Shipping,78 Connaught Pl,Next to Market,Pune,Maharashtra,India,328181,COMP001,PLANT01,MG01,2026-02-22,SAP
SAPADDR5055,SAP1055,Billing,67 Law Garden Rd,Above Central Bank,Pune,Maharashtra,India,759450,COMP007,PLANT07,MG07,2026-02-22,SAP
SAPADDR5224,SAP1224,Shipping,55 MI Rd,Next to Market,Chennai,Tamil Nadu,India,465193,COMP008,PLANT08,MG08,2026-02-16,SAP
SAPADDR5879,SAP1879,Shipping,78 Connaught Pl,,Chennai,Tamil Nadu,India,422945,COMP007,PLANT07,MG07,2026-01-28,SAP
SAPADDR5883,SAP1883,Shipping,44 Ashram Rd,Above Central Bank,Ahmedabad,Gujarat,India,855504,COMP003,PLANT03,MG03,2026-02-24,SAP
SAPADDR5154,SAP1154,Billing,45 Marine Dr,,Pune,Maharashtra,India,178549,COMP002,PLANT02,MG02,2026-03-20,SAP
SAPADDR5368,SAP1368,Shipping,90 Karol Bagh Market,Near City Center,Jaipur,Rajasthan,India,266981,COMP008,PLANT08,MG08,2026-03-03,SAP
SAPADDR5905,SAP1905,Billing,101 FC Rd,Near Metro Station,Surat,Gujarat,India,861950,COMP001,PLANT01,MG01,2026-01-29,SAP
SAPADDR5664,SAP1664,Billing,77 Linking Rd,Near Metro Station,Bangalore,Karnataka,India,748858,COMP008,PLANT08,MG08,2026-03-18,SAP
SAPADDR5425,SAP1425,Billing,55 MI Rd,Near Metro Station,Jaipur,Rajasthan,India,439976,COMP001,PLANT01,MG01,2026-01-03,SAP
SAPADDR5747,SAP1747,Billing,55 MI Rd,Near Old Town,Chennai,Tamil Nadu,India,379803,COMP003,PLANT03,MG03,2026-03-05,SAP
SAPADDR5346,SAP1346,Shipping,45 Marine Dr,Next to Market,Jaipur,Rajasthan,India,167049,COMP002,PLANT02,MG02,2026-03-25,SAP
SAPADDR5639,SAP1639,Shipping,101 FC Rd,Opposite Mall,Pune,Maharashtra,India,689487,COMP007,PLANT07,MG07,2026-01-31,SAP
SAPADDR5570,SAP1570,Shipping,23 Brigade Rd,Opposite Mall,Kolkata,West Bengal,India,475011,COMP002,PLANT02,MG02,2026-02-25,SAP
SAPADDR5371,SAP1371,Billing,55 MI Rd,,Kolkata,West Bengal,India,794658,COMP003,PLANT03,MG03,2026-03-08,SAP
SAPADDR5104,SAP1104,Shipping,101 FC Rd,Above Central Bank,Surat,Gujarat,India,923643,COMP008,PLANT08,MG08,2026-02-02,SAP
SAPADDR5345,SAP1345,Billing,45 Marine Dr,Near Metro Station,Delhi,Delhi,India,372974,COMP001,PLANT01,MG01,2026-03-06,SAP
SAPADDR5452,SAP1452,Shipping,34 JM Road,Near Metro Station,Bangalore,Karnataka,India,116371,COMP004,PLANT04,MG04,2026-02-23,SAP
SAPADDR5169,SAP1169,Billing,101 FC Rd,,Delhi,Delhi,India,603391,COMP001,PLANT01,MG01,2026-03-02,SAP
SAPADDR5145,SAP1145,Billing,56 Chandni Chowk,Above Central Bank,Kolkata,West Bengal,India,452330,COMP001,PLANT01,MG01,2026-03-07,SAP
SAPADDR5814,SAP1814,Billing,101 FC Rd,Near Old Town,Kolkata,West Bengal,India,237779,COMP006,PLANT06,MG06,2026-01-22,SAP
SAPADDR5615,SAP1615,Billing,88 Worli Sea Face,Near City Center,Surat,Gujarat,India,500482,COMP007,PLANT07,MG07,2026-01-31,SAP
SAPADDR5022,SAP1022,Billing,56 Chandni Chowk,Next to Market,Surat,Gujarat,India,874276,COMP006,PLANT06,MG06,2026-02-28,SAP
SAPADDR5745,SAP1745,Shipping,101 FC Rd,Opposite Mall,Jaipur,Rajasthan,India,461215,COMP001,PLANT01,MG01,2026-03-13,SAP
SAPADDR5762,SAP1762,Shipping,55 MI Rd,Opposite Mall,Mumbai,Maharashtra,India,927535,COMP002,PLANT02,MG02,2026-02-27,SAP
SAPADDR5130,SAP1130,Billing,77 Linking Rd,Near Old Town,Delhi,Delhi,India,829191,COMP002,PLANT02,MG02,2026-02-14,SAP
SAPADDR5652,SAP1652,Shipping,45 Marine Dr,Opposite Mall,Mumbai,Maharashtra,India,763617,COMP004,PLANT04,MG04,2026-01-21,SAP
SAPADDR5389,SAP1389,Billing,56 Chandni Chowk,Near Metro Station,Hyderabad,Telangana,India,231850,COMP005,PLANT05,MG05,2026-02-20,SAP
SAPADDR5017,SAP1017,Billing,90 Karol Bagh Market,Near Metro Station,Delhi,Delhi,India,586172,COMP001,PLANT01,MG01,2026-03-11,SAP
SAPADDR5888,SAP1888,Shipping,12 MG Rd,Opposite Mall,Hyderabad,Telangana,India,867681,COMP008,PLANT08,MG08,2026-01-27,SAP
SAPADDR5558,SAP1558,Shipping,90 Karol Bagh Market,,Chennai,Tamil Nadu,India,215236,COMP006,PLANT06,MG06,2026-02-23,SAP
SAPADDR5798,SAP1798,Billing,56 Chandni Chowk,Opposite Mall,Jaipur,Rajasthan,India,607565,COMP006,PLANT06,MG06,2026-02-21,SAP
