customer_id,first_name,last_name,email,phone,date_of_birth,company_code,plant_id,material_group,created_ts,source_system,national_id,address_line1,address_line2,city,state,country,postal_code
SAP1063,Harish,Bajaj,harish.bajaj90@sap.com,9367668829,1998-01-27,COMP03,PLANT03,MG03,2026-03-25,SAP,NAT4063,101 FC Rd,Near Old Town,Surat,Gujarat,India,714416
SAP1672,Ravi,Pandey,ravi.pandey68@sap.com,9466852596,1988-02-11,COMP12,PLANT12,MG12,2026-01-05,SAP,NAT4672,67 Law Garden Rd,Near Old Town,Kolkata,West Bengal,India,301843
SAP1571,Rajiv,Reddy,rajiv.reddy50@sap.com,9208080069,1972-07-23,COMP31,PLANT31,MG31,2026-02-06,SAP,NAT4571,23 Brigade Rd,Above Central Bank,Chennai,Tamil Nadu,India,890151
SAP1205,Manish,Rao,manish.rao57@sap.com,9100960134,1999-04-24,COMP25,PLANT25,MG25,2026-03-18,SAP,NAT4205,12 Residency Rd,Opposite Mall,Delhi,Delhi,India,303636
SAP1584,Vikas,Banerjee,vikas.banerjee39@sap.com,9867033545,1986-10-16,COMP44,PLANT44,MG44,2026-02-11,SAP,NAT4584,55 MI Rd,Near Old Town,Delhi,Delhi,India,640601
SAP1867,Arvind,Banerjee,arvind.banerjee86@sap.com,9901374474,1980-07-05,COMP27,PLANT27,MG27,2026-02-18,SAP,NAT4867,67 Law Garden Rd,Next to Market,Delhi,Delhi,India,883882
SAP1046,Sanjay,Chopra,sanjay.chopra36@sap.com,9545929922,1993-02-21,COMP46,PLANT46,MG46,2026-03-15,SAP,NAT4046,44 Ashram Rd,Next to Market,Pune,Maharashtra,India,204982
SAP1260,Sanjay,Kapoor,sanjay.kapoor60@sap.com,9916477152,1981-04-10,COMP20,PLANT20,MG20,2026-03-05,SAP,NAT4260,55 MI Rd,Next to Market,Pune,Maharashtra,India,391148
SAP1856,Ramesh,Tiwari,ramesh.tiwari91@sap.com,9874307018,1988-02-10,COMP16,PLANT16,MG16,2026-03-14,SAP,NAT4856,77 Linking Rd,Next to Market,Delhi,Delhi,India,346602
SAP1734,Meera,Sharma,meera.sharma75@sap.com,9165219925,1995-12-27,COMP14,PLANT14,MG14,2026-03-08,SAP,NAT4734,88 Worli Sea Face,Opposite Mall,Surat,Gujarat,India,807722
SAP1752,Pooja,Mehta,pooja.mehta79@sap.com,9995413199,1997-07-19,COMP32,PLANT32,MG32,2026-03-13,SAP,NAT4752,90 Karol Bagh Market,Near Metro Station,Delhi,Delhi,India,911161
SAP1171,Sneha,Sharma,sneha.sharma41@sap.com,9549206268,2000-01-27,COMP51,PLANT51,MG51,2026-01-10,SAP,NAT4171,101 FC Rd,Near Metro Station,Surat,Gujarat,India,508794
SAP1935,Pooja,Kumar,pooja.kumar35@sap.com,9114502055,1970-01-20,COMP35,PLANT35,MG35,2026-03-30,SAP,NAT4935,44 Ashram Rd,Next to Market,Mumbai,Maharashtra,India,655980
SAP1224,Meena,Kumar,meena.kumar65@sap.com,9755723357,1974-03-17,COMP44,PLANT44,MG44,2026-01-19,SAP,NAT4224,44 Ashram Rd,Near City Center,Ahmedabad,Gujarat,India,475971
SAP1748,Arjun,Guptha,arjun.guptha80@sap.com,9144637077,1985-11-15,COMP28,PLANT28,MG28,2026-03-10,SAP,NAT4748,78 Connaught Pl,Near Metro Station,Delhi,Delhi,India,520761
SAP1930,Vinod,Yadav,vinod.yadav42@sap.com,9679100373,1993-07-15,COMP30,PLANT30,MG30,2026-01-06,SAP,NAT4930,77 Linking Rd,Above Central Bank,Kolkata,West Bengal,India,294606
SAP1179,Arjun,Malhotra,arjun.malhotra41@sap.com,9971894622,2000-11-24,COMP59,PLANT59,MG59,2026-03-18,SAP,NAT4179,12 MG Rd,Near Metro Station,Pune,Maharashtra,India,830567
SAP1024,Sneha,Reddy,sneha.reddy91@sap.com,9065822086,1976-05-09,COMP24,PLANT24,MG24,2026-02-09,SAP,NAT4024,23 Brigade Rd,Above Central Bank,Hyderabad,Telangana,India,141374
SAP1168,Ravi,Srivastava,ravi.srivastava38@sap.com,9713211587,1976-09-03,COMP48,PLANT48,MG48,2026-01-21,SAP,NAT4168,23 Brigade Rd,Above Central Bank,Ahmedabad,Gujarat,India,474688
SAP1298,Rajiv,Mishra,rajiv.mishra9@sap.com,9174855767,1993-10-09,COMP58,PLANT58,MG58,2026-03-09,SAP,NAT4298,77 Linking Rd,Near City Center,Ahmedabad,Gujarat,India,298575
SAP1518,Anjali,Shah,anjali.shah60@sap.com,9074889250,1973-07-24,COMP38,PLANT38,MG38,2026-03-15,SAP,NAT4518,67 Law Garden Rd,,Bangalore,Karnataka,India,573283
SAP1134,Anita,Singh,anita.singh30@sap.com,9044157487,1999-12-19,COMP14,PLANT14,MG14,2026-01-06,SAP,NAT4134,90 Karol Bagh Market,Above Central Bank,Hyderabad,Telangana,India,442060
SAP1150,Sneha,Agarwal,sneha.agarwal59@sap.com,9072158418,1991-06-06,COMP30,PLANT30,MG30,2026-03-05,SAP,NAT4150,101 FC Rd,Near Metro Station,Pune,Maharashtra,India,159338
SAP1692,Deepak,Nair,deepak.nair9@sap.com,9775139474,1976-02-02,COMP32,PLANT32,MG32,2026-03-11,SAP,NAT4692,44 Ashram Rd,Above Central Bank,Pune,Maharashtra,India,467195
SAP1379,Vinay,Banerjee,vinay.banerjee96@sap.com,9862930024,1984-03-19,COMP19,PLANT19,MG19,2026-03-02,SAP,NAT4379,55 MI Rd,,Delhi,Delhi,India,268201
SAP1638,Pooja,Srivastava,pooja.srivastava65@sap.com,9634775809,1997-03-20,COMP38,PLANT38,MG38,2026-03-03,SAP,NAT4638,34 JM Road,Opposite Mall,Chennai,Tamil Nadu,India,551663
SAP1396,Vinod,Verma,vinod.verma22@sap.com,9535927194,1972-11-13,COMP36,PLANT36,MG36,2026-03-13,SAP,NAT4396,67 Law Garden Rd,Near Metro Station,Kolkata,West Bengal,India,166369
SAP1891,Neha,Sharma,neha.sharma14@sap.com,9097053803,1981-10-16,COMP51,PLANT51,MG51,2026-02-08,SAP,NAT4891,90 Karol Bagh Market,Next to Market,Pune,Maharashtra,India,682647
SAP1538,Ravi,Joshi,ravi.joshi23@sap.com,9599392182,1979-01-13,COMP58,PLANT58,MG58,2026-01-14,SAP,NAT4538,77 Linking Rd,Above Central Bank,Chennai,Tamil Nadu,India,315466
SAP1123,Prakash,Verma,prakash.verma68@sap.com,9929914369,2000-10-20,COMP03,PLANT03,MG03,2026-03-12,SAP,NAT4123,23 Brigade Rd,,Jaipur,Rajasthan,India,499803
SAP1162,Rohit,Pandey,rohit.pandey38@sap.com,9524960683,1982-11-14,COMP42,PLANT42,MG42,2026-01-29,SAP,NAT4162,90 Karol Bagh Market,,Bangalore,Karnataka,India,476801
SAP1514,Rajiv,Dubey,rajiv.dubey33@sap.com,9326081291,1994-06-21,COMP34,PLANT34,MG34,2026-01-27,SAP,NAT4514,12 MG Rd,Next to Market,Jaipur,Rajasthan,India,163629
SAP1820,Vinod,Dubey,vinod.dubey77@sap.com,9380795241,1986-03-22,COMP40,PLANT40,MG40,2026-01-31,SAP,NAT4820,78 Connaught Pl,Near Old Town,Hyderabad,Telangana,India,412392
SAP1257,Rahul,Pandey,rahul.pandey87@sap.com,9449501370,1992-02-10,COMP17,PLANT17,MG17,2026-01-23,SAP,NAT4257,55 MI Rd,Opposite Mall,Bangalore,Karnataka,India,677183
SAP1711,Sanjay,Joshi,sanjay.joshi57@sap.com,9413534349,1992-10-14,COMP51,PLANT51,MG51,2026-01-13,SAP,NAT4711,56 Chandni Chowk,Near City Center,Jaipur,Rajasthan,India,139857
SAP1072,Kavita,Banerjee,kavita.banerjee9@sap.com,9015601032,1972-04-26,COMP12,PLANT12,MG12,2026-03-07,SAP,NAT4072,23 Brigade Rd,,Pune,Maharashtra,India,687690
SAP1096,Sneha,Bajaj,sneha.bajaj36@sap.com,9942749584,1983-10-11,COMP36,PLANT36,MG36,2026-03-12,SAP,NAT4096,34 JM Road,Opposite Mall,Surat,Gujarat,India,617356
SAP1436,Rekha,Kaur,rekha.kaur82@sap.com,9010169965,1990-12-25,COMP16,PLANT16,MG16,2026-01-21,SAP,NAT4436,45 Marine Dr,Next to Market,Jaipur,Rajasthan,India,369155
SAP1135,Suresh,Iyer,suresh.iyer49@sap.com,9203380685,1995-02-09,COMP15,PLANT15,MG15,2026-02-12,SAP,NAT4135,55 MI Rd,Above Central Bank,Pune,Maharashtra,India,532796
SAP1222,Meera,Menon,meera.menon71@sap.com,9955372327,1970-11-26,COMP42,PLANT42,MG42,2026-02-12,SAP,NAT4222,45 Marine Dr,,Mumbai,Maharashtra,India,895474
SAP1261,Rahul,Joshi,rahul.joshi20@sap.com,9207266055,2000-01-12,COMP21,PLANT21,MG21,2026-02-15,SAP,NAT4261,34 JM Road,Opposite Mall,Bangalore,Karnataka,India,827914
SAP1929,Priya,Singh,priya.singh60@sap.com,9279985975,1985-01-22,COMP29,PLANT29,MG29,2026-02-10,SAP,NAT4929,55 MI Rd,,Delhi,Delhi,India,803185
SAP1355,Divya,Malhotra,divya.malhotra6@sap.com,9800250486,1992-08-04,COMP55,PLANT55,MG55,2026-03-31,SAP,NAT4355,12 MG Rd,Opposite Mall,Jaipur,Rajasthan,India,835109
SAP1835,Vinod,Desai,vinod.desai67@sap.com,9229643813,1974-03-21,COMP55,PLANT55,MG55,2026-03-16,SAP,NAT4835,23 Brigade Rd,Near Metro Station,Kolkata,West Bengal,India,895313
SAP1824,Rahul,Verma,rahul.verma29@sap.com,9197494277,1997-12-01,COMP44,PLANT44,MG44,2026-03-14,SAP,NAT4824,56 Chandni Chowk,Above Central Bank,Mumbai,Maharashtra,India,950240
SAP1688,Shalini,Nair,shalini.nair13@sap.com,9453778167,1974-01-05,COMP28,PLANT28,MG28,2026-02-25,SAP,NAT4688,23 Brigade Rd,Near City Center,Kolkata,West Bengal,India,840445
SAP1909,Meera,Singh,meera.singh98@sap.com,9194012921,1981-02-14,COMP09,PLANT09,MG09,2026-01-16,SAP,NAT4909,78 Connaught Pl,Near Old Town,Ahmedabad,Gujarat,India,710272
SAP1234,Ravi,Mishra,ravi.mishra32@sap.com,9873268639,1973-02-02,COMP54,PLANT54,MG54,2026-03-10,SAP,NAT4234,67 Law Garden Rd,,Kolkata,West Bengal,India,273892
SAP1859,Seema,Rao,seema.rao42@sap.com,9406330970,1977-10-25,COMP19,PLANT19,MG19,2026-01-26,SAP,NAT4859,88 Worli Sea Face,Above Central Bank,Surat,Gujarat,India,960781
SAP1445,Amit,Agarwal,amit.agarwal23@sap.com,9438308585,1986-09-17,COMP25,PLANT25,MG25,2026-01-30,SAP,NAT4445,101 FC Rd,Opposite Mall,Surat,Gujarat,India,836759
SAP1539,Rekha,Patil,rekha.patil27@sap.com,9617363698,1997-07-16,COMP59,PLANT59,MG59,2026-02-26,SAP,NAT4539,44 Ashram Rd,Above Central Bank,Kolkata,West Bengal,India,960178
SAP1198,Alok,Rao,alok.rao11@sap.com,9724717687,1987-05-08,COMP18,PLANT18,MG18,2026-03-19,SAP,NAT4198,12 MG Rd,Above Central Bank,Kolkata,West Bengal,India,752196
SAP1950,Sanjay,Kapoor,sanjay.kapoor36@sap.com,9504574906,1993-03-22,COMP50,PLANT50,MG50,2026-03-15,SAP,NAT4950,12 Residency Rd,Near Old Town,Bangalore,Karnataka,India,271124
SAP1360,Harish,Joshi,harish.joshi69@sap.com,9729626233,1975-05-12,COMP60,PLANT60,MG60,2026-01-25,SAP,NAT4360,67 Law Garden Rd,Near City Center,Mumbai,Maharashtra,India,643738
SAP1109,Kavita,Menon,kavita.menon56@sap.com,9024416981,1985-07-05,COMP49,PLANT49,MG49,2026-02-19,SAP,NAT4109,44 Ashram Rd,,Mumbai,Maharashtra,India,547444
SAP1505,Sneha,Kaur,sneha.kaur57@sap.com,9933138324,1984-04-04,COMP25,PLANT25,MG25,2026-03-09,SAP,NAT4505,12 MG Rd,Near City Center,Kolkata,West Bengal,India,670285
SAP1735,Harish,Iyer,harish.iyer64@sap.com,9430721298,1980-11-16,COMP15,PLANT15,MG15,2026-02-17,SAP,NAT4735,23 Brigade Rd,Near Metro Station,Kolkata,West Bengal,India,370334
SAP1001,Alok,Pandey,alok.pandey35@sap.com,9538890854,1984-06-22,COMP01,PLANT01,MG01,2026-01-06,SAP,NAT4001,12 Residency Rd,Above Central Bank,Pune,Maharashtra,India,287534
SAP1928,Sachin,Reddy,sachin.reddy30@sap.com,9026168907,2000-04-23,COMP28,PLANT28,MG28,2026-03-30,SAP,NAT4928,45 Marine Dr,,Kolkata,West Bengal,India,210865
SAP1470,Sachin,Dubey,sachin.dubey58@sap.com,9450582942,1989-09-15,COMP50,PLANT50,MG50,2026-02-10,SAP,NAT4470,45 Marine Dr,Above Central Bank,Chennai,Tamil Nadu,India,810271
SAP1617,Harish,Patel,harish.patel29@sap.com,9881809023,1982-07-11,COMP17,PLANT17,MG17,2026-01-14,SAP,NAT4617,45 Marine Dr,Near Metro Station,Jaipur,Rajasthan,India,796949
SAP1151,Shreya,Yadav,shreya.yadav18@sap.com,9934945649,1996-08-15,COMP31,PLANT31,MG31,2026-01-19,SAP,NAT4151,34 JM Road,Next to Market,Chennai,Tamil Nadu,India,192108
SAP1559,Jane,Reddy,jane.reddy25@sap.com,9787792890,1988-12-16,COMP19,PLANT19,MG19,2026-01-17,SAP,NAT4559,12 MG Rd,Near City Center,Bangalore,Karnataka,India,215638
SAP1332,Karan,Sharma,karan.sharma10@sap.com,9529290626,1994-04-06,COMP32,PLANT32,MG32,2026-01-25,SAP,NAT4332,55 MI Rd,Above Central Bank,Jaipur,Rajasthan,India,265653
SAP1722,Arjun,Kumar,arjun.kumar96@sap.com,9716047456,1988-02-21,COMP02,PLANT02,MG02,2026-01-08,SAP,NAT4722,90 Karol Bagh Market,Near Old Town,Jaipur,Rajasthan,India,122565
SAP1267,Rahul,Kapoor,rahul.kapoor43@sap.com,9092174591,1979-04-23,COMP27,PLANT27,MG27,2026-01-09,SAP,NAT4267,77 Linking Rd,Opposite Mall,Surat,Gujarat,India,831862
SAP1246,Rajiv,Singh,rajiv.singh54@sap.com,9364454480,1989-03-14,COMP06,PLANT06,MG06,2026-02-21,SAP,NAT4246,44 Ashram Rd,,Delhi,Delhi,India,972831
SAP1775,Kavita,Pandey,kavita.pandey68@sap.com,9527656456,1980-05-22,COMP55,PLANT55,MG55,2026-01-03,SAP,NAT4775,34 JM Road,Next to Market,Mumbai,Maharashtra,India,889478
SAP1619,Ajay,Rao,ajay.rao18@sap.com,9732544185,1985-04-25,COMP19,PLANT19,MG19,2026-03-11,SAP,NAT4619,45 Marine Dr,Near City Center,Ahmedabad,Gujarat,India,999224
SAP1449,Lakshmi,Joshi,lakshmi.joshi21@sap.com,9555591575,1982-10-04,COMP29,PLANT29,MG29,2026-01-16,SAP,NAT4449,12 Residency Rd,Opposite Mall,Chennai,Tamil Nadu,India,104556
SAP1243,Sunil,Chopra,sunil.chopra97@sap.com,9229852285,1988-10-15,COMP03,PLANT03,MG03,2026-02-14,SAP,NAT4243,55 MI Rd,Next to Market,Chennai,Tamil Nadu,India,673117
SAP1679,Sunita,Patil,sunita.patil51@sap.com,9481653778,1996-09-08,COMP19,PLANT19,MG19,2026-03-01,SAP,NAT4679,67 Law Garden Rd,Near Old Town,Bangalore,Karnataka,India,146256
SAP1272,Arvind,Menon,arvind.menon61@sap.com,9794576151,1970-05-20,COMP32,PLANT32,MG32,2026-01-27,SAP,NAT4272,34 JM Road,Above Central Bank,Delhi,Delhi,India,699368
SAP1010,Vinay,Guptha,vinay.guptha56@sap.com,9179617555,1982-05-09,COMP10,PLANT10,MG10,2026-01-29,SAP,NAT4010,101 FC Rd,Near Old Town,Pune,Maharashtra,India,235623
SAP1095,Suresh,Srivastava,suresh.srivastava65@sap.com,9884769755,1974-09-23,COMP35,PLANT35,MG35,2026-02-08,SAP,NAT4095,45 Marine Dr,Near City Center,Bangalore,Karnataka,India,763631
SAP1431,Suresh,Tiwari,suresh.tiwari51@sap.com,9794844177,1985-06-18,COMP11,PLANT11,MG11,2026-02-04,SAP,NAT4431,90 Karol Bagh Market,Near Metro Station,Ahmedabad,Gujarat,India,229461
SAP1710,Manish,Reddy,manish.reddy72@sap.com,9873137980,1987-02-19,COMP50,PLANT50,MG50,2026-02-15,SAP,NAT4710,44 Ashram Rd,Near Old Town,Mumbai,Maharashtra,India,594282
SAP1827,Sneha,Pandey,sneha.pandey86@sap.com,9583862633,1989-01-12,COMP47,PLANT47,MG47,2026-03-24,SAP,NAT4827,78 Connaught Pl,,Surat,Gujarat,India,454351
SAP1341,Amit,Menon,amit.menon28@sap.com,9273624115,1974-12-06,COMP41,PLANT41,MG41,2026-03-25,SAP,NAT4341,78 Connaught Pl,Opposite Mall,Bangalore,Karnataka,India,504719
SAP1911,Vinod,Chopra,vinod.chopra33@sap.com,9207288675,1985-01-06,COMP11,PLANT11,MG11,2026-02-06,SAP,NAT4911,67 Law Garden Rd,,Pune,Maharashtra,India,146860
SAP1728,Amit,Tiwari,amit.tiwari80@sap.com,9996845396,1985-03-20,COMP08,PLANT08,MG08,2026-01-05,SAP,NAT4728,12 Residency Rd,Next to Market,Chennai,Tamil Nadu,India,383456
SAP1443,Sunita,Patil,sunita.patil8@sap.com,9373932622,1982-04-17,COMP23,PLANT23,MG23,2026-01-03,SAP,NAT4443,55 MI Rd,,Surat,Gujarat,India,118731
SAP1055,Suresh,Guptha,suresh.guptha47@sap.com,9321500158,1973-01-19,COMP55,PLANT55,MG55,2026-02-10,SAP,NAT4055,67 Law Garden Rd,Near City Center,Hyderabad,Telangana,India,573599
SAP1207,Ramesh,Reddy,ramesh.reddy78@sap.com,9060399512,1988-07-25,COMP27,PLANT27,MG27,2026-03-22,SAP,NAT4207,90 Karol Bagh Market,Opposite Mall,Surat,Gujarat,India,701235
SAP1139,Rajiv,Srivastava,rajiv.srivastava17@sap.com,9132792010,1992-09-06,COMP19,PLANT19,MG19,2026-01-27,SAP,NAT4139,88 Worli Sea Face,Opposite Mall,Chennai,Tamil Nadu,India,652639
SAP1949,Lakshmi,Dubey,lakshmi.dubey90@sap.com,9099653459,1995-01-23,COMP49,PLANT49,MG49,2026-01-17,SAP,NAT4949,56 Chandni Chowk,Near Metro Station,Mumbai,Maharashtra,India,427084
SAP1723,Meera,Dubey,meera.dubey74@sap.com,9889381145,1970-05-02,COMP03,PLANT03,MG03,2026-01-08,SAP,NAT4723,55 MI Rd,Above Central Bank,Pune,Maharashtra,India,404301
SAP1468,Harish,Banerjee,harish.banerjee45@sap.com,9448960250,1994-06-14,COMP48,PLANT48,MG48,2026-02-13,SAP,NAT4468,77 Linking Rd,Next to Market,Surat,Gujarat,India,514864
SAP1786,Rekha,Mishra,rekha.mishra58@sap.com,9512665113,1997-09-20,COMP06,PLANT06,MG06,2026-01-26,SAP,NAT4786,55 MI Rd,Near City Center,Delhi,Delhi,India,363579
SAP1167,Prakash,Chopra,prakash.chopra26@sap.com,9066688822,1982-10-22,COMP47,PLANT47,MG47,2026-01-19,SAP,NAT4167,90 Karol Bagh Market,,Surat,Gujarat,India,852712
SAP1390,Jane,Banerjee,jane.banerjee73@sap.com,9751199146,1979-09-21,COMP30,PLANT30,MG30,2026-01-31,SAP,NAT4390,67 Law Garden Rd,Next to Market,Ahmedabad,Gujarat,India,878364
SAP1753,Meena,Patil,meena.patil42@sap.com,9408684900,1992-07-05,COMP33,PLANT33,MG33,2026-02-11,SAP,NAT4753,78 Connaught Pl,Near Old Town,Jaipur,Rajasthan,India,656257
SAP1398,Sneha,Kaur,sneha.kaur16@sap.com,9207740520,1979-06-27,COMP38,PLANT38,MG38,2026-03-03,SAP,NAT4398,67 Law Garden Rd,Near Old Town,Jaipur,Rajasthan,India,152930
SAP1639,Seema,Pandey,seema.pandey70@sap.com,9427888419,1979-08-24,COMP39,PLANT39,MG39,2026-01-10,SAP,NAT4639,34 JM Road,Opposite Mall,Kolkata,West Bengal,India,777777
SAP1555,Divya,Yadav,divya.yadav41@sap.com,9192268883,1986-04-17,COMP15,PLANT15,MG15,2026-02-18,SAP,NAT4555,88 Worli Sea Face,Next to Market,Kolkata,West Bengal,India,363045
SAP1515,Shreya,Srivastava,shreya.srivastava61@sap.com,9491146647,1999-04-07,COMP35,PLANT35,MG35,2026-01-01,SAP,NAT4515,77 Linking Rd,Next to Market,Chennai,Tamil Nadu,India,483118
SAP1170,Sachin,Patil,sachin.patil52@sap.com,9985287364,1993-01-07,COMP50,PLANT50,MG50,2026-02-12,SAP,NAT4170,55 MI Rd,Near Metro Station,Delhi,Delhi,India,437733
SAP1652,Anita,Desai,anita.desai49@sap.com,9413563261,1970-10-24,COMP52,PLANT52,MG52,2026-01-25,SAP,NAT4652,12 MG Rd,Near Metro Station,Jaipur,Rajasthan,India,918889
SAP1496,Vinod,Reddy,vinod.reddy1@sap.com,9978667712,1999-06-05,COMP16,PLANT16,MG16,2026-02-22,SAP,NAT4496,90 Karol Bagh Market,Near Old Town,Surat,Gujarat,India,689105
SAP1354,Manish,Gupta,manish.gupta62@sap.com,9820787768,1995-04-07,COMP54,PLANT54,MG54,2026-02-04,SAP,NAT4354,34 JM Road,Opposite Mall,Chennai,Tamil Nadu,India,715001
SAP1534,Jane,Singh,jane.singh51@sap.com,9563913029,1973-10-25,COMP54,PLANT54,MG54,2026-01-08,SAP,NAT4534,90 Karol Bagh Market,Near City Center,Pune,Maharashtra,India,614393
SAP1392,Kavita,Patil,kavita.patil3@sap.com,9509445583,1980-08-26,COMP32,PLANT32,MG32,2026-03-15,SAP,NAT4392,45 Marine Dr,Above Central Bank,Mumbai,Maharashtra,India,683101
SAP1053,Meena,Verma,meena.verma72@sap.com,9916720677,1992-01-03,COMP53,PLANT53,MG53,2026-01-31,SAP,NAT4053,12 MG Rd,Opposite Mall,Mumbai,Maharashtra,India,293705
SAP1274,Vinay,Rao,vinay.rao49@sap.com,9091339605,1983-01-15,COMP34,PLANT34,MG34,2026-02-10,SAP,NAT4274,90 Karol Bagh Market,Near City Center,Pune,Maharashtra,India,222651
SAP1088,Anjali,Iyer,anjali.iyer47@sap.com,9318772414,1979-01-18,COMP28,PLANT28,MG28,2026-01-16,SAP,NAT4088,101 FC Rd,Next to Market,Delhi,Delhi,India,949756
SAP1357,Kavita,Menon,kavita.menon42@sap.com,9198654479,1988-06-13,COMP57,PLANT57,MG57,2026-02-05,SAP,NAT4357,78 Connaught Pl,Next to Market,Bangalore,Karnataka,India,782448
SAP1489,Meena,Patil,meena.patil26@sap.com,9821182138,1993-05-17,COMP09,PLANT09,MG09,2026-02-27,SAP,NAT4489,45 Marine Dr,Near Metro Station,Ahmedabad,Gujarat,India,423112
SAP1190,Priya,Tiwari,priya.tiwari58@sap.com,9680023520,2000-04-21,COMP10,PLANT10,MG10,2026-03-19,SAP,NAT4190,12 MG Rd,,Chennai,Tamil Nadu,India,938760
SAP1771,Karan,Tiwari,karan.tiwari50@sap.com,9339449779,1988-04-15,COMP51,PLANT51,MG51,2026-03-21,SAP,NAT4771,101 FC Rd,Near Old Town,Bangalore,Karnataka,India,101754
SAP1591,Sachin,Agarwal,sachin.agarwal13@sap.com,9721188333,1976-06-18,COMP51,PLANT51,MG51,2026-01-05,SAP,NAT4591,90 Karol Bagh Market,Near City Center,Pune,Maharashtra,India,400741
SAP1376,Ramesh,Tiwari,ramesh.tiwari69@sap.com,9837002197,1983-05-11,COMP16,PLANT16,MG16,2026-01-16,SAP,NAT4376,77 Linking Rd,Next to Market,Hyderabad,Telangana,India,677398
SAP1143,Vinod,Rao,vinod.rao66@sap.com,9731883010,1970-05-02,COMP23,PLANT23,MG23,2026-02-17,SAP,NAT4143,55 MI Rd,,Jaipur,Rajasthan,India,259429
SAP1732,Harish,Srivastava,harish.srivastava34@sap.com,9887085925,1986-11-26,COMP12,PLANT12,MG12,2026-02-19,SAP,NAT4732,77 Linking Rd,Near Old Town,Ahmedabad,Gujarat,India,699040
SAP1160,Rajiv,Iyer,rajiv.iyer93@sap.com,9412111959,1985-06-02,COMP40,PLANT40,MG40,2026-03-21,SAP,NAT4160,56 Chandni Chowk,Near City Center,Bangalore,Karnataka,India,884471
SAP1726,Divya,Banerjee,divya.banerjee88@sap.com,9692066366,1996-10-06,COMP06,PLANT06,MG06,2026-01-27,SAP,NAT4726,56 Chandni Chowk,Near Old Town,Kolkata,West Bengal,India,993576
SAP1875,Divya,Verma,divya.verma44@sap.com,9601041371,1996-11-22,COMP35,PLANT35,MG35,2026-01-16,SAP,NAT4875,55 MI Rd,Near City Center,Pune,Maharashtra,India,987892
SAP1225,Deepak,Patil,deepak.patil2@sap.com,9180161020,1988-09-21,COMP45,PLANT45,MG45,2026-01-05,SAP,NAT4225,12 MG Rd,Above Central Bank,Hyderabad,Telangana,India,966033
SAP1344,Suresh,Patil,suresh.patil94@sap.com,9805064492,1998-05-06,COMP44,PLANT44,MG44,2026-01-09,SAP,NAT4344,77 Linking Rd,Above Central Bank,Jaipur,Rajasthan,India,806572
SAP1242,Jane,Rao,jane.rao47@sap.com,9655318991,1977-04-16,COMP02,PLANT02,MG02,2026-01-18,SAP,NAT4242,44 Ashram Rd,,Surat,Gujarat,India,318215
SAP1480,Rahul,Chopra,rahul.chopra8@sap.com,9952477799,1982-11-03,COMP60,PLANT60,MG60,2026-02-16,SAP,NAT4480,12 MG Rd,Above Central Bank,Jaipur,Rajasthan,India,300267
SAP1724,Shalini,Rao,shalini.rao15@sap.com,9841778209,1999-08-14,COMP04,PLANT04,MG04,2026-03-14,SAP,NAT4724,101 FC Rd,Opposite Mall,Kolkata,West Bengal,India,160408
SAP1136,Priya,Sharma,priya.sharma24@sap.com,9759969610,1981-06-28,COMP16,PLANT16,MG16,2026-02-11,SAP,NAT4136,45 Marine Dr,Near Old Town,Delhi,Delhi,India,709886
SAP1156,Anjali,Tiwari,anjali.tiwari68@sap.com,9457713393,1973-03-01,COMP36,PLANT36,MG36,2026-03-06,SAP,NAT4156,23 Brigade Rd,Opposite Mall,Bangalore,Karnataka,India,688493
SAP1564,John,Verma,john.verma45@sap.com,9249093317,1993-04-21,COMP24,PLANT24,MG24,2026-03-05,SAP,NAT4564,90 Karol Bagh Market,Near Old Town,Delhi,Delhi,India,687987
SAP1626,Sunil,Rao,sunil.rao42@sap.com,9223763659,1987-04-04,COMP26,PLANT26,MG26,2026-02-18,SAP,NAT4626,45 Marine Dr,Opposite Mall,Ahmedabad,Gujarat,India,352690
SAP1862,Sachin,Bajaj,sachin.bajaj46@sap.com,9669275813,1973-11-13,COMP22,PLANT22,MG22,2026-01-14,SAP,NAT4862,101 FC Rd,Next to Market,Pune,Maharashtra,India,970404
SAP1353,Karan,Dubey,karan.dubey79@sap.com,9066808171,1971-10-28,COMP53,PLANT53,MG53,2026-03-06,SAP,NAT4353,23 Brigade Rd,Above Central Bank,Surat,Gujarat,India,966310
SAP1435,Sneha,Srivastava,sneha.srivastava68@sap.com,9680832060,1994-02-25,COMP15,PLANT15,MG15,2026-02-08,SAP,NAT4435,90 Karol Bagh Market,Above Central Bank,Pune,Maharashtra,India,519974
SAP1883,Meena,Nair,meena.nair44@sap.com,9157190748,1977-06-24,COMP43,PLANT43,MG43,2026-03-19,SAP,NAT4883,56 Chandni Chowk,Above Central Bank,Surat,Gujarat,India,303562
SAP1311,Suresh,Shah,suresh.shah82@sap.com,9335043331,1994-02-23,COMP11,PLANT11,MG11,2026-01-18,SAP,NAT4311,78 Connaught Pl,Near Metro Station,Kolkata,West Bengal,India,138161
SAP1919,Suresh,Rao,suresh.rao29@sap.com,9910620848,1980-12-25,COMP19,PLANT19,MG19,2026-01-27,SAP,NAT4919,23 Brigade Rd,Opposite Mall,Kolkata,West Bengal,India,219815
SAP1881,Ravi,Kumar,ravi.kumar28@sap.com,9840820721,1999-12-25,COMP41,PLANT41,MG41,2026-03-08,SAP,NAT4881,34 JM Road,Opposite Mall,Hyderabad,Telangana,India,188863
SAP1500,Priya,Kaur,priya.kaur96@sap.com,9403709260,1973-03-03,COMP20,PLANT20,MG20,2026-01-23,SAP,NAT4500,77 Linking Rd,Near City Center,Bangalore,Karnataka,India,350445
SAP1393,Anita,Mehta,anita.mehta55@sap.com,9731882660,1973-08-02,COMP33,PLANT33,MG33,2026-01-12,SAP,NAT4393,34 JM Road,Near Metro Station,Chennai,Tamil Nadu,India,918688
SAP1212,Pooja,Nair,pooja.nair30@sap.com,9849134535,1980-12-01,COMP32,PLANT32,MG32,2026-03-24,SAP,NAT4212,12 MG Rd,,Jaipur,Rajasthan,India,871075
SAP1866,Vikas,Shah,vikas.shah24@sap.com,9469540719,1983-11-21,COMP26,PLANT26,MG26,2026-03-27,SAP,NAT4866,56 Chandni Chowk,Above Central Bank,Hyderabad,Telangana,India,602015
SAP1280,Ramesh,Srivastava,ramesh.srivastava62@sap.com,9086415458,1993-04-05,COMP40,PLANT40,MG40,2026-01-03,SAP,NAT4280,90 Karol Bagh Market,,Delhi,Delhi,India,900917
SAP1939,Meena,Kumar,meena.kumar72@sap.com,9157748622,1972-09-15,COMP39,PLANT39,MG39,2026-02-02,SAP,NAT4939,12 Residency Rd,Near Old Town,Chennai,Tamil Nadu,India,507834
SAP1388,Sunil,Patil,sunil.patil44@sap.com,9268005617,1991-10-07,COMP28,PLANT28,MG28,2026-02-03,SAP,NAT4388,12 MG Rd,Near City Center,Chennai,Tamil Nadu,India,592339
SAP1526,Amit,Kapoor,amit.kapoor82@sap.com,9787263406,1978-09-10,COMP46,PLANT46,MG46,2026-03-31,SAP,NAT4526,56 Chandni Chowk,Next to Market,Jaipur,Rajasthan,India,723806
SAP1580,Rahul,Patel,rahul.patel75@sap.com,9747799517,1999-06-08,COMP40,PLANT40,MG40,2026-02-07,SAP,NAT4580,34 JM Road,Above Central Bank,Ahmedabad,Gujarat,India,229397
SAP1321,Sachin,Patil,sachin.patil78@sap.com,9556310112,1996-03-19,COMP21,PLANT21,MG21,2026-03-07,SAP,NAT4321,67 Law Garden Rd,,Pune,Maharashtra,India,759264
SAP1605,Kavita,Singh,kavita.singh10@sap.com,9277870932,1975-07-10,COMP05,PLANT05,MG05,2026-03-08,SAP,NAT4605,55 MI Rd,Above Central Bank,Delhi,Delhi,India,583680
SAP1644,Priya,Yadav,priya.yadav1@sap.com,9692429468,1978-12-26,COMP44,PLANT44,MG44,2026-03-28,SAP,NAT4644,78 Connaught Pl,Opposite Mall,Delhi,Delhi,India,542195
SAP1056,Meera,Banerjee,meera.banerjee43@sap.com,9767100761,1979-03-01,COMP56,PLANT56,MG56,2026-02-22,SAP,NAT4056,77 Linking Rd,Next to Market,Kolkata,West Bengal,India,213620
SAP1310,Shreya,Agarwal,shreya.agarwal54@sap.com,9301198975,1979-05-04,COMP10,PLANT10,MG10,2026-01-07,SAP,NAT4310,77 Linking Rd,,Chennai,Tamil Nadu,India,701254
SAP1375,Ajay,Kapoor,ajay.kapoor71@sap.com,9603731339,1981-08-03,COMP15,PLANT15,MG15,2026-01-04,SAP,NAT4375,45 Marine Dr,Near Metro Station,Hyderabad,Telangana,India,572853
SAP1060,Divya,Kumar,divya.kumar18@sap.com,9702801875,1976-11-14,COMP60,PLANT60,MG60,2026-01-21,SAP,NAT4060,90 Karol Bagh Market,Above Central Bank,Mumbai,Maharashtra,India,327286
SAP1548,Lakshmi,Kumar,lakshmi.kumar90@sap.com,9957490482,1992-07-06,COMP08,PLANT08,MG08,2026-01-26,SAP,NAT4548,44 Ashram Rd,,Jaipur,Rajasthan,India,220562
SAP1596,Arvind,Iyer,arvind.iyer75@sap.com,9338703414,1981-08-03,COMP56,PLANT56,MG56,2026-03-29,SAP,NAT4596,12 MG Rd,Above Central Bank,Kolkata,West Bengal,India,726657
SAP1900,Arvind,Joshi,arvind.joshi34@sap.com,9237424797,1986-04-08,COMP60,PLANT60,MG60,2026-02-17,SAP,NAT4900,12 Residency Rd,Next to Market,Pune,Maharashtra,India,649995
SAP1554,Lakshmi,Yadav,lakshmi.yadav60@sap.com,9548083293,1980-02-22,COMP14,PLANT14,MG14,2026-02-08,SAP,NAT4554,34 JM Road,Opposite Mall,Kolkata,West Bengal,India,358970
SAP1705,Amit,Nair,amit.nair64@sap.com,9514711755,1976-09-14,COMP45,PLANT45,MG45,2026-02-20,SAP,NAT4705,12 MG Rd,Near Metro Station,Bangalore,Karnataka,India,934734
SAP1016,Rekha,Iyer,rekha.iyer67@sap.com,9130294634,1972-05-02,COMP16,PLANT16,MG16,2026-03-25,SAP,NAT4016,34 JM Road,Next to Market,Mumbai,Maharashtra,India,353979
SAP1166,Sanjay,Agarwal,sanjay.agarwal12@sap.com,9853251862,1987-09-09,COMP46,PLANT46,MG46,2026-01-19,SAP,NAT4166,88 Worli Sea Face,Near Metro Station,Pune,Maharashtra,India,379192
SAP1823,Anita,Kumar,anita.kumar51@sap.com,9463269849,1998-07-03,COMP43,PLANT43,MG43,2026-01-23,SAP,NAT4823,23 Brigade Rd,Near Old Town,Bangalore,Karnataka,India,209670
SAP1271,Rohit,Iyer,rohit.iyer38@sap.com,9057810076,1991-07-24,COMP31,PLANT31,MG31,2026-02-06,SAP,NAT4271,23 Brigade Rd,Near Old Town,Bangalore,Karnataka,India,569081
SAP1408,Anita,Srivastava,anita.srivastava6@sap.com,9841185844,2000-09-23,COMP48,PLANT48,MG48,2026-03-15,SAP,NAT4408,55 MI Rd,Near Old Town,Jaipur,Rajasthan,India,102135
SAP1244,Kavita,Patil,kavita.patil65@sap.com,9364084181,1985-04-04,COMP04,PLANT04,MG04,2026-01-17,SAP,NAT4244,44 Ashram Rd,Next to Market,Pune,Maharashtra,India,325444
SAP1249,Pooja,Dubey,pooja.dubey66@sap.com,9967022103,1977-02-03,COMP09,PLANT09,MG09,2026-01-09,SAP,NAT4249,12 Residency Rd,Near Old Town,Delhi,Delhi,India,296890
SAP1812,Vikas,Patil,vikas.patil44@sap.com,9273713014,1971-11-07,COMP32,PLANT32,MG32,2026-02-11,SAP,NAT4812,77 Linking Rd,Near Old Town,Chennai,Tamil Nadu,India,997870
SAP1841,Ravi,Banerjee,ravi.banerjee67@sap.com,9409655336,1999-02-11,COMP01,PLANT01,MG01,2026-02-17,SAP,NAT4841,44 Ashram Rd,Near Old Town,Kolkata,West Bengal,India,302677
SAP1421,Neha,Sharma,neha.sharma37@sap.com,9276149645,1981-01-01,COMP01,PLANT01,MG01,2026-02-08,SAP,NAT4421,12 Residency Rd,,Surat,Gujarat,India,569280
SAP1817,Shalini,Mehta,shalini.mehta36@sap.com,9765092554,1995-09-26,COMP37,PLANT37,MG37,2026-03-12,SAP,NAT4817,67 Law Garden Rd,,Surat,Gujarat,India,498028
SAP1219,Jane,Joshi,jane.joshi42@sap.com,9372429473,1975-04-10,COMP39,PLANT39,MG39,2026-03-30,SAP,NAT4219,90 Karol Bagh Market,Near Old Town,Delhi,Delhi,India,355625
SAP1121,Vinay,Guptha,vinay.guptha9@sap.com,9785983131,1993-04-14,COMP01,PLANT01,MG01,2026-01-07,SAP,NAT4121,23 Brigade Rd,,Delhi,Delhi,India,506562
SAP1384,Pooja,Srivastava,pooja.srivastava68@sap.com,9949794331,1975-08-02,COMP24,PLANT24,MG24,2026-01-03,SAP,NAT4384,77 Linking Rd,Next to Market,Surat,Gujarat,India,250507
SAP1361,Rajiv,Nair,rajiv.nair62@sap.com,9927518755,1974-03-10,COMP01,PLANT01,MG01,2026-01-26,SAP,NAT4361,101 FC Rd,Near City Center,Hyderabad,Telangana,India,112851
SAP1342,Ajay,Pandey,ajay.pandey52@sap.com,9766444737,1993-08-16,COMP42,PLANT42,MG42,2026-02-11,SAP,NAT4342,45 Marine Dr,Next to Market,Jaipur,Rajasthan,India,512109
SAP1022,Manish,Reddy,manish.reddy21@sap.com,9871660226,1970-04-09,COMP22,PLANT22,MG22,2026-02-26,SAP,NAT4022,34 JM Road,Near Metro Station,Bangalore,Karnataka,India,941519
SAP1140,Manish,Iyer,manish.iyer31@sap.com,9787002495,1999-09-15,COMP20,PLANT20,MG20,2026-03-12,SAP,NAT4140,90 Karol Bagh Market,Near Metro Station,Chennai,Tamil Nadu,India,190607
SAP1902,Meena,Kapoor,meena.kapoor78@sap.com,9008186993,1989-11-11,COMP02,PLANT02,MG02,2026-02-10,SAP,NAT4902,78 Connaught Pl,Near City Center,Jaipur,Rajasthan,India,908469
SAP1102,Ravi,Menon,ravi.menon82@sap.com,9521581821,1976-01-20,COMP42,PLANT42,MG42,2026-02-17,SAP,NAT4102,44 Ashram Rd,Above Central Bank,Hyderabad,Telangana,India,739797
SAP1330,Harish,Mishra,harish.mishra69@sap.com,9687214434,1978-02-23,COMP30,PLANT30,MG30,2026-03-13,SAP,NAT4330,67 Law Garden Rd,,Mumbai,Maharashtra,India,860147
SAP1913,Sunil,Dubey,sunil.dubey34@sap.com,9126523937,1985-03-27,COMP13,PLANT13,MG13,2026-03-03,SAP,NAT4913,45 Marine Dr,Opposite Mall,Hyderabad,Telangana,India,993041
SAP1894,John,Kumar,john.kumar73@sap.com,9101381229,1990-10-11,COMP54,PLANT54,MG54,2026-03-11,SAP,NAT4894,34 JM Road,Next to Market,Delhi,Delhi,India,148770
SAP1018,Karan,Kaur,karan.kaur52@sap.com,9879378475,1995-08-01,COMP18,PLANT18,MG18,2026-02-04,SAP,NAT4018,44 Ashram Rd,Above Central Bank,Delhi,Delhi,India,555898
SAP1593,Sachin,Srivastava,sachin.srivastava38@sap.com,9077532108,1978-06-23,COMP53,PLANT53,MG53,2026-01-10,SAP,NAT4593,12 MG Rd,Opposite Mall,Bangalore,Karnataka,India,714618
SAP1896,Meera,Chopra,meera.chopra28@sap.com,9618868379,1983-04-11,COMP56,PLANT56,MG56,2026-01-04,SAP,NAT4896,78 Connaught Pl,Near City Center,Ahmedabad,Gujarat,India,705076
SAP1125,Jane,Guptha,jane.guptha38@sap.com,9082544081,1973-09-11,COMP05,PLANT05,MG05,2026-02-16,SAP,NAT4125,77 Linking Rd,Opposite Mall,Bangalore,Karnataka,India,600893
SAP1467,Vinay,Dubey,vinay.dubey80@sap.com,9001935905,2000-06-18,COMP47,PLANT47,MG47,2026-02-05,SAP,NAT4467,23 Brigade Rd,Near Old Town,Bangalore,Karnataka,India,196928
SAP1469,Harish,Iyer,harish.iyer89@sap.com,9593490206,1970-03-11,COMP49,PLANT49,MG49,2026-02-02,SAP,NAT4469,101 FC Rd,Next to Market,Bangalore,Karnataka,India,317922
SAP1004,John,Agarwal,john.agarwal20@sap.com,9007312980,1986-10-15,COMP04,PLANT04,MG04,2026-03-21,SAP,NAT4004,45 Marine Dr,Above Central Bank,Hyderabad,Telangana,India,631625
SAP1459,Sachin,Kapoor,sachin.kapoor61@sap.com,9808622977,1992-02-10,COMP39,PLANT39,MG39,2026-03-25,SAP,NAT4459,55 MI Rd,Above Central Bank,Pune,Maharashtra,India,293958
SAP1822,Rajiv,Chopra,rajiv.chopra59@sap.com,9695816377,1988-05-18,COMP42,PLANT42,MG42,2026-01-26,SAP,NAT4822,44 Ashram Rd,Opposite Mall,Bangalore,Karnataka,India,302741
SAP1702,Shalini,Malhotra,shalini.malhotra84@sap.com,9566994937,1976-08-09,COMP42,PLANT42,MG42,2026-01-06,SAP,NAT4702,56 Chandni Chowk,Near Metro Station,Pune,Maharashtra,India,482005
SAP1704,Kavita,Verma,kavita.verma41@sap.com,9471057740,1983-09-18,COMP44,PLANT44,MG44,2026-02-01,SAP,NAT4704,101 FC Rd,Opposite Mall,Jaipur,Rajasthan,India,197969
SAP1561,Priya,Kapoor,priya.kapoor62@sap.com,9906853592,1986-05-23,COMP21,PLANT21,MG21,2026-01-05,SAP,NAT4561,45 Marine Dr,Near Metro Station,Ahmedabad,Gujarat,India,868177
SAP1941,Amit,Mehta,amit.mehta17@sap.com,9736712312,1990-03-19,COMP41,PLANT41,MG41,2026-02-02,SAP,NAT4941,90 Karol Bagh Market,Opposite Mall,Bangalore,Karnataka,India,976807
SAP1718,Amit,Banerjee,amit.banerjee61@sap.com,9192070222,1987-10-22,COMP58,PLANT58,MG58,2026-03-10,SAP,NAT4718,67 Law Garden Rd,Above Central Bank,Bangalore,Karnataka,India,506399
SAP1566,Vinod,Gupta,vinod.gupta81@sap.com,9587867630,1984-03-07,COMP26,PLANT26,MG26,2026-01-03,SAP,NAT4566,12 MG Rd,Opposite Mall,Hyderabad,Telangana,India,426374
SAP1432,Seema,Agarwal,seema.agarwal32@sap.com,9411844704,1974-08-26,COMP12,PLANT12,MG12,2026-01-13,SAP,NAT4432,67 Law Garden Rd,Opposite Mall,Jaipur,Rajasthan,India,942840
SAP1337,Anita,Gupta,anita.gupta96@sap.com,9078148638,1991-03-10,COMP37,PLANT37,MG37,2026-02-04,SAP,NAT4337,12 MG Rd,Near City Center,Jaipur,Rajasthan,India,682335
SAP1528,Jane,Kapoor,jane.kapoor35@sap.com,9179222660,1984-09-15,COMP48,PLANT48,MG48,2026-02-26,SAP,NAT4528,88 Worli Sea Face,,Bangalore,Karnataka,India,859345
SAP1084,Deepak,Mishra,deepak.mishra73@sap.com,9288325352,1987-09-07,COMP24,PLANT24,MG24,2026-01-09,SAP,NAT4084,23 Brigade Rd,,Delhi,Delhi,India,104420
SAP1456,Amit,Shah,amit.shah54@sap.com,9822270429,1971-08-08,COMP36,PLANT36,MG36,2026-03-01,SAP,NAT4456,12 MG Rd,,Ahmedabad,Gujarat,India,898882
SAP1348,Sneha,Reddy,sneha.reddy81@sap.com,9507929268,1997-02-28,COMP48,PLANT48,MG48,2026-01-06,SAP,NAT4348,101 FC Rd,Opposite Mall,Pune,Maharashtra,India,759462
SAP1067,Shreya,Kaur,shreya.kaur76@sap.com,9290795087,1982-08-25,COMP07,PLANT07,MG07,2026-01-06,SAP,NAT4067,78 Connaught Pl,Near Old Town,Jaipur,Rajasthan,India,790315
SAP1706,Deepak,Reddy,deepak.reddy53@sap.com,9769604151,1992-09-23,COMP46,PLANT46,MG46,2026-02-19,SAP,NAT4706,12 MG Rd,,Kolkata,West Bengal,India,732439
SAP1912,John,Desai,john.desai31@sap.com,9391454730,1989-07-24,COMP12,PLANT12,MG12,2026-02-01,SAP,NAT4912,101 FC Rd,,Kolkata,West Bengal,India,150206
SAP1870,Sachin,Shah,sachin.shah76@sap.com,9826217673,1991-03-07,COMP30,PLANT30,MG30,2026-03-01,SAP,NAT4870,12 Residency Rd,Near Metro Station,Mumbai,Maharashtra,India,540650
SAP1642,Ramesh,Agarwal,ramesh.agarwal92@sap.com,9016140065,1978-09-19,COMP42,PLANT42,MG42,2026-01-01,SAP,NAT4642,12 MG Rd,Above Central Bank,Kolkata,West Bengal,India,932316
SAP1320,Meena,Sharma,meena.sharma59@sap.com,9045831002,1984-10-03,COMP20,PLANT20,MG20,2026-03-26,SAP,NAT4320,34 JM Road,Opposite Mall,Kolkata,West Bengal,India,678975
SAP1028,Sunita,Yadav,sunita.yadav49@sap.com,9394604431,1983-05-01,COMP28,PLANT28,MG28,2026-02-21,SAP,NAT4028,12 Residency Rd,,Hyderabad,Telangana,India,694466
SAP1858,Seema,Mishra,seema.mishra97@sap.com,9579865704,1971-06-17,COMP18,PLANT18,MG18,2026-02-25,SAP,NAT4858,88 Worli Sea Face,Above Central Bank,Jaipur,Rajasthan,India,818964
SAP1073,Sunita,Desai,sunita.desai83@sap.com,9801929192,1992-07-21,COMP13,PLANT13,MG13,2026-02-22,SAP,NAT4073,78 Connaught Pl,Near City Center,Surat,Gujarat,India,255938
SAP1263,Shalini,Nair,shalini.nair8@sap.com,9706777978,1983-01-26,COMP23,PLANT23,MG23,2026-03-22,SAP,NAT4263,45 Marine Dr,Opposite Mall,Mumbai,Maharashtra,India,151939
SAP1743,Anita,Menon,anita.menon6@sap.com,9555679739,1994-11-23,COMP23,PLANT23,MG23,2026-02-01,SAP,NAT4743,101 FC Rd,Opposite Mall,Ahmedabad,Gujarat,India,117795
SAP1877,Prakash,Sharma,prakash.sharma5@sap.com,9047132430,1997-07-14,COMP37,PLANT37,MG37,2026-01-21,SAP,NAT4877,78 Connaught Pl,Next to Market,Kolkata,West Bengal,India,619737
SAP1203,Manish,Guptha,manish.guptha77@sap.com,9198520069,1974-07-27,COMP23,PLANT23,MG23,2026-01-08,SAP,NAT4203,55 MI Rd,Near Metro Station,Jaipur,Rajasthan,India,214284
SAP1057,Rekha,Verma,rekha.verma35@sap.com,9287025448,1977-05-17,COMP57,PLANT57,MG57,2026-02-11,SAP,NAT4057,67 Law Garden Rd,Opposite Mall,Surat,Gujarat,India,254291
SAP1746,Vikas,Iyer,vikas.iyer91@sap.com,9388994330,1982-04-17,COMP26,PLANT26,MG26,2026-03-12,SAP,NAT4746,44 Ashram Rd,Next to Market,Hyderabad,Telangana,India,665901
SAP1633,Rekha,Reddy,rekha.reddy75@sap.com,9093763946,1978-02-07,COMP33,PLANT33,MG33,2026-01-18,SAP,NAT4633,56 Chandni Chowk,Above Central Bank,Chennai,Tamil Nadu,India,607854
SAP1071,Rajiv,Banerjee,rajiv.banerjee16@sap.com,9158689826,1975-02-18,COMP11,PLANT11,MG11,2026-03-20,SAP,NAT4071,23 Brigade Rd,,Surat,Gujarat,India,323320
SAP1336,Suresh,Menon,suresh.menon68@sap.com,9815564435,1978-08-24,COMP36,PLANT36,MG36,2026-03-30,SAP,NAT4336,34 JM Road,Near Old Town,Ahmedabad,Gujarat,India,100151
SAP1764,Rahul,Banerjee,rahul.banerjee17@sap.com,9412671993,1996-11-17,COMP44,PLANT44,MG44,2026-01-14,SAP,NAT4764,45 Marine Dr,Above Central Bank,Mumbai,Maharashtra,India,883634
SAP1860,Divya,Mishra,divya.mishra44@sap.com,9114978415,1982-01-09,COMP20,PLANT20,MG20,2026-03-10,SAP,NAT4860,34 JM Road,Next to Market,Chennai,Tamil Nadu,India,706067
SAP1387,Kavita,Desai,kavita.desai62@sap.com,9367447488,1986-09-28,COMP27,PLANT27,MG27,2026-03-09,SAP,NAT4387,12 MG Rd,,Hyderabad,Telangana,India,396662
SAP1471,Arjun,Guptha,arjun.guptha34@sap.com,9425003670,1970-12-28,COMP51,PLANT51,MG51,2026-02-20,SAP,NAT4471,78 Connaught Pl,Opposite Mall,Chennai,Tamil Nadu,India,847959
SAP1323,Karan,Gupta,karan.gupta76@sap.com,9577320343,1972-09-03,COMP23,PLANT23,MG23,2026-02-05,SAP,NAT4323,90 Karol Bagh Market,Next to Market,Bangalore,Karnataka,India,829599
SAP1708,Rekha,Patil,rekha.patil63@sap.com,9896130820,1985-03-06,COMP48,PLANT48,MG48,2026-03-03,SAP,NAT4708,34 JM Road,Next to Market,Chennai,Tamil Nadu,India,621572
SAP1766,Ramesh,Desai,ramesh.desai42@sap.com,9489043464,1990-05-10,COMP46,PLANT46,MG46,2026-02-09,SAP,NAT4766,44 Ashram Rd,Above Central Bank,Ahmedabad,Gujarat,India,538907
SAP1833,Priya,Shah,priya.shah97@sap.com,9010081013,1994-01-28,COMP53,PLANT53,MG53,2026-02-16,SAP,NAT4833,101 FC Rd,Above Central Bank,Surat,Gujarat,India,560997
SAP1441,Shreya,Desai,shreya.desai48@sap.com,9746926416,1998-05-25,COMP21,PLANT21,MG21,2026-01-02,SAP,NAT4441,44 Ashram Rd,Near City Center,Bangalore,Karnataka,India,236694
SAP1836,Prakash,Joshi,prakash.joshi10@sap.com,9184661476,1975-01-15,COMP56,PLANT56,MG56,2026-01-07,SAP,NAT4836,12 MG Rd,Near Metro Station,Chennai,Tamil Nadu,India,176295
SAP1259,Anita,Yadav,anita.yadav22@sap.com,9601376426,2000-08-27,COMP19,PLANT19,MG19,2026-01-26,SAP,NAT4259,101 FC Rd,Near Metro Station,Jaipur,Rajasthan,India,122554
SAP1810,Deepak,Gupta,deepak.gupta73@sap.com,9348600676,1977-03-09,COMP30,PLANT30,MG30,2026-02-18,SAP,NAT4810,77 Linking Rd,Near City Center,Surat,Gujarat,India,717965
SAP1266,Jane,Srivastava,jane.srivastava2@sap.com,9424118715,1975-01-16,COMP26,PLANT26,MG26,2026-01-02,SAP,NAT4266,90 Karol Bagh Market,Above Central Bank,Surat,Gujarat,India,650366
SAP1116,Lakshmi,Kapoor,lakshmi.kapoor78@sap.com,9518950297,1982-04-06,COMP56,PLANT56,MG56,2026-03-20,SAP,NAT4116,56 Chandni Chowk,Near Metro Station,Bangalore,Karnataka,India,319029
SAP1126,Manish,Rao,manish.rao71@sap.com,9959807819,1975-09-27,COMP06,PLANT06,MG06,2026-03-08,SAP,NAT4126,101 FC Rd,Opposite Mall,Bangalore,Karnataka,India,549355
SAP1041,Sneha,Yadav,sneha.yadav26@sap.com,9149985892,1976-12-24,COMP41,PLANT41,MG41,2026-03-28,SAP,NAT4041,34 JM Road,Near City Center,Pune,Maharashtra,India,351175
SAP1368,Rajiv,Patil,rajiv.patil10@sap.com,9139356301,1993-05-28,COMP08,PLANT08,MG08,2026-01-27,SAP,NAT4368,23 Brigade Rd,Next to Market,Pune,Maharashtra,India,925043
SAP1308,Prakash,Banerjee,prakash.banerjee34@sap.com,9498297063,1982-08-11,COMP08,PLANT08,MG08,2026-01-05,SAP,NAT4308,56 Chandni Chowk,Above Central Bank,Kolkata,West Bengal,India,507070
SAP1157,Ramesh,Shah,ramesh.shah97@sap.com,9926867104,1980-07-22,COMP37,PLANT37,MG37,2026-01-31,SAP,NAT4157,101 FC Rd,Above Central Bank,Chennai,Tamil Nadu,India,989022
SAP1247,Vikas,Kaur,vikas.kaur26@sap.com,9867375427,1971-01-04,COMP07,PLANT07,MG07,2026-02-22,SAP,NAT4247,101 FC Rd,Near City Center,Hyderabad,Telangana,India,670320
SAP1011,Deepak,Chopra,deepak.chopra44@sap.com,9383406079,1985-05-22,COMP11,PLANT11,MG11,2026-03-17,SAP,NAT4011,78 Connaught Pl,Near Old Town,Kolkata,West Bengal,India,500054
SAP1617,Harish,Patel,harish.patel29@sap.com,9881809023,1982-07-11,COMP17,PLANT17,MG17,2026-01-14,SAP,NAT4617,45 Marine Dr,Near Metro Station,Jaipur,Rajasthan,India,796949
SAP1472,Arvind,Shah,arvind.shah70@sap.com,9187769615,1994-09-02,COMP52,PLANT52,MG52,2026-01-10,SAP,NAT4472,34 JM Road,Next to Market,Jaipur,Rajasthan,India,884574
SAP1317,John,Menon,john.menon25@sap.com,9531349180,1998-05-10,COMP17,PLANT17,MG17,2026-01-31,SAP,NAT4317,45 Marine Dr,Above Central Bank,Jaipur,Rajasthan,India,727163
SAP1220,Ajay,Singh,ajay.singh11@sap.com,9348310513,1991-07-17,COMP40,PLANT40,MG40,2026-03-12,SAP,NAT4220,12 Residency Rd,Near Old Town,Jaipur,Rajasthan,India,791979
SAP1210,Sanjay,Guptha,sanjay.guptha7@sap.com,9766630332,1985-12-09,COMP30,PLANT30,MG30,2026-03-20,SAP,NAT4210,90 Karol Bagh Market,Above Central Bank,Jaipur,Rajasthan,India,175953
SAP1614,Neha,Joshi,neha.joshi36@sap.com,9581355648,1979-02-08,COMP14,PLANT14,MG14,2026-01-22,SAP,NAT4614,77 Linking Rd,Near City Center,Chennai,Tamil Nadu,India,574524
SAP1188,Rahul,Reddy,rahul.reddy52@sap.com,9368425762,1984-02-22,COMP08,PLANT08,MG08,2026-02-03,SAP,NAT4188,77 Linking Rd,Near City Center,Surat,Gujarat,India,388469
SAP1527,Rajiv,Patel,rajiv.patel84@sap.com,9838020771,1982-11-08,COMP47,PLANT47,MG47,2026-02-19,SAP,NAT4527,77 Linking Rd,Near Metro Station,Pune,Maharashtra,India,165038
SAP1111,Seema,Kapoor,seema.kapoor21@sap.com,9382443574,1991-08-06,COMP51,PLANT51,MG51,2026-02-01,SAP,NAT4111,34 JM Road,,Delhi,Delhi,India,232204
SAP1020,Ravi,Verma,ravi.verma92@sap.com,9918049996,1995-03-05,COMP20,PLANT20,MG20,2026-01-27,SAP,NAT4020,12 Residency Rd,Near Metro Station,Hyderabad,Telangana,India,129916
SAP1181,Lakshmi,Kapoor,lakshmi.kapoor22@sap.com,9685874701,1980-09-21,COMP01,PLANT01,MG01,2026-02-10,SAP,NAT4181,101 FC Rd,Near Old Town,Surat,Gujarat,India,126557
SAP1731,Divya,Mishra,divya.mishra57@sap.com,9020464153,1980-03-16,COMP11,PLANT11,MG11,2026-02-20,SAP,NAT4731,23 Brigade Rd,Near Metro Station,Kolkata,West Bengal,India,574455
SAP1673,Rajiv,Tiwari,rajiv.tiwari81@sap.com,9253080138,1985-02-24,COMP13,PLANT13,MG13,2026-01-22,SAP,NAT4673,23 Brigade Rd,Near Metro Station,Mumbai,Maharashtra,India,616809
SAP1273,Rahul,Pandey,rahul.pandey14@sap.com,9107813369,1985-08-21,COMP33,PLANT33,MG33,2026-02-03,SAP,NAT4273,55 MI Rd,Near City Center,Jaipur,Rajasthan,India,394097
SAP1429,Vikas,Singh,vikas.singh67@sap.com,9251950025,1986-01-25,COMP09,PLANT09,MG09,2026-03-31,SAP,NAT4429,55 MI Rd,,Kolkata,West Bengal,India,526549
SAP1902,Meena,Kapoor,meena.kapoor78@sap.com,9008186993,1989-11-11,COMP02,PLANT02,MG02,2026-02-10,SAP,NAT4902,78 Connaught Pl,Near City Center,Jaipur,Rajasthan,India,908469
SAP1221,Deepak,Mehta,deepak.mehta43@sap.com,9465236428,1970-01-16,COMP41,PLANT41,MG41,2026-01-29,SAP,NAT4221,23 Brigade Rd,Near City Center,Kolkata,West Bengal,India,747187
SAP1080,Shalini,Kapoor,shalini.kapoor67@sap.com,9616951936,1996-06-20,COMP20,PLANT20,MG20,2026-03-27,SAP,NAT4080,55 MI Rd,Near Old Town,Delhi,Delhi,India,244986
SAP1318,Sanjay,Patil,sanjay.patil34@sap.com,9145754938,1977-10-15,COMP18,PLANT18,MG18,2026-01-20,SAP,NAT4318,23 Brigade Rd,,Ahmedabad,Gujarat,India,210434
SAP1675,Deepak,Mishra,deepak.mishra29@sap.com,9367387140,1992-09-25,COMP15,PLANT15,MG15,2026-03-16,SAP,NAT4675,55 MI Rd,Opposite Mall,Surat,Gujarat,India,811969
SAP1751,Karan,Verma,karan.verma4@sap.com,9045463766,1998-01-13,COMP31,PLANT31,MG31,2026-03-28,SAP,NAT4751,12 Residency Rd,Above Central Bank,Surat,Gujarat,India,987875
SAP1438,Vinod,Chopra,vinod.chopra17@sap.com,9324085920,1987-03-20,COMP18,PLANT18,MG18,2026-03-28,SAP,NAT4438,78 Connaught Pl,Near Metro Station,Chennai,Tamil Nadu,India,695523
SAP1863,John,Agarwal,john.agarwal42@sap.com,9818627094,1988-05-23,COMP23,PLANT23,MG23,2026-03-12,SAP,NAT4863,78 Connaught Pl,Above Central Bank,Bangalore,Karnataka,India,919765
SAP1047,Arjun,Yadav,arjun.yadav30@sap.com,9653135093,1985-01-20,COMP47,PLANT47,MG47,2026-01-02,SAP,NAT4047,101 FC Rd,Opposite Mall,Chennai,Tamil Nadu,India,967033
SAP1478,Sneha,Rao,sneha.rao45@sap.com,9954835984,1973-11-23,COMP58,PLANT58,MG58,2026-01-11,SAP,NAT4478,101 FC Rd,Near Metro Station,Delhi,Delhi,India,748843
SAP1656,Amit,Tiwari,amit.tiwari89@sap.com,9420202116,1980-03-06,COMP56,PLANT56,MG56,2026-03-02,SAP,NAT4656,78 Connaught Pl,,Bangalore,Karnataka,India,418311
SAP1385,Rohit,Verma,rohit.verma74@sap.com,9517462001,1990-03-09,COMP25,PLANT25,MG25,2026-01-18,SAP,NAT4385,78 Connaught Pl,Next to Market,Pune,Maharashtra,India,698832
SAP1352,Shalini,Iyer,shalini.iyer5@sap.com,9960805011,1987-01-23,COMP52,PLANT52,MG52,2026-02-03,SAP,NAT4352,67 Law Garden Rd,Near Old Town,Delhi,Delhi,India,541203
SAP1100,Sunil,Yadav,sunil.yadav19@sap.com,9659535688,1991-11-20,COMP40,PLANT40,MG40,2026-01-22,SAP,NAT4100,77 Linking Rd,Opposite Mall,Jaipur,Rajasthan,India,602022
SAP1229,Kavita,Verma,kavita.verma78@sap.com,9400025809,1998-06-05,COMP49,PLANT49,MG49,2026-01-13,SAP,NAT4229,78 Connaught Pl,Near Old Town,Ahmedabad,Gujarat,India,242027
SAP1416,Meena,Patil,meena.patil40@sap.com,9386525373,1986-12-24,COMP56,PLANT56,MG56,2026-02-21,SAP,NAT4416,78 Connaught Pl,Near Metro Station,Kolkata,West Bengal,India,694647
SAP1677,Sachin,Tiwari,sachin.tiwari18@sap.com,9885512684,1986-10-05,COMP17,PLANT17,MG17,2026-03-11,SAP,NAT4677,34 JM Road,Opposite Mall,Delhi,Delhi,India,873716
SAP1660,Ravi,Desai,ravi.desai12@sap.com,9349342861,1987-10-20,COMP60,PLANT60,MG60,2026-03-08,SAP,NAT4660,101 FC Rd,Above Central Bank,Pune,Maharashtra,India,239208
SAP1252,Vinay,Yadav,vinay.yadav19@sap.com,9985327118,1970-07-04,COMP12,PLANT12,MG12,2026-01-01,SAP,NAT4252,78 Connaught Pl,Near City Center,Hyderabad,Telangana,India,933236
SAP1552,John,Sharma,john.sharma29@sap.com,9381916790,1976-03-15,COMP12,PLANT12,MG12,2026-02-15,SAP,NAT4552,90 Karol Bagh Market,Near Metro Station,Mumbai,Maharashtra,India,333002
SAP1904,Sanjay,Mishra,sanjay.mishra76@sap.com,9123238125,1973-08-26,COMP04,PLANT04,MG04,2026-03-02,SAP,NAT4904,34 JM Road,Near City Center,Bangalore,Karnataka,India,526727
SAP1837,Rohit,Agarwal,rohit.agarwal62@sap.com,9347446757,1992-08-13,COMP57,PLANT57,MG57,2026-01-24,SAP,NAT4837,23 Brigade Rd,Near Metro Station,Mumbai,Maharashtra,India,560588
SAP1910,Meera,Srivastava,meera.srivastava4@sap.com,9095159571,1984-10-23,COMP10,PLANT10,MG10,2026-02-17,SAP,NAT4910,44 Ashram Rd,Near City Center,Jaipur,Rajasthan,India,646535
SAP1818,Alok,Mishra,alok.mishra51@sap.com,9557535656,1994-06-18,COMP38,PLANT38,MG38,2026-01-02,SAP,NAT4818,34 JM Road,Above Central Bank,Bangalore,Karnataka,India,501895
SAP1615,Arvind,Agarwal,arvind.agarwal31@sap.com,9185131351,1999-09-25,COMP15,PLANT15,MG15,2026-02-17,SAP,NAT4615,23 Brigade Rd,Next to Market,Surat,Gujarat,India,386639
SAP1291,Suresh,Banerjee,suresh.banerjee69@sap.com,9031065401,1986-07-20,COMP51,PLANT51,MG51,2026-01-22,SAP,NAT4291,12 MG Rd,Near Metro Station,Pune,Maharashtra,India,234000
SAP1632,Meera,Malhotra,meera.malhotra3@sap.com,9328688830,1994-12-21,COMP32,PLANT32,MG32,2026-01-29,SAP,NAT4632,23 Brigade Rd,Opposite Mall,Bangalore,Karnataka,India,843805
SAP1194,Ajay,Agarwal,ajay.agarwal75@sap.com,9960968501,1987-09-26,COMP14,PLANT14,MG14,2026-02-13,SAP,NAT4194,101 FC Rd,Near Metro Station,Hyderabad,Telangana,India,755361
SAP1612,Alok,Nair,alok.nair64@sap.com,9433327377,1990-12-18,COMP12,PLANT12,MG12,2026-01-19,SAP,NAT4612,101 FC Rd,,Bangalore,Karnataka,India,768536
SAP1192,Sachin,Joshi,sachin.joshi67@sap.com,9390862301,1970-11-16,COMP12,PLANT12,MG12,2026-01-06,SAP,NAT4192,23 Brigade Rd,Opposite Mall,Bangalore,Karnataka,India,930436
SAP1867,Arvind,Banerjee,arvind.banerjee86@sap.com,9901374474,1980-07-05,COMP27,PLANT27,MG27,2026-02-18,SAP,NAT4867,67 Law Garden Rd,Next to Market,Delhi,Delhi,India,883882
SAP1801,Manish,Rao,manish.rao87@sap.com,9051964762,1986-06-17,COMP21,PLANT21,MG21,2026-02-16,SAP,NAT4801,12 Residency Rd,Above Central Bank,Pune,Maharashtra,India,156344
SAP1905,Neha,Patel,neha.patel40@sap.com,9784463615,1982-12-11,COMP05,PLANT05,MG05,2026-03-08,SAP,NAT4905,34 JM Road,Near City Center,Chennai,Tamil Nadu,India,743745
SAP1497,Sachin,Joshi,sachin.joshi67@sap.com,9494486864,1972-01-14,COMP17,PLANT17,MG17,2026-03-17,SAP,NAT4497,44 Ashram Rd,Above Central Bank,Kolkata,West Bengal,India,970478
SAP1131,Sunita,Gupta,sunita.gupta96@sap.com,9972305428,1982-04-11,COMP11,PLANT11,MG11,2026-03-24,SAP,NAT4131,101 FC Rd,Next to Market,Mumbai,Maharashtra,India,301657
SAP1062,Prakash,Iyer,prakash.iyer29@sap.com,9338495586,1998-01-08,COMP02,PLANT02,MG02,2026-02-14,SAP,NAT4062,12 MG Rd,Opposite Mall,Mumbai,Maharashtra,India,359614
SAP1594,Shreya,Banerjee,shreya.banerjee85@sap.com,9466792947,1976-06-24,COMP54,PLANT54,MG54,2026-01-11,SAP,NAT4594,45 Marine Dr,Opposite Mall,Jaipur,Rajasthan,India,859956
SAP1465,Karan,Shah,karan.shah36@sap.com,9211737376,1986-07-25,COMP45,PLANT45,MG45,2026-02-12,SAP,NAT4465,78 Connaught Pl,Next to Market,Bangalore,Karnataka,India,995134
SAP1149,Arjun,Kapoor,arjun.kapoor77@sap.com,9327960862,1977-05-20,COMP29,PLANT29,MG29,2026-02-19,SAP,NAT4149,12 MG Rd,Next to Market,Ahmedabad,Gujarat,India,921933
SAP1846,Lakshmi,Nair,lakshmi.nair99@sap.com,9559095101,1992-08-01,COMP06,PLANT06,MG06,2026-02-14,SAP,NAT4846,12 MG Rd,,Mumbai,Maharashtra,India,650265
SAP1648,Lakshmi,Nair,lakshmi.nair43@sap.com,9619646084,1989-07-06,COMP48,PLANT48,MG48,2026-01-14,SAP,NAT4648,55 MI Rd,Near City Center,Delhi,Delhi,India,289223
SAP1858,Seema,Mishra,seema.mishra97@sap.com,9579865704,1971-06-17,COMP18,PLANT18,MG18,2026-02-25,SAP,NAT4858,88 Worli Sea Face,Above Central Bank,Jaipur,Rajasthan,India,818964
SAP1607,Karan,Mishra,karan.mishra69@sap.com,9238916424,1999-05-13,COMP07,PLANT07,MG07,2026-01-13,SAP,NAT4607,23 Brigade Rd,Near City Center,Hyderabad,Telangana,India,425756
SAP1164,Alok,Iyer,alok.iyer17@sap.com,9031128886,1984-06-15,COMP44,PLANT44,MG44,2026-03-02,SAP,NAT4164,77 Linking Rd,Next to Market,Jaipur,Rajasthan,India,176501
SAP1585,Suresh,Bajaj,suresh.bajaj38@sap.com,9556221286,1996-08-04,COMP45,PLANT45,MG45,2026-01-20,SAP,NAT4585,77 Linking Rd,Near Old Town,Surat,Gujarat,India,352783
SAP1521,Shreya,Verma,shreya.verma47@sap.com,9523289556,1996-06-07,COMP41,PLANT41,MG41,2026-01-10,SAP,NAT4521,88 Worli Sea Face,Opposite Mall,Hyderabad,Telangana,India,773718
SAP1921,Meena,Reddy,meena.reddy91@sap.com,9826896448,1996-05-19,COMP21,PLANT21,MG21,2026-03-28,SAP,NAT4921,67 Law Garden Rd,Next to Market,Bangalore,Karnataka,India,326139
SAP1473,Neha,Sharma,neha.sharma56@sap.com,9646528307,1982-07-06,COMP53,PLANT53,MG53,2026-02-24,SAP,NAT4473,55 MI Rd,Near City Center,Jaipur,Rajasthan,India,699287
SAP1637,Rahul,Iyer,rahul.iyer75@sap.com,9523588098,1974-10-07,COMP37,PLANT37,MG37,2026-03-29,SAP,NAT4637,45 Marine Dr,Near Old Town,Ahmedabad,Gujarat,India,292067
SAP1483,Rajiv,Guptha,rajiv.guptha13@sap.com,9278608455,2000-02-27,COMP03,PLANT03,MG03,2026-01-31,SAP,NAT4483,34 JM Road,Near Old Town,Pune,Maharashtra,India,589288
SAP1410,Prakash,Tiwari,prakash.tiwari67@sap.com,9161635343,1983-09-28,COMP50,PLANT50,MG50,2026-02-24,SAP,NAT4410,78 Connaught Pl,Opposite Mall,Hyderabad,Telangana,India,439321
SAP1173,Neha,Reddy,neha.reddy81@sap.com,9753683398,1981-04-04,COMP53,PLANT53,MG53,2026-01-23,SAP,NAT4173,56 Chandni Chowk,Above Central Bank,Chennai,Tamil Nadu,India,678802
SAP1437,Sunita,Yadav,sunita.yadav83@sap.com,9484076189,1973-10-08,COMP17,PLANT17,MG17,2026-02-05,SAP,NAT4437,67 Law Garden Rd,Above Central Bank,Chennai,Tamil Nadu,India,257136
SAP1253,Harish,Verma,harish.verma55@sap.com,9685694940,1970-07-21,COMP13,PLANT13,MG13,2026-03-26,SAP,NAT4253,45 Marine Dr,Next to Market,Surat,Gujarat,India,885540
SAP1903,Anita,Menon,anita.menon12@sap.com,9524316426,1998-10-14,COMP03,PLANT03,MG03,2026-02-16,SAP,NAT4903,101 FC Rd,Near Metro Station,Hyderabad,Telangana,India,167505
SAP1839,Harish,Guptha,harish.guptha26@sap.com,9838514282,1976-06-09,COMP59,PLANT59,MG59,2026-03-01,SAP,NAT4839,78 Connaught Pl,Near Old Town,Hyderabad,Telangana,India,871508
SAP1750,Arjun,Patel,arjun.patel94@sap.com,9652951067,1984-07-17,COMP30,PLANT30,MG30,2026-02-03,SAP,NAT4750,34 JM Road,Above Central Bank,Pune,Maharashtra,India,961005
SAP1773,Vinod,Joshi,vinod.joshi73@sap.com,9951764353,1972-12-17,COMP53,PLANT53,MG53,2026-02-11,SAP,NAT4773,88 Worli Sea Face,Near Old Town,Pune,Maharashtra,India,508376
SAP1314,Seema,Rao,seema.rao18@sap.com,9321305139,1993-06-22,COMP14,PLANT14,MG14,2026-01-13,SAP,NAT4314,56 Chandni Chowk,Opposite Mall,Kolkata,West Bengal,India,872447
SAP1268,Divya,Sharma,divya.sharma95@sap.com,9988504734,1994-08-27,COMP28,PLANT28,MG28,2026-03-29,SAP,NAT4268,12 MG Rd,Opposite Mall,Ahmedabad,Gujarat,India,419441
SAP1651,Ramesh,Dubey,ramesh.dubey32@sap.com,9091395715,1989-12-22,COMP51,PLANT51,MG51,2026-02-01,SAP,NAT4651,101 FC Rd,Near Metro Station,Pune,Maharashtra,India,933320
SAP1458,Jane,Patil,jane.patil21@sap.com,9147670767,1970-07-21,COMP38,PLANT38,MG38,2026-01-15,SAP,NAT4458,90 Karol Bagh Market,Opposite Mall,Pune,Maharashtra,India,815256
SAP1805,Karan,Srivastava,karan.srivastava55@sap.com,9327206316,1983-10-13,COMP25,PLANT25,MG25,2026-01-24,SAP,NAT4805,67 Law Garden Rd,Opposite Mall,Surat,Gujarat,India,989109
SAP1543,Sachin,Joshi,sachin.joshi94@sap.com,9004420066,1979-11-13,COMP03,PLANT03,MG03,2026-03-11,SAP,NAT4543,12 MG Rd,,Mumbai,Maharashtra,India,467230
SAP1370,Shalini,Patel,shalini.patel78@sap.com,9157438595,1988-04-07,COMP10,PLANT10,MG10,2026-03-03,SAP,NAT4370,78 Connaught Pl,Near Old Town,Mumbai,Maharashtra,India,927345
SAP1774,Sneha,Banerjee,sneha.banerjee39@sap.com,9699414776,1987-11-10,COMP54,PLANT54,MG54,2026-02-27,SAP,NAT4774,44 Ashram Rd,Near City Center,Hyderabad,Telangana,India,509962
SAP1428,Pooja,Desai,pooja.desai28@sap.com,9083644870,1997-02-21,COMP08,PLANT08,MG08,2026-01-21,SAP,NAT4428,90 Karol Bagh Market,Near City Center,Hyderabad,Telangana,India,267227
SAP1713,Shreya,Patel,shreya.patel38@sap.com,9922017602,2000-06-02,COMP53,PLANT53,MG53,2026-01-01,SAP,NAT4713,55 MI Rd,Near City Center,Delhi,Delhi,India,521716
SAP1785,Ravi,Iyer,ravi.iyer43@sap.com,9524699860,1981-07-17,COMP05,PLANT05,MG05,2026-01-29,SAP,NAT4785,55 MI Rd,Near Old Town,Jaipur,Rajasthan,India,653313
SAP1657,Harish,Reddy,harish.reddy38@sap.com,9095425175,1974-02-09,COMP57,PLANT57,MG57,2026-02-16,SAP,NAT4657,44 Ashram Rd,Next to Market,Mumbai,Maharashtra,India,537081
SAP1926,Rahul,Gupta,rahul.gupta35@sap.com,9509845681,1977-09-08,COMP26,PLANT26,MG26,2026-02-16,SAP,NAT4926,78 Connaught Pl,Above Central Bank,Pune,Maharashtra,India,211019
SAP1451,Sachin,Srivastava,sachin.srivastava10@sap.com,9705448357,1989-09-23,COMP31,PLANT31,MG31,2026-02-25,SAP,NAT4451,55 MI Rd,Above Central Bank,Chennai,Tamil Nadu,India,153743
SAP1599,Kavita,Banerjee,kavita.banerjee47@sap.com,9151650054,1987-11-28,COMP59,PLANT59,MG59,2026-01-22,SAP,NAT4599,88 Worli Sea Face,Next to Market,Chennai,Tamil Nadu,India,399435
SAP1618,Ajay,Agarwal,ajay.agarwal58@sap.com,9220727125,1972-10-17,COMP18,PLANT18,MG18,2026-03-03,SAP,NAT4618,55 MI Rd,,Jaipur,Rajasthan,India,519173
SAP1507,John,Mishra,john.mishra87@sap.com,9199393082,1972-01-14,COMP27,PLANT27,MG27,2026-01-21,SAP,NAT4507,77 Linking Rd,,Kolkata,West Bengal,India,944620
SAP1562,Rahul,Banerjee,rahul.banerjee20@sap.com,9060128200,1995-07-27,COMP22,PLANT22,MG22,2026-01-28,SAP,NAT4562,101 FC Rd,Next to Market,Delhi,Delhi,India,936773
SAP1589,Anjali,Kumar,anjali.kumar2@sap.com,9110337714,1980-03-23,COMP49,PLANT49,MG49,2026-02-11,SAP,NAT4589,56 Chandni Chowk,,Jaipur,Rajasthan,India,324174
SAP1487,Alok,Srivastava,alok.srivastava2@sap.com,9731329585,1984-02-06,COMP07,PLANT07,MG07,2026-01-10,SAP,NAT4487,45 Marine Dr,Near Metro Station,Delhi,Delhi,India,958519
SAP1464,Amit,Tiwari,amit.tiwari92@sap.com,9203910553,1997-07-13,COMP44,PLANT44,MG44,2026-02-17,SAP,NAT4464,55 MI Rd,,Hyderabad,Telangana,India,879979
SAP1578,Sanjay,Reddy,sanjay.reddy61@sap.com,9733706588,1970-09-09,COMP38,PLANT38,MG38,2026-03-03,SAP,NAT4578,12 Residency Rd,Next to Market,Ahmedabad,Gujarat,India,696064
SAP1574,Amit,Malhotra,amit.malhotra4@sap.com,9892397116,1974-01-02,COMP34,PLANT34,MG34,2026-02-12,SAP,NAT4574,101 FC Rd,Near Metro Station,Surat,Gujarat,India,222785
SAP1159,Shalini,Kumar,shalini.kumar56@sap.com,9846804590,1980-08-05,COMP39,PLANT39,MG39,2026-01-29,SAP,NAT4159,77 Linking Rd,Opposite Mall,Kolkata,West Bengal,India,973582
SAP1424,Amit,Joshi,amit.joshi7@sap.com,9597928275,1990-05-04,COMP04,PLANT04,MG04,2026-01-03,SAP,NAT4424,56 Chandni Chowk,Near City Center,Jaipur,Rajasthan,India,493277
SAP1074,Pooja,Rao,pooja.rao14@sap.com,9686175458,1975-03-13,COMP14,PLANT14,MG14,2026-02-23,SAP,NAT4074,12 MG Rd,Opposite Mall,Surat,Gujarat,India,491964
SAP1880,Sanjay,Rao,sanjay.rao35@sap.com,9397036990,1978-05-04,COMP40,PLANT40,MG40,2026-01-13,SAP,NAT4880,56 Chandni Chowk,Near Metro Station,Chennai,Tamil Nadu,India,898708
SAP1756,Arjun,Kapoor,arjun.kapoor91@sap.com,9381960008,1972-06-06,COMP36,PLANT36,MG36,2026-02-10,SAP,NAT4756,77 Linking Rd,Next to Market,Hyderabad,Telangana,India,289403
SAP1258,Manish,Verma,manish.verma38@sap.com,9361334222,1993-09-06,COMP18,PLANT18,MG18,2026-01-29,SAP,NAT4258,45 Marine Dr,Near Metro Station,Mumbai,Maharashtra,India,830426
SAP1482,Anita,Iyer,anita.iyer2@sap.com,9036552302,1982-06-04,COMP02,PLANT02,MG02,2026-01-14,SAP,NAT4482,77 Linking Rd,Near City Center,Chennai,Tamil Nadu,India,910665
SAP1204,Lakshmi,Mehta,lakshmi.mehta94@sap.com,9296907190,1993-01-04,COMP24,PLANT24,MG24,2026-02-02,SAP,NAT4204,23 Brigade Rd,Near Old Town,Ahmedabad,Gujarat,India,970132
SAP1938,Ravi,Sharma,ravi.sharma98@sap.com,9203942381,1988-11-14,COMP38,PLANT38,MG38,2026-03-31,SAP,NAT4938,23 Brigade Rd,Above Central Bank,Bangalore,Karnataka,India,128499
SAP1026,Meera,Kaur,meera.kaur76@sap.com,9434749448,1987-12-11,COMP26,PLANT26,MG26,2026-02-20,SAP,NAT4026,34 JM Road,Near City Center,Ahmedabad,Gujarat,India,811557
SAP1137,Amit,Agarwal,amit.agarwal63@sap.com,9529914047,1983-02-14,COMP17,PLANT17,MG17,2026-02-04,SAP,NAT4137,56 Chandni Chowk,Near Old Town,Ahmedabad,Gujarat,India,890294
SAP1349,Ravi,Chopra,ravi.chopra46@sap.com,9223695468,2000-08-16,COMP49,PLANT49,MG49,2026-03-22,SAP,NAT4349,90 Karol Bagh Market,Next to Market,Jaipur,Rajasthan,India,347415
SAP1254,Alok,Patil,alok.patil28@sap.com,9123601353,1975-04-02,COMP14,PLANT14,MG14,2026-02-20,SAP,NAT4254,23 Brigade Rd,,Kolkata,West Bengal,India,281465
SAP1481,Manish,Kaur,manish.kaur53@sap.com,9084590758,1996-10-25,COMP01,PLANT01,MG01,2026-03-29,SAP,NAT4481,12 Residency Rd,Next to Market,Ahmedabad,Gujarat,India,250202
SAP1791,Sachin,Menon,sachin.menon96@sap.com,9801434286,1978-12-28,COMP11,PLANT11,MG11,2026-02-15,SAP,NAT4791,44 Ashram Rd,Above Central Bank,Pune,Maharashtra,India,856244
SAP1830,Deepak,Srivastava,deepak.srivastava72@sap.com,9142145119,1999-08-07,COMP50,PLANT50,MG50,2026-02-12,SAP,NAT4830,34 JM Road,Next to Market,Ahmedabad,Gujarat,India,287829
SAP1278,Seema,Mishra,seema.mishra7@sap.com,9061080466,1980-05-03,COMP38,PLANT38,MG38,2026-01-29,SAP,NAT4278,45 Marine Dr,Next to Market,Ahmedabad,Gujarat,India,432986
SAP1730,Manish,Kaur,manish.kaur16@sap.com,9433649065,1997-12-08,COMP10,PLANT10,MG10,2026-03-11,SAP,NAT4730,23 Brigade Rd,Near Old Town,Surat,Gujarat,India,885212
SAP1588,Seema,Bajaj,seema.bajaj75@sap.com,9004755437,1973-06-25,COMP48,PLANT48,MG48,2026-02-02,SAP,NAT4588,55 MI Rd,Near Old Town,Delhi,Delhi,India,937407
SAP1381,Kavita,Patil,kavita.patil5@sap.com,9629061583,2000-11-15,COMP21,PLANT21,MG21,2026-03-22,SAP,NAT4381,12 Residency Rd,Above Central Bank,Pune,Maharashtra,India,195627
SAP1557,Pooja,Tiwari,pooja.tiwari84@sap.com,9608330235,1980-12-13,COMP17,PLANT17,MG17,2026-02-05,SAP,NAT4557,78 Connaught Pl,Near Metro Station,Ahmedabad,Gujarat,India,339000
SAP1535,Deepak,Pandey,deepak.pandey61@sap.com,9309526001,1988-07-15,COMP55,PLANT55,MG55,2026-01-11,SAP,NAT4535,67 Law Garden Rd,Near City Center,Chennai,Tamil Nadu,India,852528
SAP1450,Sunita,Bajaj,sunita.bajaj28@sap.com,9392894658,1986-12-16,COMP30,PLANT30,MG30,2026-03-05,SAP,NAT4450,77 Linking Rd,Next to Market,Kolkata,West Bengal,India,302985
SAP1645,Harish,Joshi,harish.joshi25@sap.com,9837609207,1972-03-04,COMP45,PLANT45,MG45,2026-02-24,SAP,NAT4645,56 Chandni Chowk,Near City Center,Jaipur,Rajasthan,India,127666
SAP1923,Rajiv,Menon,rajiv.menon71@sap.com,9032436797,1988-10-27,COMP23,PLANT23,MG23,2026-03-09,SAP,NAT4923,56 Chandni Chowk,Near Metro Station,Ahmedabad,Gujarat,India,507631
SAP1553,John,Kumar,john.kumar76@sap.com,9305486687,1971-04-17,COMP13,PLANT13,MG13,2026-01-08,SAP,NAT4553,90 Karol Bagh Market,Near Old Town,Surat,Gujarat,India,850615
SAP1288,Manish,Malhotra,manish.malhotra52@sap.com,9377959186,1992-10-04,COMP48,PLANT48,MG48,2026-01-16,SAP,NAT4288,12 MG Rd,Near City Center,Delhi,Delhi,India,751197
SAP1455,Neha,Reddy,neha.reddy41@sap.com,9093863111,1978-06-27,COMP35,PLANT35,MG35,2026-03-04,SAP,NAT4455,56 Chandni Chowk,Near City Center,Kolkata,West Bengal,India,440864
SAP1519,Alok,Rao,alok.rao57@sap.com,9875563308,1986-07-25,COMP39,PLANT39,MG39,2026-01-12,SAP,NAT4519,34 JM Road,Above Central Bank,Kolkata,West Bengal,India,925324
SAP1039,Ajay,Nair,ajay.nair31@sap.com,9997129342,1980-01-11,COMP39,PLANT39,MG39,2026-03-03,SAP,NAT4039,12 Residency Rd,Opposite Mall,Chennai,Tamil Nadu,India,706201
SAP1484,Jane,Singh,jane.singh19@sap.com,9460145408,1973-11-24,COMP04,PLANT04,MG04,2026-01-20,SAP,NAT4484,77 Linking Rd,Opposite Mall,Surat,Gujarat,India,163006
SAP1019,Seema,Bajaj,seema.bajaj58@sap.com,9936145483,1983-04-28,COMP19,PLANT19,MG19,2026-02-07,SAP,NAT4019,23 Brigade Rd,Near Old Town,Kolkata,West Bengal,India,514297
SAP1901,Vikas,Agarwal,vikas.agarwal38@sap.com,9723409167,1978-07-27,COMP01,PLANT01,MG01,2026-03-13,SAP,NAT4901,34 JM Road,Near Old Town,Jaipur,Rajasthan,India,579817
SAP1386,Pooja,Bajaj,pooja.bajaj94@sap.com,9457132314,1975-11-20,COMP26,PLANT26,MG26,2026-01-06,SAP,NAT4386,12 MG Rd,Opposite Mall,Jaipur,Rajasthan,India,939958
SAP1513,Pooja,Gupta,pooja.gupta75@sap.com,9984768852,1973-06-23,COMP33,PLANT33,MG33,2026-03-05,SAP,NAT4513,44 Ashram Rd,,Jaipur,Rajasthan,India,374387
SAP1182,Vikas,Pandey,vikas.pandey21@sap.com,9468253083,2000-07-12,COMP02,PLANT02,MG02,2026-03-24,SAP,NAT4182,23 Brigade Rd,Near Metro Station,Delhi,Delhi,India,885551
SAP1524,Ravi,Reddy,ravi.reddy43@sap.com,9102486661,1993-03-24,COMP44,PLANT44,MG44,2026-01-21,SAP,NAT4524,56 Chandni Chowk,Opposite Mall,Ahmedabad,Gujarat,India,396338
SAP1650,Sunita,Patil,sunita.patil44@sap.com,9945226088,2000-07-24,COMP50,PLANT50,MG50,2026-03-28,SAP,NAT4650,23 Brigade Rd,Near Metro Station,Hyderabad,Telangana,India,516540
SAP1510,Prakash,Pandey,prakash.pandey40@sap.com,9632525427,1980-09-02,COMP30,PLANT30,MG30,2026-02-25,SAP,NAT4510,90 Karol Bagh Market,Near Old Town,Delhi,Delhi,India,478892
SAP1763,Sunil,Kaur,sunil.kaur62@sap.com,9622343769,1987-04-06,COMP43,PLANT43,MG43,2026-03-07,SAP,NAT4763,34 JM Road,Near City Center,Chennai,Tamil Nadu,India,204192
SAP1301,Arvind,Kaur,arvind.kaur18@sap.com,9429043070,1977-10-18,COMP01,PLANT01,MG01,2026-01-31,SAP,NAT4301,88 Worli Sea Face,Near City Center,Chennai,Tamil Nadu,India,388298
SAP1302,Rekha,Joshi,rekha.joshi11@sap.com,9160797599,1971-01-18,COMP02,PLANT02,MG02,2026-03-19,SAP,NAT4302,44 Ashram Rd,Opposite Mall,Kolkata,West Bengal,India,192310
SAP1512,Sunil,Tiwari,sunil.tiwari66@sap.com,9380992473,1970-04-15,COMP32,PLANT32,MG32,2026-03-14,SAP,NAT4512,12 MG Rd,Near Old Town,Pune,Maharashtra,India,111059
SAP1462,Prakash,Guptha,prakash.guptha34@sap.com,9202186352,1990-08-28,COMP42,PLANT42,MG42,2026-01-23,SAP,NAT4462,90 Karol Bagh Market,Above Central Bank,Ahmedabad,Gujarat,India,434119
SAP1049,Deepak,Agarwal,deepak.agarwal63@sap.com,9256678079,1976-09-23,COMP49,PLANT49,MG49,2026-01-27,SAP,NAT4049,78 Connaught Pl,Near City Center,Delhi,Delhi,India,842369
SAP1407,Rohit,Mehta,rohit.mehta12@sap.com,9596004254,1974-01-11,COMP47,PLANT47,MG47,2026-03-18,SAP,NAT4407,12 Residency Rd,Opposite Mall,Pune,Maharashtra,India,517744
SAP1184,Vinod,Singh,vinod.singh44@sap.com,9483625739,1989-02-17,COMP04,PLANT04,MG04,2026-03-28,SAP,NAT4184,12 Residency Rd,Opposite Mall,Ahmedabad,Gujarat,India,298279
SAP1682,Jane,Menon,jane.menon93@sap.com,9511533998,1971-03-14,COMP22,PLANT22,MG22,2026-02-24,SAP,NAT4682,12 Residency Rd,Next to Market,Ahmedabad,Gujarat,India,991059
SAP1325,Seema,Agarwal,seema.agarwal30@sap.com,9246294390,1976-05-07,COMP25,PLANT25,MG25,2026-02-04,SAP,NAT4325,45 Marine Dr,,Jaipur,Rajasthan,India,908553
SAP1029,Ramesh,Menon,ramesh.menon60@sap.com,9332259390,1998-01-24,COMP29,PLANT29,MG29,2026-01-04,SAP,NAT4029,34 JM Road,Above Central Bank,Pune,Maharashtra,India,889693
SAP1941,Amit,Mehta,amit.mehta17@sap.com,9736712312,1990-03-19,COMP41,PLANT41,MG41,2026-02-02,SAP,NAT4941,90 Karol Bagh Market,Opposite Mall,Bangalore,Karnataka,India,976807
SAP1065,Divya,Reddy,divya.reddy68@sap.com,9952076158,2000-07-13,COMP05,PLANT05,MG05,2026-01-31,SAP,NAT4065,45 Marine Dr,Near Old Town,Kolkata,West Bengal,India,856766
SAP1919,Suresh,Rao,suresh.rao29@sap.com,9910620848,1980-12-25,COMP19,PLANT19,MG19,2026-01-27,SAP,NAT4919,23 Brigade Rd,Opposite Mall,Kolkata,West Bengal,India,219815
SAP1715,Ajay,Desai,ajay.desai58@sap.com,9933992094,1990-01-02,COMP55,PLANT55,MG55,2026-01-23,SAP,NAT4715,77 Linking Rd,,Delhi,Delhi,India,553783
SAP1059,Divya,Iyer,divya.iyer73@sap.com,9209736262,1988-03-23,COMP59,PLANT59,MG59,2026-02-08,SAP,NAT4059,78 Connaught Pl,Above Central Bank,Kolkata,West Bengal,India,786938
SAP1108,Pooja,Rao,pooja.rao31@sap.com,9293556586,1976-04-27,COMP48,PLANT48,MG48,2026-03-23,SAP,NAT4108,23 Brigade Rd,,Mumbai,Maharashtra,India,297763
SAP1300,John,Desai,john.desai5@sap.com,9229451611,1991-11-06,COMP60,PLANT60,MG60,2026-01-01,SAP,NAT4300,101 FC Rd,Next to Market,Hyderabad,Telangana,India,761131
SAP1177,Karan,Malhotra,karan.malhotra94@sap.com,9471919619,1987-07-08,COMP57,PLANT57,MG57,2026-01-03,SAP,NAT4177,12 MG Rd,Near City Center,Hyderabad,Telangana,India,168070
SAP1667,Divya,Shah,divya.shah26@sap.com,9908226972,1976-05-07,COMP07,PLANT07,MG07,2026-01-20,SAP,NAT4667,77 Linking Rd,Opposite Mall,Ahmedabad,Gujarat,India,778921
SAP1013,Harish,Rao,harish.rao47@sap.com,9040015736,1986-08-12,COMP13,PLANT13,MG13,2026-02-14,SAP,NAT4013,45 Marine Dr,Next to Market,Chennai,Tamil Nadu,India,330388
SAP1937,Amit,Gupta,amit.gupta7@sap.com,9705621457,1978-09-06,COMP37,PLANT37,MG37,2026-02-28,SAP,NAT4937,56 Chandni Chowk,Near Metro Station,Pune,Maharashtra,India,193958
SAP1230,Sachin,Dubey,sachin.dubey48@sap.com,9435086674,1991-04-04,COMP50,PLANT50,MG50,2026-03-27,SAP,NAT4230,55 MI Rd,Above Central Bank,Ahmedabad,Gujarat,India,374025
SAP1090,Meera,Kumar,meera.kumar53@sap.com,9865375388,1982-06-04,COMP30,PLANT30,MG30,2026-03-30,SAP,NAT4090,56 Chandni Chowk,Near Metro Station,Pune,Maharashtra,India,123749
SAP1767,Seema,Kaur,seema.kaur69@sap.com,9243120612,1981-05-03,COMP47,PLANT47,MG47,2026-01-08,SAP,NAT4767,56 Chandni Chowk,Near Metro Station,Ahmedabad,Gujarat,India,273585
SAP1413,Seema,Guptha,seema.guptha84@sap.com,9260656376,1980-04-08,COMP53,PLANT53,MG53,2026-02-22,SAP,NAT4413,78 Connaught Pl,Near Metro Station,Kolkata,West Bengal,India,751779
SAP1560,Rohit,Banerjee,rohit.banerjee28@sap.com,9732453337,1983-05-19,COMP20,PLANT20,MG20,2026-02-13,SAP,NAT4560,77 Linking Rd,Near City Center,Delhi,Delhi,India,860853
SAP1754,Rekha,Mishra,rekha.mishra14@sap.com,9678990820,1982-05-24,COMP34,PLANT34,MG34,2026-02-18,SAP,NAT4754,56 Chandni Chowk,Near Old Town,Ahmedabad,Gujarat,India,963252
SAP1699,Lakshmi,Kapoor,lakshmi.kapoor48@sap.com,9232890069,1993-10-21,COMP39,PLANT39,MG39,2026-01-21,SAP,NAT4699,56 Chandni Chowk,Near Old Town,Delhi,Delhi,India,692135
SAP1725,Sneha,Singh,sneha.singh91@sap.com,9505153012,1999-11-02,COMP05,PLANT05,MG05,2026-01-07,SAP,NAT4725,88 Worli Sea Face,Next to Market,Pune,Maharashtra,India,428851
SAP1430,Vinod,Patel,vinod.patel59@sap.com,9444570865,1993-10-15,COMP10,PLANT10,MG10,2026-01-01,SAP,NAT4430,23 Brigade Rd,Next to Market,Pune,Maharashtra,India,343159
SAP1624,Sunil,Joshi,sunil.joshi49@sap.com,9877046450,1971-08-01,COMP24,PLANT24,MG24,2026-03-29,SAP,NAT4624,23 Brigade Rd,Near Old Town,Surat,Gujarat,India,777885
SAP1816,Suresh,Mehta,suresh.mehta95@sap.com,9461025976,1983-11-09,COMP36,PLANT36,MG36,2026-01-10,SAP,NAT4816,23 Brigade Rd,Next to Market,Ahmedabad,Gujarat,India,926422
SAP1315,Vinay,Guptha,vinay.guptha99@sap.com,9395647915,1977-05-02,COMP15,PLANT15,MG15,2026-01-22,SAP,NAT4315,90 Karol Bagh Market,Near Old Town,Chennai,Tamil Nadu,India,289718
SAP1934,Priya,Reddy,priya.reddy31@sap.com,9552482945,1972-11-06,COMP34,PLANT34,MG34,2026-02-03,SAP,NAT4934,101 FC Rd,Near City Center,Ahmedabad,Gujarat,India,820551
SAP1284,Neha,Patil,neha.patil42@sap.com,9038137818,1975-07-04,COMP44,PLANT44,MG44,2026-03-26,SAP,NAT4284,44 Ashram Rd,Near City Center,Hyderabad,Telangana,India,537398
SAP1539,Rekha,Patil,rekha.patil27@sap.com,9617363698,1997-07-16,COMP59,PLANT59,MG59,2026-02-26,SAP,NAT4539,44 Ashram Rd,Above Central Bank,Kolkata,West Bengal,India,960178
SAP1155,Harish,Malhotra,harish.malhotra56@sap.com,9155446062,1971-03-22,COMP35,PLANT35,MG35,2026-01-14,SAP,NAT4155,56 Chandni Chowk,Near Metro Station,Delhi,Delhi,India,331779
SAP1874,Anjali,Shah,anjali.shah98@sap.com,9757668792,1995-06-23,COMP34,PLANT34,MG34,2026-03-10,SAP,NAT4874,77 Linking Rd,,Chennai,Tamil Nadu,India,452847
SAP1241,Suresh,Guptha,suresh.guptha31@sap.com,9739192298,1977-01-24,COMP01,PLANT01,MG01,2026-02-13,SAP,NAT4241,12 MG Rd,Above Central Bank,Mumbai,Maharashtra,India,191281
SAP1358,Suresh,Joshi,suresh.joshi70@sap.com,9466775502,1973-04-09,COMP58,PLANT58,MG58,2026-02-28,SAP,NAT4358,77 Linking Rd,,Ahmedabad,Gujarat,India,941133
SAP1556,Deepak,Menon,deepak.menon66@sap.com,9874816368,1983-04-14,COMP16,PLANT16,MG16,2026-03-01,SAP,NAT4556,90 Karol Bagh Market,Opposite Mall,Surat,Gujarat,India,328778
SAP1558,Arvind,Joshi,arvind.joshi75@sap.com,9935886881,1971-09-03,COMP18,PLANT18,MG18,2026-03-01,SAP,NAT4558,78 Connaught Pl,Near Metro Station,Jaipur,Rajasthan,India,950282
SAP1165,Harish,Menon,harish.menon3@sap.com,9919925217,1983-11-01,COMP45,PLANT45,MG45,2026-01-14,SAP,NAT4165,90 Karol Bagh Market,Opposite Mall,Pune,Maharashtra,India,503913
SAP1209,Shreya,Bajaj,shreya.bajaj31@sap.com,9943851436,1983-06-13,COMP29,PLANT29,MG29,2026-01-11,SAP,NAT4209,45 Marine Dr,Near City Center,Hyderabad,Telangana,India,774937
SAP1426,Manish,Sharma,manish.sharma85@sap.com,9532718079,1998-09-15,COMP06,PLANT06,MG06,2026-02-07,SAP,NAT4426,34 JM Road,Near Old Town,Kolkata,West Bengal,India,867156
SAP1036,Neha,Tiwari,neha.tiwari20@sap.com,9823340096,1990-08-13,COMP36,PLANT36,MG36,2026-01-11,SAP,NAT4036,77 Linking Rd,Opposite Mall,Ahmedabad,Gujarat,India,467211
SAP1369,Shreya,Kumar,shreya.kumar51@sap.com,9651398732,1976-02-10,COMP09,PLANT09,MG09,2026-01-04,SAP,NAT4369,78 Connaught Pl,Next to Market,Hyderabad,Telangana,India,662370
SAP1488,Karan,Kapoor,karan.kapoor21@sap.com,9889985782,1995-08-01,COMP08,PLANT08,MG08,2026-03-08,SAP,NAT4488,101 FC Rd,Near City Center,Mumbai,Maharashtra,India,580333
SAP1292,Meena,Menon,meena.menon59@sap.com,9255781681,1985-08-26,COMP52,PLANT52,MG52,2026-02-08,SAP,NAT4292,78 Connaught Pl,Above Central Bank,Kolkata,West Bengal,India,408046
SAP1847,Meena,Shah,meena.shah10@sap.com,9222829254,1979-04-26,COMP07,PLANT07,MG07,2026-02-08,SAP,NAT4847,78 Connaught Pl,Near City Center,Surat,Gujarat,India,538936
SAP1038,Ravi,Kumar,ravi.kumar88@sap.com,9976152194,1984-07-05,COMP38,PLANT38,MG38,2026-01-13,SAP,NAT4038,67 Law Garden Rd,Above Central Bank,Surat,Gujarat,India,879402
SAP1522,Harish,Menon,harish.menon61@sap.com,9815366922,1972-02-02,COMP42,PLANT42,MG42,2026-02-20,SAP,NAT4522,44 Ashram Rd,Near City Center,Mumbai,Maharashtra,India,296987
SAP1045,Ramesh,Joshi,ramesh.joshi22@sap.com,9452612655,1981-12-11,COMP45,PLANT45,MG45,2026-01-11,SAP,NAT4045,78 Connaught Pl,Near City Center,Kolkata,West Bengal,India,775146
SAP1486,Harish,Rao,harish.rao85@sap.com,9063832239,1983-11-28,COMP06,PLANT06,MG06,2026-03-03,SAP,NAT4486,90 Karol Bagh Market,Near Metro Station,Ahmedabad,Gujarat,India,538186
SAP1118,Meera,Yadav,meera.yadav38@sap.com,9743302117,1977-03-10,COMP58,PLANT58,MG58,2026-01-02,SAP,NAT4118,23 Brigade Rd,Above Central Bank,Jaipur,Rajasthan,India,517790
SAP1145,Pooja,Sharma,pooja.sharma83@sap.com,9569120852,1979-08-27,COMP25,PLANT25,MG25,2026-02-23,SAP,NAT4145,78 Connaught Pl,Near Metro Station,Pune,Maharashtra,India,510598
SAP1359,Meera,Joshi,meera.joshi1@sap.com,9115745887,1975-09-25,COMP59,PLANT59,MG59,2026-03-07,SAP,NAT4359,12 Residency Rd,,Bangalore,Karnataka,India,404744
SAP1461,Divya,Kaur,divya.kaur66@sap.com,9451644640,1976-11-28,COMP41,PLANT41,MG41,2026-03-29,SAP,NAT4461,44 Ashram Rd,Opposite Mall,Jaipur,Rajasthan,India,563084
SAP1228,Sunita,Bajaj,sunita.bajaj69@sap.com,9595734861,1971-01-20,COMP48,PLANT48,MG48,2026-03-25,SAP,NAT4228,88 Worli Sea Face,Above Central Bank,Mumbai,Maharashtra,India,579985
SAP1048,John,Yadav,john.yadav81@sap.com,9610579041,1984-01-20,COMP48,PLANT48,MG48,2026-02-21,SAP,NAT4048,44 Ashram Rd,,Delhi,Delhi,India,187686
SAP1592,Ravi,Singh,ravi.singh61@sap.com,9682749652,1975-12-13,COMP52,PLANT52,MG52,2026-03-09,SAP,NAT4592,45 Marine Dr,,Chennai,Tamil Nadu,India,823987
SAP1758,Anita,Dubey,anita.dubey39@sap.com,9952591493,1984-07-15,COMP38,PLANT38,MG38,2026-03-02,SAP,NAT4758,88 Worli Sea Face,Near City Center,Bangalore,Karnataka,India,780707
SAP1110,Arjun,Dubey,arjun.dubey28@sap.com,9956877487,1983-09-10,COMP50,PLANT50,MG50,2026-01-01,SAP,NAT4110,56 Chandni Chowk,Next to Market,Bangalore,Karnataka,India,935825
SAP1627,Vikas,Pandey,vikas.pandey67@sap.com,9216925469,1971-03-26,COMP27,PLANT27,MG27,2026-01-21,SAP,NAT4627,101 FC Rd,Next to Market,Bangalore,Karnataka,India,913317
SAP1641,Amit,Singh,amit.singh12@sap.com,9534192110,1989-05-08,COMP41,PLANT41,MG41,2026-02-03,SAP,NAT4641,67 Law Garden Rd,Near Metro Station,Bangalore,Karnataka,India,909481
SAP1485,Shalini,Shah,shalini.shah75@sap.com,9588198159,1975-11-27,COMP05,PLANT05,MG05,2026-01-04,SAP,NAT4485,34 JM Road,Next to Market,Hyderabad,Telangana,India,301191
SAP1516,John,Banerjee,john.banerjee12@sap.com,9151301861,1982-02-07,COMP36,PLANT36,MG36,2026-03-01,SAP,NAT4516,45 Marine Dr,Next to Market,Delhi,Delhi,India,417149
SAP1086,Harish,Pandey,harish.pandey74@sap.com,9813412533,1990-09-27,COMP26,PLANT26,MG26,2026-02-27,SAP,NAT4086,45 Marine Dr,Opposite Mall,Pune,Maharashtra,India,142162
SAP1508,Ajay,Nair,ajay.nair37@sap.com,9021777044,1986-11-20,COMP28,PLANT28,MG28,2026-01-22,SAP,NAT4508,34 JM Road,Next to Market,Delhi,Delhi,India,962755
SAP1581,Shreya,Kapoor,shreya.kapoor40@sap.com,9241080150,1971-04-27,COMP41,PLANT41,MG41,2026-03-23,SAP,NAT4581,78 Connaught Pl,,Jaipur,Rajasthan,India,677602
SAP1172,Alok,Joshi,alok.joshi28@sap.com,9871742482,1988-09-09,COMP52,PLANT52,MG52,2026-03-03,SAP,NAT4172,12 Residency Rd,Near City Center,Hyderabad,Telangana,India,592980
SAP1328,Kavita,Mishra,kavita.mishra2@sap.com,9790899519,1979-09-15,COMP28,PLANT28,MG28,2026-01-22,SAP,NAT4328,23 Brigade Rd,Next to Market,Delhi,Delhi,India,423146
SAP1094,Seema,Gupta,seema.gupta7@sap.com,9901839483,1978-08-22,COMP34,PLANT34,MG34,2026-03-04,SAP,NAT4094,12 MG Rd,Near City Center,Jaipur,Rajasthan,India,360054
SAP1854,Rohit,Menon,rohit.menon64@sap.com,9306085003,1974-12-23,COMP14,PLANT14,MG14,2026-01-19,SAP,NAT4854,101 FC Rd,Opposite Mall,Surat,Gujarat,India,137875
SAP1491,Neha,Patel,neha.patel45@sap.com,9151937724,1974-06-26,COMP11,PLANT11,MG11,2026-03-05,SAP,NAT4491,77 Linking Rd,Above Central Bank,Ahmedabad,Gujarat,India,979970
SAP1794,Harish,Agarwal,harish.agarwal42@sap.com,9400756758,1981-01-25,COMP14,PLANT14,MG14,2026-02-06,SAP,NAT4794,55 MI Rd,Above Central Bank,Chennai,Tamil Nadu,India,995287
SAP1333,Ravi,Rao,ravi.rao65@sap.com,9856207161,1983-02-15,COMP33,PLANT33,MG33,2026-02-10,SAP,NAT4333,34 JM Road,Opposite Mall,Pune,Maharashtra,India,538459
SAP1403,Harish,Chopra,harish.chopra72@sap.com,9779045687,1986-03-11,COMP43,PLANT43,MG43,2026-03-14,SAP,NAT4403,90 Karol Bagh Market,Next to Market,Delhi,Delhi,India,665102
SAP1091,Manish,Agarwal,manish.agarwal98@sap.com,9086891277,1995-04-08,COMP31,PLANT31,MG31,2026-03-13,SAP,NAT4091,55 MI Rd,Near Metro Station,Surat,Gujarat,India,842510
SAP1466,Karan,Joshi,karan.joshi71@sap.com,9800009006,1993-07-24,COMP46,PLANT46,MG46,2026-01-04,SAP,NAT4466,44 Ashram Rd,Near Metro Station,Mumbai,Maharashtra,India,746872
SAP1850,Seema,Chopra,seema.chopra87@sap.com,9723400866,1987-07-26,COMP10,PLANT10,MG10,2026-03-18,SAP,NAT4850,12 MG Rd,Near Metro Station,Hyderabad,Telangana,India,663599
SAP1452,Jane,Dubey,jane.dubey63@sap.com,9452566516,1984-01-23,COMP32,PLANT32,MG32,2026-02-02,SAP,NAT4452,45 Marine Dr,Opposite Mall,Pune,Maharashtra,India,220065
SAP1598,Deepak,Patel,deepak.patel68@sap.com,9011821067,1975-06-27,COMP58,PLANT58,MG58,2026-01-06,SAP,NAT4598,34 JM Road,Near Old Town,Mumbai,Maharashtra,India,237467
SAP1643,Kavita,Patel,kavita.patel14@sap.com,9783949458,1974-03-17,COMP43,PLANT43,MG43,2026-02-19,SAP,NAT4643,23 Brigade Rd,Near Metro Station,Pune,Maharashtra,India,429918
SAP1215,Manish,Sharma,manish.sharma37@sap.com,9677808634,1990-10-07,COMP35,PLANT35,MG35,2026-03-15,SAP,NAT4215,34 JM Road,Above Central Bank,Bangalore,Karnataka,India,651405
SAP1493,Sunil,Mishra,sunil.mishra60@sap.com,9091021241,1998-10-23,COMP13,PLANT13,MG13,2026-01-08,SAP,NAT4493,44 Ashram Rd,Next to Market,Jaipur,Rajasthan,India,965126
SAP1948,Sachin,Iyer,sachin.iyer57@sap.com,9828320044,1977-11-24,COMP48,PLANT48,MG48,2026-03-25,SAP,NAT4948,55 MI Rd,Near Metro Station,Kolkata,West Bengal,India,439244
SAP1822,Rajiv,Chopra,rajiv.chopra59@sap.com,9695816377,1988-05-18,COMP42,PLANT42,MG42,2026-01-26,SAP,NAT4822,44 Ashram Rd,Opposite Mall,Bangalore,Karnataka,India,302741
SAP1411,Karan,Iyer,karan.iyer88@sap.com,9317986482,1971-10-04,COMP51,PLANT51,MG51,2026-03-29,SAP,NAT4411,34 JM Road,Next to Market,Mumbai,Maharashtra,India,215508
SAP1776,Meera,Agarwal,meera.agarwal91@sap.com,9162119957,1997-03-10,COMP56,PLANT56,MG56,2026-02-12,SAP,NAT4776,23 Brigade Rd,Opposite Mall,Bangalore,Karnataka,India,261084
SAP1103,Prakash,Kapoor,prakash.kapoor34@sap.com,9228801601,1990-11-23,COMP43,PLANT43,MG43,2026-02-25,SAP,NAT4103,90 Karol Bagh Market,Above Central Bank,Mumbai,Maharashtra,India,200449
SAP1195,Seema,Banerjee,seema.banerjee79@sap.com,9215135951,1991-09-03,COMP15,PLANT15,MG15,2026-01-06,SAP,NAT4195,12 MG Rd,Near City Center,Mumbai,Maharashtra,India,866735
SAP1412,Alok,Agarwal,alok.agarwal57@sap.com,9037022016,1977-10-07,COMP52,PLANT52,MG52,2026-03-17,SAP,NAT4412,44 Ashram Rd,Opposite Mall,Delhi,Delhi,India,757955
SAP1853,Seema,Agarwal,seema.agarwal77@sap.com,9517585842,1973-07-10,COMP13,PLANT13,MG13,2026-03-04,SAP,NAT4853,90 Karol Bagh Market,Near Old Town,Pune,Maharashtra,India,856878
SAP1792,John,Shah,john.shah34@sap.com,9997221190,1980-04-02,COMP12,PLANT12,MG12,2026-03-28,SAP,NAT4792,88 Worli Sea Face,Next to Market,Mumbai,Maharashtra,India,795437
SAP1816,Suresh,Mehta,suresh.mehta95@sap.com,9461025976,1983-11-09,COMP36,PLANT36,MG36,2026-01-10,SAP,NAT4816,23 Brigade Rd,Next to Market,Ahmedabad,Gujarat,India,926422
SAP1366,Priya,Reddy,priya.reddy66@sap.com,9095333242,1994-05-16,COMP06,PLANT06,MG06,2026-03-28,SAP,NAT4366,56 Chandni Chowk,Near City Center,Bangalore,Karnataka,India,989311
SAP1299,Ravi,Yadav,ravi.yadav39@sap.com,9652459748,1981-04-14,COMP59,PLANT59,MG59,2026-03-25,SAP,NAT4299,55 MI Rd,,Bangalore,Karnataka,India,346339
SAP1295,Vinod,Yadav,vinod.yadav40@sap.com,9249574972,1987-09-15,COMP55,PLANT55,MG55,2026-01-25,SAP,NAT4295,101 FC Rd,Opposite Mall,Chennai,Tamil Nadu,India,844341
SAP1795,Amit,Singh,amit.singh23@sap.com,9962045924,1996-01-25,COMP15,PLANT15,MG15,2026-03-28,SAP,NAT4795,101 FC Rd,Next to Market,Delhi,Delhi,India,731495
SAP1690,Suresh,Singh,suresh.singh64@sap.com,9129092063,1973-03-08,COMP30,PLANT30,MG30,2026-02-13,SAP,NAT4690,45 Marine Dr,Next to Market,Jaipur,Rajasthan,India,339932
SAP1204,Lakshmi,Mehta,lakshmi.mehta94@sap.com,9296907190,1993-01-04,COMP24,PLANT24,MG24,2026-02-02,SAP,NAT4204,23 Brigade Rd,Near Old Town,Ahmedabad,Gujarat,India,970132
SAP1132,Ajay,Iyer,ajay.iyer24@sap.com,9892663089,1989-01-01,COMP12,PLANT12,MG12,2026-01-01,SAP,NAT4132,56 Chandni Chowk,Opposite Mall,Jaipur,Rajasthan,India,617115
SAP1093,Suresh,Joshi,suresh.joshi50@sap.com,9734319259,1998-03-20,COMP33,PLANT33,MG33,2026-03-27,SAP,NAT4093,101 FC Rd,Next to Market,Bangalore,Karnataka,India,630145
SAP1389,Shreya,Iyer,shreya.iyer67@sap.com,9579148418,1979-12-02,COMP29,PLANT29,MG29,2026-02-04,SAP,NAT4389,88 Worli Sea Face,Opposite Mall,Delhi,Delhi,India,550572
SAP1309,Pooja,Verma,pooja.verma60@sap.com,9008709446,1988-05-10,COMP09,PLANT09,MG09,2026-02-08,SAP,NAT4309,78 Connaught Pl,Next to Market,Jaipur,Rajasthan,India,375158
SAP1788,Rajiv,Menon,rajiv.menon77@sap.com,9030977894,1988-04-18,COMP08,PLANT08,MG08,2026-03-02,SAP,NAT4788,88 Worli Sea Face,Above Central Bank,Mumbai,Maharashtra,India,526912
SAP1238,Amit,Banerjee,amit.banerjee29@sap.com,9065026315,1976-01-24,COMP58,PLANT58,MG58,2026-01-31,SAP,NAT4238,88 Worli Sea Face,Opposite Mall,Mumbai,Maharashtra,India,501573
SAP1404,Jane,Joshi,jane.joshi45@sap.com,9340611791,1970-05-27,COMP44,PLANT44,MG44,2026-01-14,SAP,NAT4404,88 Worli Sea Face,Opposite Mall,Ahmedabad,Gujarat,India,674414
SAP1287,Deepak,Pandey,deepak.pandey33@sap.com,9853996052,1988-06-20,COMP47,PLANT47,MG47,2026-03-03,SAP,NAT4287,101 FC Rd,Next to Market,Jaipur,Rajasthan,India,682767
SAP1006,Vinod,Chopra,vinod.chopra10@sap.com,9424032793,1972-02-28,COMP06,PLANT06,MG06,2026-03-18,SAP,NAT4006,90 Karol Bagh Market,Opposite Mall,Delhi,Delhi,India,644892
SAP1780,Lakshmi,Malhotra,lakshmi.malhotra94@sap.com,9852474997,1985-05-26,COMP60,PLANT60,MG60,2026-02-25,SAP,NAT4780,12 MG Rd,Near Metro Station,Jaipur,Rajasthan,India,877239
SAP1399,Sneha,Rao,sneha.rao61@sap.com,9339380711,1991-12-07,COMP39,PLANT39,MG39,2026-02-07,SAP,NAT4399,101 FC Rd,Near Metro Station,Hyderabad,Telangana,India,596370
SAP1803,Vinay,Kapoor,vinay.kapoor97@sap.com,9492954020,1999-09-01,COMP23,PLANT23,MG23,2026-03-21,SAP,NAT4803,56 Chandni Chowk,,Delhi,Delhi,India,956832
SAP1243,Sunil,Chopra,sunil.chopra97@sap.com,9229852285,1988-10-15,COMP03,PLANT03,MG03,2026-02-14,SAP,NAT4243,55 MI Rd,Next to Market,Chennai,Tamil Nadu,India,673117
SAP1712,Sachin,Banerjee,sachin.banerjee23@sap.com,9928188338,1972-01-20,COMP52,PLANT52,MG52,2026-03-24,SAP,NAT4712,23 Brigade Rd,Near Metro Station,Surat,Gujarat,India,858935
SAP1273,Rahul,Pandey,rahul.pandey14@sap.com,9107813369,1985-08-21,COMP33,PLANT33,MG33,2026-02-03,SAP,NAT4273,55 MI Rd,Near City Center,Jaipur,Rajasthan,India,394097
SAP1199,Shreya,Rao,shreya.rao92@sap.com,9304778477,1996-01-08,COMP19,PLANT19,MG19,2026-03-21,SAP,NAT4199,67 Law Garden Rd,Next to Market,Hyderabad,Telangana,India,293046
SAP1335,Vinay,Mishra,vinay.mishra14@sap.com,9612772128,1998-05-26,COMP35,PLANT35,MG35,2026-01-29,SAP,NAT4335,55 MI Rd,Near City Center,Chennai,Tamil Nadu,India,492790
SAP1347,Sunita,Nair,sunita.nair98@sap.com,9143065921,1982-01-17,COMP47,PLANT47,MG47,2026-03-20,SAP,NAT4347,44 Ashram Rd,Above Central Bank,Chennai,Tamil Nadu,India,445880
SAP1864,Vinod,Desai,vinod.desai67@sap.com,9275421344,1984-09-07,COMP24,PLANT24,MG24,2026-02-13,SAP,NAT4864,12 Residency Rd,,Surat,Gujarat,India,527734
SAP1326,Divya,Desai,divya.desai83@sap.com,9110102713,1999-05-18,COMP26,PLANT26,MG26,2026-02-21,SAP,NAT4326,56 Chandni Chowk,Above Central Bank,Ahmedabad,Gujarat,India,362538
SAP1460,Meena,Joshi,meena.joshi21@sap.com,9044627448,1989-03-03,COMP40,PLANT40,MG40,2026-03-31,SAP,NAT4460,12 Residency Rd,Above Central Bank,Bangalore,Karnataka,India,235892
SAP1802,Meena,Malhotra,meena.malhotra55@sap.com,9775127838,1988-03-02,COMP22,PLANT22,MG22,2026-03-30,SAP,NAT4802,67 Law Garden Rd,Near City Center,Hyderabad,Telangana,India,749812
SAP1940,Shalini,Tiwari,shalini.tiwari93@sap.com,9181247608,1971-08-08,COMP40,PLANT40,MG40,2026-02-17,SAP,NAT4940,34 JM Road,Above Central Bank,Delhi,Delhi,India,488006
SAP1021,Karan,Gupta,karan.gupta29@sap.com,9589266144,1998-09-16,COMP21,PLANT21,MG21,2026-01-05,SAP,NAT4021,44 Ashram Rd,Next to Market,Surat,Gujarat,India,608967
SAP1878,Priya,Patil,priya.patil14@sap.com,9011310189,1975-01-21,COMP38,PLANT38,MG38,2026-03-04,SAP,NAT4878,55 MI Rd,Near Metro Station,Delhi,Delhi,India,838162
SAP1085,Vinay,Srivastava,vinay.srivastava86@sap.com,9027045118,1998-06-22,COMP25,PLANT25,MG25,2026-03-04,SAP,NAT4085,101 FC Rd,Next to Market,Hyderabad,Telangana,India,603374
SAP1305,Prakash,Nair,prakash.nair60@sap.com,9638993618,1979-02-02,COMP05,PLANT05,MG05,2026-02-16,SAP,NAT4305,12 Residency Rd,Near Metro Station,Ahmedabad,Gujarat,India,206001
SAP1474,Lakshmi,Iyer,lakshmi.iyer14@sap.com,9198440509,1976-02-27,COMP54,PLANT54,MG54,2026-03-20,SAP,NAT4474,34 JM Road,Near Old Town,Bangalore,Karnataka,India,694762
SAP1003,Rekha,Guptha,rekha.guptha88@sap.com,9411727625,1996-09-11,COMP03,PLANT03,MG03,2026-01-11,SAP,NAT4003,88 Worli Sea Face,Next to Market,Mumbai,Maharashtra,India,306613
SAP1834,Shreya,Yadav,shreya.yadav66@sap.com,9717441116,1982-11-22,COMP54,PLANT54,MG54,2026-01-16,SAP,NAT4834,88 Worli Sea Face,Next to Market,Surat,Gujarat,India,234542
SAP1782,Sunil,Kumar,sunil.kumar88@sap.com,9500988388,1999-02-22,COMP02,PLANT02,MG02,2026-01-17,SAP,NAT4782,88 Worli Sea Face,Near Metro Station,Hyderabad,Telangana,India,920099
SAP1882,Prakash,Sharma,prakash.sharma85@sap.com,9200877495,1995-03-16,COMP42,PLANT42,MG42,2026-03-11,SAP,NAT4882,101 FC Rd,Above Central Bank,Bangalore,Karnataka,India,208559
SAP1668,Divya,Chopra,divya.chopra61@sap.com,9438493273,1986-09-04,COMP08,PLANT08,MG08,2026-02-14,SAP,NAT4668,12 Residency Rd,Near Old Town,Delhi,Delhi,India,763420
SAP1694,Rohit,Joshi,rohit.joshi58@sap.com,9505815677,1984-06-18,COMP34,PLANT34,MG34,2026-01-18,SAP,NAT4694,101 FC Rd,,Mumbai,Maharashtra,India,547810
SAP1532,Suresh,Singh,suresh.singh65@sap.com,9075207163,1977-04-22,COMP52,PLANT52,MG52,2026-01-23,SAP,NAT4532,55 MI Rd,,Bangalore,Karnataka,India,956459
SAP1567,Ravi,Malhotra,ravi.malhotra65@sap.com,9214579415,1971-12-12,COMP27,PLANT27,MG27,2026-01-13,SAP,NAT4567,34 JM Road,Near Metro Station,Surat,Gujarat,India,289582
SAP1707,Deepak,Rao,deepak.rao24@sap.com,9012717244,1989-11-05,COMP47,PLANT47,MG47,2026-01-30,SAP,NAT4707,88 Worli Sea Face,Near Old Town,Pune,Maharashtra,India,923767
SAP1831,Ramesh,Desai,ramesh.desai15@sap.com,9034521805,1970-03-16,COMP51,PLANT51,MG51,2026-01-05,SAP,NAT4831,101 FC Rd,,Chennai,Tamil Nadu,India,824432
SAP1282,Arvind,Dubey,arvind.dubey47@sap.com,9423039918,1988-08-04,COMP42,PLANT42,MG42,2026-03-02,SAP,NAT4282,56 Chandni Chowk,,Mumbai,Maharashtra,India,535630
SAP1418,Sachin,Pandey,sachin.pandey49@sap.com,9942833352,1984-02-16,COMP58,PLANT58,MG58,2026-03-25,SAP,NAT4418,12 Residency Rd,,Jaipur,Rajasthan,India,558127
SAP1634,Anjali,Joshi,anjali.joshi98@sap.com,9827951390,1989-02-15,COMP34,PLANT34,MG34,2026-03-16,SAP,NAT4634,23 Brigade Rd,Near Metro Station,Pune,Maharashtra,India,140710
SAP1865,Seema,Kaur,seema.kaur87@sap.com,9917406503,1977-04-26,COMP25,PLANT25,MG25,2026-03-24,SAP,NAT4865,77 Linking Rd,,Surat,Gujarat,India,437573
SAP1537,Vinay,Patel,vinay.patel11@sap.com,9123673473,1983-12-11,COMP57,PLANT57,MG57,2026-01-26,SAP,NAT4537,88 Worli Sea Face,Next to Market,Mumbai,Maharashtra,India,601401
SAP1838,Vinod,Dubey,vinod.dubey64@sap.com,9387214826,1999-07-13,COMP58,PLANT58,MG58,2026-01-29,SAP,NAT4838,56 Chandni Chowk,Next to Market,Chennai,Tamil Nadu,India,514021
SAP1868,John,Agarwal,john.agarwal14@sap.com,9414648889,1981-08-26,COMP28,PLANT28,MG28,2026-02-06,SAP,NAT4868,88 Worli Sea Face,Opposite Mall,Kolkata,West Bengal,India,938628
SAP1031,Sunil,Rao,sunil.rao83@sap.com,9264447393,1986-04-16,COMP31,PLANT31,MG31,2026-03-26,SAP,NAT4031,88 Worli Sea Face,Near Old Town,Pune,Maharashtra,India,590287
SAP1735,Harish,Iyer,harish.iyer64@sap.com,9430721298,1980-11-16,COMP15,PLANT15,MG15,2026-02-17,SAP,NAT4735,23 Brigade Rd,Near Metro Station,Kolkata,West Bengal,India,370334
SAP1250,Rohit,Dubey,rohit.dubey38@sap.com,9509499546,1974-12-26,COMP10,PLANT10,MG10,2026-03-18,SAP,NAT4250,44 Ashram Rd,Next to Market,Hyderabad,Telangana,India,835332
SAP1540,Prakash,Desai,prakash.desai69@sap.com,9975876705,1981-05-01,COMP60,PLANT60,MG60,2026-03-01,SAP,NAT4540,34 JM Road,,Surat,Gujarat,India,412585
SAP1927,Neha,Mishra,neha.mishra68@sap.com,9688237133,1971-11-27,COMP27,PLANT27,MG27,2026-02-03,SAP,NAT4927,56 Chandni Chowk,Near Old Town,Mumbai,Maharashtra,India,585094
SAP1623,Deepak,Menon,deepak.menon26@sap.com,9271133145,1995-03-01,COMP23,PLANT23,MG23,2026-03-30,SAP,NAT4623,78 Connaught Pl,Next to Market,Ahmedabad,Gujarat,India,935324
SAP1034,Seema,Patil,seema.patil70@sap.com,9088846200,1982-06-09,COMP34,PLANT34,MG34,2026-02-25,SAP,NAT4034,101 FC Rd,Next to Market,Mumbai,Maharashtra,India,637648
SAP1286,Priya,Malhotra,priya.malhotra58@sap.com,9968768068,1988-09-27,COMP46,PLANT46,MG46,2026-03-11,SAP,NAT4286,88 Worli Sea Face,Above Central Bank,Pune,Maharashtra,India,534266
SAP1141,Alok,Patil,alok.patil77@sap.com,9064888489,1979-05-19,COMP21,PLANT21,MG21,2026-02-13,SAP,NAT4141,78 Connaught Pl,Next to Market,Kolkata,West Bengal,India,497166
SAP1777,Deepak,Agarwal,deepak.agarwal31@sap.com,9014381191,1990-06-20,COMP57,PLANT57,MG57,2026-03-02,SAP,NAT4777,77 Linking Rd,,Mumbai,Maharashtra,India,980094
SAP1256,Ajay,Gupta,ajay.gupta63@sap.com,9044124990,1998-07-27,COMP16,PLANT16,MG16,2026-03-23,SAP,NAT4256,45 Marine Dr,Near Metro Station,Delhi,Delhi,India,247400
SAP1852,Anjali,Rao,anjali.rao31@sap.com,9396668105,1977-01-09,COMP12,PLANT12,MG12,2026-03-09,SAP,NAT4852,55 MI Rd,Next to Market,Bangalore,Karnataka,India,529515
SAP1452,Jane,Dubey,jane.dubey63@sap.com,9452566516,1984-01-23,COMP32,PLANT32,MG32,2026-02-02,SAP,NAT4452,45 Marine Dr,Opposite Mall,Pune,Maharashtra,India,220065
SAP1821,Lakshmi,Kumar,lakshmi.kumar35@sap.com,9468816982,1974-11-27,COMP41,PLANT41,MG41,2026-02-27,SAP,NAT4821,12 MG Rd,Near Metro Station,Mumbai,Maharashtra,India,971186
SAP1296,Rahul,Desai,rahul.desai37@sap.com,9760846735,1982-05-09,COMP56,PLANT56,MG56,2026-01-17,SAP,NAT4296,23 Brigade Rd,Next to Market,Delhi,Delhi,India,905933
SAP1706,Deepak,Reddy,deepak.reddy53@sap.com,9769604151,1992-09-23,COMP46,PLANT46,MG46,2026-02-19,SAP,NAT4706,12 MG Rd,,Kolkata,West Bengal,India,732439
SAP1406,Amit,Kapoor,amit.kapoor94@sap.com,9192395968,1998-05-23,COMP46,PLANT46,MG46,2026-02-03,SAP,NAT4406,90 Karol Bagh Market,Above Central Bank,Surat,Gujarat,India,337664
SAP1089,Suresh,Patil,suresh.patil91@sap.com,9506969628,1983-12-08,COMP29,PLANT29,MG29,2026-01-13,SAP,NAT4089,67 Law Garden Rd,,Hyderabad,Telangana,India,816545
SAP1727,Sunil,Bajaj,sunil.bajaj78@sap.com,9152342049,1970-07-07,COMP07,PLANT07,MG07,2026-03-10,SAP,NAT4727,12 Residency Rd,Next to Market,Hyderabad,Telangana,India,949420
SAP1772,Arvind,Iyer,arvind.iyer8@sap.com,9358456818,1992-08-04,COMP52,PLANT52,MG52,2026-02-25,SAP,NAT4772,88 Worli Sea Face,Near City Center,Mumbai,Maharashtra,India,863386
SAP1147,Meena,Kaur,meena.kaur61@sap.com,9642018195,1991-07-14,COMP27,PLANT27,MG27,2026-03-18,SAP,NAT4147,56 Chandni Chowk,Near City Center,Ahmedabad,Gujarat,India,411264
SAP1844,Shalini,Mehta,shalini.mehta43@sap.com,9803569051,1999-09-26,COMP04,PLANT04,MG04,2026-02-07,SAP,NAT4844,34 JM Road,Above Central Bank,Hyderabad,Telangana,India,506998
SAP1232,Manish,Desai,manish.desai80@sap.com,9125804397,1979-03-24,COMP52,PLANT52,MG52,2026-01-21,SAP,NAT4232,34 JM Road,Near City Center,Chennai,Tamil Nadu,India,252386
SAP1825,Amit,Iyer,amit.iyer70@sap.com,9877653822,1992-08-25,COMP45,PLANT45,MG45,2026-03-15,SAP,NAT4825,78 Connaught Pl,Near Old Town,Ahmedabad,Gujarat,India,177041
SAP1509,Anjali,Mehta,anjali.mehta87@sap.com,9802866440,1975-05-20,COMP29,PLANT29,MG29,2026-03-24,SAP,NAT4509,23 Brigade Rd,Near Old Town,Chennai,Tamil Nadu,India,923613
SAP1356,Suresh,Joshi,suresh.joshi93@sap.com,9937355335,1983-10-08,COMP56,PLANT56,MG56,2026-03-12,SAP,NAT4356,90 Karol Bagh Market,Opposite Mall,Hyderabad,Telangana,India,117064
SAP1945,Anjali,Rao,anjali.rao96@sap.com,9630516487,1988-05-27,COMP45,PLANT45,MG45,2026-03-02,SAP,NAT4945,77 Linking Rd,Opposite Mall,Pune,Maharashtra,India,739208
SAP1417,Arvind,Iyer,arvind.iyer50@sap.com,9530017511,1984-05-08,COMP57,PLANT57,MG57,2026-02-02,SAP,NAT4417,34 JM Road,Near Old Town,Surat,Gujarat,India,755987
SAP1391,Lakshmi,Tiwari,lakshmi.tiwari8@sap.com,9584712505,1989-12-10,COMP31,PLANT31,MG31,2026-02-15,SAP,NAT4391,77 Linking Rd,,Delhi,Delhi,India,823929
SAP1442,Prakash,Malhotra,prakash.malhotra79@sap.com,9071539797,1978-01-09,COMP22,PLANT22,MG22,2026-01-15,SAP,NAT4442,56 Chandni Chowk,Near City Center,Surat,Gujarat,India,820689
SAP1516,John,Banerjee,john.banerjee12@sap.com,9151301861,1982-02-07,COMP36,PLANT36,MG36,2026-03-01,SAP,NAT4516,45 Marine Dr,Next to Market,Delhi,Delhi,India,417149
SAP1797,Vinod,Tiwari,vinod.tiwari14@sap.com,9773930940,1995-12-06,COMP17,PLANT17,MG17,2026-03-23,SAP,NAT4797,12 Residency Rd,Near Metro Station,Surat,Gujarat,India,647182
SAP1191,Kavita,Yadav,kavita.yadav28@sap.com,9515761643,1998-11-15,COMP11,PLANT11,MG11,2026-01-24,SAP,NAT4191,12 MG Rd,Near Metro Station,Chennai,Tamil Nadu,India,112147
SAP1898,Karan,Srivastava,karan.srivastava34@sap.com,9485931744,1983-06-05,COMP58,PLANT58,MG58,2026-03-09,SAP,NAT4898,77 Linking Rd,Near City Center,Hyderabad,Telangana,India,319302
SAP1922,Lakshmi,Agarwal,lakshmi.agarwal86@sap.com,9180753090,1985-01-01,COMP22,PLANT22,MG22,2026-03-22,SAP,NAT4922,78 Connaught Pl,,Bangalore,Karnataka,India,912344
SAP1158,Jane,Iyer,jane.iyer68@sap.com,9928871584,1981-12-07,COMP38,PLANT38,MG38,2026-01-06,SAP,NAT4158,34 JM Road,Near Metro Station,Chennai,Tamil Nadu,India,797256
SAP1380,Lakshmi,Singh,lakshmi.singh20@sap.com,9953547117,1975-03-07,COMP20,PLANT20,MG20,2026-02-06,SAP,NAT4380,78 Connaught Pl,Near Metro Station,Kolkata,West Bengal,India,274031
SAP1206,Sunita,Mehta,sunita.mehta10@sap.com,9470341218,2000-08-26,COMP26,PLANT26,MG26,2026-01-11,SAP,NAT4206,34 JM Road,Near Metro Station,Chennai,Tamil Nadu,India,443201
SAP1033,Prakash,Srivastava,prakash.srivastava55@sap.com,9352864495,1982-06-18,COMP33,PLANT33,MG33,2026-03-08,SAP,NAT4033,56 Chandni Chowk,Opposite Mall,Ahmedabad,Gujarat,India,530019
SAP1078,Shalini,Dubey,shalini.dubey73@sap.com,9844463555,1980-10-19,COMP18,PLANT18,MG18,2026-01-26,SAP,NAT4078,23 Brigade Rd,Next to Market,Hyderabad,Telangana,India,717183
SAP1146,Kavita,Mehta,kavita.mehta66@sap.com,9162640231,1999-11-20,COMP26,PLANT26,MG26,2026-02-18,SAP,NAT4146,34 JM Road,,Kolkata,West Bengal,India,586855
SAP1378,Shreya,Kumar,shreya.kumar82@sap.com,9085594004,1981-01-22,COMP18,PLANT18,MG18,2026-03-11,SAP,NAT4378,88 Worli Sea Face,Near Old Town,Pune,Maharashtra,India,880357
SAP1765,Anita,Desai,anita.desai74@sap.com,9747856250,1993-04-24,COMP45,PLANT45,MG45,2026-01-20,SAP,NAT4765,23 Brigade Rd,Above Central Bank,Jaipur,Rajasthan,India,810772
SAP1737,Pooja,Nair,pooja.nair7@sap.com,9356007026,2000-06-22,COMP17,PLANT17,MG17,2026-03-23,SAP,NAT4737,101 FC Rd,Next to Market,Chennai,Tamil Nadu,India,862387
SAP1223,Jane,Rao,jane.rao74@sap.com,9873468587,2000-04-03,COMP43,PLANT43,MG43,2026-02-06,SAP,NAT4223,44 Ashram Rd,,Mumbai,Maharashtra,India,426566
SAP1043,Divya,Malhotra,divya.malhotra1@sap.com,9799951483,1982-01-10,COMP43,PLANT43,MG43,2026-02-15,SAP,NAT4043,55 MI Rd,Near Old Town,Delhi,Delhi,India,131146
SAP1202,John,Patil,john.patil99@sap.com,9646689732,1986-10-04,COMP22,PLANT22,MG22,2026-02-06,SAP,NAT4202,77 Linking Rd,Near City Center,Hyderabad,Telangana,India,454036
SAP1572,Vinod,Malhotra,vinod.malhotra79@sap.com,9907868315,1977-06-08,COMP32,PLANT32,MG32,2026-02-22,SAP,NAT4572,45 Marine Dr,Near Old Town,Ahmedabad,Gujarat,India,985008
SAP1457,Meena,Reddy,meena.reddy24@sap.com,9694037450,1978-03-01,COMP37,PLANT37,MG37,2026-02-10,SAP,NAT4457,88 Worli Sea Face,,Kolkata,West Bengal,India,288964
SAP1122,Vinay,Chopra,vinay.chopra82@sap.com,9083910634,1993-12-16,COMP02,PLANT02,MG02,2026-02-04,SAP,NAT4122,34 JM Road,Above Central Bank,Pune,Maharashtra,India,243431
SAP1590,Vinay,Pandey,vinay.pandey93@sap.com,9427759375,1990-05-28,COMP50,PLANT50,MG50,2026-02-19,SAP,NAT4590,67 Law Garden Rd,Opposite Mall,Bangalore,Karnataka,India,832019
SAP1611,Meena,Guptha,meena.guptha46@sap.com,9496694190,1981-02-10,COMP11,PLANT11,MG11,2026-03-29,SAP,NAT4611,77 Linking Rd,Near City Center,Hyderabad,Telangana,India,487547
SAP1447,Amit,Pandey,amit.pandey47@sap.com,9344967138,1971-11-07,COMP27,PLANT27,MG27,2026-02-26,SAP,NAT4447,88 Worli Sea Face,Next to Market,Hyderabad,Telangana,India,791746
SAP1674,Vinod,Shah,vinod.shah3@sap.com,9161373766,1985-04-24,COMP14,PLANT14,MG14,2026-02-24,SAP,NAT4674,67 Law Garden Rd,Near Metro Station,Bangalore,Karnataka,India,922947
SAP1606,Sunita,Verma,sunita.verma60@sap.com,9923527770,1977-02-09,COMP06,PLANT06,MG06,2026-01-13,SAP,NAT4606,67 Law Garden Rd,,Mumbai,Maharashtra,India,631956
SAP1061,Anita,Pandey,anita.pandey65@sap.com,9569877170,1984-08-16,COMP01,PLANT01,MG01,2026-03-11,SAP,NAT4061,56 Chandni Chowk,Near Old Town,Delhi,Delhi,India,960051
SAP1551,Harish,Kumar,harish.kumar16@sap.com,9775104595,1984-07-16,COMP11,PLANT11,MG11,2026-03-06,SAP,NAT4551,23 Brigade Rd,Near Metro Station,Ahmedabad,Gujarat,India,349581
SAP1586,Neha,Desai,neha.desai59@sap.com,9159101458,1978-04-16,COMP46,PLANT46,MG46,2026-01-12,SAP,NAT4586,34 JM Road,Opposite Mall,Chennai,Tamil Nadu,India,132402
SAP1701,Amit,Singh,amit.singh29@sap.com,9632286432,1970-12-17,COMP41,PLANT41,MG41,2026-03-22,SAP,NAT4701,77 Linking Rd,Near City Center,Hyderabad,Telangana,India,987904
SAP1079,Ramesh,Chopra,ramesh.chopra87@sap.com,9038414484,1994-04-26,COMP19,PLANT19,MG19,2026-03-13,SAP,NAT4079,44 Ashram Rd,Above Central Bank,Pune,Maharashtra,India,956487
SAP1364,Sanjay,Patel,sanjay.patel5@sap.com,9225066967,1971-03-06,COMP04,PLANT04,MG04,2026-02-05,SAP,NAT4364,34 JM Road,Near Metro Station,Bangalore,Karnataka,India,584420
SAP1575,Manish,Joshi,manish.joshi89@sap.com,9055530132,1996-08-27,COMP35,PLANT35,MG35,2026-03-15,SAP,NAT4575,56 Chandni Chowk,Next to Market,Bangalore,Karnataka,India,488835
SAP1463,Neha,Kumar,neha.kumar42@sap.com,9772846710,1975-02-24,COMP43,PLANT43,MG43,2026-01-11,SAP,NAT4463,56 Chandni Chowk,,Delhi,Delhi,India,937941
SAP1042,John,Banerjee,john.banerjee63@sap.com,9794528404,1992-04-16,COMP42,PLANT42,MG42,2026-01-13,SAP,NAT4042,45 Marine Dr,Near City Center,Delhi,Delhi,India,186776
SAP1040,Sachin,Guptha,sachin.guptha65@sap.com,9680246735,1985-07-14,COMP40,PLANT40,MG40,2026-03-22,SAP,NAT4040,101 FC Rd,Opposite Mall,Hyderabad,Telangana,India,289481
SAP1669,Anita,Reddy,anita.reddy7@sap.com,9918189743,1971-03-26,COMP09,PLANT09,MG09,2026-03-18,SAP,NAT4669,90 Karol Bagh Market,Near City Center,Ahmedabad,Gujarat,India,155387
SAP1107,John,Patil,john.patil41@sap.com,9174913532,1970-08-06,COMP47,PLANT47,MG47,2026-02-09,SAP,NAT4107,23 Brigade Rd,Above Central Bank,Hyderabad,Telangana,India,535688
SAP1504,Amit,Reddy,amit.reddy1@sap.com,9862534747,1996-08-10,COMP24,PLANT24,MG24,2026-01-16,SAP,NAT4504,90 Karol Bagh Market,Above Central Bank,Jaipur,Rajasthan,India,794365
SAP1631,Seema,Kaur,seema.kaur80@sap.com,9426512615,1995-05-02,COMP31,PLANT31,MG31,2026-03-03,SAP,NAT4631,77 Linking Rd,,Mumbai,Maharashtra,India,178707
SAP1113,Amit,Shah,amit.shah54@sap.com,9280602373,1984-08-03,COMP53,PLANT53,MG53,2026-02-21,SAP,NAT4113,44 Ashram Rd,Near Metro Station,Surat,Gujarat,India,465852
SAP1502,Vinay,Shah,vinay.shah86@sap.com,9547275169,1985-11-10,COMP22,PLANT22,MG22,2026-03-16,SAP,NAT4502,34 JM Road,Near City Center,Ahmedabad,Gujarat,India,778741
SAP1629,Rekha,Menon,rekha.menon93@sap.com,9692918598,1997-03-08,COMP29,PLANT29,MG29,2026-03-28,SAP,NAT4629,12 MG Rd,Near Old Town,Surat,Gujarat,India,217683
SAP1570,Jane,Mishra,jane.mishra37@sap.com,9427423945,1997-05-03,COMP30,PLANT30,MG30,2026-02-15,SAP,NAT4570,12 MG Rd,Opposite Mall,Hyderabad,Telangana,India,666079
SAP1434,Sunita,Dubey,sunita.dubey99@sap.com,9568471152,1974-09-17,COMP14,PLANT14,MG14,2026-02-12,SAP,NAT4434,101 FC Rd,Next to Market,Hyderabad,Telangana,India,757961
SAP1906,Arjun,Patel,arjun.patel10@sap.com,9723434181,1979-08-12,COMP06,PLANT06,MG06,2026-03-10,SAP,NAT4906,44 Ashram Rd,Next to Market,Delhi,Delhi,India,161573
SAP1720,Priya,Dubey,priya.dubey48@sap.com,9017468732,1995-08-23,COMP60,PLANT60,MG60,2026-02-19,SAP,NAT4720,44 Ashram Rd,Next to Market,Chennai,Tamil Nadu,India,604123
SAP1914,Lakshmi,Kapoor,lakshmi.kapoor4@sap.com,9662740066,1982-01-06,COMP14,PLANT14,MG14,2026-03-31,SAP,NAT4914,67 Law Garden Rd,Near Old Town,Kolkata,West Bengal,India,151891
SAP1104,Sanjay,Kumar,sanjay.kumar78@sap.com,9720678828,1972-03-02,COMP44,PLANT44,MG44,2026-02-06,SAP,NAT4104,77 Linking Rd,Opposite Mall,Ahmedabad,Gujarat,India,409212
SAP1876,Arvind,Malhotra,arvind.malhotra68@sap.com,9681969915,1974-05-07,COMP36,PLANT36,MG36,2026-02-25,SAP,NAT4876,88 Worli Sea Face,Above Central Bank,Kolkata,West Bengal,India,990501
SAP1383,Pooja,Kapoor,pooja.kapoor91@sap.com,9240279347,1994-07-24,COMP23,PLANT23,MG23,2026-01-19,SAP,NAT4383,67 Law Garden Rd,Near Old Town,Jaipur,Rajasthan,India,242482
SAP1925,Rajiv,Iyer,rajiv.iyer70@sap.com,9787696987,1981-04-14,COMP25,PLANT25,MG25,2026-03-02,SAP,NAT4925,88 Worli Sea Face,,Kolkata,West Bengal,India,578156
SAP1306,Seema,Agarwal,seema.agarwal99@sap.com,9087856409,1973-12-15,COMP06,PLANT06,MG06,2026-03-25,SAP,NAT4306,12 Residency Rd,Near City Center,Mumbai,Maharashtra,India,611922
SAP1214,Vinay,Pandey,vinay.pandey54@sap.com,9996545431,1995-07-03,COMP34,PLANT34,MG34,2026-01-01,SAP,NAT4214,90 Karol Bagh Market,,Kolkata,West Bengal,India,868626
SAP1075,John,Kaur,john.kaur25@sap.com,9507093184,1990-04-24,COMP15,PLANT15,MG15,2026-02-11,SAP,NAT4075,12 MG Rd,Near City Center,Kolkata,West Bengal,India,895034
SAP1530,Sneha,Rao,sneha.rao77@sap.com,9942541637,1988-01-26,COMP50,PLANT50,MG50,2026-01-15,SAP,NAT4530,34 JM Road,Next to Market,Pune,Maharashtra,India,636340
SAP1697,Rahul,Chopra,rahul.chopra47@sap.com,9308558402,1994-11-22,COMP37,PLANT37,MG37,2026-02-21,SAP,NAT4697,101 FC Rd,Opposite Mall,Bangalore,Karnataka,India,839722
SAP1276,Ramesh,Mishra,ramesh.mishra5@sap.com,9161209827,1981-12-14,COMP36,PLANT36,MG36,2026-01-23,SAP,NAT4276,12 Residency Rd,Near Metro Station,Hyderabad,Telangana,India,832862
SAP1112,Sachin,Shah,sachin.shah24@sap.com,9809697981,1982-05-05,COMP52,PLANT52,MG52,2026-03-04,SAP,NAT4112,78 Connaught Pl,Opposite Mall,Hyderabad,Telangana,India,166715
SAP1602,Priya,Patil,priya.patil17@sap.com,9876702003,1975-12-02,COMP02,PLANT02,MG02,2026-03-03,SAP,NAT4602,45 Marine Dr,,Pune,Maharashtra,India,668512
SAP1454,Shreya,Gupta,shreya.gupta77@sap.com,9644312575,1977-05-27,COMP34,PLANT34,MG34,2026-01-16,SAP,NAT4454,56 Chandni Chowk,Near Metro Station,Hyderabad,Telangana,India,167032
SAP1804,Divya,Yadav,divya.yadav19@sap.com,9366947181,1997-10-10,COMP24,PLANT24,MG24,2026-02-22,SAP,NAT4804,101 FC Rd,,Ahmedabad,Gujarat,India,865793
SAP1161,Sachin,Bajaj,sachin.bajaj90@sap.com,9485583425,1980-06-11,COMP41,PLANT41,MG41,2026-03-25,SAP,NAT4161,55 MI Rd,Above Central Bank,Surat,Gujarat,India,800277
SAP1736,Anjali,Chopra,anjali.chopra34@sap.com,9104274430,1981-09-23,COMP16,PLANT16,MG16,2026-02-13,SAP,NAT4736,23 Brigade Rd,Near Metro Station,Pune,Maharashtra,India,713916
SAP1890,Deepak,Rao,deepak.rao29@sap.com,9608066196,1984-11-09,COMP50,PLANT50,MG50,2026-02-13,SAP,NAT4890,12 Residency Rd,Near Metro Station,Pune,Maharashtra,India,223593
SAP1285,Sachin,Chopra,sachin.chopra10@sap.com,9791506670,1996-04-10,COMP45,PLANT45,MG45,2026-02-27,SAP,NAT4285,45 Marine Dr,Next to Market,Chennai,Tamil Nadu,India,521225
SAP1682,Jane,Menon,jane.menon93@sap.com,9511533998,1971-03-14,COMP22,PLANT22,MG22,2026-02-24,SAP,NAT4682,12 Residency Rd,Next to Market,Ahmedabad,Gujarat,India,991059
SAP1666,Amit,Malhotra,amit.malhotra88@sap.com,9434167048,1980-05-08,COMP06,PLANT06,MG06,2026-03-09,SAP,NAT4666,23 Brigade Rd,Opposite Mall,Hyderabad,Telangana,India,298983
SAP1693,Manish,Shah,manish.shah75@sap.com,9628003638,1972-08-13,COMP33,PLANT33,MG33,2026-02-14,SAP,NAT4693,55 MI Rd,Above Central Bank,Jaipur,Rajasthan,India,779612
SAP1811,Amit,Agarwal,amit.agarwal89@sap.com,9815791818,1972-04-14,COMP31,PLANT31,MG31,2026-01-11,SAP,NAT4811,12 MG Rd,Near Metro Station,Chennai,Tamil Nadu,India,526416
SAP1037,Harish,Mehta,harish.mehta82@sap.com,9707036486,1982-07-09,COMP37,PLANT37,MG37,2026-01-23,SAP,NAT4037,77 Linking Rd,Above Central Bank,Delhi,Delhi,India,927625
SAP1744,Arjun,Desai,arjun.desai68@sap.com,9821190846,1991-06-23,COMP24,PLANT24,MG24,2026-01-27,SAP,NAT4744,34 JM Road,Above Central Bank,Ahmedabad,Gujarat,India,679776
SAP1394,Sunita,Kaur,sunita.kaur29@sap.com,9032267123,1970-05-21,COMP34,PLANT34,MG34,2026-02-25,SAP,NAT4394,44 Ashram Rd,Above Central Bank,Ahmedabad,Gujarat,India,264347
SAP1495,Arjun,Shah,arjun.shah72@sap.com,9513514137,1978-02-17,COMP15,PLANT15,MG15,2026-01-18,SAP,NAT4495,77 Linking Rd,,Surat,Gujarat,India,736879
SAP1227,Rahul,Mehta,rahul.mehta42@sap.com,9689075726,1986-02-23,COMP47,PLANT47,MG47,2026-02-01,SAP,NAT4227,56 Chandni Chowk,Next to Market,Ahmedabad,Gujarat,India,497940
SAP1312,Harish,Guptha,harish.guptha64@sap.com,9735112963,1983-08-07,COMP12,PLANT12,MG12,2026-03-29,SAP,NAT4312,23 Brigade Rd,Above Central Bank,Kolkata,West Bengal,India,417178
SAP1279,Karan,Patil,karan.patil16@sap.com,9162496244,1971-06-02,COMP39,PLANT39,MG39,2026-01-15,SAP,NAT4279,78 Connaught Pl,Near Metro Station,Hyderabad,Telangana,India,795308
SAP1569,Rekha,Kumar,rekha.kumar16@sap.com,9404267190,1989-08-26,COMP29,PLANT29,MG29,2026-03-03,SAP,NAT4569,44 Ashram Rd,Near Metro Station,Kolkata,West Bengal,India,899595
SAP1492,Meera,Menon,meera.menon95@sap.com,9498924890,1978-05-20,COMP12,PLANT12,MG12,2026-01-13,SAP,NAT4492,55 MI Rd,Near Metro Station,Bangalore,Karnataka,India,294542
SAP1778,Anita,Mishra,anita.mishra15@sap.com,9393415576,1991-06-04,COMP58,PLANT58,MG58,2026-01-27,SAP,NAT4778,101 FC Rd,Opposite Mall,Bangalore,Karnataka,India,202870
SAP1275,Sachin,Yadav,sachin.yadav8@sap.com,9768357563,1992-01-03,COMP35,PLANT35,MG35,2026-01-19,SAP,NAT4275,56 Chandni Chowk,Near Old Town,Bangalore,Karnataka,India,664887
SAP1433,Meena,Mishra,meena.mishra23@sap.com,9157058599,1999-03-18,COMP13,PLANT13,MG13,2026-01-31,SAP,NAT4433,12 Residency Rd,Opposite Mall,Hyderabad,Telangana,India,639279
SAP1397,Sunil,Kaur,sunil.kaur46@sap.com,9102346596,1982-07-07,COMP37,PLANT37,MG37,2026-01-15,SAP,NAT4397,23 Brigade Rd,Opposite Mall,Kolkata,West Bengal,India,706128
SAP1142,Rahul,Dubey,rahul.dubey47@sap.com,9501805198,1971-11-28,COMP22,PLANT22,MG22,2026-01-20,SAP,NAT4142,56 Chandni Chowk,Near Old Town,Jaipur,Rajasthan,India,528588
SAP1920,Rekha,Kapoor,rekha.kapoor16@sap.com,9028391927,1983-12-07,COMP20,PLANT20,MG20,2026-03-13,SAP,NAT4920,45 Marine Dr,Near Old Town,Pune,Maharashtra,India,446187
SAP1334,Meera,Kumar,meera.kumar27@sap.com,9693742307,1999-11-20,COMP34,PLANT34,MG34,2026-02-03,SAP,NAT4334,78 Connaught Pl,Next to Market,Hyderabad,Telangana,India,258992
SAP1303,Sunil,Sharma,sunil.sharma53@sap.com,9135177735,1996-03-17,COMP03,PLANT03,MG03,2026-03-15,SAP,NAT4303,56 Chandni Chowk,Near City Center,Delhi,Delhi,India,196798
SAP1050,Lakshmi,Mishra,lakshmi.mishra80@sap.com,9817125944,1973-02-08,COMP50,PLANT50,MG50,2026-01-13,SAP,NAT4050,23 Brigade Rd,Near Old Town,Chennai,Tamil Nadu,India,665058
SAP1861,Meena,Desai,meena.desai7@sap.com,9460157470,1980-12-18,COMP21,PLANT21,MG21,2026-01-23,SAP,NAT4861,23 Brigade Rd,Near Metro Station,Surat,Gujarat,India,217689
SAP1439,Shalini,Kaur,shalini.kaur21@sap.com,9743582686,1997-08-25,COMP19,PLANT19,MG19,2026-01-14,SAP,NAT4439,45 Marine Dr,Opposite Mall,Delhi,Delhi,India,234837
SAP1576,Divya,Tiwari,divya.tiwari38@sap.com,9605527896,1984-07-12,COMP36,PLANT36,MG36,2026-03-29,SAP,NAT4576,45 Marine Dr,Near City Center,Mumbai,Maharashtra,India,100567
SAP1848,Sunita,Joshi,sunita.joshi13@sap.com,9164707500,1973-09-21,COMP08,PLANT08,MG08,2026-03-11,SAP,NAT4848,44 Ashram Rd,,Pune,Maharashtra,India,652839
SAP1785,Ravi,Iyer,ravi.iyer43@sap.com,9524699860,1981-07-17,COMP05,PLANT05,MG05,2026-01-29,SAP,NAT4785,55 MI Rd,Near Old Town,Jaipur,Rajasthan,India,653313
SAP1453,Rajiv,Nair,rajiv.nair23@sap.com,9925565227,1994-11-22,COMP33,PLANT33,MG33,2026-02-12,SAP,NAT4453,78 Connaught Pl,,Mumbai,Maharashtra,India,523638
SAP1689,Ramesh,Kapoor,ramesh.kapoor45@sap.com,9517148824,1995-02-27,COMP29,PLANT29,MG29,2026-02-04,SAP,NAT4689,12 Residency Rd,Next to Market,Mumbai,Maharashtra,India,734456
SAP1808,Manish,Guptha,manish.guptha18@sap.com,9139793117,1998-12-24,COMP28,PLANT28,MG28,2026-02-01,SAP,NAT4808,55 MI Rd,,Hyderabad,Telangana,India,286703
SAP1814,Anjali,Joshi,anjali.joshi12@sap.com,9087334735,1991-12-08,COMP34,PLANT34,MG34,2026-01-05,SAP,NAT4814,45 Marine Dr,Near Metro Station,Pune,Maharashtra,India,909471
SAP1105,Neha,Nair,neha.nair61@sap.com,9282770931,1972-04-22,COMP45,PLANT45,MG45,2026-03-19,SAP,NAT4105,12 MG Rd,Opposite Mall,Delhi,Delhi,India,538469
SAP1745,Amit,Reddy,amit.reddy44@sap.com,9130169230,1972-10-02,COMP25,PLANT25,MG25,2026-01-27,SAP,NAT4745,67 Law Garden Rd,Above Central Bank,Pune,Maharashtra,India,471029
SAP1035,Shreya,Sharma,shreya.sharma33@sap.com,9351398089,1984-10-11,COMP35,PLANT35,MG35,2026-01-12,SAP,NAT4035,12 MG Rd,,Delhi,Delhi,India,493920
SAP1446,Jane,Reddy,jane.reddy74@sap.com,9464887411,1992-10-14,COMP26,PLANT26,MG26,2026-01-31,SAP,NAT4446,12 Residency Rd,Near City Center,Bangalore,Karnataka,India,431206
SAP1879,Ajay,Yadav,ajay.yadav8@sap.com,9367035202,1983-10-23,COMP39,PLANT39,MG39,2026-01-05,SAP,NAT4879,67 Law Garden Rd,,Mumbai,Maharashtra,India,916256
SAP1290,Divya,Reddy,divya.reddy36@sap.com,9019125085,1991-03-22,COMP50,PLANT50,MG50,2026-03-22,SAP,NAT4290,44 Ashram Rd,Near City Center,Pune,Maharashtra,India,504849
SAP1184,Vinod,Singh,vinod.singh44@sap.com,9483625739,1989-02-17,COMP04,PLANT04,MG04,2026-03-28,SAP,NAT4184,12 Residency Rd,Opposite Mall,Ahmedabad,Gujarat,India,298279
SAP1025,Deepak,Srivastava,deepak.srivastava25@sap.com,9816426316,1986-12-08,COMP25,PLANT25,MG25,2026-02-07,SAP,NAT4025,44 Ashram Rd,Near Metro Station,Hyderabad,Telangana,India,510731
SAP1371,Seema,Kapoor,seema.kapoor46@sap.com,9728006431,1989-04-12,COMP11,PLANT11,MG11,2026-02-14,SAP,NAT4371,12 Residency Rd,Above Central Bank,Jaipur,Rajasthan,India,978537
SAP1374,Meena,Bajaj,meena.bajaj34@sap.com,9981915451,1992-11-21,COMP14,PLANT14,MG14,2026-03-31,SAP,NAT4374,90 Karol Bagh Market,Near City Center,Jaipur,Rajasthan,India,391879
SAP1329,Sunil,Mishra,sunil.mishra37@sap.com,9203923492,1992-06-18,COMP29,PLANT29,MG29,2026-02-19,SAP,NAT4329,67 Law Garden Rd,Near Metro Station,Surat,Gujarat,India,223609
SAP1525,Vinod,Verma,vinod.verma89@sap.com,9543122355,1985-01-24,COMP45,PLANT45,MG45,2026-03-31,SAP,NAT4525,90 Karol Bagh Market,Near Metro Station,Kolkata,West Bengal,India,394702
SAP1742,Rahul,Tiwari,rahul.tiwari12@sap.com,9643206143,1990-02-27,COMP22,PLANT22,MG22,2026-01-23,SAP,NAT4742,101 FC Rd,Near Old Town,Chennai,Tamil Nadu,India,905239
SAP1621,Prakash,Sharma,prakash.sharma52@sap.com,9100076767,1997-05-28,COMP21,PLANT21,MG21,2026-01-21,SAP,NAT4621,78 Connaught Pl,,Delhi,Delhi,India,561112
SAP1806,Pooja,Singh,pooja.singh15@sap.com,9255645487,1978-10-19,COMP26,PLANT26,MG26,2026-03-19,SAP,NAT4806,56 Chandni Chowk,Near Metro Station,Jaipur,Rajasthan,India,452242
SAP1493,Sunil,Mishra,sunil.mishra60@sap.com,9091021241,1998-10-23,COMP13,PLANT13,MG13,2026-01-08,SAP,NAT4493,44 Ashram Rd,Next to Market,Jaipur,Rajasthan,India,965126
SAP1872,Suresh,Malhotra,suresh.malhotra89@sap.com,9222658728,1983-06-22,COMP32,PLANT32,MG32,2026-03-31,SAP,NAT4872,67 Law Garden Rd,Near Metro Station,Mumbai,Maharashtra,India,871394
SAP1783,Sneha,Shah,sneha.shah91@sap.com,9305224592,1974-05-27,COMP03,PLANT03,MG03,2026-01-16,SAP,NAT4783,77 Linking Rd,Next to Market,Jaipur,Rajasthan,India,994272
SAP1372,Manish,Mehta,manish.mehta39@sap.com,9142584460,1996-12-02,COMP12,PLANT12,MG12,2026-02-04,SAP,NAT4372,34 JM Road,Near Old Town,Surat,Gujarat,India,614462
SAP1027,Pooja,Chopra,pooja.chopra2@sap.com,9373694409,1971-06-06,COMP27,PLANT27,MG27,2026-02-21,SAP,NAT4027,88 Worli Sea Face,Near City Center,Surat,Gujarat,India,531783
SAP1373,Sunita,Iyer,sunita.iyer2@sap.com,9872775427,2000-02-26,COMP13,PLANT13,MG13,2026-01-10,SAP,NAT4373,78 Connaught Pl,,Pune,Maharashtra,India,432236
SAP1176,Sunil,Guptha,sunil.guptha59@sap.com,9735653346,1978-11-17,COMP56,PLANT56,MG56,2026-03-04,SAP,NAT4176,12 Residency Rd,Opposite Mall,Mumbai,Maharashtra,India,198216
SAP1197,Rajiv,Yadav,rajiv.yadav74@sap.com,9388170322,1988-08-01,COMP17,PLANT17,MG17,2026-03-21,SAP,NAT4197,101 FC Rd,Near Metro Station,Hyderabad,Telangana,India,209883
SAP1685,Seema,Srivastava,seema.srivastava99@sap.com,9449169552,1997-06-02,COMP25,PLANT25,MG25,2026-01-05,SAP,NAT4685,101 FC Rd,Near City Center,Delhi,Delhi,India,690649
SAP1869,Divya,Menon,divya.menon65@sap.com,9687953542,1974-05-02,COMP29,PLANT29,MG29,2026-03-23,SAP,NAT4869,78 Connaught Pl,Above Central Bank,Delhi,Delhi,India,867893
SAP1520,Alok,Chopra,alok.chopra94@sap.com,9218234479,1972-05-22,COMP40,PLANT40,MG40,2026-02-24,SAP,NAT4520,88 Worli Sea Face,,Hyderabad,Telangana,India,223565
SAP1684,Priya,Nair,priya.nair40@sap.com,9849109508,1992-10-02,COMP24,PLANT24,MG24,2026-01-16,SAP,NAT4684,88 Worli Sea Face,Near City Center,Bangalore,Karnataka,India,779979
SAP1907,Shalini,Menon,shalini.menon99@sap.com,9638836182,1991-12-24,COMP07,PLANT07,MG07,2026-01-21,SAP,NAT4907,77 Linking Rd,Opposite Mall,Surat,Gujarat,India,770212
SAP1893,Neha,Sharma,neha.sharma8@sap.com,9643928364,1975-06-09,COMP53,PLANT53,MG53,2026-01-01,SAP,NAT4893,23 Brigade Rd,Near Metro Station,Ahmedabad,Gujarat,India,415858
SAP1917,Manish,Mishra,manish.mishra51@sap.com,9263444827,1998-03-13,COMP17,PLANT17,MG17,2026-01-10,SAP,NAT4917,23 Brigade Rd,Opposite Mall,Pune,Maharashtra,India,582583
SAP1703,Meera,Desai,meera.desai35@sap.com,9757025359,1971-11-02,COMP43,PLANT43,MG43,2026-01-29,SAP,NAT4703,34 JM Road,Opposite Mall,Kolkata,West Bengal,India,328088
SAP1476,Ramesh,Patil,ramesh.patil99@sap.com,9022057228,1983-05-19,COMP56,PLANT56,MG56,2026-02-20,SAP,NAT4476,34 JM Road,Near Metro Station,Chennai,Tamil Nadu,India,225502
SAP1174,Jane,Sharma,jane.sharma58@sap.com,9644062141,1999-10-25,COMP54,PLANT54,MG54,2026-01-26,SAP,NAT4174,77 Linking Rd,Next to Market,Delhi,Delhi,India,289658
SAP1475,Jane,Mishra,jane.mishra50@sap.com,9173354291,1982-10-16,COMP55,PLANT55,MG55,2026-03-18,SAP,NAT4475,44 Ashram Rd,Near Old Town,Chennai,Tamil Nadu,India,475737
SAP1262,Priya,Mehta,priya.mehta21@sap.com,9331280588,1974-09-07,COMP22,PLANT22,MG22,2026-02-12,SAP,NAT4262,88 Worli Sea Face,Above Central Bank,Mumbai,Maharashtra,India,726106
SAP1717,Rahul,Malhotra,rahul.malhotra51@sap.com,9025483287,1970-02-28,COMP57,PLANT57,MG57,2026-02-17,SAP,NAT4717,88 Worli Sea Face,Opposite Mall,Jaipur,Rajasthan,India,223408
SAP1733,Sachin,Joshi,sachin.joshi41@sap.com,9853431811,1999-06-10,COMP13,PLANT13,MG13,2026-01-19,SAP,NAT4733,44 Ashram Rd,Above Central Bank,Delhi,Delhi,India,926237
SAP1153,Arvind,Desai,arvind.desai63@sap.com,9240315535,1983-06-02,COMP33,PLANT33,MG33,2026-03-02,SAP,NAT4153,56 Chandni Chowk,Near Metro Station,Chennai,Tamil Nadu,India,354329
SAP1106,Amit,Patel,amit.patel30@sap.com,9326303411,1992-07-25,COMP46,PLANT46,MG46,2026-02-08,SAP,NAT4106,90 Karol Bagh Market,,Surat,Gujarat,India,935068
SAP1845,Amit,Mishra,amit.mishra26@sap.com,9326237985,1978-10-13,COMP05,PLANT05,MG05,2026-01-24,SAP,NAT4845,78 Connaught Pl,Next to Market,Delhi,Delhi,India,670978
SAP1196,Kavita,Singh,kavita.singh32@sap.com,9443144018,1984-10-14,COMP16,PLANT16,MG16,2026-03-31,SAP,NAT4196,56 Chandni Chowk,,Kolkata,West Bengal,India,245792
SAP1382,Rekha,Nair,rekha.nair97@sap.com,9862828909,1974-02-08,COMP22,PLANT22,MG22,2026-01-26,SAP,NAT4382,55 MI Rd,Near Metro Station,Kolkata,West Bengal,India,967606
SAP1133,Sunita,Singh,sunita.singh79@sap.com,9702255564,1978-06-20,COMP13,PLANT13,MG13,2026-01-21,SAP,NAT4133,77 Linking Rd,Near City Center,Chennai,Tamil Nadu,India,127510
SAP1251,Neha,Bajaj,neha.bajaj84@sap.com,9616163867,2000-11-10,COMP11,PLANT11,MG11,2026-03-04,SAP,NAT4251,56 Chandni Chowk,,Chennai,Tamil Nadu,India,358721
SAP1069,Anita,Iyer,anita.iyer92@sap.com,9203034122,1994-12-01,COMP09,PLANT09,MG09,2026-02-25,SAP,NAT4069,90 Karol Bagh Market,,Jaipur,Rajasthan,India,921260
SAP1597,Arjun,Kaur,arjun.kaur44@sap.com,9350818233,1977-03-08,COMP57,PLANT57,MG57,2026-01-20,SAP,NAT4597,12 MG Rd,Near Metro Station,Chennai,Tamil Nadu,India,304299
SAP1030,Manish,Mishra,manish.mishra79@sap.com,9148617404,1978-10-09,COMP30,PLANT30,MG30,2026-03-12,SAP,NAT4030,56 Chandni Chowk,Opposite Mall,Pune,Maharashtra,India,158027
SAP1683,Vikas,Shah,vikas.shah79@sap.com,9561432229,1971-08-18,COMP23,PLANT23,MG23,2026-01-11,SAP,NAT4683,78 Connaught Pl,Above Central Bank,Delhi,Delhi,India,798627
SAP1238,Amit,Banerjee,amit.banerjee29@sap.com,9065026315,1976-01-24,COMP58,PLANT58,MG58,2026-01-31,SAP,NAT4238,88 Worli Sea Face,Opposite Mall,Mumbai,Maharashtra,India,501573
SAP1044,Vinod,Banerjee,vinod.banerjee23@sap.com,9219802103,1990-12-27,COMP44,PLANT44,MG44,2026-01-08,SAP,NAT4044,45 Marine Dr,Near Old Town,Kolkata,West Bengal,India,182775
SAP1620,Jane,Gupta,jane.gupta73@sap.com,9358796351,1994-05-12,COMP20,PLANT20,MG20,2026-02-27,SAP,NAT4620,56 Chandni Chowk,,Chennai,Tamil Nadu,India,907084
SAP1536,Shalini,Singh,shalini.singh12@sap.com,9155522596,1981-01-23,COMP56,PLANT56,MG56,2026-03-15,SAP,NAT4536,101 FC Rd,Next to Market,Hyderabad,Telangana,India,163130
SAP1070,Harish,Gupta,harish.gupta49@sap.com,9286768143,1993-02-13,COMP10,PLANT10,MG10,2026-02-27,SAP,NAT4070,78 Connaught Pl,,Ahmedabad,Gujarat,India,752238
SAP1695,Ravi,Chopra,ravi.chopra35@sap.com,9493685262,1999-01-27,COMP35,PLANT35,MG35,2026-01-23,SAP,NAT4695,77 Linking Rd,,Chennai,Tamil Nadu,India,188575
SAP1860,Divya,Mishra,divya.mishra44@sap.com,9114978415,1982-01-09,COMP20,PLANT20,MG20,2026-03-10,SAP,NAT4860,34 JM Road,Next to Market,Chennai,Tamil Nadu,India,706067
SAP1899,Anita,Srivastava,anita.srivastava26@sap.com,9170030204,2000-05-16,COMP59,PLANT59,MG59,2026-03-24,SAP,NAT4899,88 Worli Sea Face,Next to Market,Jaipur,Rajasthan,India,195170
SAP1608,John,Desai,john.desai32@sap.com,9310346943,1991-11-11,COMP08,PLANT08,MG08,2026-01-19,SAP,NAT4608,55 MI Rd,Near Metro Station,Jaipur,Rajasthan,India,970797
SAP1813,Divya,Kapoor,divya.kapoor92@sap.com,9143817703,1989-02-05,COMP33,PLANT33,MG33,2026-03-16,SAP,NAT4813,56 Chandni Chowk,Near Old Town,Jaipur,Rajasthan,India,310430
SAP1625,Ravi,Rao,ravi.rao39@sap.com,9685939938,1972-03-03,COMP25,PLANT25,MG25,2026-01-05,SAP,NAT4625,88 Worli Sea Face,Near Old Town,Surat,Gujarat,India,942969
SAP1819,Vinod,Dubey,vinod.dubey98@sap.com,9287145704,1977-05-21,COMP39,PLANT39,MG39,2026-03-17,SAP,NAT4819,67 Law Garden Rd,Near Old Town,Kolkata,West Bengal,India,479847
SAP1851,Rajiv,Patel,rajiv.patel48@sap.com,9484544568,1999-09-22,COMP11,PLANT11,MG11,2026-01-15,SAP,NAT4851,88 Worli Sea Face,Above Central Bank,Surat,Gujarat,India,939430
SAP1277,Anita,Pandey,anita.pandey47@sap.com,9434170075,1974-11-02,COMP37,PLANT37,MG37,2026-02-08,SAP,NAT4277,101 FC Rd,Above Central Bank,Pune,Maharashtra,India,629528
SAP1654,Manish,Agarwal,manish.agarwal84@sap.com,9179410414,1970-02-23,COMP54,PLANT54,MG54,2026-03-09,SAP,NAT4654,77 Linking Rd,,Ahmedabad,Gujarat,India,350306
SAP1144,Prakash,Kaur,prakash.kaur37@sap.com,9393779139,1971-12-25,COMP24,PLANT24,MG24,2026-03-30,SAP,NAT4144,44 Ashram Rd,Next to Market,Pune,Maharashtra,India,835392
SAP1781,Karan,Patel,karan.patel93@sap.com,9022127674,1970-01-07,COMP01,PLANT01,MG01,2026-01-17,SAP,NAT4781,12 Residency Rd,Next to Market,Chennai,Tamil Nadu,India,515217
SAP1111,Seema,Kapoor,seema.kapoor21@sap.com,9382443574,1991-08-06,COMP51,PLANT51,MG51,2026-02-01,SAP,NAT4111,34 JM Road,,Delhi,Delhi,India,232204
SAP1601,Shalini,Tiwari,shalini.tiwari65@sap.com,9335890694,1983-11-10,COMP01,PLANT01,MG01,2026-03-22,SAP,NAT4601,55 MI Rd,Above Central Bank,Chennai,Tamil Nadu,India,844645
SAP1152,Arvind,Mishra,arvind.mishra42@sap.com,9683522785,1982-10-26,COMP32,PLANT32,MG32,2026-02-05,SAP,NAT4152,67 Law Garden Rd,Next to Market,Pune,Maharashtra,India,833929
SAP1800,Shreya,Chopra,shreya.chopra87@sap.com,9383815128,2000-06-12,COMP20,PLANT20,MG20,2026-01-05,SAP,NAT4800,12 MG Rd,Near City Center,Mumbai,Maharashtra,India,908661
SAP1405,Prakash,Mishra,prakash.mishra4@sap.com,9841302122,1978-09-26,COMP45,PLANT45,MG45,2026-01-07,SAP,NAT4405,77 Linking Rd,,Surat,Gujarat,India,913876
SAP1663,Rajiv,Patel,rajiv.patel46@sap.com,9278058958,1999-10-19,COMP03,PLANT03,MG03,2026-01-12,SAP,NAT4663,44 Ashram Rd,Next to Market,Kolkata,West Bengal,India,744913
SAP1051,Harish,Kaur,harish.kaur45@sap.com,9764043186,1987-10-09,COMP51,PLANT51,MG51,2026-01-20,SAP,NAT4051,67 Law Garden Rd,Next to Market,Chennai,Tamil Nadu,India,633982
SAP1628,Lakshmi,Patel,lakshmi.patel40@sap.com,9285697264,1995-04-20,COMP28,PLANT28,MG28,2026-03-29,SAP,NAT4628,34 JM Road,Near Old Town,Chennai,Tamil Nadu,India,196922
SAP1002,Vikas,Srivastava,vikas.srivastava7@sap.com,9932467832,1989-07-11,COMP02,PLANT02,MG02,2026-02-13,SAP,NAT4002,90 Karol Bagh Market,,Kolkata,West Bengal,India,400122
SAP1083,Rajiv,Mehta,rajiv.mehta6@sap.com,9103829005,1986-02-18,COMP23,PLANT23,MG23,2026-01-11,SAP,NAT4083,67 Law Garden Rd,Opposite Mall,Surat,Gujarat,India,137470
SAP1931,Priya,Sharma,priya.sharma33@sap.com,9421367176,1996-12-10,COMP31,PLANT31,MG31,2026-03-03,SAP,NAT4931,90 Karol Bagh Market,Near Old Town,Jaipur,Rajasthan,India,589095
SAP1887,Manish,Iyer,manish.iyer73@sap.com,9930717168,1970-05-25,COMP47,PLANT47,MG47,2026-01-31,SAP,NAT4887,56 Chandni Chowk,Near Metro Station,Surat,Gujarat,India,218608
SAP1739,Sachin,Banerjee,sachin.banerjee59@sap.com,9540871831,1994-06-10,COMP19,PLANT19,MG19,2026-03-04,SAP,NAT4739,55 MI Rd,Near Metro Station,Delhi,Delhi,India,699286
SAP1547,Lakshmi,Joshi,lakshmi.joshi32@sap.com,9001569936,1989-03-19,COMP07,PLANT07,MG07,2026-01-02,SAP,NAT4547,12 MG Rd,Near Old Town,Kolkata,West Bengal,India,542547
SAP1154,Meena,Malhotra,meena.malhotra4@sap.com,9510632323,1978-10-25,COMP34,PLANT34,MG34,2026-01-02,SAP,NAT4154,12 Residency Rd,Next to Market,Jaipur,Rajasthan,India,629638
SAP1066,Karan,Iyer,karan.iyer61@sap.com,9313747075,1983-11-07,COMP06,PLANT06,MG06,2026-02-01,SAP,NAT4066,34 JM Road,Near Old Town,Chennai,Tamil Nadu,India,814040
SAP1189,Prakash,Desai,prakash.desai76@sap.com,9425594589,1977-01-18,COMP09,PLANT09,MG09,2026-01-16,SAP,NAT4189,78 Connaught Pl,Above Central Bank,Kolkata,West Bengal,India,816646
SAP1128,Rahul,Guptha,rahul.guptha25@sap.com,9343637699,1974-06-06,COMP08,PLANT08,MG08,2026-02-23,SAP,NAT4128,45 Marine Dr,Opposite Mall,Pune,Maharashtra,India,705245
SAP1231,Anjali,Verma,anjali.verma88@sap.com,9468531055,1986-05-27,COMP51,PLANT51,MG51,2026-03-04,SAP,NAT4231,12 MG Rd,Opposite Mall,Ahmedabad,Gujarat,India,972528
SAP1894,John,Kumar,john.kumar73@sap.com,9101381229,1990-10-11,COMP54,PLANT54,MG54,2026-03-11,SAP,NAT4894,34 JM Road,Next to Market,Delhi,Delhi,India,148770
SAP1304,Anjali,Chopra,anjali.chopra6@sap.com,9916434142,2000-01-02,COMP04,PLANT04,MG04,2026-03-18,SAP,NAT4304,45 Marine Dr,Above Central Bank,Ahmedabad,Gujarat,India,729479
SAP1423,Vinod,Guptha,vinod.guptha88@sap.com,9948657726,1972-02-11,COMP03,PLANT03,MG03,2026-01-17,SAP,NAT4423,90 Karol Bagh Market,Near City Center,Jaipur,Rajasthan,India,268016
SAP1714,Anita,Agarwal,anita.agarwal67@sap.com,9616033048,1977-07-23,COMP54,PLANT54,MG54,2026-01-13,SAP,NAT4714,77 Linking Rd,Near Old Town,Bangalore,Karnataka,India,899304
SAP1099,Suresh,Malhotra,suresh.malhotra43@sap.com,9444024588,1975-08-18,COMP39,PLANT39,MG39,2026-01-27,SAP,NAT4099,45 Marine Dr,Near Old Town,Mumbai,Maharashtra,India,231708
SAP1616,Rekha,Agarwal,rekha.agarwal84@sap.com,9351930577,1996-08-28,COMP16,PLANT16,MG16,2026-01-05,SAP,NAT4616,45 Marine Dr,Next to Market,Mumbai,Maharashtra,India,783948
SAP1687,Meena,Iyer,meena.iyer84@sap.com,9116423035,1976-10-12,COMP27,PLANT27,MG27,2026-03-19,SAP,NAT4687,78 Connaught Pl,Near Old Town,Ahmedabad,Gujarat,India,616324
SAP1115,Meera,Bajaj,meera.bajaj9@sap.com,9949807615,1986-02-18,COMP55,PLANT55,MG55,2026-03-05,SAP,NAT4115,23 Brigade Rd,,Hyderabad,Telangana,India,977282
SAP1054,Jane,Bajaj,jane.bajaj64@sap.com,9085371729,1973-07-16,COMP54,PLANT54,MG54,2026-01-13,SAP,NAT4054,55 MI Rd,Above Central Bank,Kolkata,West Bengal,India,236380
SAP1255,Meera,Guptha,meera.guptha61@sap.com,9566169511,1997-02-21,COMP15,PLANT15,MG15,2026-03-22,SAP,NAT4255,45 Marine Dr,Above Central Bank,Kolkata,West Bengal,India,163995
SAP1537,Vinay,Patel,vinay.patel11@sap.com,9123673473,1983-12-11,COMP57,PLANT57,MG57,2026-01-26,SAP,NAT4537,88 Worli Sea Face,Next to Market,Mumbai,Maharashtra,India,601401
SAP1658,Neha,Verma,neha.verma61@sap.com,9719852586,1984-03-02,COMP58,PLANT58,MG58,2026-01-01,SAP,NAT4658,23 Brigade Rd,,Ahmedabad,Gujarat,India,981343
SAP1345,Vikas,Nair,vikas.nair87@sap.com,9943392614,1984-07-02,COMP45,PLANT45,MG45,2026-01-01,SAP,NAT4345,12 Residency Rd,Above Central Bank,Mumbai,Maharashtra,India,413577
SAP1331,Lakshmi,Rao,lakshmi.rao72@sap.com,9054239236,1988-09-18,COMP31,PLANT31,MG31,2026-02-20,SAP,NAT4331,67 Law Garden Rd,Opposite Mall,Hyderabad,Telangana,India,704749
SAP1895,Vinod,Gupta,vinod.gupta56@sap.com,9224507667,1982-11-06,COMP55,PLANT55,MG55,2026-02-26,SAP,NAT4895,55 MI Rd,Near Metro Station,Delhi,Delhi,India,245334
SAP1918,Manish,Guptha,manish.guptha49@sap.com,9639448275,1995-11-08,COMP18,PLANT18,MG18,2026-03-05,SAP,NAT4918,45 Marine Dr,Above Central Bank,Bangalore,Karnataka,India,855663
SAP1012,Kavita,Agarwal,kavita.agarwal94@sap.com,9481014078,1976-01-22,COMP12,PLANT12,MG12,2026-01-18,SAP,NAT4012,101 FC Rd,Next to Market,Hyderabad,Telangana,India,147248
SAP1148,Harish,Gupta,harish.gupta78@sap.com,9838928055,1981-12-22,COMP28,PLANT28,MG28,2026-01-13,SAP,NAT4148,88 Worli Sea Face,Near Metro Station,Chennai,Tamil Nadu,India,713495
SAP1008,Anita,Guptha,anita.guptha96@sap.com,9036649709,1987-04-02,COMP08,PLANT08,MG08,2026-01-08,SAP,NAT4008,88 Worli Sea Face,,Mumbai,Maharashtra,India,601463
SAP1414,Manish,Agarwal,manish.agarwal42@sap.com,9058088117,1983-04-24,COMP54,PLANT54,MG54,2026-03-03,SAP,NAT4414,34 JM Road,Above Central Bank,Hyderabad,Telangana,India,740758
SAP1378,Shreya,Kumar,shreya.kumar82@sap.com,9085594004,1981-01-22,COMP18,PLANT18,MG18,2026-03-11,SAP,NAT4378,88 Worli Sea Face,Near Old Town,Pune,Maharashtra,India,880357
SAP1494,Shalini,Rao,shalini.rao80@sap.com,9883016533,1976-11-06,COMP14,PLANT14,MG14,2026-01-11,SAP,NAT4494,34 JM Road,Opposite Mall,Hyderabad,Telangana,India,400294
SAP1686,Arvind,Sharma,arvind.sharma70@sap.com,9949669629,1976-05-07,COMP26,PLANT26,MG26,2026-02-05,SAP,NAT4686,12 MG Rd,,Chennai,Tamil Nadu,India,949848
SAP1871,Amit,Tiwari,amit.tiwari77@sap.com,9940739328,1996-02-12,COMP31,PLANT31,MG31,2026-03-04,SAP,NAT4871,78 Connaught Pl,Next to Market,Mumbai,Maharashtra,India,456825
SAP1217,Ajay,Shah,ajay.shah83@sap.com,9415211148,1996-03-14,COMP37,PLANT37,MG37,2026-02-12,SAP,NAT4217,88 Worli Sea Face,Near Metro Station,Pune,Maharashtra,India,316778
SAP1200,Rekha,Kaur,rekha.kaur23@sap.com,9713218496,1990-02-26,COMP20,PLANT20,MG20,2026-02-10,SAP,NAT4200,55 MI Rd,Near Metro Station,Jaipur,Rajasthan,India,669231
SAP1647,Amit,Patil,amit.patil85@sap.com,9164787422,1987-08-27,COMP47,PLANT47,MG47,2026-01-03,SAP,NAT4647,12 Residency Rd,Near Old Town,Kolkata,West Bengal,India,827629
SAP1655,Kavita,Rao,kavita.rao40@sap.com,9790956326,1982-06-09,COMP55,PLANT55,MG55,2026-02-06,SAP,NAT4655,90 Karol Bagh Market,Near City Center,Jaipur,Rajasthan,India,656315
SAP1124,Sneha,Patil,sneha.patil31@sap.com,9699823913,1979-09-28,COMP04,PLANT04,MG04,2026-02-07,SAP,NAT4124,78 Connaught Pl,Next to Market,Kolkata,West Bengal,India,290760
SAP1163,Manish,Sharma,manish.sharma75@sap.com,9357536569,1998-03-13,COMP43,PLANT43,MG43,2026-01-25,SAP,NAT4163,44 Ashram Rd,Near City Center,Delhi,Delhi,India,154138
SAP1741,Kavita,Singh,kavita.singh43@sap.com,9974686058,1975-05-20,COMP21,PLANT21,MG21,2026-02-22,SAP,NAT4741,88 Worli Sea Face,Next to Market,Surat,Gujarat,India,269284
SAP1440,Ramesh,Srivastava,ramesh.srivastava93@sap.com,9526541947,1986-02-10,COMP20,PLANT20,MG20,2026-03-12,SAP,NAT4440,45 Marine Dr,Near Old Town,Ahmedabad,Gujarat,India,674976
SAP1721,Harish,Chopra,harish.chopra59@sap.com,9395303048,1972-08-03,COMP01,PLANT01,MG01,2026-02-06,SAP,NAT4721,44 Ashram Rd,Near Metro Station,Ahmedabad,Gujarat,India,275896
SAP1873,Shalini,Iyer,shalini.iyer39@sap.com,9219980706,1995-06-14,COMP33,PLANT33,MG33,2026-03-24,SAP,NAT4873,23 Brigade Rd,Above Central Bank,Surat,Gujarat,India,365717
SAP1021,Karan,Gupta,karan.gupta29@sap.com,9589266144,1998-09-16,COMP21,PLANT21,MG21,2026-01-05,SAP,NAT4021,44 Ashram Rd,Next to Market,Surat,Gujarat,India,608967
SAP1789,Priya,Mishra,priya.mishra60@sap.com,9205195910,2000-04-06,COMP09,PLANT09,MG09,2026-03-31,SAP,NAT4789,78 Connaught Pl,,Jaipur,Rajasthan,India,801746
SAP1327,Anjali,Yadav,anjali.yadav22@sap.com,9629252805,1978-11-17,COMP27,PLANT27,MG27,2026-01-31,SAP,NAT4327,12 Residency Rd,Above Central Bank,Delhi,Delhi,India,889015
SAP1313,Ajay,Tiwari,ajay.tiwari66@sap.com,9329976256,1997-07-25,COMP13,PLANT13,MG13,2026-01-13,SAP,NAT4313,78 Connaught Pl,Near Metro Station,Mumbai,Maharashtra,India,354428
SAP1448,Arjun,Guptha,arjun.guptha66@sap.com,9623366020,2000-02-08,COMP28,PLANT28,MG28,2026-01-30,SAP,NAT4448,90 Karol Bagh Market,,Hyderabad,Telangana,India,107744
SAP1269,Alok,Chopra,alok.chopra81@sap.com,9796999198,1982-01-22,COMP29,PLANT29,MG29,2026-02-26,SAP,NAT4269,45 Marine Dr,Next to Market,Mumbai,Maharashtra,India,273397
SAP1635,Pooja,Mehta,pooja.mehta97@sap.com,9875172671,1973-02-02,COMP35,PLANT35,MG35,2026-03-21,SAP,NAT4635,101 FC Rd,Near City Center,Pune,Maharashtra,India,977887
SAP1363,Priya,Desai,priya.desai9@sap.com,9134643604,1987-04-08,COMP03,PLANT03,MG03,2026-03-02,SAP,NAT4363,88 Worli Sea Face,,Ahmedabad,Gujarat,India,837789
SAP1787,Sunil,Iyer,sunil.iyer25@sap.com,9432175303,1974-05-25,COMP07,PLANT07,MG07,2026-03-07,SAP,NAT4787,90 Karol Bagh Market,,Pune,Maharashtra,India,933047
SAP1362,Amit,Tiwari,amit.tiwari94@sap.com,9929976067,1979-11-06,COMP02,PLANT02,MG02,2026-01-22,SAP,NAT4362,101 FC Rd,,Ahmedabad,Gujarat,India,120624
SAP1511,Ramesh,Menon,ramesh.menon7@sap.com,9686910841,1976-04-03,COMP31,PLANT31,MG31,2026-03-28,SAP,NAT4511,44 Ashram Rd,Opposite Mall,Delhi,Delhi,India,223499
SAP1809,Sneha,Kapoor,sneha.kapoor85@sap.com,9387139786,1984-04-14,COMP29,PLANT29,MG29,2026-01-31,SAP,NAT4809,88 Worli Sea Face,Above Central Bank,Surat,Gujarat,India,974754
SAP1664,John,Nair,john.nair73@sap.com,9923452288,1980-08-06,COMP04,PLANT04,MG04,2026-01-14,SAP,NAT4664,88 Worli Sea Face,Above Central Bank,Mumbai,Maharashtra,India,908958
SAP1944,Lakshmi,Kumar,lakshmi.kumar31@sap.com,9858738600,1970-11-06,COMP44,PLANT44,MG44,2026-01-11,SAP,NAT4944,44 Ashram Rd,Next to Market,Hyderabad,Telangana,India,855811
SAP1610,Lakshmi,Singh,lakshmi.singh5@sap.com,9856213452,1978-12-01,COMP10,PLANT10,MG10,2026-03-11,SAP,NAT4610,44 Ashram Rd,Near Metro Station,Bangalore,Karnataka,India,288924
SAP1678,Vinay,Bajaj,vinay.bajaj62@sap.com,9991108716,1978-12-23,COMP18,PLANT18,MG18,2026-03-18,SAP,NAT4678,88 Worli Sea Face,Opposite Mall,Delhi,Delhi,India,154053
SAP1350,Neha,Rao,neha.rao40@sap.com,9010740317,1978-08-03,COMP50,PLANT50,MG50,2026-02-14,SAP,NAT4350,90 Karol Bagh Market,Near Metro Station,Hyderabad,Telangana,India,696461
SAP1120,Karan,Guptha,karan.guptha61@sap.com,9828708859,1970-09-14,COMP60,PLANT60,MG60,2026-03-27,SAP,NAT4120,67 Law Garden Rd,Above Central Bank,Delhi,Delhi,India,483380
SAP1579,Sanjay,Kapoor,sanjay.kapoor4@sap.com,9318270501,1997-03-26,COMP39,PLANT39,MG39,2026-02-15,SAP,NAT4579,34 JM Road,Near Metro Station,Bangalore,Karnataka,India,586561
SAP1248,Arvind,Agarwal,arvind.agarwal17@sap.com,9720943152,2000-03-01,COMP08,PLANT08,MG08,2026-01-12,SAP,NAT4248,12 Residency Rd,Above Central Bank,Hyderabad,Telangana,India,855918
SAP1307,Sneha,Guptha,sneha.guptha20@sap.com,9911611197,1977-09-11,COMP07,PLANT07,MG07,2026-02-12,SAP,NAT4307,55 MI Rd,Near Old Town,Delhi,Delhi,India,994109
SAP1259,Anita,Yadav,anita.yadav22@sap.com,9601376426,2000-08-27,COMP19,PLANT19,MG19,2026-01-26,SAP,NAT4259,101 FC Rd,Near Metro Station,Jaipur,Rajasthan,India,122554
SAP1770,Karan,Patel,karan.patel55@sap.com,9238310659,1984-07-13,COMP50,PLANT50,MG50,2026-01-09,SAP,NAT4770,56 Chandni Chowk,Opposite Mall,Bangalore,Karnataka,India,367033
SAP1240,Anjali,Malhotra,anjali.malhotra48@sap.com,9572315596,1985-07-01,COMP60,PLANT60,MG60,2026-03-28,SAP,NAT4240,45 Marine Dr,Above Central Bank,Surat,Gujarat,India,766485
SAP1892,Manish,Yadav,manish.yadav37@sap.com,9213749389,1989-02-07,COMP52,PLANT52,MG52,2026-01-24,SAP,NAT4892,88 Worli Sea Face,Next to Market,Chennai,Tamil Nadu,India,173820
SAP1490,Vinay,Patil,vinay.patil25@sap.com,9609349049,1984-06-21,COMP10,PLANT10,MG10,2026-02-28,SAP,NAT4490,34 JM Road,,Kolkata,West Bengal,India,320870
SAP1757,Sneha,Reddy,sneha.reddy20@sap.com,9385574146,1977-01-06,COMP37,PLANT37,MG37,2026-01-12,SAP,NAT4757,77 Linking Rd,Next to Market,Ahmedabad,Gujarat,India,304193
SAP1761,Rekha,Yadav,rekha.yadav43@sap.com,9643054664,1971-12-13,COMP41,PLANT41,MG41,2026-01-09,SAP,NAT4761,67 Law Garden Rd,Near City Center,Ahmedabad,Gujarat,India,683614
SAP1889,Harish,Mehta,harish.mehta51@sap.com,9689864610,1973-04-10,COMP49,PLANT49,MG49,2026-01-16,SAP,NAT4889,88 Worli Sea Face,Near City Center,Bangalore,Karnataka,India,272185
SAP1245,Sunil,Srivastava,sunil.srivastava5@sap.com,9962813541,1997-06-07,COMP05,PLANT05,MG05,2026-02-01,SAP,NAT4245,90 Karol Bagh Market,Near Old Town,Jaipur,Rajasthan,India,707152
SAP1946,Divya,Verma,divya.verma59@sap.com,9430346447,1975-02-23,COMP46,PLANT46,MG46,2026-03-22,SAP,NAT4946,12 Residency Rd,Above Central Bank,Ahmedabad,Gujarat,India,430236
SAP1932,Amit,Rao,amit.rao41@sap.com,9514325362,1990-05-08,COMP32,PLANT32,MG32,2026-03-06,SAP,NAT4932,77 Linking Rd,Next to Market,Kolkata,West Bengal,India,234256
SAP1208,Neha,Mishra,neha.mishra77@sap.com,9418614766,1974-10-05,COMP28,PLANT28,MG28,2026-02-08,SAP,NAT4208,12 Residency Rd,Opposite Mall,Chennai,Tamil Nadu,India,685844
SAP1832,Arjun,Singh,arjun.singh96@sap.com,9169288896,1981-12-04,COMP52,PLANT52,MG52,2026-01-08,SAP,NAT4832,56 Chandni Chowk,,Jaipur,Rajasthan,India,807577
SAP1640,Vinod,Verma,vinod.verma57@sap.com,9300824463,1994-07-19,COMP40,PLANT40,MG40,2026-01-22,SAP,NAT4640,101 FC Rd,Near Old Town,Surat,Gujarat,India,580175
SAP1049,Deepak,Agarwal,deepak.agarwal63@sap.com,9256678079,1976-09-23,COMP49,PLANT49,MG49,2026-01-27,SAP,NAT4049,78 Connaught Pl,Near City Center,Delhi,Delhi,India,842369
SAP1603,Shalini,Mehta,shalini.mehta49@sap.com,9383855561,1987-10-05,COMP03,PLANT03,MG03,2026-03-11,SAP,NAT4603,55 MI Rd,Near Old Town,Ahmedabad,Gujarat,India,627244
SAP1077,Harish,Patel,harish.patel71@sap.com,9832461871,1997-06-25,COMP17,PLANT17,MG17,2026-01-18,SAP,NAT4077,45 Marine Dr,Near Old Town,Mumbai,Maharashtra,India,827503
SAP1680,Sunil,Patel,sunil.patel78@sap.com,9414018149,1992-09-16,COMP20,PLANT20,MG20,2026-02-23,SAP,NAT4680,12 MG Rd,,Pune,Maharashtra,India,282827
SAP1023,Harish,Kaur,harish.kaur18@sap.com,9175035054,1984-09-02,COMP23,PLANT23,MG23,2026-03-07,SAP,NAT4023,45 Marine Dr,,Mumbai,Maharashtra,India,687408
SAP1855,Suresh,Tiwari,suresh.tiwari25@sap.com,9674445072,1989-04-21,COMP15,PLANT15,MG15,2026-03-29,SAP,NAT4855,12 Residency Rd,Near Metro Station,Mumbai,Maharashtra,India,936815
SAP1573,Shreya,Kaur,shreya.kaur57@sap.com,9324194697,1987-08-04,COMP33,PLANT33,MG33,2026-02-19,SAP,NAT4573,55 MI Rd,Opposite Mall,Kolkata,West Bengal,India,464145
SAP1265,Sanjay,Tiwari,sanjay.tiwari4@sap.com,9010798549,1990-04-07,COMP25,PLANT25,MG25,2026-01-13,SAP,NAT4265,77 Linking Rd,Next to Market,Mumbai,Maharashtra,India,845518
SAP1081,Meena,Rao,meena.rao95@sap.com,9369002136,1994-09-12,COMP21,PLANT21,MG21,2026-02-18,SAP,NAT4081,45 Marine Dr,Near City Center,Jaipur,Rajasthan,India,608095
SAP1840,Alok,Menon,alok.menon68@sap.com,9643282372,1972-06-20,COMP60,PLANT60,MG60,2026-03-21,SAP,NAT4840,45 Marine Dr,,Mumbai,Maharashtra,India,684110
SAP1419,Arjun,Gupta,arjun.gupta96@sap.com,9518297356,1976-06-05,COMP59,PLANT59,MG59,2026-03-22,SAP,NAT4419,88 Worli Sea Face,Near City Center,Delhi,Delhi,India,966390
SAP1343,Sunita,Kaur,sunita.kaur32@sap.com,9081884465,1985-11-05,COMP43,PLANT43,MG43,2026-01-15,SAP,NAT4343,67 Law Garden Rd,,Bangalore,Karnataka,India,546079
SAP1595,Rajiv,Rao,rajiv.rao7@sap.com,9558442422,1996-05-18,COMP55,PLANT55,MG55,2026-02-15,SAP,NAT4595,101 FC Rd,Near City Center,Surat,Gujarat,India,355064
SAP1755,Ravi,Kaur,ravi.kaur12@sap.com,9659490090,1999-04-18,COMP35,PLANT35,MG35,2026-02-08,SAP,NAT4755,34 JM Road,Opposite Mall,Bangalore,Karnataka,India,128130
SAP1014,Vikas,Patel,vikas.patel83@sap.com,9038708747,1994-06-27,COMP14,PLANT14,MG14,2026-01-10,SAP,NAT4014,34 JM Road,Next to Market,Delhi,Delhi,India,787009
SAP1646,Seema,Shah,seema.shah75@sap.com,9211029711,1988-11-26,COMP46,PLANT46,MG46,2026-02-19,SAP,NAT4646,90 Karol Bagh Market,Above Central Bank,Hyderabad,Telangana,India,130961
SAP1058,Anjali,Patil,anjali.patil71@sap.com,9675324102,1991-07-01,COMP58,PLANT58,MG58,2026-03-15,SAP,NAT4058,12 MG Rd,Near City Center,Surat,Gujarat,India,369612
SAP1653,Ajay,Dubey,ajay.dubey21@sap.com,9922566499,1971-11-04,COMP53,PLANT53,MG53,2026-02-10,SAP,NAT4653,44 Ashram Rd,Above Central Bank,Kolkata,West Bengal,India,151361
SAP1334,Meera,Kumar,meera.kumar27@sap.com,9693742307,1999-11-20,COMP34,PLANT34,MG34,2026-02-03,SAP,NAT4334,78 Connaught Pl,Next to Market,Hyderabad,Telangana,India,258992
SAP1501,Shalini,Desai,shalini.desai90@sap.com,9826484069,1973-10-25,COMP21,PLANT21,MG21,2026-02-25,SAP,NAT4501,77 Linking Rd,Near Old Town,Pune,Maharashtra,India,812353
SAP1665,Lakshmi,Dubey,lakshmi.dubey98@sap.com,9651019715,1978-01-25,COMP05,PLANT05,MG05,2026-01-20,SAP,NAT4665,56 Chandni Chowk,Next to Market,Kolkata,West Bengal,India,825822
SAP1691,Ravi,Tiwari,ravi.tiwari63@sap.com,9858748335,1974-05-25,COMP31,PLANT31,MG31,2026-02-06,SAP,NAT4691,88 Worli Sea Face,Near City Center,Ahmedabad,Gujarat,India,301908
SAP1101,Rahul,Mishra,rahul.mishra54@sap.com,9344079982,1996-01-08,COMP41,PLANT41,MG41,2026-01-02,SAP,NAT4101,45 Marine Dr,Near Old Town,Surat,Gujarat,India,651615
SAP1570,Jane,Mishra,jane.mishra37@sap.com,9427423945,1997-05-03,COMP30,PLANT30,MG30,2026-02-15,SAP,NAT4570,12 MG Rd,Opposite Mall,Hyderabad,Telangana,India,666079
SAP1587,Divya,Desai,divya.desai91@sap.com,9437039783,2000-07-08,COMP47,PLANT47,MG47,2026-03-29,SAP,NAT4587,45 Marine Dr,Near City Center,Kolkata,West Bengal,India,991041
SAP1542,Jane,Srivastava,jane.srivastava77@sap.com,9841979274,1977-09-22,COMP02,PLANT02,MG02,2026-01-20,SAP,NAT4542,101 FC Rd,Near Old Town,Delhi,Delhi,India,933867
SAP1201,Vinay,Menon,vinay.menon17@sap.com,9849838757,1998-11-27,COMP21,PLANT21,MG21,2026-03-14,SAP,NAT4201,78 Connaught Pl,Near Metro Station,Hyderabad,Telangana,India,541813
SAP1377,Karan,Sharma,karan.sharma48@sap.com,9869213392,1991-02-17,COMP17,PLANT17,MG17,2026-01-01,SAP,NAT4377,88 Worli Sea Face,Near City Center,Bangalore,Karnataka,India,563869
SAP1346,Shreya,Patil,shreya.patil93@sap.com,9853000992,1976-10-07,COMP46,PLANT46,MG46,2026-02-25,SAP,NAT4346,34 JM Road,Next to Market,Kolkata,West Bengal,India,812470
SAP1568,Anjali,Nair,anjali.nair69@sap.com,9470224988,1971-08-22,COMP28,PLANT28,MG28,2026-03-10,SAP,NAT4568,45 Marine Dr,Opposite Mall,Pune,Maharashtra,India,728847
SAP1779,Suresh,Iyer,suresh.iyer46@sap.com,9054143547,1991-04-08,COMP59,PLANT59,MG59,2026-03-02,SAP,NAT4779,67 Law Garden Rd,Above Central Bank,Mumbai,Maharashtra,India,608805
SAP1636,Lakshmi,Chopra,lakshmi.chopra12@sap.com,9987242725,1995-03-23,COMP36,PLANT36,MG36,2026-03-15,SAP,NAT4636,44 Ashram Rd,Next to Market,Kolkata,West Bengal,India,429818
SAP1092,Neha,Guptha,neha.guptha29@sap.com,9710558519,1972-09-24,COMP32,PLANT32,MG32,2026-02-06,SAP,NAT4092,12 MG Rd,Next to Market,Chennai,Tamil Nadu,India,216087
SAP1281,Arjun,Pandey,arjun.pandey50@sap.com,9738354052,1998-02-05,COMP41,PLANT41,MG41,2026-03-21,SAP,NAT4281,77 Linking Rd,Near Old Town,Chennai,Tamil Nadu,India,354577
SAP1531,Jane,Gupta,jane.gupta50@sap.com,9355454036,1984-03-02,COMP51,PLANT51,MG51,2026-01-03,SAP,NAT4531,12 MG Rd,Above Central Bank,Chennai,Tamil Nadu,India,191392
SAP1577,Sachin,Agarwal,sachin.agarwal74@sap.com,9642129497,1990-04-28,COMP37,PLANT37,MG37,2026-03-08,SAP,NAT4577,101 FC Rd,Next to Market,Jaipur,Rajasthan,India,710713
SAP1420,Rajiv,Kumar,rajiv.kumar27@sap.com,9314574745,1992-12-08,COMP60,PLANT60,MG60,2026-02-19,SAP,NAT4420,90 Karol Bagh Market,Opposite Mall,Pune,Maharashtra,India,503420
SAP1294,Vikas,Verma,vikas.verma51@sap.com,9141985579,1984-10-08,COMP54,PLANT54,MG54,2026-01-06,SAP,NAT4294,67 Law Garden Rd,Opposite Mall,Bangalore,Karnataka,India,587893
SAP1826,Kavita,Patel,kavita.patel79@sap.com,9093976620,2000-07-01,COMP46,PLANT46,MG46,2026-01-30,SAP,NAT4826,67 Law Garden Rd,Near City Center,Ahmedabad,Gujarat,India,724282
SAP1236,Priya,Malhotra,priya.malhotra70@sap.com,9464272661,1980-10-17,COMP56,PLANT56,MG56,2026-03-23,SAP,NAT4236,45 Marine Dr,Next to Market,Mumbai,Maharashtra,India,876930
SAP1078,Shalini,Dubey,shalini.dubey73@sap.com,9844463555,1980-10-19,COMP18,PLANT18,MG18,2026-01-26,SAP,NAT4078,23 Brigade Rd,Next to Market,Hyderabad,Telangana,India,717183
SAP1648,Lakshmi,Nair,lakshmi.nair43@sap.com,9619646084,1989-07-06,COMP48,PLANT48,MG48,2026-01-14,SAP,NAT4648,55 MI Rd,Near City Center,Delhi,Delhi,India,289223
SAP1087,Seema,Mishra,seema.mishra10@sap.com,9633284920,1986-05-08,COMP27,PLANT27,MG27,2026-03-31,SAP,NAT4087,78 Connaught Pl,Near Metro Station,Chennai,Tamil Nadu,India,998556
SAP1533,Kavita,Gupta,kavita.gupta73@sap.com,9456245442,1970-02-24,COMP53,PLANT53,MG53,2026-01-27,SAP,NAT4533,101 FC Rd,Opposite Mall,Jaipur,Rajasthan,India,662092
SAP1549,Divya,Desai,divya.desai22@sap.com,9289954436,1997-09-18,COMP09,PLANT09,MG09,2026-02-09,SAP,NAT4549,88 Worli Sea Face,Opposite Mall,Delhi,Delhi,India,660501
SAP1429,Vikas,Singh,vikas.singh67@sap.com,9251950025,1986-01-25,COMP09,PLANT09,MG09,2026-03-31,SAP,NAT4429,55 MI Rd,,Kolkata,West Bengal,India,526549
SAP1076,Rohit,Reddy,rohit.reddy87@sap.com,9939079411,1993-04-10,COMP16,PLANT16,MG16,2026-02-20,SAP,NAT4076,23 Brigade Rd,Above Central Bank,Hyderabad,Telangana,India,752919
SAP1283,Ajay,Banerjee,ajay.banerjee72@sap.com,9139851259,1999-02-09,COMP43,PLANT43,MG43,2026-02-15,SAP,NAT4283,34 JM Road,Next to Market,Hyderabad,Telangana,India,589162
SAP1506,Sanjay,Chopra,sanjay.chopra10@sap.com,9112868798,1996-04-06,COMP26,PLANT26,MG26,2026-02-26,SAP,NAT4506,67 Law Garden Rd,Near City Center,Mumbai,Maharashtra,India,982098
SAP1043,Divya,Malhotra,divya.malhotra1@sap.com,9799951483,1982-01-10,COMP43,PLANT43,MG43,2026-02-15,SAP,NAT4043,55 MI Rd,Near Old Town,Delhi,Delhi,India,131146
SAP1427,Sanjay,Banerjee,sanjay.banerjee41@sap.com,9973042793,1972-10-08,COMP07,PLANT07,MG07,2026-01-19,SAP,NAT4427,90 Karol Bagh Market,Near City Center,Kolkata,West Bengal,India,556614
SAP1886,Lakshmi,Menon,lakshmi.menon3@sap.com,9632510842,1998-05-11,COMP46,PLANT46,MG46,2026-02-13,SAP,NAT4886,12 MG Rd,Opposite Mall,Delhi,Delhi,India,831301
SAP1698,Alok,Yadav,alok.yadav42@sap.com,9262923280,1971-06-07,COMP38,PLANT38,MG38,2026-03-26,SAP,NAT4698,23 Brigade Rd,Next to Market,Mumbai,Maharashtra,India,353832
SAP1338,Neha,Iyer,neha.iyer3@sap.com,9738101245,1995-11-28,COMP38,PLANT38,MG38,2026-02-13,SAP,NAT4338,56 Chandni Chowk,,Bangalore,Karnataka,India,587004
SAP1843,Deepak,Nair,deepak.nair63@sap.com,9637688328,1986-12-17,COMP03,PLANT03,MG03,2026-03-21,SAP,NAT4843,90 Karol Bagh Market,Next to Market,Chennai,Tamil Nadu,India,632671
SAP1422,Sanjay,Pandey,sanjay.pandey59@sap.com,9872582792,1981-03-02,COMP02,PLANT02,MG02,2026-01-01,SAP,NAT4422,101 FC Rd,Opposite Mall,Chennai,Tamil Nadu,India,705631
SAP1947,Suresh,Menon,suresh.menon69@sap.com,9129154687,1997-01-26,COMP47,PLANT47,MG47,2026-02-23,SAP,NAT4947,90 Karol Bagh Market,Near Old Town,Chennai,Tamil Nadu,India,541599
SAP1479,Karan,Tiwari,karan.tiwari61@sap.com,9185840212,1994-08-02,COMP59,PLANT59,MG59,2026-03-15,SAP,NAT4479,67 Law Garden Rd,Opposite Mall,Hyderabad,Telangana,India,171068
SAP1716,Manish,Tiwari,manish.tiwari28@sap.com,9818367186,1979-04-06,COMP56,PLANT56,MG56,2026-03-21,SAP,NAT4716,44 Ashram Rd,,Ahmedabad,Gujarat,India,851963
SAP1178,Karan,Menon,karan.menon44@sap.com,9629604095,1984-04-07,COMP58,PLANT58,MG58,2026-03-22,SAP,NAT4178,23 Brigade Rd,Near Old Town,Chennai,Tamil Nadu,India,195452
SAP1007,Karan,Singh,karan.singh36@sap.com,9145007555,1992-11-15,COMP07,PLANT07,MG07,2026-03-25,SAP,NAT4007,88 Worli Sea Face,Near Old Town,Delhi,Delhi,India,927079
SAP1289,Rahul,Iyer,rahul.iyer11@sap.com,9074124919,1985-10-06,COMP49,PLANT49,MG49,2026-03-24,SAP,NAT4289,101 FC Rd,Above Central Bank,Surat,Gujarat,India,667095
SAP1681,Kavita,Iyer,kavita.iyer29@sap.com,9615498169,1974-03-02,COMP21,PLANT21,MG21,2026-01-27,SAP,NAT4681,34 JM Road,,Hyderabad,Telangana,India,589409
SAP1769,Rajiv,Rao,rajiv.rao37@sap.com,9321613524,1979-02-02,COMP49,PLANT49,MG49,2026-02-09,SAP,NAT4769,23 Brigade Rd,Above Central Bank,Jaipur,Rajasthan,India,537182
SAP1324,Vikas,Banerjee,vikas.banerjee83@sap.com,9390130206,1976-04-24,COMP24,PLANT24,MG24,2026-02-28,SAP,NAT4324,45 Marine Dr,Above Central Bank,Jaipur,Rajasthan,India,433036
SAP1499,Amit,Dubey,amit.dubey51@sap.com,9255264042,1972-08-16,COMP19,PLANT19,MG19,2026-03-01,SAP,NAT4499,56 Chandni Chowk,,Surat,Gujarat,India,647232
SAP1942,Jane,Rao,jane.rao81@sap.com,9076377172,2000-10-18,COMP42,PLANT42,MG42,2026-03-16,SAP,NAT4942,55 MI Rd,Above Central Bank,Pune,Maharashtra,India,768574
SAP1237,Manish,Bajaj,manish.bajaj71@sap.com,9781235938,1991-01-16,COMP57,PLANT57,MG57,2026-03-18,SAP,NAT4237,55 MI Rd,Near Old Town,Bangalore,Karnataka,India,972089
SAP1340,Ravi,Malhotra,ravi.malhotra77@sap.com,9493387549,1987-07-21,COMP40,PLANT40,MG40,2026-01-15,SAP,NAT4340,78 Connaught Pl,Near City Center,Hyderabad,Telangana,India,897038
SAP1216,Shreya,Yadav,shreya.yadav1@sap.com,9324678601,1995-05-06,COMP36,PLANT36,MG36,2026-01-12,SAP,NAT4216,23 Brigade Rd,Opposite Mall,Ahmedabad,Gujarat,India,222367
SAP1367,Arjun,Srivastava,arjun.srivastava46@sap.com,9147961911,1977-06-17,COMP07,PLANT07,MG07,2026-03-12,SAP,NAT4367,78 Connaught Pl,Above Central Bank,Mumbai,Maharashtra,India,625768
SAP1186,Vikas,Sharma,vikas.sharma28@sap.com,9848293704,1980-11-14,COMP06,PLANT06,MG06,2026-02-04,SAP,NAT4186,77 Linking Rd,,Surat,Gujarat,India,113885
SAP1828,Ajay,Sharma,ajay.sharma38@sap.com,9120494657,1989-03-05,COMP48,PLANT48,MG48,2026-03-16,SAP,NAT4828,45 Marine Dr,Opposite Mall,Hyderabad,Telangana,India,305738
SAP1032,Alok,Desai,alok.desai35@sap.com,9183719991,1995-09-27,COMP32,PLANT32,MG32,2026-02-11,SAP,NAT4032,45 Marine Dr,Next to Market,Kolkata,West Bengal,India,757593
SAP1187,Jane,Banerjee,jane.banerjee38@sap.com,9095346494,1995-01-26,COMP07,PLANT07,MG07,2026-02-04,SAP,NAT4187,67 Law Garden Rd,Near City Center,Mumbai,Maharashtra,India,628730
SAP1790,Amit,Guptha,amit.guptha82@sap.com,9240739400,1999-10-20,COMP10,PLANT10,MG10,2026-02-17,SAP,NAT4790,34 JM Road,Near Metro Station,Pune,Maharashtra,India,394476
SAP1233,Deepak,Rao,deepak.rao50@sap.com,9860861983,1988-08-13,COMP53,PLANT53,MG53,2026-02-27,SAP,NAT4233,44 Ashram Rd,Above Central Bank,Bangalore,Karnataka,India,958890
SAP1885,Sanjay,Desai,sanjay.desai18@sap.com,9109723998,1986-08-18,COMP45,PLANT45,MG45,2026-02-11,SAP,NAT4885,55 MI Rd,Above Central Bank,Mumbai,Maharashtra,India,282322
SAP1662,Arvind,Banerjee,arvind.banerjee10@sap.com,9920091977,1971-08-20,COMP02,PLANT02,MG02,2026-02-09,SAP,NAT4662,34 JM Road,Above Central Bank,Bangalore,Karnataka,India,460937
SAP1232,Manish,Desai,manish.desai80@sap.com,9125804397,1979-03-24,COMP52,PLANT52,MG52,2026-01-21,SAP,NAT4232,34 JM Road,Near City Center,Chennai,Tamil Nadu,India,252386
SAP1239,Kavita,Mishra,kavita.mishra11@sap.com,9203662253,1998-06-01,COMP59,PLANT59,MG59,2026-02-21,SAP,NAT4239,55 MI Rd,Next to Market,Delhi,Delhi,India,239747
SAP1857,Ramesh,Kumar,ramesh.kumar52@sap.com,9024036260,1970-10-26,COMP17,PLANT17,MG17,2026-02-20,SAP,NAT4857,78 Connaught Pl,,Bangalore,Karnataka,India,479703
SAP1545,Jane,Nair,jane.nair2@sap.com,9279875161,1991-07-15,COMP05,PLANT05,MG05,2026-02-19,SAP,NAT4545,44 Ashram Rd,Near Old Town,Ahmedabad,Gujarat,India,456122
SAP1622,Vinod,Reddy,vinod.reddy63@sap.com,9883630490,1977-01-15,COMP22,PLANT22,MG22,2026-01-20,SAP,NAT4622,78 Connaught Pl,Above Central Bank,Delhi,Delhi,India,138963
SAP1696,Manish,Chopra,manish.chopra33@sap.com,9510615098,1995-05-07,COMP36,PLANT36,MG36,2026-02-22,SAP,NAT4696,90 Karol Bagh Market,Above Central Bank,Bangalore,Karnataka,India,402024
SAP1563,Anjali,Nair,anjali.nair5@sap.com,9196719099,1999-08-11,COMP23,PLANT23,MG23,2026-03-18,SAP,NAT4563,55 MI Rd,Near Old Town,Chennai,Tamil Nadu,India,862411
SAP1499,Amit,Dubey,amit.dubey51@sap.com,9255264042,1972-08-16,COMP19,PLANT19,MG19,2026-03-01,SAP,NAT4499,56 Chandni Chowk,,Surat,Gujarat,India,647232
SAP1784,Vinay,Singh,vinay.singh22@sap.com,9640616478,1996-12-20,COMP04,PLANT04,MG04,2026-03-07,SAP,NAT4784,88 Worli Sea Face,Near City Center,Hyderabad,Telangana,India,470287
SAP1121,Vinay,Guptha,vinay.guptha9@sap.com,9785983131,1993-04-14,COMP01,PLANT01,MG01,2026-01-07,SAP,NAT4121,23 Brigade Rd,,Delhi,Delhi,India,506562
SAP1529,Arvind,Desai,arvind.desai66@sap.com,9074947041,1982-02-07,COMP49,PLANT49,MG49,2026-01-14,SAP,NAT4529,77 Linking Rd,Near City Center,Hyderabad,Telangana,India,664117
SAP1544,Sunita,Kumar,sunita.kumar24@sap.com,9006614907,1997-07-14,COMP04,PLANT04,MG04,2026-02-27,SAP,NAT4544,45 Marine Dr,Opposite Mall,Delhi,Delhi,India,485298
SAP1123,Prakash,Verma,prakash.verma68@sap.com,9929914369,2000-10-20,COMP03,PLANT03,MG03,2026-03-12,SAP,NAT4123,23 Brigade Rd,,Jaipur,Rajasthan,India,499803
SAP1424,Amit,Joshi,amit.joshi7@sap.com,9597928275,1990-05-04,COMP04,PLANT04,MG04,2026-01-03,SAP,NAT4424,56 Chandni Chowk,Near City Center,Jaipur,Rajasthan,India,493277
SAP1082,Divya,Menon,divya.menon72@sap.com,9799729720,1973-09-19,COMP22,PLANT22,MG22,2026-03-24,SAP,NAT4082,56 Chandni Chowk,Near Old Town,Jaipur,Rajasthan,India,933424
SAP1793,Ramesh,Singh,ramesh.singh4@sap.com,9187233542,1974-10-01,COMP13,PLANT13,MG13,2026-01-07,SAP,NAT4793,34 JM Road,Next to Market,Bangalore,Karnataka,India,562265
SAP1768,Manish,Kapoor,manish.kapoor71@sap.com,9902733830,1984-10-14,COMP48,PLANT48,MG48,2026-02-23,SAP,NAT4768,45 Marine Dr,,Kolkata,West Bengal,India,348479
SAP1119,Harish,Mehta,harish.mehta26@sap.com,9106639265,1983-09-25,COMP59,PLANT59,MG59,2026-01-20,SAP,NAT4119,34 JM Road,Next to Market,Kolkata,West Bengal,India,674983
SAP1477,Vikas,Agarwal,vikas.agarwal45@sap.com,9781461390,1997-09-17,COMP57,PLANT57,MG57,2026-02-21,SAP,NAT4477,34 JM Road,,Chennai,Tamil Nadu,India,839264
SAP1943,Karan,Singh,karan.singh97@sap.com,9949321580,1999-08-21,COMP43,PLANT43,MG43,2026-03-31,SAP,NAT4943,34 JM Road,Above Central Bank,Jaipur,Rajasthan,India,144088
SAP1676,Priya,Verma,priya.verma60@sap.com,9165449101,1980-10-17,COMP16,PLANT16,MG16,2026-02-02,SAP,NAT4676,90 Karol Bagh Market,Opposite Mall,Pune,Maharashtra,India,913091
SAP1183,Harish,Srivastava,harish.srivastava15@sap.com,9950329837,1994-05-10,COMP03,PLANT03,MG03,2026-03-18,SAP,NAT4183,101 FC Rd,Near Metro Station,Kolkata,West Bengal,India,679717
SAP1129,Sneha,Guptha,sneha.guptha49@sap.com,9551812597,1999-02-23,COMP09,PLANT09,MG09,2026-01-07,SAP,NAT4129,44 Ashram Rd,Above Central Bank,Delhi,Delhi,India,546817
SAP1503,Arjun,Dubey,arjun.dubey32@sap.com,9105419178,1973-01-05,COMP23,PLANT23,MG23,2026-03-16,SAP,NAT4503,12 Residency Rd,Near Metro Station,Ahmedabad,Gujarat,India,521596
SAP1897,Karan,Bajaj,karan.bajaj88@sap.com,9971042354,1991-06-11,COMP57,PLANT57,MG57,2026-03-03,SAP,NAT4897,67 Law Garden Rd,,Pune,Maharashtra,India,761233
SAP1052,Harish,Chopra,harish.chopra54@sap.com,9925804085,1998-05-12,COMP52,PLANT52,MG52,2026-01-30,SAP,NAT4052,12 MG Rd,Next to Market,Mumbai,Maharashtra,India,556244
SAP1459,Sachin,Kapoor,sachin.kapoor61@sap.com,9808622977,1992-02-10,COMP39,PLANT39,MG39,2026-03-25,SAP,NAT4459,55 MI Rd,Above Central Bank,Pune,Maharashtra,India,293958
SAP1015,Deepak,Kumar,deepak.kumar71@sap.com,9590971045,1999-08-09,COMP15,PLANT15,MG15,2026-03-18,SAP,NAT4015,55 MI Rd,Opposite Mall,Kolkata,West Bengal,India,850635
SAP1180,Ramesh,Sharma,ramesh.sharma11@sap.com,9367309355,2000-06-26,COMP60,PLANT60,MG60,2026-01-19,SAP,NAT4180,55 MI Rd,,Mumbai,Maharashtra,India,465090
SAP1670,Prakash,Kapoor,prakash.kapoor46@sap.com,9987384511,1987-03-18,COMP10,PLANT10,MG10,2026-01-07,SAP,NAT4670,34 JM Road,Next to Market,Chennai,Tamil Nadu,India,884999
SAP1747,John,Kaur,john.kaur95@sap.com,9648327406,1992-04-26,COMP27,PLANT27,MG27,2026-02-14,SAP,NAT4747,44 Ashram Rd,Above Central Bank,Mumbai,Maharashtra,India,546484
SAP1719,Meera,Reddy,meera.reddy7@sap.com,9632848572,1986-04-14,COMP59,PLANT59,MG59,2026-02-23,SAP,NAT4719,34 JM Road,Opposite Mall,Pune,Maharashtra,India,873890
SAP1517,Anjali,Kaur,anjali.kaur35@sap.com,9603780210,1984-11-24,COMP37,PLANT37,MG37,2026-03-30,SAP,NAT4517,101 FC Rd,Opposite Mall,Delhi,Delhi,India,583894
SAP1600,Anita,Rao,anita.rao85@sap.com,9127169754,1974-03-09,COMP60,PLANT60,MG60,2026-01-28,SAP,NAT4600,12 Residency Rd,Near Old Town,Pune,Maharashtra,India,761116
SAP1185,Ramesh,Agarwal,ramesh.agarwal98@sap.com,9337896393,1990-02-28,COMP05,PLANT05,MG05,2026-01-22,SAP,NAT4185,78 Connaught Pl,Near Metro Station,Kolkata,West Bengal,India,864092
SAP1700,Arvind,Malhotra,arvind.malhotra56@sap.com,9913912172,1989-07-17,COMP40,PLANT40,MG40,2026-02-14,SAP,NAT4700,45 Marine Dr,Near Metro Station,Jaipur,Rajasthan,India,983618
SAP1709,Kavita,Kaur,kavita.kaur28@sap.com,9911653984,1975-10-28,COMP49,PLANT49,MG49,2026-03-23,SAP,NAT4709,12 Residency Rd,Next to Market,Delhi,Delhi,India,453678
SAP1842,Meera,Bajaj,meera.bajaj96@sap.com,9254712072,1980-11-24,COMP02,PLANT02,MG02,2026-03-15,SAP,NAT4842,78 Connaught Pl,Near Old Town,Mumbai,Maharashtra,India,162470
SAP1409,Rohit,Verma,rohit.verma34@sap.com,9530527590,1996-05-28,COMP49,PLANT49,MG49,2026-03-04,SAP,NAT4409,90 Karol Bagh Market,Near Old Town,Pune,Maharashtra,India,872852
SAP1898,Karan,Srivastava,karan.srivastava34@sap.com,9485931744,1983-06-05,COMP58,PLANT58,MG58,2026-03-09,SAP,NAT4898,77 Linking Rd,Near City Center,Hyderabad,Telangana,India,319302
SAP1316,Amit,Srivastava,amit.srivastava64@sap.com,9912447822,1991-04-04,COMP16,PLANT16,MG16,2026-02-24,SAP,NAT4316,12 MG Rd,Near City Center,Chennai,Tamil Nadu,India,959063
SAP1523,Karan,Sharma,karan.sharma58@sap.com,9491465458,1991-03-18,COMP43,PLANT43,MG43,2026-01-24,SAP,NAT4523,23 Brigade Rd,Near City Center,Delhi,Delhi,India,612057
SAP1127,Vikas,Shah,vikas.shah1@sap.com,9404218940,1998-10-12,COMP07,PLANT07,MG07,2026-02-11,SAP,NAT4127,55 MI Rd,Opposite Mall,Surat,Gujarat,India,788280
SAP1796,Vinod,Tiwari,vinod.tiwari61@sap.com,9769516866,1981-04-27,COMP16,PLANT16,MG16,2026-03-08,SAP,NAT4796,12 Residency Rd,Above Central Bank,Ahmedabad,Gujarat,India,287614
SAP1849,Kavita,Kumar,kavita.kumar34@sap.com,9822946371,1974-01-27,COMP09,PLANT09,MG09,2026-01-02,SAP,NAT4849,12 Residency Rd,Near City Center,Chennai,Tamil Nadu,India,101827
SAP1814,Anjali,Joshi,anjali.joshi12@sap.com,9087334735,1991-12-08,COMP34,PLANT34,MG34,2026-01-05,SAP,NAT4814,45 Marine Dr,Near Metro Station,Pune,Maharashtra,India,909471
SAP1888,Manish,Chopra,manish.chopra4@sap.com,9490854410,1984-09-12,COMP48,PLANT48,MG48,2026-01-22,SAP,NAT4888,88 Worli Sea Face,Next to Market,Delhi,Delhi,India,448371
SAP1097,Meena,Iyer,meena.iyer84@sap.com,9555337845,1983-05-27,COMP37,PLANT37,MG37,2026-03-23,SAP,NAT4097,101 FC Rd,Next to Market,Chennai,Tamil Nadu,India,687525
SAP1541,Vikas,Patil,vikas.patil95@sap.com,9085274582,1987-10-22,COMP01,PLANT01,MG01,2026-01-13,SAP,NAT4541,77 Linking Rd,Near Metro Station,Surat,Gujarat,India,197918
SAP1565,Anjali,Singh,anjali.singh32@sap.com,9038801493,1999-11-18,COMP25,PLANT25,MG25,2026-03-26,SAP,NAT4565,34 JM Road,,Ahmedabad,Gujarat,India,556457
SAP1130,Ajay,Gupta,ajay.gupta55@sap.com,9403760487,1987-01-07,COMP10,PLANT10,MG10,2026-03-22,SAP,NAT4130,77 Linking Rd,,Bangalore,Karnataka,India,276493
SAP1270,Priya,Sharma,priya.sharma53@sap.com,9207561952,1988-07-06,COMP30,PLANT30,MG30,2026-02-28,SAP,NAT4270,90 Karol Bagh Market,Opposite Mall,Chennai,Tamil Nadu,India,384559
SAP1759,Harish,Patel,harish.patel11@sap.com,9540296406,1976-12-26,COMP39,PLANT39,MG39,2026-03-09,SAP,NAT4759,55 MI Rd,Above Central Bank,Bangalore,Karnataka,India,393758
SAP1229,Kavita,Verma,kavita.verma78@sap.com,9400025809,1998-06-05,COMP49,PLANT49,MG49,2026-01-13,SAP,NAT4229,78 Connaught Pl,Near Old Town,Ahmedabad,Gujarat,India,242027
SAP1297,Suresh,Desai,suresh.desai13@sap.com,9991799835,1993-11-07,COMP57,PLANT57,MG57,2026-01-01,SAP,NAT4297,67 Law Garden Rd,Opposite Mall,Pune,Maharashtra,India,101961
SAP1319,Sneha,Agarwal,sneha.agarwal44@sap.com,9790181112,1975-09-09,COMP19,PLANT19,MG19,2026-02-15,SAP,NAT4319,101 FC Rd,Above Central Bank,Bangalore,Karnataka,India,197214
SAP1498,Rahul,Desai,rahul.desai10@sap.com,9320074981,1982-06-25,COMP18,PLANT18,MG18,2026-03-09,SAP,NAT4498,90 Karol Bagh Market,Above Central Bank,Ahmedabad,Gujarat,India,294330
SAP1339,Pooja,Gupta,pooja.gupta42@sap.com,9205224431,1975-05-10,COMP39,PLANT39,MG39,2026-02-02,SAP,NAT4339,90 Karol Bagh Market,Near Metro Station,Pune,Maharashtra,India,711941
SAP1936,Suresh,Guptha,suresh.guptha35@sap.com,9801333591,1991-02-23,COMP36,PLANT36,MG36,2026-03-31,SAP,NAT4936,90 Karol Bagh Market,Near City Center,Surat,Gujarat,India,591563
SAP1117,Sanjay,Iyer,sanjay.iyer27@sap.com,9375205288,1973-05-25,COMP57,PLANT57,MG57,2026-01-20,SAP,NAT4117,56 Chandni Chowk,Near Metro Station,Delhi,Delhi,India,883393
SAP1815,Arvind,Yadav,arvind.yadav47@sap.com,9991025083,1971-01-04,COMP35,PLANT35,MG35,2026-03-02,SAP,NAT4815,34 JM Road,Near Old Town,Ahmedabad,Gujarat,India,698227
SAP1415,Ramesh,Singh,ramesh.singh91@sap.com,9989169203,1990-06-12,COMP55,PLANT55,MG55,2026-02-03,SAP,NAT4415,90 Karol Bagh Market,,Delhi,Delhi,India,369258
SAP1604,Karan,Patil,karan.patil46@sap.com,9650756025,1971-07-24,COMP04,PLANT04,MG04,2026-01-09,SAP,NAT4604,90 Karol Bagh Market,Near Metro Station,Mumbai,Maharashtra,India,712040
SAP1211,Meena,Dubey,meena.dubey46@sap.com,9212622787,1989-01-04,COMP31,PLANT31,MG31,2026-02-15,SAP,NAT4211,90 Karol Bagh Market,Near City Center,Ahmedabad,Gujarat,India,560653
SAP1630,Prakash,Pandey,prakash.pandey29@sap.com,9391382927,1979-09-01,COMP30,PLANT30,MG30,2026-03-03,SAP,NAT4630,45 Marine Dr,Near City Center,Bangalore,Karnataka,India,754957
SAP1550,Meena,Patel,meena.patel87@sap.com,9931748382,1998-03-15,COMP10,PLANT10,MG10,2026-02-28,SAP,NAT4550,45 Marine Dr,Near Old Town,Ahmedabad,Gujarat,India,179427
SAP1799,Amit,Bajaj,amit.bajaj18@sap.com,9551679946,1989-03-15,COMP19,PLANT19,MG19,2026-03-15,SAP,NAT4799,34 JM Road,Above Central Bank,Chennai,Tamil Nadu,India,353571
SAP1805,Karan,Srivastava,karan.srivastava55@sap.com,9327206316,1983-10-13,COMP25,PLANT25,MG25,2026-01-24,SAP,NAT4805,67 Law Garden Rd,Opposite Mall,Surat,Gujarat,India,989109
SAP1609,Amit,Reddy,amit.reddy11@sap.com,9524341109,1998-01-18,COMP09,PLANT09,MG09,2026-01-27,SAP,NAT4609,23 Brigade Rd,Next to Market,Bangalore,Karnataka,India,707644
SAP1546,Vinay,Sharma,vinay.sharma7@sap.com,9368738201,1992-08-05,COMP06,PLANT06,MG06,2026-01-28,SAP,NAT4546,77 Linking Rd,Above Central Bank,Chennai,Tamil Nadu,India,397100
SAP1613,Neha,Singh,neha.singh58@sap.com,9467463704,1973-02-02,COMP13,PLANT13,MG13,2026-01-20,SAP,NAT4613,78 Connaught Pl,Opposite Mall,Ahmedabad,Gujarat,India,188850
SAP1017,Sachin,Pandey,sachin.pandey13@sap.com,9755482732,1992-11-19,COMP17,PLANT17,MG17,2026-02-26,SAP,NAT4017,44 Ashram Rd,Near Old Town,Surat,Gujarat,India,535412
SAP1005,Anita,Kaur,anita.kaur11@sap.com,9464436537,1979-06-22,COMP05,PLANT05,MG05,2026-02-20,SAP,NAT4005,90 Karol Bagh Market,Above Central Bank,Chennai,Tamil Nadu,India,335508
SAP1738,Divya,Desai,divya.desai14@sap.com,9968610851,1980-10-12,COMP18,PLANT18,MG18,2026-01-03,SAP,NAT4738,67 Law Garden Rd,Next to Market,Surat,Gujarat,India,878797
SAP1226,Meena,Patel,meena.patel54@sap.com,9030198442,1981-03-17,COMP46,PLANT46,MG46,2026-02-16,SAP,NAT4226,34 JM Road,Above Central Bank,Ahmedabad,Gujarat,India,969033
SAP1213,Meena,Mishra,meena.mishra21@sap.com,9809748497,1999-10-12,COMP33,PLANT33,MG33,2026-01-01,SAP,NAT4213,34 JM Road,Opposite Mall,Surat,Gujarat,India,993583
SAP1009,Jane,Kaur,jane.kaur12@sap.com,9992381478,1996-05-06,COMP09,PLANT09,MG09,2026-01-21,SAP,NAT4009,12 MG Rd,Next to Market,Hyderabad,Telangana,India,723276
SAP1740,Vinay,Sharma,vinay.sharma68@sap.com,9623746439,1981-11-17,COMP20,PLANT20,MG20,2026-03-25,SAP,NAT4740,56 Chandni Chowk,Near Old Town,Hyderabad,Telangana,India,377066
SAP1175,John,Joshi,john.joshi83@sap.com,9713164436,1998-11-01,COMP55,PLANT55,MG55,2026-01-15,SAP,NAT4175,34 JM Road,Above Central Bank,Kolkata,West Bengal,India,157497
SAP1582,Meena,Guptha,meena.guptha4@sap.com,9939437257,1998-02-17,COMP42,PLANT42,MG42,2026-02-05,SAP,NAT4582,45 Marine Dr,Near City Center,Jaipur,Rajasthan,India,521217
SAP1762,Lakshmi,Dubey,lakshmi.dubey17@sap.com,9230076813,1990-11-12,COMP42,PLANT42,MG42,2026-03-25,SAP,NAT4762,101 FC Rd,Above Central Bank,Delhi,Delhi,India,150940
SAP1193,Priya,Kapoor,priya.kapoor57@sap.com,9365056483,1992-02-22,COMP13,PLANT13,MG13,2026-03-27,SAP,NAT4193,77 Linking Rd,,Chennai,Tamil Nadu,India,132358
SAP1235,Pooja,Verma,pooja.verma78@sap.com,9265895173,1996-03-07,COMP55,PLANT55,MG55,2026-02-19,SAP,NAT4235,55 MI Rd,Above Central Bank,Kolkata,West Bengal,India,450632
SAP1322,Rajiv,Guptha,rajiv.guptha51@sap.com,9044012925,1979-05-21,COMP22,PLANT22,MG22,2026-01-13,SAP,NAT4322,44 Ashram Rd,Near City Center,Kolkata,West Bengal,India,334523
SAP1924,Suresh,Banerjee,suresh.banerjee97@sap.com,9336455046,1983-09-02,COMP24,PLANT24,MG24,2026-02-06,SAP,NAT4924,78 Connaught Pl,Near City Center,Chennai,Tamil Nadu,India,475375
SAP1064,Sanjay,Reddy,sanjay.reddy52@sap.com,9243196017,1970-05-01,COMP04,PLANT04,MG04,2026-03-01,SAP,NAT4064,55 MI Rd,,Kolkata,West Bengal,India,723184
SAP1659,Jane,Menon,jane.menon6@sap.com,9279639566,1981-09-20,COMP59,PLANT59,MG59,2026-02-15,SAP,NAT4659,55 MI Rd,Near Metro Station,Kolkata,West Bengal,India,626030
SAP1649,Rahul,Bajaj,rahul.bajaj89@sap.com,9304527420,1975-06-03,COMP49,PLANT49,MG49,2026-03-19,SAP,NAT4649,55 MI Rd,Above Central Bank,Mumbai,Maharashtra,India,636383
SAP1749,Sneha,Kumar,sneha.kumar11@sap.com,9291504516,1977-05-05,COMP29,PLANT29,MG29,2026-01-01,SAP,NAT4749,55 MI Rd,Near Metro Station,Pune,Maharashtra,India,936803
SAP1661,Kavita,Joshi,kavita.joshi71@sap.com,9277218749,1988-08-07,COMP01,PLANT01,MG01,2026-03-10,SAP,NAT4661,77 Linking Rd,Next to Market,Delhi,Delhi,India,516595
SAP1425,Lakshmi,Mehta,lakshmi.mehta4@sap.com,9716891012,1976-01-11,COMP05,PLANT05,MG05,2026-03-30,SAP,NAT4425,34 JM Road,Above Central Bank,Jaipur,Rajasthan,India,364212
SAP1829,Alok,Mishra,alok.mishra11@sap.com,9659236399,1972-10-26,COMP49,PLANT49,MG49,2026-03-10,SAP,NAT4829,67 Law Garden Rd,Next to Market,Chennai,Tamil Nadu,India,652237
SAP1402,Harish,Chopra,harish.chopra8@sap.com,9761067970,1981-07-08,COMP42,PLANT42,MG42,2026-02-03,SAP,NAT4402,12 MG Rd,Opposite Mall,Bangalore,Karnataka,India,823769
SAP1696,Manish,Chopra,manish.chopra33@sap.com,9510615098,1995-05-07,COMP36,PLANT36,MG36,2026-02-22,SAP,NAT4696,90 Karol Bagh Market,Above Central Bank,Bangalore,Karnataka,India,402024
SAP1169,Anita,Desai,anita.desai35@sap.com,9226937596,1997-09-02,COMP49,PLANT49,MG49,2026-01-02,SAP,NAT4169,78 Connaught Pl,Near Old Town,Surat,Gujarat,India,424879
SAP1264,Harish,Kaur,harish.kaur64@sap.com,9458544691,1988-12-04,COMP24,PLANT24,MG24,2026-01-18,SAP,NAT4264,101 FC Rd,Opposite Mall,Chennai,Tamil Nadu,India,808568
SAP1114,Alok,Kaur,alok.kaur56@sap.com,9639461368,2000-10-22,COMP54,PLANT54,MG54,2026-02-09,SAP,NAT4114,56 Chandni Chowk,Near City Center,Jaipur,Rajasthan,India,116200
SAP1165,Harish,Menon,harish.menon3@sap.com,9919925217,1983-11-01,COMP45,PLANT45,MG45,2026-01-14,SAP,NAT4165,90 Karol Bagh Market,Opposite Mall,Pune,Maharashtra,India,503913
SAP1365,Vikas,Patil,vikas.patil13@sap.com,9423762531,1982-04-24,COMP05,PLANT05,MG05,2026-03-30,SAP,NAT4365,88 Worli Sea Face,Near Metro Station,Pune,Maharashtra,India,391491
SAP1916,Vikas,Patil,vikas.patil17@sap.com,9022548114,1992-01-28,COMP16,PLANT16,MG16,2026-01-17,SAP,NAT4916,56 Chandni Chowk,Opposite Mall,Pune,Maharashtra,India,262927
SAP1621,Prakash,Sharma,prakash.sharma52@sap.com,9100076767,1997-05-28,COMP21,PLANT21,MG21,2026-01-21,SAP,NAT4621,78 Connaught Pl,,Delhi,Delhi,India,561112
SAP1908,Ramesh,Dubey,ramesh.dubey79@sap.com,9700461135,1971-03-23,COMP08,PLANT08,MG08,2026-02-17,SAP,NAT4908,88 Worli Sea Face,Near Old Town,Chennai,Tamil Nadu,India,641148
SAP1915,Arvind,Sharma,arvind.sharma14@sap.com,9835030314,1975-11-17,COMP15,PLANT15,MG15,2026-03-02,SAP,NAT4915,12 Residency Rd,Opposite Mall,Kolkata,West Bengal,India,567762
SAP1401,Jane,Singh,jane.singh4@sap.com,9626753749,1981-03-21,COMP41,PLANT41,MG41,2026-03-02,SAP,NAT4401,77 Linking Rd,,Pune,Maharashtra,India,818118
SAP1566,Vinod,Gupta,vinod.gupta81@sap.com,9587867630,1984-03-07,COMP26,PLANT26,MG26,2026-01-03,SAP,NAT4566,12 MG Rd,Opposite Mall,Hyderabad,Telangana,India,426374
SAP1293,Arjun,Yadav,arjun.yadav41@sap.com,9943908458,1998-07-10,COMP53,PLANT53,MG53,2026-03-07,SAP,NAT4293,12 Residency Rd,Next to Market,Pune,Maharashtra,India,627232
SAP1729,Harish,Malhotra,harish.malhotra86@sap.com,9956622491,2000-05-05,COMP09,PLANT09,MG09,2026-03-08,SAP,NAT4729,78 Connaught Pl,Near Metro Station,Kolkata,West Bengal,India,721994
SAP1098,Meena,Mehta,meena.mehta9@sap.com,9794972985,1972-08-07,COMP38,PLANT38,MG38,2026-03-27,SAP,NAT4098,45 Marine Dr,,Kolkata,West Bengal,India,433486
SAP1395,Suresh,Singh,suresh.singh58@sap.com,9555649751,1975-09-01,COMP35,PLANT35,MG35,2026-03-01,SAP,NAT4395,44 Ashram Rd,Near Metro Station,Surat,Gujarat,India,472162
SAP1400,Neha,Srivastava,neha.srivastava80@sap.com,9713995101,1990-12-19,COMP40,PLANT40,MG40,2026-02-05,SAP,NAT4400,88 Worli Sea Face,Near Old Town,Hyderabad,Telangana,India,433859
SAP1798,Shreya,Desai,shreya.desai30@sap.com,9184797156,1991-07-09,COMP18,PLANT18,MG18,2026-01-01,SAP,NAT4798,45 Marine Dr,Above Central Bank,Mumbai,Maharashtra,India,211692
SAP1467,Vinay,Dubey,vinay.dubey80@sap.com,9001935905,2000-06-18,COMP47,PLANT47,MG47,2026-02-05,SAP,NAT4467,23 Brigade Rd,Near Old Town,Bangalore,Karnataka,India,196928
SAP1884,Vikas,Desai,vikas.desai8@sap.com,9623475864,1971-04-06,COMP44,PLANT44,MG44,2026-02-05,SAP,NAT4884,12 Residency Rd,Above Central Bank,Delhi,Delhi,India,129119
SAP1583,Arjun,Desai,arjun.desai26@sap.com,9992896945,1981-10-14,COMP43,PLANT43,MG43,2026-01-04,SAP,NAT4583,44 Ashram Rd,Near Metro Station,Delhi,Delhi,India,827818
SAP1444,Arjun,Sharma,arjun.sharma24@sap.com,9891852128,1981-03-14,COMP24,PLANT24,MG24,2026-02-10,SAP,NAT4444,55 MI Rd,Next to Market,Ahmedabad,Gujarat,India,158693
SAP1351,Meena,Mehta,meena.mehta32@sap.com,9891569178,1996-12-12,COMP51,PLANT51,MG51,2026-03-06,SAP,NAT4351,23 Brigade Rd,Next to Market,Mumbai,Maharashtra,India,128720
SAP1807,John,Joshi,john.joshi46@sap.com,9612736481,1981-03-18,COMP27,PLANT27,MG27,2026-03-20,SAP,NAT4807,88 Worli Sea Face,Near Metro Station,Surat,Gujarat,India,196034
SAP1760,Shreya,Kaur,shreya.kaur8@sap.com,9103271013,1971-04-21,COMP40,PLANT40,MG40,2026-02-07,SAP,NAT4760,90 Karol Bagh Market,,Surat,Gujarat,India,296406
SAP1138,Divya,Shah,divya.shah21@sap.com,9824197240,1998-11-27,COMP18,PLANT18,MG18,2026-01-15,SAP,NAT4138,88 Worli Sea Face,,Jaipur,Rajasthan,India,119491
SAP1068,Prakash,Nair,prakash.nair2@sap.com,9686503268,1983-08-02,COMP08,PLANT08,MG08,2026-02-03,SAP,NAT4068,23 Brigade Rd,,Kolkata,West Bengal,India,305622
SAP1933,John,Shah,john.shah98@sap.com,9828448907,1986-05-25,COMP33,PLANT33,MG33,2026-02-11,SAP,NAT4933,45 Marine Dr,Near City Center,Delhi,Delhi,India,772267
SAP1218,Rahul,Gupta,rahul.gupta38@sap.com,9261093835,1983-10-09,COMP38,PLANT38,MG38,2026-03-24,SAP,NAT4218,78 Connaught Pl,,Chennai,Tamil Nadu,India,568837
SAP1671,Kavita,Agarwal,kavita.agarwal48@sap.com,9584133585,1983-08-10,COMP11,PLANT11,MG11,2026-01-19,SAP,NAT4671,23 Brigade Rd,,Pune,Maharashtra,India,854856
