customer_id,first_name,last_name,email,phone,date_of_birth,created_ts,source_system,national_id,address_line1,address_line2,city,state,country,postal_code
CRM1373,Ramesh,Joshi,ramesh.joshi12@example.com,9364628392,1987-03-25 00:00:00,2025-10-31 00:00:00,CRM,NAT1373,78 Connaught Pl,Next to Market,Chennai,Tamil Nadu,India,258070
CRM1788,Vinod,Patil,vinod.patil9@example.com,9829826679,1974-07-22 00:00:00,2024-10-02 00:00:00,CRM,NAT1788,67 Law Garden Rd,Near Old Town,Mumbai,Maharashtra,India,287412
CRM1276,Deepak,Joshi,deepak.joshi92@example.com,9758407682,1975-05-20 00:00:00,2025-03-31 00:00:00,CRM,NAT1276,77 Linking Rd,Next to Market,Mumbai,Maharashtra,India,375834
CRM1363,Karan,Iyer,karan.iyer97@example.com,9149839821,1975-10-30 00:00:00,2025-11-10 00:00:00,CRM,NAT1363,44 Ashram Rd,Near Old Town,Surat,Gujarat,India,156413
CRM1491,Vinod,Guptha,vinod.guptha22@example.com,9169836515,1974-06-29 00:00:00,2024-01-16 00:00:00,CRM,NAT1491,44 Ashram Rd,Near Metro Station,Kolkata,West Bengal,India,196598
CRM1081,Rajiv,Kapoor,rajiv.kapoor82@example.com,9482462965,1998-08-30 00:00:00,2025-08-15 00:00:00,CRM,NAT1081,45 Marine Dr,,Delhi,Delhi,India,329242
CRM1679,Prakash,Nair,prakash.nair8@example.com,9563370153,1988-09-04 00:00:00,2025-10-19 00:00:00,CRM,NAT1679,88 Worli Sea Face,Next to Market,Kolkata,West Bengal,India,828326
CRM1108,Rohit,Patel,rohit.patel1@example.com,9170068104,1993-05-28 00:00:00,2026-01-29 00:00:00,CRM,NAT1108,55 MI Rd,,Kolkata,West Bengal,India,302212
CRM1167,Meena,Shah,meena.shah40@example.com,9005465610,1989-04-21 00:00:00,2024-12-26 00:00:00,CRM,NAT1167,34 JM Road,Near Old Town,Hyderabad,Telangana,India,100672
CRM1830,Prakash,Rao,prakash.rao76@example.com,9312918897,1997-08-10 00:00:00,2025-06-22 00:00:00,CRM,NAT1830,45 Marine Dr,Near Old Town,Jaipur,Rajasthan,India,742501
CRM1521,Manish,Tiwari,manish.tiwari91@example.com,9742424736,1991-11-10 00:00:00,2026-02-15 00:00:00,CRM,NAT1521,55 MI Rd,Near Metro Station,Delhi,Delhi,India,648236
CRM1288,Rekha,Kapoor,rekha.kapoor85@example.com,9121908669,1985-08-04 00:00:00,2025-12-14 00:00:00,CRM,NAT1288,77 Linking Rd,Above Central Bank,Ahmedabad,Gujarat,India,234278
CRM1552,Suresh,Menon,suresh.menon58@example.com,9600217426,1999-03-04 00:00:00,2024-02-28 00:00:00,CRM,NAT1552,44 Ashram Rd,Next to Market,Kolkata,West Bengal,India,840618
CRM1033,Harish,Nair,harish.nair71@example.com,9533759522,1994-03-02 00:00:00,2025-06-30 00:00:00,CRM,NAT1033,12 MG Rd,Near City Center,Chennai,Tamil Nadu,India,662259
CRM1901,Anjali,Singh,anjali.singh83@example.com,9521733910,1987-04-02 00:00:00,2024-08-12 00:00:00,CRM,NAT1901,23 Brigade Rd,Near City Center,Pune,Maharashtra,India,773068
CRM1748,Sunita,Mishra,sunita.mishra31@example.com,9643148646,1993-05-20 00:00:00,2024-10-21 00:00:00,CRM,NAT1748,12 MG Rd,Near Old Town,Delhi,Delhi,India,178701
CRM1854,Arjun,Singh,arjun.singh85@example.com,9054970958,1992-04-11 00:00:00,2025-08-17 00:00:00,CRM,NAT1854,101 FC Rd,Near City Center,Surat,Gujarat,India,793411
CRM1916,Rajiv,Bajaj,rajiv.bajaj28@example.com,9854400296,1988-06-22 00:00:00,2024-12-04 00:00:00,CRM,NAT1916,45 Marine Dr,,Hyderabad,Telangana,India,628168
CRM1404,Sneha,Banerjee,sneha.banerjee97@example.com,9233810072,1988-10-04 00:00:00,2025-09-05 00:00:00,CRM,NAT1404,55 MI Rd,Opposite Mall,Ahmedabad,Gujarat,India,907927
CRM1665,Arvind,Kapoor,arvind.kapoor25@example.com,9849632125,1982-05-23 00:00:00,2025-12-29 00:00:00,CRM,NAT1665,78 Connaught Pl,Opposite Mall,Chennai,Tamil Nadu,India,988954
CRM1419,Vinay,Sharma,vinay.sharma92@example.com,9995777324,1992-12-12 00:00:00,2025-10-06 00:00:00,CRM,NAT1419,34 JM Road,Next to Market,Chennai,Tamil Nadu,India,549407
CRM1005,Suresh,Tiwari,suresh.tiwari76@example.com,9748099284,1970-05-26 00:00:00,2026-03-20 00:00:00,CRM,NAT1005,23 Brigade Rd,Next to Market,Pune,Maharashtra,India,628291
CRM1499,Kavita,Tiwari,kavita.tiwari96@example.com,9972825691,1987-04-10 00:00:00,2025-10-09 00:00:00,CRM,NAT1499,12 Residency Rd,Near Old Town,Bangalore,Karnataka,India,307509
CRM1171,Rahul,Banerjee,rahul.banerjee13@example.com,9958887569,1981-09-20 00:00:00,2024-11-05 00:00:00,CRM,NAT1171,90 Karol Bagh Market,Opposite Mall,Chennai,Tamil Nadu,India,281720
CRM1810,Sanjay,Guptha,sanjay.guptha19@example.com,9152698152,1978-10-22 00:00:00,2024-04-05 00:00:00,CRM,NAT1810,90 Karol Bagh Market,Next to Market,Jaipur,Rajasthan,India,389155
CRM1843,Divya,Patel,divya.patel36@example.com,9974213361,1979-01-27 00:00:00,2026-01-08 00:00:00,CRM,NAT1843,78 Connaught Pl,Next to Market,Hyderabad,Telangana,India,140316
CRM1883,Priya,Gupta,priya.gupta24@example.com,9696306277,1995-07-11 00:00:00,2025-12-18 00:00:00,CRM,NAT1883,67 Law Garden Rd,,Delhi,Delhi,India,761482
CRM1569,Sachin,Agarwal,sachin.agarwal78@example.com,9166701228,1997-07-04 00:00:00,2024-12-11 00:00:00,CRM,NAT1569,12 MG Rd,Above Central Bank,Pune,Maharashtra,India,674599
CRM1181,Seema,Malhotra,seema.malhotra95@example.com,9769820685,1972-05-18 00:00:00,2025-12-19 00:00:00,CRM,NAT1181,101 FC Rd,Near City Center,Kolkata,West Bengal,India,251154
CRM1830,Prakash,Rao,prakash.rao76@example.com,9312918897,1997-08-10 00:00:00,2025-06-22 00:00:00,CRM,NAT1830,45 Marine Dr,Near Old Town,Jaipur,Rajasthan,India,742501
CRM1154,Rajiv,Patel,rajiv.patel61@example.com,9626162060,1970-01-17 00:00:00,2025-05-15 00:00:00,CRM,NAT1154,67 Law Garden Rd,Near Metro Station,Ahmedabad,Gujarat,India,595523
CRM1191,Rahul,Menon,rahul.menon39@example.com,9036596922,1998-12-09 00:00:00,2025-10-28 00:00:00,CRM,NAT1191,34 JM Road,Near City Center,Surat,Gujarat,India,566070
CRM1546,Pooja,Banerjee,pooja.banerjee67@example.com,9623731918,1987-12-05 00:00:00,2025-10-04 00:00:00,CRM,NAT1546,90 Karol Bagh Market,Next to Market,Delhi,Delhi,India,883068
CRM1186,Harish,Pandey,harish.pandey34@example.com,9882279119,1997-06-27 00:00:00,2025-11-28 00:00:00,CRM,NAT1186,12 MG Rd,Near Old Town,Kolkata,West Bengal,India,790130
CRM1828,John,Malhotra,john.malhotra12@example.com,9043411204,1977-05-30 00:00:00,2024-11-13 00:00:00,CRM,NAT1828,44 Ashram Rd,,Surat,Gujarat,India,140833
CRM1825,Seema,Nair,seema.nair13@example.com,9088148688,1973-09-10 00:00:00,2026-03-26 00:00:00,CRM,NAT1825,56 Chandni Chowk,,Mumbai,Maharashtra,India,257334
CRM1604,Rekha,Nair,rekha.nair21@example.com,9395220843,1970-12-10 00:00:00,2025-03-18 00:00:00,CRM,NAT1604,88 Worli Sea Face,Opposite Mall,Jaipur,Rajasthan,India,250977
CRM1681,Sunil,Kaur,sunil.kaur83@example.com,9733926093,1995-01-07 00:00:00,2024-01-25 00:00:00,CRM,NAT1681,12 Residency Rd,Above Central Bank,Bangalore,Karnataka,India,983837
CRM1651,Rahul,Banerjee,rahul.banerjee18@example.com,9846393426,1984-03-17 00:00:00,2025-01-25 00:00:00,CRM,NAT1651,67 Law Garden Rd,Above Central Bank,Bangalore,Karnataka,India,256640
CRM1347,Meera,Tiwari,meera.tiwari99@example.com,9181822972,1970-06-21 00:00:00,2024-08-10 00:00:00,CRM,NAT1347,34 JM Road,Opposite Mall,Bangalore,Karnataka,India,582711
CRM1829,Seema,Kumar,seema.kumar79@example.com,9000228825,1978-08-16 00:00:00,2026-03-19 00:00:00,CRM,NAT1829,78 Connaught Pl,Next to Market,Bangalore,Karnataka,India,964226
CRM1806,Alok,Shah,alok.shah66@example.com,9234820678,1998-04-16 00:00:00,2025-06-17 00:00:00,CRM,NAT1806,44 Ashram Rd,,Bangalore,Karnataka,India,570138
CRM1931,Harish,Bajaj,harish.bajaj66@example.com,9921595996,1997-03-23 00:00:00,2025-07-10 00:00:00,CRM,NAT1931,45 Marine Dr,Near Metro Station,Bangalore,Karnataka,India,665185
CRM1881,Shreya,Mehta,shreya.mehta13@example.com,9631686891,1970-03-07 00:00:00,2024-04-19 00:00:00,CRM,NAT1881,12 MG Rd,,Mumbai,Maharashtra,India,592016
CRM1680,Kavita,Chopra,kavita.chopra27@example.com,9481571218,1977-02-19 00:00:00,2024-04-28 00:00:00,CRM,NAT1680,88 Worli Sea Face,Near Old Town,Mumbai,Maharashtra,India,373421
CRM1448,Divya,Joshi,divya.joshi99@example.com,9569512145,1991-03-03 00:00:00,2024-04-15 00:00:00,CRM,NAT1448,34 JM Road,Opposite Mall,Ahmedabad,Gujarat,India,739135
CRM1834,Amit,Banerjee,amit.banerjee40@example.com,9715386249,1984-08-26 00:00:00,2024-08-03 00:00:00,CRM,NAT1834,101 FC Rd,Next to Market,Pune,Maharashtra,India,255945
CRM1759,Neha,Mishra,neha.mishra27@example.com,9642238528,1998-06-01 00:00:00,2024-12-11 00:00:00,CRM,NAT1759,78 Connaught Pl,Above Central Bank,Pune,Maharashtra,India,948903
CRM1571,Kavita,Kaur,kavita.kaur25@example.com,9852608946,1988-02-19 00:00:00,2024-02-12 00:00:00,CRM,NAT1571,44 Ashram Rd,,Hyderabad,Telangana,India,603760
CRM1114,Prakash,Banerjee,prakash.banerjee55@example.com,9640304225,1982-03-10 00:00:00,2024-11-22 00:00:00,CRM,NAT1114,90 Karol Bagh Market,,Hyderabad,Telangana,India,736795
CRM1333,Jane,Dubey,jane.dubey99@example.com,9719449001,1985-07-09 00:00:00,2026-01-15 00:00:00,CRM,NAT1333,77 Linking Rd,Near Metro Station,Hyderabad,Telangana,India,746944
CRM1424,Shalini,Tiwari,shalini.tiwari77@example.com,9038380513,1976-04-13 00:00:00,2024-05-31 00:00:00,CRM,NAT1424,23 Brigade Rd,Opposite Mall,Jaipur,Rajasthan,India,127200
CRM1942,Neha,Reddy,neha.reddy6@example.com,9337276949,1987-01-08 00:00:00,2025-04-25 00:00:00,CRM,NAT1942,12 Residency Rd,Near City Center,Surat,Gujarat,India,555805
CRM1421,Suresh,Sharma,suresh.sharma85@example.com,9364894655,1976-05-14 00:00:00,2024-09-05 00:00:00,CRM,NAT1421,88 Worli Sea Face,Next to Market,Chennai,Tamil Nadu,India,320290
CRM1259,Vinod,Verma,vinod.verma44@example.com,9336987794,1975-04-17 00:00:00,2024-03-24 00:00:00,CRM,NAT1259,77 Linking Rd,Next to Market,Jaipur,Rajasthan,India,629558
CRM1070,Manish,Iyer,manish.iyer43@example.com,9069225783,1984-03-26 00:00:00,2024-12-16 00:00:00,CRM,NAT1070,90 Karol Bagh Market,Next to Market,Chennai,Tamil Nadu,India,322964
CRM1937,Anjali,Kumar,anjali.kumar22@example.com,9813422267,1998-07-30 00:00:00,2025-08-22 00:00:00,CRM,NAT1937,45 Marine Dr,,Ahmedabad,Gujarat,India,821374
CRM1853,Anita,Pandey,anita.pandey54@example.com,9017548599,1992-07-04 00:00:00,2026-01-20 00:00:00,CRM,NAT1853,88 Worli Sea Face,Near Old Town,Kolkata,West Bengal,India,771109
CRM1885,Divya,Kaur,divya.kaur1@example.com,9731659709,1993-06-17 00:00:00,2024-10-06 00:00:00,CRM,NAT1885,90 Karol Bagh Market,Near Old Town,Chennai,Tamil Nadu,India,865304
CRM1281,Harish,Mehta,harish.mehta49@example.com,9936426159,1979-11-17 00:00:00,2025-11-20 00:00:00,CRM,NAT1281,101 FC Rd,Opposite Mall,Surat,Gujarat,India,592951
CRM1934,Sunil,Patil,sunil.patil67@example.com,9158722903,1998-01-11 00:00:00,2025-03-28 00:00:00,CRM,NAT1934,45 Marine Dr,Next to Market,Mumbai,Maharashtra,India,855939
CRM1013,Sunil,Gupta,sunil.gupta27@example.com,9624556746,1998-04-02 00:00:00,2026-02-09 00:00:00,CRM,NAT1013,77 Linking Rd,Near Metro Station,Jaipur,Rajasthan,India,567723
CRM1551,Alok,Tiwari,alok.tiwari59@example.com,9664437822,1989-08-23 00:00:00,2025-05-24 00:00:00,CRM,NAT1551,90 Karol Bagh Market,Next to Market,Bangalore,Karnataka,India,167798
CRM1107,Rekha,Malhotra,rekha.malhotra81@example.com,9651390692,1971-05-31 00:00:00,2024-04-30 00:00:00,CRM,NAT1107,44 Ashram Rd,Opposite Mall,Surat,Gujarat,India,607417
CRM1196,Rekha,Tiwari,rekha.tiwari85@example.com,9564180363,1981-08-18 00:00:00,2024-05-12 00:00:00,CRM,NAT1196,56 Chandni Chowk,Opposite Mall,Kolkata,West Bengal,India,717456
CRM1599,Jane,Shah,jane.shah14@example.com,9734779362,1980-06-25 00:00:00,2024-01-07 00:00:00,CRM,NAT1599,77 Linking Rd,,Delhi,Delhi,India,690045
CRM1652,Amit,Sharma,amit.sharma56@example.com,9849732551,1999-09-08 00:00:00,2024-06-25 00:00:00,CRM,NAT1652,78 Connaught Pl,Near City Center,Bangalore,Karnataka,India,292843
CRM1155,Meena,Shah,meena.shah73@example.com,9730194109,1983-01-15 00:00:00,2024-08-21 00:00:00,CRM,NAT1155,23 Brigade Rd,Near City Center,Bangalore,Karnataka,India,275431
CRM1066,Shalini,Srivastava,shalini.srivastava80@example.com,9691346700,1972-07-23 00:00:00,2026-01-28 00:00:00,CRM,NAT1066,88 Worli Sea Face,Near Metro Station,Bangalore,Karnataka,India,833736
CRM1845,Lakshmi,Singh,lakshmi.singh26@example.com,9226625846,1976-08-18 00:00:00,2024-12-06 00:00:00,CRM,NAT1845,34 JM Road,Above Central Bank,Kolkata,West Bengal,India,999441
CRM1833,Ravi,Malhotra,ravi.malhotra89@example.com,9507515137,1990-04-19 00:00:00,2025-01-02 00:00:00,CRM,NAT1833,23 Brigade Rd,Opposite Mall,Delhi,Delhi,India,407917
CRM1383,Neha,Singh,neha.singh70@example.com,9286941953,1978-01-07 00:00:00,2024-10-27 00:00:00,CRM,NAT1383,44 Ashram Rd,Next to Market,Bangalore,Karnataka,India,118369
CRM1284,Rekha,Shah,rekha.shah89@example.com,9282473359,1997-07-07 00:00:00,2025-01-24 00:00:00,CRM,NAT1284,34 JM Road,Near City Center,Chennai,Tamil Nadu,India,346117
CRM1239,Shalini,Yadav,shalini.yadav2@example.com,9133472999,1983-10-08 00:00:00,2025-08-05 00:00:00,CRM,NAT1239,34 JM Road,Opposite Mall,Surat,Gujarat,India,976609
CRM1886,Pooja,Agarwal,pooja.agarwal31@example.com,9063749838,1989-04-11 00:00:00,2024-08-04 00:00:00,CRM,NAT1886,90 Karol Bagh Market,Above Central Bank,Kolkata,West Bengal,India,507310
CRM1037,Ajay,Joshi,ajay.joshi19@example.com,9896845363,1994-09-27 00:00:00,2025-03-07 00:00:00,CRM,NAT1037,101 FC Rd,Near Metro Station,Hyderabad,Telangana,India,968034
CRM1381,Rohit,Guptha,rohit.guptha56@example.com,9052123292,1990-11-06 00:00:00,2024-10-15 00:00:00,CRM,NAT1381,12 Residency Rd,,Hyderabad,Telangana,India,613405
CRM1080,Prakash,Dubey,prakash.dubey15@example.com,9850421579,2000-03-25 00:00:00,2025-02-20 00:00:00,CRM,NAT1080,55 MI Rd,Near City Center,Ahmedabad,Gujarat,India,857371
CRM1003,Pooja,Guptha,pooja.guptha64@example.com,9735184880,1993-11-19 00:00:00,2025-06-09 00:00:00,CRM,NAT1003,45 Marine Dr,Near Metro Station,Chennai,Tamil Nadu,India,559008
CRM1528,Sachin,Tiwari,sachin.tiwari16@example.com,9820371691,1980-09-14 00:00:00,2025-01-04 00:00:00,CRM,NAT1528,90 Karol Bagh Market,Above Central Bank,Mumbai,Maharashtra,India,843760
CRM1223,Sanjay,Desai,sanjay.desai6@example.com,9337290100,1985-09-07 00:00:00,2025-09-08 00:00:00,CRM,NAT1223,34 JM Road,Near Metro Station,Jaipur,Rajasthan,India,406616
CRM1860,Rajiv,Kaur,rajiv.kaur99@example.com,9853008980,1982-02-11 00:00:00,2024-07-02 00:00:00,CRM,NAT1860,45 Marine Dr,Near Old Town,Mumbai,Maharashtra,India,573213
CRM1557,John,Tiwari,john.tiwari10@example.com,9659116913,1972-11-08 00:00:00,2025-06-26 00:00:00,CRM,NAT1557,77 Linking Rd,Above Central Bank,Mumbai,Maharashtra,India,269038
CRM1475,Ramesh,Joshi,ramesh.joshi13@example.com,9028158333,1993-12-05 00:00:00,2025-09-08 00:00:00,CRM,NAT1475,67 Law Garden Rd,,Delhi,Delhi,India,917326
CRM1452,John,Pandey,john.pandey58@example.com,9330730611,1989-01-29 00:00:00,2025-07-30 00:00:00,CRM,NAT1452,77 Linking Rd,Near Old Town,Ahmedabad,Gujarat,India,537385
CRM1281,Harish,Mehta,harish.mehta49@example.com,9936426159,1979-11-17 00:00:00,2025-11-20 00:00:00,CRM,NAT1281,101 FC Rd,Opposite Mall,Surat,Gujarat,India,592951
CRM1591,Lakshmi,Agarwal,lakshmi.agarwal15@example.com,9245505787,1971-09-16 00:00:00,2025-02-01 00:00:00,CRM,NAT1591,78 Connaught Pl,,Mumbai,Maharashtra,India,899582
CRM1721,Vinod,Joshi,vinod.joshi50@example.com,9402562927,1979-05-09 00:00:00,2024-11-07 00:00:00,CRM,NAT1721,77 Linking Rd,Near City Center,Ahmedabad,Gujarat,India,718335
CRM1919,Alok,Iyer,alok.iyer21@example.com,9251491330,1972-01-11 00:00:00,2026-01-20 00:00:00,CRM,NAT1919,78 Connaught Pl,Near Metro Station,Delhi,Delhi,India,967463
CRM1562,Sunil,Sharma,sunil.sharma44@example.com,9485038697,1974-03-21 00:00:00,2025-06-20 00:00:00,CRM,NAT1562,55 MI Rd,,Mumbai,Maharashtra,India,735604
CRM1337,Amit,Shah,amit.shah36@example.com,9671378998,1972-07-26 00:00:00,2025-08-08 00:00:00,CRM,NAT1337,67 Law Garden Rd,,Jaipur,Rajasthan,India,852908
CRM1682,Sunil,Agarwal,sunil.agarwal6@example.com,9235150429,1980-06-08 00:00:00,2024-06-05 00:00:00,CRM,NAT1682,67 Law Garden Rd,Near Metro Station,Bangalore,Karnataka,India,624900
CRM1589,Amit,Joshi,amit.joshi37@example.com,9305699476,1995-07-29 00:00:00,2024-09-24 00:00:00,CRM,NAT1589,45 Marine Dr,Near Old Town,Kolkata,West Bengal,India,225200
CRM1689,Neha,Kapoor,neha.kapoor58@example.com,9647861303,1999-03-22 00:00:00,2025-11-18 00:00:00,CRM,NAT1689,23 Brigade Rd,Near Old Town,Bangalore,Karnataka,India,525397
CRM1914,Rohit,Rao,rohit.rao33@example.com,9849436665,1996-11-02 00:00:00,2025-07-03 00:00:00,CRM,NAT1914,56 Chandni Chowk,Above Central Bank,Mumbai,Maharashtra,India,897872
CRM1701,Sneha,Verma,sneha.verma3@example.com,9754708138,1995-04-07 00:00:00,2025-05-06 00:00:00,CRM,NAT1701,45 Marine Dr,Above Central Bank,Jaipur,Rajasthan,India,825406
CRM1803,Deepak,Bajaj,deepak.bajaj84@example.com,9936424074,1989-06-10 00:00:00,2024-03-20 00:00:00,CRM,NAT1803,90 Karol Bagh Market,Opposite Mall,Chennai,Tamil Nadu,India,472007
CRM1267,Seema,Tiwari,seema.tiwari87@example.com,9697293050,1990-05-06 00:00:00,2025-01-23 00:00:00,CRM,NAT1267,44 Ashram Rd,Next to Market,Ahmedabad,Gujarat,India,285306
CRM1078,Vikas,Nair,vikas.nair72@example.com,9840817554,1996-10-14 00:00:00,2024-07-22 00:00:00,CRM,NAT1078,45 Marine Dr,Above Central Bank,Bangalore,Karnataka,India,800409
CRM1406,Divya,Chopra,divya.chopra51@example.com,9241698434,1988-02-14 00:00:00,2025-05-21 00:00:00,CRM,NAT1406,88 Worli Sea Face,Next to Market,Kolkata,West Bengal,India,400189
CRM1079,Seema,Patel,seema.patel42@example.com,9713032149,1984-03-13 00:00:00,2024-01-15 00:00:00,CRM,NAT1079,78 Connaught Pl,Next to Market,Delhi,Delhi,India,254650
CRM1432,Ramesh,Kaur,ramesh.kaur36@example.com,9653523546,1975-05-14 00:00:00,2025-10-27 00:00:00,CRM,NAT1432,101 FC Rd,Opposite Mall,Delhi,Delhi,India,623019
CRM1236,Manish,Tiwari,manish.tiwari99@example.com,9557178442,1981-09-01 00:00:00,2024-06-15 00:00:00,CRM,NAT1236,77 Linking Rd,Next to Market,Surat,Gujarat,India,881853
CRM1029,Shalini,Yadav,shalini.yadav1@example.com,9925258333,1976-09-01 00:00:00,2026-03-07 00:00:00,CRM,NAT1029,34 JM Road,Near Metro Station,Mumbai,Maharashtra,India,435812
CRM1338,Lakshmi,Patel,lakshmi.patel63@example.com,9186585153,1991-03-28 00:00:00,2026-02-06 00:00:00,CRM,NAT1338,67 Law Garden Rd,Above Central Bank,Hyderabad,Telangana,India,887046
CRM1928,Anjali,Iyer,anjali.iyer38@example.com,9403218111,1994-01-07 00:00:00,2025-04-21 00:00:00,CRM,NAT1928,45 Marine Dr,Near Old Town,Chennai,Tamil Nadu,India,709644
CRM1109,Vinod,Menon,vinod.menon3@example.com,9556192815,1992-12-15 00:00:00,2026-02-18 00:00:00,CRM,NAT1109,78 Connaught Pl,Near Metro Station,Kolkata,West Bengal,India,482615
CRM1296,Anita,Nair,anita.nair38@example.com,9860373645,1977-03-29 00:00:00,2025-01-17 00:00:00,CRM,NAT1296,44 Ashram Rd,Next to Market,Pune,Maharashtra,India,326088
CRM1507,Priya,Dubey,priya.dubey24@example.com,9426874753,1992-12-01 00:00:00,2024-07-18 00:00:00,CRM,NAT1507,78 Connaught Pl,Near Old Town,Kolkata,West Bengal,India,813633
CRM1360,Lakshmi,Pandey,lakshmi.pandey33@example.com,9776715256,1986-09-28 00:00:00,2025-09-07 00:00:00,CRM,NAT1360,44 Ashram Rd,Next to Market,Pune,Maharashtra,India,811517
CRM1815,Jane,Dubey,jane.dubey34@example.com,9619595688,1995-01-21 00:00:00,2025-07-15 00:00:00,CRM,NAT1815,67 Law Garden Rd,Above Central Bank,Hyderabad,Telangana,India,446659
CRM1676,Neha,Gupta,neha.gupta97@example.com,9610454040,1971-10-08 00:00:00,2025-06-07 00:00:00,CRM,NAT1676,12 Residency Rd,Above Central Bank,Surat,Gujarat,India,852112
CRM1062,Vikas,Sharma,vikas.sharma12@example.com,9076379467,1978-01-14 00:00:00,2025-12-28 00:00:00,CRM,NAT1062,88 Worli Sea Face,Next to Market,Ahmedabad,Gujarat,India,370473
CRM1730,Karan,Agarwal,karan.agarwal58@example.com,9315024544,1977-04-20 00:00:00,2024-02-10 00:00:00,CRM,NAT1730,55 MI Rd,Near City Center,Delhi,Delhi,India,447514
CRM1492,Sunita,Kumar,sunita.kumar61@example.com,9498681476,1988-08-14 00:00:00,2025-07-03 00:00:00,CRM,NAT1492,12 MG Rd,Near Metro Station,Mumbai,Maharashtra,India,998541
CRM1626,Shalini,Iyer,shalini.iyer36@example.com,9558809180,1971-01-20 00:00:00,2025-05-16 00:00:00,CRM,NAT1626,44 Ashram Rd,Near Metro Station,Kolkata,West Bengal,India,154537
CRM1461,Sneha,Kumar,sneha.kumar32@example.com,9352017789,1995-09-10 00:00:00,2025-07-13 00:00:00,CRM,NAT1461,88 Worli Sea Face,Above Central Bank,Hyderabad,Telangana,India,373383
CRM1733,Seema,Dubey,seema.dubey30@example.com,9766466927,1989-12-12 00:00:00,2025-12-18 00:00:00,CRM,NAT1733,45 Marine Dr,,Hyderabad,Telangana,India,272420
CRM1547,Shalini,Patil,shalini.patil34@example.com,9463120635,1986-08-10 00:00:00,2025-01-08 00:00:00,CRM,NAT1547,101 FC Rd,Opposite Mall,Ahmedabad,Gujarat,India,666618
CRM1141,Vikas,Mishra,vikas.mishra19@example.com,9494945715,1974-10-22 00:00:00,2026-02-01 00:00:00,CRM,NAT1141,45 Marine Dr,Near Metro Station,Mumbai,Maharashtra,India,117393
CRM1848,Deepak,Shah,deepak.shah43@example.com,9019235979,1988-04-09 00:00:00,2025-08-26 00:00:00,CRM,NAT1848,34 JM Road,Near Old Town,Jaipur,Rajasthan,India,165848
CRM1629,Vikas,Menon,vikas.menon49@example.com,9214364386,1991-02-02 00:00:00,2025-01-24 00:00:00,CRM,NAT1629,77 Linking Rd,,Jaipur,Rajasthan,India,829062
CRM1868,Meera,Mishra,meera.mishra26@example.com,9966336000,1971-11-19 00:00:00,2024-02-07 00:00:00,CRM,NAT1868,12 MG Rd,Near Metro Station,Ahmedabad,Gujarat,India,103902
CRM1148,Anita,Rao,anita.rao29@example.com,9947684847,1997-10-27 00:00:00,2025-12-17 00:00:00,CRM,NAT1148,56 Chandni Chowk,Next to Market,Jaipur,Rajasthan,India,510945
CRM1361,Amit,Joshi,amit.joshi30@example.com,9819450756,1992-09-28 00:00:00,2024-04-20 00:00:00,CRM,NAT1361,77 Linking Rd,Next to Market,Bangalore,Karnataka,India,911673
CRM1052,Lakshmi,Shah,lakshmi.shah41@example.com,9100084477,1983-11-05 00:00:00,2024-01-09 00:00:00,CRM,NAT1052,44 Ashram Rd,Near Old Town,Bangalore,Karnataka,India,396120
CRM1295,Arvind,Mishra,arvind.mishra67@example.com,9225983349,1986-03-30 00:00:00,2025-07-02 00:00:00,CRM,NAT1295,101 FC Rd,Near Metro Station,Bangalore,Karnataka,India,978862
CRM1642,Rekha,Dubey,rekha.dubey97@example.com,9244507704,1977-04-15 00:00:00,2025-02-08 00:00:00,CRM,NAT1642,34 JM Road,Near Old Town,Ahmedabad,Gujarat,India,721080
CRM1525,John,Kumar,john.kumar13@example.com,9765680590,1991-10-13 00:00:00,2024-09-05 00:00:00,CRM,NAT1525,90 Karol Bagh Market,Next to Market,Bangalore,Karnataka,India,332142
CRM1648,Sanjay,Sharma,sanjay.sharma48@example.com,9536543350,1983-06-21 00:00:00,2026-02-20 00:00:00,CRM,NAT1648,12 MG Rd,Opposite Mall,Hyderabad,Telangana,India,672435
CRM1313,Divya,Chopra,divya.chopra14@example.com,9457094067,1973-06-23 00:00:00,2025-01-19 00:00:00,CRM,NAT1313,78 Connaught Pl,Near Old Town,Mumbai,Maharashtra,India,114286
CRM1707,Jane,Kapoor,jane.kapoor70@example.com,9175980611,1986-09-29 00:00:00,2025-11-05 00:00:00,CRM,NAT1707,44 Ashram Rd,Above Central Bank,Hyderabad,Telangana,India,677790
CRM1444,Harish,Gupta,harish.gupta87@example.com,9602652974,1992-07-26 00:00:00,2024-11-12 00:00:00,CRM,NAT1444,34 JM Road,Next to Market,Jaipur,Rajasthan,India,216884
CRM1169,Sneha,Mehta,sneha.mehta92@example.com,9290628512,1976-05-26 00:00:00,2026-01-20 00:00:00,CRM,NAT1169,101 FC Rd,Next to Market,Mumbai,Maharashtra,India,713652
CRM1212,Lakshmi,Bajaj,lakshmi.bajaj84@example.com,9032188671,1971-06-13 00:00:00,2024-12-12 00:00:00,CRM,NAT1212,77 Linking Rd,Opposite Mall,Jaipur,Rajasthan,India,310251
CRM1315,Suresh,Mishra,suresh.mishra63@example.com,9150179318,1994-07-17 00:00:00,2025-03-04 00:00:00,CRM,NAT1315,77 Linking Rd,,Kolkata,West Bengal,India,411166
CRM1326,Seema,Patel,seema.patel95@example.com,9935590529,1997-08-17 00:00:00,2025-11-15 00:00:00,CRM,NAT1326,12 MG Rd,Near Metro Station,Jaipur,Rajasthan,India,276264
CRM1889,Vinod,Agarwal,vinod.agarwal15@example.com,9435450587,1996-07-01 00:00:00,2024-07-14 00:00:00,CRM,NAT1889,56 Chandni Chowk,Opposite Mall,Bangalore,Karnataka,India,824880
CRM1840,Deepak,Malhotra,deepak.malhotra91@example.com,9926182208,1984-07-07 00:00:00,2025-04-05 00:00:00,CRM,NAT1840,78 Connaught Pl,Near Old Town,Chennai,Tamil Nadu,India,442788
CRM1242,Sneha,Gupta,sneha.gupta57@example.com,9193062983,1981-07-29 00:00:00,2026-02-23 00:00:00,CRM,NAT1242,88 Worli Sea Face,Opposite Mall,Mumbai,Maharashtra,India,372148
CRM1632,Priya,Bajaj,priya.bajaj86@example.com,9091048260,1999-11-20 00:00:00,2024-11-22 00:00:00,CRM,NAT1632,67 Law Garden Rd,Near City Center,Hyderabad,Telangana,India,219039
CRM1582,Meena,Bajaj,meena.bajaj1@example.com,9971087599,1980-10-13 00:00:00,2025-11-06 00:00:00,CRM,NAT1582,67 Law Garden Rd,Near Old Town,Jaipur,Rajasthan,India,446817
CRM1173,Sunita,Chopra,sunita.chopra39@example.com,9327487069,1973-11-03 00:00:00,2024-10-31 00:00:00,CRM,NAT1173,90 Karol Bagh Market,Above Central Bank,Pune,Maharashtra,India,583555
CRM1047,Rekha,Pandey,rekha.pandey78@example.com,9903782446,1973-06-18 00:00:00,2025-12-10 00:00:00,CRM,NAT1047,12 MG Rd,Next to Market,Kolkata,West Bengal,India,428403
CRM1379,Ravi,Dubey,ravi.dubey47@example.com,9119907046,1978-01-09 00:00:00,2025-03-10 00:00:00,CRM,NAT1379,23 Brigade Rd,Near Old Town,Kolkata,West Bengal,India,502099
CRM1324,Pooja,Kumar,pooja.kumar20@example.com,9110569940,1979-09-17 00:00:00,2024-10-13 00:00:00,CRM,NAT1324,78 Connaught Pl,Opposite Mall,Surat,Gujarat,India,691040
CRM1356,Seema,Gupta,seema.gupta73@example.com,9405777943,1999-07-13 00:00:00,2025-08-25 00:00:00,CRM,NAT1356,12 Residency Rd,Opposite Mall,Ahmedabad,Gujarat,India,835354
CRM1550,Vinod,Kaur,vinod.kaur92@example.com,9753921898,1998-12-07 00:00:00,2025-07-21 00:00:00,CRM,NAT1550,67 Law Garden Rd,Near Metro Station,Ahmedabad,Gujarat,India,587888
CRM1257,Divya,Kumar,divya.kumar84@example.com,9519856957,1997-02-23 00:00:00,2024-08-23 00:00:00,CRM,NAT1257,12 MG Rd,Near Old Town,Ahmedabad,Gujarat,India,539196
CRM1192,Vinay,Bajaj,vinay.bajaj18@example.com,9502411429,1990-07-24 00:00:00,2024-10-10 00:00:00,CRM,NAT1192,12 Residency Rd,Near Metro Station,Ahmedabad,Gujarat,India,475125
CRM1643,Neha,Patel,neha.patel65@example.com,9687833622,1982-10-21 00:00:00,2024-08-11 00:00:00,CRM,NAT1643,77 Linking Rd,Opposite Mall,Chennai,Tamil Nadu,India,964517
CRM1043,Rajiv,Joshi,rajiv.joshi20@example.com,9064425366,1998-10-26 00:00:00,2024-02-02 00:00:00,CRM,NAT1043,90 Karol Bagh Market,Near Old Town,Mumbai,Maharashtra,India,282012
CRM1308,Priya,Rao,priya.rao22@example.com,9222996651,1991-12-22 00:00:00,2025-08-30 00:00:00,CRM,NAT1308,101 FC Rd,,Kolkata,West Bengal,India,248195
CRM1809,Sneha,Guptha,sneha.guptha65@example.com,9072251203,1976-11-17 00:00:00,2025-01-21 00:00:00,CRM,NAT1809,44 Ashram Rd,Above Central Bank,Surat,Gujarat,India,848967
CRM1712,Kavita,Patel,kavita.patel70@example.com,9679353705,1977-02-25 00:00:00,2026-03-28 00:00:00,CRM,NAT1712,90 Karol Bagh Market,Near Metro Station,Ahmedabad,Gujarat,India,955908
CRM1502,Deepak,Patel,deepak.patel70@example.com,9472299301,1975-04-15 00:00:00,2026-02-01 00:00:00,CRM,NAT1502,55 MI Rd,Above Central Bank,Jaipur,Rajasthan,India,905842
CRM1117,Karan,Sharma,karan.sharma4@example.com,9123104450,1978-01-26 00:00:00,2024-11-26 00:00:00,CRM,NAT1117,77 Linking Rd,Near Old Town,Chennai,Tamil Nadu,India,294945
CRM1278,Sunil,Guptha,sunil.guptha42@example.com,9168284543,1992-09-29 00:00:00,2024-12-09 00:00:00,CRM,NAT1278,55 MI Rd,Next to Market,Mumbai,Maharashtra,India,761257
CRM1662,Ajay,Gupta,ajay.gupta30@example.com,9760321828,1996-08-05 00:00:00,2025-09-16 00:00:00,CRM,NAT1662,101 FC Rd,Near Old Town,Surat,Gujarat,India,959472
CRM1430,Divya,Gupta,divya.gupta48@example.com,9405851578,1991-10-08 00:00:00,2025-10-25 00:00:00,CRM,NAT1430,78 Connaught Pl,Near Old Town,Kolkata,West Bengal,India,650750
CRM1790,Rekha,Kaur,rekha.kaur42@example.com,9918486629,1977-09-15 00:00:00,2026-02-23 00:00:00,CRM,NAT1790,55 MI Rd,Near City Center,Bangalore,Karnataka,India,952812
CRM1671,Sunita,Kumar,sunita.kumar60@example.com,9833005577,1976-08-15 00:00:00,2025-04-02 00:00:00,CRM,NAT1671,34 JM Road,Next to Market,Ahmedabad,Gujarat,India,682236
CRM1470,Manish,Pandey,manish.pandey60@example.com,9484567424,1976-10-29 00:00:00,2025-10-28 00:00:00,CRM,NAT1470,44 Ashram Rd,,Jaipur,Rajasthan,India,290498
CRM1069,Anita,Srivastava,anita.srivastava14@example.com,9092151258,1978-02-01 00:00:00,2026-01-19 00:00:00,CRM,NAT1069,45 Marine Dr,Next to Market,Hyderabad,Telangana,India,905533
CRM1255,Vikas,Joshi,vikas.joshi43@example.com,9260998015,1986-03-28 00:00:00,2024-08-24 00:00:00,CRM,NAT1255,12 MG Rd,Opposite Mall,Pune,Maharashtra,India,884532
CRM1783,Karan,Patel,karan.patel26@example.com,9908280951,1971-08-18 00:00:00,2025-01-25 00:00:00,CRM,NAT1783,44 Ashram Rd,,Kolkata,West Bengal,India,897662
CRM1902,Kavita,Rao,kavita.rao93@example.com,9398180063,1993-06-01 00:00:00,2024-09-17 00:00:00,CRM,NAT1902,56 Chandni Chowk,,Jaipur,Rajasthan,India,385015
CRM1205,Vikas,Chopra,vikas.chopra44@example.com,9198969036,2000-08-10 00:00:00,2026-01-17 00:00:00,CRM,NAT1205,56 Chandni Chowk,Above Central Bank,Mumbai,Maharashtra,India,653810
CRM1490,Anjali,Gupta,anjali.gupta61@example.com,9036746419,1976-06-22 00:00:00,2025-02-21 00:00:00,CRM,NAT1490,12 Residency Rd,Near City Center,Bangalore,Karnataka,India,495351
CRM1176,Anjali,Bajaj,anjali.bajaj4@example.com,9823312698,1988-11-18 00:00:00,2024-03-31 00:00:00,CRM,NAT1176,88 Worli Sea Face,Near Metro Station,Kolkata,West Bengal,India,745092
CRM1332,Shalini,Malhotra,shalini.malhotra72@example.com,9966112239,1989-07-13 00:00:00,2025-10-29 00:00:00,CRM,NAT1332,44 Ashram Rd,Near Metro Station,Mumbai,Maharashtra,India,126524
CRM1723,John,Menon,john.menon90@example.com,9508521430,1987-03-20 00:00:00,2026-02-09 00:00:00,CRM,NAT1723,23 Brigade Rd,Near Old Town,Jaipur,Rajasthan,India,202767
CRM1819,Sachin,Pandey,sachin.pandey72@example.com,9240115742,1979-10-28 00:00:00,2024-09-11 00:00:00,CRM,NAT1819,12 MG Rd,Near Metro Station,Delhi,Delhi,India,203386
CRM1633,Anjali,Yadav,anjali.yadav98@example.com,9114943641,1980-11-24 00:00:00,2024-03-17 00:00:00,CRM,NAT1633,78 Connaught Pl,Opposite Mall,Delhi,Delhi,India,168114
CRM1896,Harish,Agarwal,harish.agarwal36@example.com,9469709241,1972-03-12 00:00:00,2024-09-15 00:00:00,CRM,NAT1896,12 Residency Rd,Next to Market,Hyderabad,Telangana,India,586101
CRM1165,Kavita,Reddy,kavita.reddy80@example.com,9599299168,1999-10-20 00:00:00,2024-06-15 00:00:00,CRM,NAT1165,55 MI Rd,Next to Market,Jaipur,Rajasthan,India,402262
CRM1925,Suresh,Verma,suresh.verma92@example.com,9595923847,2000-05-17 00:00:00,2025-06-27 00:00:00,CRM,NAT1925,90 Karol Bagh Market,Near City Center,Kolkata,West Bengal,India,446081
CRM1194,Kavita,Sharma,kavita.sharma44@example.com,9493364765,1976-04-13 00:00:00,2024-10-12 00:00:00,CRM,NAT1194,88 Worli Sea Face,Near Old Town,Surat,Gujarat,India,790428
CRM1341,Shreya,Gupta,shreya.gupta70@example.com,9297939907,1978-09-17 00:00:00,2025-11-01 00:00:00,CRM,NAT1341,90 Karol Bagh Market,Above Central Bank,Mumbai,Maharashtra,India,117484
CRM1514,Rohit,Patel,rohit.patel8@example.com,9810857149,1988-05-29 00:00:00,2024-05-23 00:00:00,CRM,NAT1514,78 Connaught Pl,Next to Market,Mumbai,Maharashtra,India,962392
CRM1133,Ajay,Gupta,ajay.gupta97@example.com,9627205133,1988-07-16 00:00:00,2025-10-14 00:00:00,CRM,NAT1133,12 MG Rd,Above Central Bank,Delhi,Delhi,India,228317
CRM1358,Sachin,Desai,sachin.desai40@example.com,9174746805,1990-12-10 00:00:00,2025-07-13 00:00:00,CRM,NAT1358,78 Connaught Pl,Near Old Town,Ahmedabad,Gujarat,India,122806
CRM1850,Seema,Kaur,seema.kaur34@example.com,9322425880,1999-04-02 00:00:00,2024-02-09 00:00:00,CRM,NAT1850,67 Law Garden Rd,Near Metro Station,Hyderabad,Telangana,India,800901
CRM1040,Vinod,Dubey,vinod.dubey4@example.com,9157718363,1986-05-21 00:00:00,2024-05-24 00:00:00,CRM,NAT1040,45 Marine Dr,Near Metro Station,Delhi,Delhi,India,180808
CRM1718,Arvind,Patil,arvind.patil31@example.com,9811534685,1988-03-20 00:00:00,2024-11-06 00:00:00,CRM,NAT1718,67 Law Garden Rd,Near Metro Station,Jaipur,Rajasthan,India,668293
CRM1720,Arvind,Kumar,arvind.kumar58@example.com,9127724737,1988-12-04 00:00:00,2025-01-01 00:00:00,CRM,NAT1720,34 JM Road,Next to Market,Jaipur,Rajasthan,India,111081
CRM1598,Arvind,Banerjee,arvind.banerjee69@example.com,9018749474,1997-09-30 00:00:00,2026-01-07 00:00:00,CRM,NAT1598,78 Connaught Pl,Above Central Bank,Kolkata,West Bengal,India,437281
CRM1596,Pooja,Gupta,pooja.gupta4@example.com,9935591313,1989-10-05 00:00:00,2024-03-12 00:00:00,CRM,NAT1596,67 Law Garden Rd,Near Metro Station,Hyderabad,Telangana,India,730886
CRM1265,Sunita,Mishra,sunita.mishra95@example.com,9896364691,1989-07-18 00:00:00,2024-10-23 00:00:00,CRM,NAT1265,88 Worli Sea Face,Next to Market,Hyderabad,Telangana,India,834122
CRM1160,Anjali,Kaur,anjali.kaur95@example.com,9747116094,1989-04-27 00:00:00,2025-01-03 00:00:00,CRM,NAT1160,101 FC Rd,Above Central Bank,Surat,Gujarat,India,193610
CRM1924,Suresh,Iyer,suresh.iyer20@example.com,9445659596,1974-11-12 00:00:00,2025-03-21 00:00:00,CRM,NAT1924,101 FC Rd,Above Central Bank,Mumbai,Maharashtra,India,952072
CRM1866,Amit,Iyer,amit.iyer25@example.com,9666874289,1998-08-06 00:00:00,2025-05-10 00:00:00,CRM,NAT1866,88 Worli Sea Face,Near City Center,Delhi,Delhi,India,884056
CRM1758,Anita,Chopra,anita.chopra27@example.com,9856878875,1990-10-03 00:00:00,2025-08-18 00:00:00,CRM,NAT1758,23 Brigade Rd,Near Metro Station,Ahmedabad,Gujarat,India,222904
CRM1213,Ravi,Srivastava,ravi.srivastava18@example.com,9219293841,1994-07-17 00:00:00,2026-01-21 00:00:00,CRM,NAT1213,44 Ashram Rd,Near Old Town,Bangalore,Karnataka,India,795558
CRM1137,Ramesh,Kapoor,ramesh.kapoor25@example.com,9523605451,1974-09-09 00:00:00,2024-12-14 00:00:00,CRM,NAT1137,101 FC Rd,Near Old Town,Chennai,Tamil Nadu,India,719208
CRM1698,Sunita,Mishra,sunita.mishra39@example.com,9827257614,1971-07-28 00:00:00,2024-05-02 00:00:00,CRM,NAT1698,55 MI Rd,Near Metro Station,Bangalore,Karnataka,India,375487
CRM1820,Anita,Reddy,anita.reddy53@example.com,9797278608,1987-12-09 00:00:00,2025-03-05 00:00:00,CRM,NAT1820,90 Karol Bagh Market,Opposite Mall,Ahmedabad,Gujarat,India,413612
CRM1894,Meena,Dubey,meena.dubey42@example.com,9441444081,1986-12-28 00:00:00,2025-11-06 00:00:00,CRM,NAT1894,23 Brigade Rd,Above Central Bank,Ahmedabad,Gujarat,India,388426
CRM1260,Kavita,Tiwari,kavita.tiwari81@example.com,9946440322,1978-11-20 00:00:00,2024-07-03 00:00:00,CRM,NAT1260,12 MG Rd,,Hyderabad,Telangana,India,274872
CRM1270,Meera,Singh,meera.singh19@example.com,9045026751,1979-06-14 00:00:00,2025-03-16 00:00:00,CRM,NAT1270,23 Brigade Rd,Opposite Mall,Delhi,Delhi,India,703075
CRM1185,Divya,Kapoor,divya.kapoor8@example.com,9994332651,1975-06-19 00:00:00,2024-11-03 00:00:00,CRM,NAT1185,77 Linking Rd,Next to Market,Chennai,Tamil Nadu,India,292984
CRM1779,Sunil,Nair,sunil.nair61@example.com,9026066135,2000-10-17 00:00:00,2025-07-30 00:00:00,CRM,NAT1779,101 FC Rd,Above Central Bank,Surat,Gujarat,India,831466
CRM1778,Amit,Iyer,amit.iyer41@example.com,9379315930,1988-03-04 00:00:00,2024-10-07 00:00:00,CRM,NAT1778,101 FC Rd,Above Central Bank,Pune,Maharashtra,India,404798
CRM1732,Rekha,Singh,rekha.singh6@example.com,9324567060,1978-03-12 00:00:00,2024-08-16 00:00:00,CRM,NAT1732,44 Ashram Rd,Near Old Town,Chennai,Tamil Nadu,India,816212
CRM1686,Seema,Srivastava,seema.srivastava66@example.com,9964841818,1977-05-13 00:00:00,2025-02-10 00:00:00,CRM,NAT1686,101 FC Rd,Near Metro Station,Ahmedabad,Gujarat,India,662277
CRM1398,Rahul,Verma,rahul.verma5@example.com,9709419607,1995-08-18 00:00:00,2024-03-21 00:00:00,CRM,NAT1398,34 JM Road,Next to Market,Chennai,Tamil Nadu,India,688592
CRM1890,Ajay,Tiwari,ajay.tiwari83@example.com,9622989426,1975-05-20 00:00:00,2025-11-18 00:00:00,CRM,NAT1890,101 FC Rd,Near Metro Station,Delhi,Delhi,India,845609
CRM1235,Shreya,Yadav,shreya.yadav71@example.com,9416730543,2000-05-30 00:00:00,2024-10-21 00:00:00,CRM,NAT1235,67 Law Garden Rd,Near City Center,Mumbai,Maharashtra,India,586017
CRM1479,Amit,Iyer,amit.iyer99@example.com,9408564010,1996-06-23 00:00:00,2024-05-07 00:00:00,CRM,NAT1479,45 Marine Dr,Near Metro Station,Pune,Maharashtra,India,631316
CRM1703,Deepak,Banerjee,deepak.banerjee2@example.com,9619292065,1971-12-23 00:00:00,2025-11-03 00:00:00,CRM,NAT1703,45 Marine Dr,Near Old Town,Delhi,Delhi,India,394464
CRM1700,Lakshmi,Desai,lakshmi.desai15@example.com,9092444088,1980-07-14 00:00:00,2025-04-11 00:00:00,CRM,NAT1700,67 Law Garden Rd,Near City Center,Bangalore,Karnataka,India,828674
CRM1545,Anjali,Dubey,anjali.dubey62@example.com,9899721261,1989-09-09 00:00:00,2025-02-28 00:00:00,CRM,NAT1545,23 Brigade Rd,Near City Center,Surat,Gujarat,India,695681
CRM1460,Arvind,Gupta,arvind.gupta20@example.com,9938397328,1976-09-30 00:00:00,2025-08-26 00:00:00,CRM,NAT1460,55 MI Rd,Near City Center,Chennai,Tamil Nadu,India,309709
CRM1719,Sachin,Pandey,sachin.pandey4@example.com,9017416094,1971-05-25 00:00:00,2024-10-29 00:00:00,CRM,NAT1719,45 Marine Dr,Near Metro Station,Pune,Maharashtra,India,294735
CRM1051,Pooja,Mishra,pooja.mishra31@example.com,9289016952,1973-10-25 00:00:00,2025-08-06 00:00:00,CRM,NAT1051,90 Karol Bagh Market,,Bangalore,Karnataka,India,691123
CRM1838,Seema,Joshi,seema.joshi61@example.com,9704569703,1971-07-09 00:00:00,2025-01-07 00:00:00,CRM,NAT1838,78 Connaught Pl,Next to Market,Pune,Maharashtra,India,300790
CRM1476,Ajay,Chopra,ajay.chopra9@example.com,9351608619,1984-02-23 00:00:00,2024-08-23 00:00:00,CRM,NAT1476,34 JM Road,Near Metro Station,Ahmedabad,Gujarat,India,311499
CRM1592,Arvind,Kaur,arvind.kaur79@example.com,9398252883,1989-08-26 00:00:00,2026-01-26 00:00:00,CRM,NAT1592,78 Connaught Pl,Next to Market,Chennai,Tamil Nadu,India,726001
CRM1735,Manish,Menon,manish.menon89@example.com,9395446550,1998-06-24 00:00:00,2025-07-10 00:00:00,CRM,NAT1735,45 Marine Dr,Next to Market,Kolkata,West Bengal,India,596666
CRM1310,Prakash,Verma,prakash.verma40@example.com,9795117770,1985-02-26 00:00:00,2024-06-03 00:00:00,CRM,NAT1310,12 Residency Rd,Opposite Mall,Chennai,Tamil Nadu,India,822466
CRM1335,Jane,Reddy,jane.reddy1@example.com,9629415010,1983-12-04 00:00:00,2024-12-02 00:00:00,CRM,NAT1335,45 Marine Dr,Opposite Mall,Pune,Maharashtra,India,366086
CRM1438,Ramesh,Kaur,ramesh.kaur75@example.com,9817848203,1996-01-28 00:00:00,2025-05-03 00:00:00,CRM,NAT1438,12 MG Rd,,Pune,Maharashtra,India,663015
CRM1649,Pooja,Kaur,pooja.kaur22@example.com,9045848218,2000-12-28 00:00:00,2024-12-27 00:00:00,CRM,NAT1649,77 Linking Rd,Next to Market,Surat,Gujarat,India,584064
CRM1616,Arvind,Kumar,arvind.kumar2@example.com,9988026930,1972-05-14 00:00:00,2024-12-05 00:00:00,CRM,NAT1616,67 Law Garden Rd,,Bangalore,Karnataka,India,428512
CRM1663,Harish,Agarwal,harish.agarwal61@example.com,9956228359,1970-11-14 00:00:00,2024-11-16 00:00:00,CRM,NAT1663,23 Brigade Rd,,Surat,Gujarat,India,502803
CRM1272,Sanjay,Kaur,sanjay.kaur37@example.com,9985365429,1981-08-21 00:00:00,2025-09-12 00:00:00,CRM,NAT1272,88 Worli Sea Face,,Delhi,Delhi,India,342928
CRM1178,Neha,Shah,neha.shah17@example.com,9432655812,2000-01-22 00:00:00,2024-01-07 00:00:00,CRM,NAT1178,12 MG Rd,Near Old Town,Chennai,Tamil Nadu,India,900058
CRM1471,Vikas,Gupta,vikas.gupta68@example.com,9838713602,1989-05-25 00:00:00,2024-01-22 00:00:00,CRM,NAT1471,77 Linking Rd,Near City Center,Hyderabad,Telangana,India,408086
CRM1710,Anita,Banerjee,anita.banerjee56@example.com,9092820212,1997-01-04 00:00:00,2024-09-16 00:00:00,CRM,NAT1710,78 Connaught Pl,Opposite Mall,Ahmedabad,Gujarat,India,476091
CRM1314,Suresh,Reddy,suresh.reddy22@example.com,9211921856,1989-08-18 00:00:00,2024-04-26 00:00:00,CRM,NAT1314,12 Residency Rd,Next to Market,Mumbai,Maharashtra,India,619238
CRM1556,Anita,Malhotra,anita.malhotra41@example.com,9926353663,1970-04-22 00:00:00,2025-09-16 00:00:00,CRM,NAT1556,12 Residency Rd,Above Central Bank,Surat,Gujarat,India,891115
CRM1474,Vikas,Bajaj,vikas.bajaj92@example.com,9931195213,1995-11-17 00:00:00,2024-06-05 00:00:00,CRM,NAT1474,101 FC Rd,Near Old Town,Ahmedabad,Gujarat,India,255486
CRM1693,Rajiv,Iyer,rajiv.iyer43@example.com,9221569527,1992-05-30 00:00:00,2026-01-07 00:00:00,CRM,NAT1693,77 Linking Rd,Above Central Bank,Delhi,Delhi,India,443260
CRM1436,Rekha,Patil,rekha.patil30@example.com,9740492575,1990-06-17 00:00:00,2024-06-30 00:00:00,CRM,NAT1436,12 Residency Rd,Near City Center,Pune,Maharashtra,India,378673
CRM1116,Suresh,Srivastava,suresh.srivastava66@example.com,9271725032,1996-04-29 00:00:00,2025-02-23 00:00:00,CRM,NAT1116,55 MI Rd,Near City Center,Bangalore,Karnataka,India,966843
CRM1089,Anita,Rao,anita.rao65@example.com,9624094803,1971-06-19 00:00:00,2025-11-14 00:00:00,CRM,NAT1089,55 MI Rd,Near Old Town,Hyderabad,Telangana,India,541073
CRM1362,Alok,Tiwari,alok.tiwari76@example.com,9030660886,1977-05-11 00:00:00,2025-06-08 00:00:00,CRM,NAT1362,78 Connaught Pl,Opposite Mall,Chennai,Tamil Nadu,India,725843
CRM1634,Kavita,Tiwari,kavita.tiwari12@example.com,9927380508,1973-05-20 00:00:00,2024-01-10 00:00:00,CRM,NAT1634,56 Chandni Chowk,,Pune,Maharashtra,India,872279
CRM1879,Sneha,Bajaj,sneha.bajaj89@example.com,9586332424,1983-05-02 00:00:00,2025-07-19 00:00:00,CRM,NAT1879,34 JM Road,Opposite Mall,Surat,Gujarat,India,205314
CRM1668,Pooja,Bajaj,pooja.bajaj78@example.com,9129238160,1983-04-06 00:00:00,2026-01-21 00:00:00,CRM,NAT1668,12 Residency Rd,Above Central Bank,Surat,Gujarat,India,304412
CRM1797,Prakash,Mehta,prakash.mehta27@example.com,9078830977,1996-11-27 00:00:00,2025-01-11 00:00:00,CRM,NAT1797,67 Law Garden Rd,Opposite Mall,Bangalore,Karnataka,India,221148
CRM1644,John,Guptha,john.guptha68@example.com,9007498009,1999-05-17 00:00:00,2025-11-30 00:00:00,CRM,NAT1644,55 MI Rd,Opposite Mall,Pune,Maharashtra,India,890937
CRM1756,Karan,Malhotra,karan.malhotra36@example.com,9283371360,1996-10-24 00:00:00,2025-03-10 00:00:00,CRM,NAT1756,34 JM Road,Above Central Bank,Chennai,Tamil Nadu,India,297502
CRM1157,Anita,Verma,anita.verma33@example.com,9391152693,1990-07-31 00:00:00,2024-01-14 00:00:00,CRM,NAT1157,67 Law Garden Rd,Opposite Mall,Hyderabad,Telangana,India,415761
CRM1501,Vikas,Agarwal,vikas.agarwal45@example.com,9201593161,1998-03-15 00:00:00,2025-08-14 00:00:00,CRM,NAT1501,77 Linking Rd,Next to Market,Hyderabad,Telangana,India,325272
CRM1411,Suresh,Tiwari,suresh.tiwari88@example.com,9097674471,1986-08-11 00:00:00,2024-01-24 00:00:00,CRM,NAT1411,56 Chandni Chowk,Near City Center,Hyderabad,Telangana,India,928249
CRM1386,Kavita,Mishra,kavita.mishra56@example.com,9958547239,1982-04-28 00:00:00,2024-12-19 00:00:00,CRM,NAT1386,12 MG Rd,Above Central Bank,Hyderabad,Telangana,India,747224
CRM1156,Kavita,Singh,kavita.singh13@example.com,9327064197,1985-01-21 00:00:00,2025-04-08 00:00:00,CRM,NAT1156,12 MG Rd,Above Central Bank,Mumbai,Maharashtra,India,467820
CRM1493,Vinod,Yadav,vinod.yadav40@example.com,9511362533,1991-01-23 00:00:00,2024-09-20 00:00:00,CRM,NAT1493,78 Connaught Pl,Opposite Mall,Bangalore,Karnataka,India,788258
CRM1278,Sunil,Guptha,sunil.guptha42@example.com,9168284543,1992-09-29 00:00:00,2024-12-09 00:00:00,CRM,NAT1278,55 MI Rd,Next to Market,Mumbai,Maharashtra,India,761257
CRM1034,Sunil,Nair,sunil.nair75@example.com,9767640638,1988-12-03 00:00:00,2025-06-23 00:00:00,CRM,NAT1034,90 Karol Bagh Market,Near Old Town,Mumbai,Maharashtra,India,827186
CRM1687,Rajiv,Bajaj,rajiv.bajaj37@example.com,9285235995,1994-12-14 00:00:00,2025-01-18 00:00:00,CRM,NAT1687,23 Brigade Rd,Next to Market,Surat,Gujarat,India,267628
CRM1793,Meena,Patil,meena.patil21@example.com,9687340924,1997-03-08 00:00:00,2026-02-11 00:00:00,CRM,NAT1793,12 Residency Rd,,Pune,Maharashtra,India,495758
CRM1249,Ravi,Banerjee,ravi.banerjee61@example.com,9315747781,1997-11-24 00:00:00,2024-02-01 00:00:00,CRM,NAT1249,78 Connaught Pl,Opposite Mall,Ahmedabad,Gujarat,India,146777
CRM1130,Manish,Kaur,manish.kaur12@example.com,9205256154,1986-07-19 00:00:00,2025-07-04 00:00:00,CRM,NAT1130,12 Residency Rd,Above Central Bank,Delhi,Delhi,India,155040
CRM1902,Kavita,Rao,kavita.rao93@example.com,9398180063,1993-06-01 00:00:00,2024-09-17 00:00:00,CRM,NAT1902,56 Chandni Chowk,,Jaipur,Rajasthan,India,385015
CRM1567,Divya,Mehta,divya.mehta4@example.com,9667956122,1971-09-28 00:00:00,2025-07-04 00:00:00,CRM,NAT1567,88 Worli Sea Face,,Hyderabad,Telangana,India,946415
CRM1320,Kavita,Agarwal,kavita.agarwal1@example.com,9334836196,1978-06-02 00:00:00,2024-07-23 00:00:00,CRM,NAT1320,56 Chandni Chowk,,Mumbai,Maharashtra,India,663852
CRM1593,Vinay,Malhotra,vinay.malhotra99@example.com,9202904371,1979-06-10 00:00:00,2026-01-12 00:00:00,CRM,NAT1593,44 Ashram Rd,,Kolkata,West Bengal,India,696431
CRM1664,Kavita,Patel,kavita.patel11@example.com,9568262356,1992-01-09 00:00:00,2025-04-18 00:00:00,CRM,NAT1664,90 Karol Bagh Market,Above Central Bank,Ahmedabad,Gujarat,India,378928
CRM1020,Rajiv,Yadav,rajiv.yadav14@example.com,9582365530,1985-03-07 00:00:00,2025-12-25 00:00:00,CRM,NAT1020,45 Marine Dr,Near Metro Station,Bangalore,Karnataka,India,245993
CRM1536,Sunil,Gupta,sunil.gupta13@example.com,9981583974,1974-01-21 00:00:00,2025-10-16 00:00:00,CRM,NAT1536,77 Linking Rd,Opposite Mall,Jaipur,Rajasthan,India,752004
CRM1289,Lakshmi,Pandey,lakshmi.pandey77@example.com,9442384762,2000-10-29 00:00:00,2024-08-28 00:00:00,CRM,NAT1289,12 Residency Rd,Opposite Mall,Hyderabad,Telangana,India,380938
CRM1496,Sachin,Patil,sachin.patil37@example.com,9952320864,1997-08-03 00:00:00,2024-04-17 00:00:00,CRM,NAT1496,101 FC Rd,Near Metro Station,Chennai,Tamil Nadu,India,362847
CRM1148,Anita,Rao,anita.rao29@example.com,9947684847,1997-10-27 00:00:00,2025-12-17 00:00:00,CRM,NAT1148,56 Chandni Chowk,Next to Market,Jaipur,Rajasthan,India,510945
CRM1770,Ramesh,Chopra,ramesh.chopra3@example.com,9172223663,1974-02-02 00:00:00,2025-08-07 00:00:00,CRM,NAT1770,56 Chandni Chowk,Near City Center,Surat,Gujarat,India,382831
CRM1305,Lakshmi,Joshi,lakshmi.joshi65@example.com,9262652326,1987-02-26 00:00:00,2024-01-18 00:00:00,CRM,NAT1305,12 MG Rd,Above Central Bank,Kolkata,West Bengal,India,512766
CRM1922,Arjun,Pandey,arjun.pandey20@example.com,9738645398,1972-11-02 00:00:00,2024-06-11 00:00:00,CRM,NAT1922,12 MG Rd,Next to Market,Chennai,Tamil Nadu,India,107993
CRM1021,Lakshmi,Singh,lakshmi.singh57@example.com,9875598792,1977-04-26 00:00:00,2024-11-10 00:00:00,CRM,NAT1021,44 Ashram Rd,Next to Market,Surat,Gujarat,India,262018
CRM1932,Sneha,Kumar,sneha.kumar68@example.com,9577207606,1974-03-13 00:00:00,2024-09-22 00:00:00,CRM,NAT1932,55 MI Rd,Opposite Mall,Ahmedabad,Gujarat,India,675571
CRM1486,Ajay,Patil,ajay.patil98@example.com,9041866066,1972-09-29 00:00:00,2025-09-02 00:00:00,CRM,NAT1486,88 Worli Sea Face,Near Metro Station,Hyderabad,Telangana,India,875788
CRM1457,Lakshmi,Guptha,lakshmi.guptha61@example.com,9049392070,1999-07-31 00:00:00,2025-02-03 00:00:00,CRM,NAT1457,56 Chandni Chowk,Above Central Bank,Surat,Gujarat,India,610699
CRM1337,Amit,Shah,amit.shah36@example.com,9671378998,1972-07-26 00:00:00,2025-08-08 00:00:00,CRM,NAT1337,67 Law Garden Rd,,Jaipur,Rajasthan,India,852908
CRM1061,Priya,Agarwal,priya.agarwal59@example.com,9336852895,1977-08-12 00:00:00,2024-10-29 00:00:00,CRM,NAT1061,78 Connaught Pl,,Mumbai,Maharashtra,India,393724
CRM1090,Ramesh,Kaur,ramesh.kaur71@example.com,9409181353,1975-02-19 00:00:00,2024-07-19 00:00:00,CRM,NAT1090,67 Law Garden Rd,Next to Market,Hyderabad,Telangana,India,230485
CRM1268,Divya,Guptha,divya.guptha36@example.com,9830009221,1974-05-07 00:00:00,2024-08-25 00:00:00,CRM,NAT1268,55 MI Rd,Next to Market,Surat,Gujarat,India,457687
CRM1781,Manish,Guptha,manish.guptha55@example.com,9096057919,1989-08-14 00:00:00,2024-09-18 00:00:00,CRM,NAT1781,44 Ashram Rd,Near Metro Station,Hyderabad,Telangana,India,382194
CRM1530,Deepak,Tiwari,deepak.tiwari5@example.com,9428093064,1998-03-06 00:00:00,2026-02-01 00:00:00,CRM,NAT1530,88 Worli Sea Face,Next to Market,Kolkata,West Bengal,India,801569
CRM1389,Manish,Nair,manish.nair24@example.com,9801834996,1981-07-10 00:00:00,2026-01-08 00:00:00,CRM,NAT1389,34 JM Road,Above Central Bank,Bangalore,Karnataka,India,183134
CRM1390,Manish,Rao,manish.rao74@example.com,9280220571,1983-08-08 00:00:00,2025-09-22 00:00:00,CRM,NAT1390,23 Brigade Rd,Near City Center,Pune,Maharashtra,India,995739
CRM1918,Sanjay,Chopra,sanjay.chopra4@example.com,9793388588,1974-05-17 00:00:00,2025-10-04 00:00:00,CRM,NAT1918,90 Karol Bagh Market,,Delhi,Delhi,India,799713
CRM1742,Ajay,Gupta,ajay.gupta62@example.com,9860309110,1979-07-31 00:00:00,2024-07-12 00:00:00,CRM,NAT1742,34 JM Road,Next to Market,Pune,Maharashtra,India,601508
CRM1412,Rahul,Chopra,rahul.chopra25@example.com,9913012344,1977-03-29 00:00:00,2025-04-13 00:00:00,CRM,NAT1412,44 Ashram Rd,Above Central Bank,Kolkata,West Bengal,India,350940
CRM1172,Vikas,Banerjee,vikas.banerjee75@example.com,9149439479,2000-08-26 00:00:00,2026-02-25 00:00:00,CRM,NAT1172,101 FC Rd,Opposite Mall,Ahmedabad,Gujarat,India,242282
CRM1519,Lakshmi,Kaur,lakshmi.kaur39@example.com,9882873873,1975-08-08 00:00:00,2025-07-08 00:00:00,CRM,NAT1519,56 Chandni Chowk,Near City Center,Hyderabad,Telangana,India,576438
CRM1725,Vinay,Agarwal,vinay.agarwal61@example.com,9270750852,1994-05-23 00:00:00,2024-04-04 00:00:00,CRM,NAT1725,45 Marine Dr,Near Metro Station,Mumbai,Maharashtra,India,859461
CRM1202,Vikas,Chopra,vikas.chopra26@example.com,9271114382,1992-01-12 00:00:00,2025-03-24 00:00:00,CRM,NAT1202,34 JM Road,Opposite Mall,Pune,Maharashtra,India,336450
CRM1045,Shalini,Bajaj,shalini.bajaj65@example.com,9328601463,1980-03-13 00:00:00,2025-03-09 00:00:00,CRM,NAT1045,78 Connaught Pl,Opposite Mall,Surat,Gujarat,India,196402
CRM1082,Pooja,Banerjee,pooja.banerjee22@example.com,9645258023,1986-12-08 00:00:00,2024-08-09 00:00:00,CRM,NAT1082,44 Ashram Rd,Near Metro Station,Kolkata,West Bengal,India,300444
CRM1168,Shreya,Verma,shreya.verma45@example.com,9943520665,1982-09-16 00:00:00,2026-03-15 00:00:00,CRM,NAT1168,67 Law Garden Rd,Near City Center,Delhi,Delhi,India,797644
CRM1606,John,Iyer,john.iyer54@example.com,9948781674,1988-09-27 00:00:00,2025-04-16 00:00:00,CRM,NAT1606,56 Chandni Chowk,Next to Market,Chennai,Tamil Nadu,India,565455
CRM1856,Anita,Mishra,anita.mishra2@example.com,9735603384,1989-04-07 00:00:00,2024-03-22 00:00:00,CRM,NAT1856,44 Ashram Rd,Above Central Bank,Pune,Maharashtra,India,357526
CRM1920,Ramesh,Iyer,ramesh.iyer38@example.com,9494839420,1972-09-30 00:00:00,2025-11-08 00:00:00,CRM,NAT1920,12 MG Rd,Near Metro Station,Delhi,Delhi,India,748697
CRM1502,Deepak,Patel,deepak.patel70@example.com,9472299301,1975-04-15 00:00:00,2026-02-01 00:00:00,CRM,NAT1502,55 MI Rd,Above Central Bank,Jaipur,Rajasthan,India,905842
CRM1753,Lakshmi,Gupta,lakshmi.gupta89@example.com,9525785101,1985-05-12 00:00:00,2025-06-29 00:00:00,CRM,NAT1753,23 Brigade Rd,Near City Center,Mumbai,Maharashtra,India,762035
CRM1504,Sneha,Kapoor,sneha.kapoor86@example.com,9919353195,1985-05-11 00:00:00,2026-02-20 00:00:00,CRM,NAT1504,23 Brigade Rd,Opposite Mall,Mumbai,Maharashtra,India,166183
CRM1517,Seema,Malhotra,seema.malhotra27@example.com,9476077104,1976-05-22 00:00:00,2025-11-19 00:00:00,CRM,NAT1517,55 MI Rd,Near Old Town,Delhi,Delhi,India,443376
CRM1865,John,Menon,john.menon50@example.com,9851117899,1989-05-25 00:00:00,2024-04-16 00:00:00,CRM,NAT1865,88 Worli Sea Face,Near City Center,Ahmedabad,Gujarat,India,913550
CRM1560,Sunita,Nair,sunita.nair18@example.com,9909744448,1985-05-26 00:00:00,2024-07-06 00:00:00,CRM,NAT1560,45 Marine Dr,Opposite Mall,Hyderabad,Telangana,India,472409
CRM1669,Karan,Yadav,karan.yadav37@example.com,9266531138,1986-11-13 00:00:00,2025-03-09 00:00:00,CRM,NAT1669,56 Chandni Chowk,Near Old Town,Kolkata,West Bengal,India,994121
CRM1354,Divya,Chopra,divya.chopra12@example.com,9551122099,1979-06-15 00:00:00,2024-09-21 00:00:00,CRM,NAT1354,101 FC Rd,Next to Market,Jaipur,Rajasthan,India,373516
CRM1817,Vinod,Singh,vinod.singh29@example.com,9875026417,1970-12-31 00:00:00,2025-03-20 00:00:00,CRM,NAT1817,12 MG Rd,Opposite Mall,Pune,Maharashtra,India,444094
CRM1456,Rohit,Reddy,rohit.reddy36@example.com,9114712756,1973-05-04 00:00:00,2024-09-05 00:00:00,CRM,NAT1456,78 Connaught Pl,Opposite Mall,Hyderabad,Telangana,India,857962
CRM1208,Vikas,Kumar,vikas.kumar67@example.com,9320218787,1974-07-12 00:00:00,2024-04-30 00:00:00,CRM,NAT1208,12 MG Rd,Near Metro Station,Delhi,Delhi,India,153979
CRM1670,Rajiv,Joshi,rajiv.joshi27@example.com,9154682821,1983-04-14 00:00:00,2024-01-26 00:00:00,CRM,NAT1670,12 Residency Rd,Above Central Bank,Jaipur,Rajasthan,India,775270
CRM1657,Prakash,Yadav,prakash.yadav54@example.com,9526677747,1970-08-01 00:00:00,2024-11-11 00:00:00,CRM,NAT1657,34 JM Road,Near Metro Station,Pune,Maharashtra,India,455027
CRM1706,Sneha,Patil,sneha.patil30@example.com,9768336705,1972-02-14 00:00:00,2024-10-20 00:00:00,CRM,NAT1706,44 Ashram Rd,,Hyderabad,Telangana,India,727099
CRM1904,Neha,Verma,neha.verma97@example.com,9717739417,1994-12-09 00:00:00,2025-09-20 00:00:00,CRM,NAT1904,90 Karol Bagh Market,Near Old Town,Pune,Maharashtra,India,655660
CRM1944,John,Mishra,john.mishra12@example.com,9388121954,1993-02-21 00:00:00,2024-10-08 00:00:00,CRM,NAT1944,23 Brigade Rd,Near Metro Station,Ahmedabad,Gujarat,India,524865
CRM1440,Sachin,Chopra,sachin.chopra28@example.com,9642413041,1991-11-09 00:00:00,2024-11-03 00:00:00,CRM,NAT1440,90 Karol Bagh Market,,Surat,Gujarat,India,709970
CRM1061,Priya,Agarwal,priya.agarwal59@example.com,9336852895,1977-08-12 00:00:00,2024-10-29 00:00:00,CRM,NAT1061,78 Connaught Pl,,Mumbai,Maharashtra,India,393724
CRM1480,Seema,Guptha,seema.guptha16@example.com,9174894283,1979-05-28 00:00:00,2024-05-03 00:00:00,CRM,NAT1480,12 MG Rd,Above Central Bank,Kolkata,West Bengal,India,734229
CRM1220,Meena,Kapoor,meena.kapoor79@example.com,9970180810,1986-06-30 00:00:00,2024-12-26 00:00:00,CRM,NAT1220,101 FC Rd,Opposite Mall,Mumbai,Maharashtra,India,557729
CRM1325,Sachin,Mehta,sachin.mehta76@example.com,9692381075,1987-03-07 00:00:00,2024-12-04 00:00:00,CRM,NAT1325,90 Karol Bagh Market,Near Old Town,Kolkata,West Bengal,India,994854
CRM1731,Manish,Rao,manish.rao10@example.com,9213806776,1991-08-18 00:00:00,2025-05-12 00:00:00,CRM,NAT1731,101 FC Rd,,Delhi,Delhi,India,506117
CRM1253,Divya,Tiwari,divya.tiwari94@example.com,9448910110,1994-03-06 00:00:00,2026-01-20 00:00:00,CRM,NAT1253,45 Marine Dr,Near Old Town,Kolkata,West Bengal,India,653392
CRM1450,Suresh,Patel,suresh.patel42@example.com,9554551457,1991-04-03 00:00:00,2025-10-31 00:00:00,CRM,NAT1450,90 Karol Bagh Market,Near Old Town,Delhi,Delhi,India,537160
CRM1231,Shreya,Verma,shreya.verma50@example.com,9531886065,1970-11-05 00:00:00,2025-01-26 00:00:00,CRM,NAT1231,77 Linking Rd,Next to Market,Surat,Gujarat,India,146573
CRM1638,Ramesh,Shah,ramesh.shah50@example.com,9344032199,1998-01-21 00:00:00,2025-06-26 00:00:00,CRM,NAT1638,101 FC Rd,Next to Market,Mumbai,Maharashtra,India,957264
CRM1118,John,Kaur,john.kaur28@example.com,9705399640,1986-09-03 00:00:00,2025-01-15 00:00:00,CRM,NAT1118,78 Connaught Pl,Near Old Town,Mumbai,Maharashtra,India,429727
CRM1174,Anita,Desai,anita.desai56@example.com,9103124635,1976-03-20 00:00:00,2025-06-23 00:00:00,CRM,NAT1174,12 MG Rd,Above Central Bank,Chennai,Tamil Nadu,India,428477
CRM1015,Rekha,Pandey,rekha.pandey25@example.com,9611665601,1992-01-02 00:00:00,2026-01-16 00:00:00,CRM,NAT1015,78 Connaught Pl,Above Central Bank,Delhi,Delhi,India,395744
CRM1943,Deepak,Menon,deepak.menon77@example.com,9052455667,1970-02-15 00:00:00,2025-11-08 00:00:00,CRM,NAT1943,55 MI Rd,Near Metro Station,Bangalore,Karnataka,India,496252
CRM1164,Deepak,Tiwari,deepak.tiwari37@example.com,9118316226,1970-05-17 00:00:00,2025-05-25 00:00:00,CRM,NAT1164,34 JM Road,Near Metro Station,Ahmedabad,Gujarat,India,588969
CRM1427,Kavita,Patel,kavita.patel50@example.com,9276279955,1998-07-25 00:00:00,2024-08-21 00:00:00,CRM,NAT1427,12 Residency Rd,Near Old Town,Jaipur,Rajasthan,India,321943
CRM1744,Arvind,Mehta,arvind.mehta66@example.com,9156124866,1973-01-19 00:00:00,2025-05-04 00:00:00,CRM,NAT1744,23 Brigade Rd,,Delhi,Delhi,India,693659
CRM1933,Ajay,Pandey,ajay.pandey6@example.com,9459261608,1992-01-02 00:00:00,2024-07-29 00:00:00,CRM,NAT1933,78 Connaught Pl,Near Old Town,Delhi,Delhi,India,928404
CRM1947,Vinay,Chopra,vinay.chopra81@example.com,9504410865,1972-05-18 00:00:00,2025-02-20 00:00:00,CRM,NAT1947,101 FC Rd,Near Metro Station,Bangalore,Karnataka,India,530108
CRM1125,Vikas,Menon,vikas.menon37@example.com,9140722504,1988-01-26 00:00:00,2024-02-07 00:00:00,CRM,NAT1125,23 Brigade Rd,Near City Center,Hyderabad,Telangana,India,141020
CRM1277,Priya,Dubey,priya.dubey36@example.com,9785585745,1999-12-31 00:00:00,2024-04-29 00:00:00,CRM,NAT1277,44 Ashram Rd,Near Old Town,Delhi,Delhi,India,182907
CRM1763,Alok,Reddy,alok.reddy54@example.com,9213878650,1981-12-02 00:00:00,2024-02-22 00:00:00,CRM,NAT1763,77 Linking Rd,Above Central Bank,Surat,Gujarat,India,613340
CRM1832,Divya,Rao,divya.rao78@example.com,9240294732,2000-11-28 00:00:00,2024-10-17 00:00:00,CRM,NAT1832,12 Residency Rd,Next to Market,Hyderabad,Telangana,India,993550
CRM1534,Ramesh,Chopra,ramesh.chopra83@example.com,9345617249,1988-01-02 00:00:00,2026-02-10 00:00:00,CRM,NAT1534,44 Ashram Rd,Near Old Town,Kolkata,West Bengal,India,955081
CRM1225,Anita,Iyer,anita.iyer91@example.com,9789434988,1986-01-05 00:00:00,2024-08-13 00:00:00,CRM,NAT1225,12 MG Rd,Above Central Bank,Hyderabad,Telangana,India,417423
CRM1311,Vikas,Patel,vikas.patel1@example.com,9287918390,2000-12-20 00:00:00,2024-08-02 00:00:00,CRM,NAT1311,88 Worli Sea Face,Near City Center,Chennai,Tamil Nadu,India,933298
CRM1369,Ajay,Nair,ajay.nair37@example.com,9880243961,2000-04-08 00:00:00,2026-01-17 00:00:00,CRM,NAT1369,67 Law Garden Rd,Next to Market,Ahmedabad,Gujarat,India,725935
CRM1799,Pooja,Singh,pooja.singh28@example.com,9467654869,1998-08-22 00:00:00,2026-02-07 00:00:00,CRM,NAT1799,78 Connaught Pl,Next to Market,Bangalore,Karnataka,India,719110
CRM1393,Alok,Menon,alok.menon27@example.com,9020099316,1988-08-02 00:00:00,2025-11-03 00:00:00,CRM,NAT1393,78 Connaught Pl,Opposite Mall,Chennai,Tamil Nadu,India,380025
CRM1863,Pooja,Chopra,pooja.chopra93@example.com,9019571674,1997-10-29 00:00:00,2026-03-23 00:00:00,CRM,NAT1863,88 Worli Sea Face,,Jaipur,Rajasthan,India,166514
CRM1357,Sachin,Mishra,sachin.mishra2@example.com,9170457051,1988-11-26 00:00:00,2025-05-01 00:00:00,CRM,NAT1357,44 Ashram Rd,Opposite Mall,Ahmedabad,Gujarat,India,779352
CRM1215,Vinay,Sharma,vinay.sharma54@example.com,9642256122,1997-06-22 00:00:00,2024-03-23 00:00:00,CRM,NAT1215,23 Brigade Rd,Next to Market,Mumbai,Maharashtra,India,235753
CRM1266,Ajay,Guptha,ajay.guptha93@example.com,9822438684,1996-06-12 00:00:00,2025-06-05 00:00:00,CRM,NAT1266,45 Marine Dr,Near Metro Station,Delhi,Delhi,India,108161
CRM1776,Ravi,Gupta,ravi.gupta64@example.com,9544987682,1997-08-13 00:00:00,2025-02-01 00:00:00,CRM,NAT1776,67 Law Garden Rd,Next to Market,Bangalore,Karnataka,India,736017
CRM1443,Rekha,Gupta,rekha.gupta62@example.com,9552118299,1982-09-24 00:00:00,2025-10-22 00:00:00,CRM,NAT1443,55 MI Rd,Opposite Mall,Kolkata,West Bengal,India,658041
CRM1765,Jane,Singh,jane.singh6@example.com,9909646926,1973-02-25 00:00:00,2024-10-11 00:00:00,CRM,NAT1765,45 Marine Dr,Near City Center,Bangalore,Karnataka,India,661221
CRM1434,Vinay,Nair,vinay.nair43@example.com,9544834323,1973-01-05 00:00:00,2024-10-04 00:00:00,CRM,NAT1434,23 Brigade Rd,Near City Center,Mumbai,Maharashtra,India,987730
CRM1903,Karan,Yadav,karan.yadav96@example.com,9433485406,1970-11-29 00:00:00,2024-03-05 00:00:00,CRM,NAT1903,90 Karol Bagh Market,,Jaipur,Rajasthan,India,352943
CRM1275,Anjali,Sharma,anjali.sharma37@example.com,9613283921,1989-02-17 00:00:00,2026-01-19 00:00:00,CRM,NAT1275,12 MG Rd,Near City Center,Pune,Maharashtra,India,232307
CRM1624,Arjun,Malhotra,arjun.malhotra20@example.com,9119155077,2000-01-03 00:00:00,2024-07-20 00:00:00,CRM,NAT1624,34 JM Road,Opposite Mall,Chennai,Tamil Nadu,India,406550
CRM1515,Suresh,Singh,suresh.singh51@example.com,9844296998,1977-02-25 00:00:00,2025-10-23 00:00:00,CRM,NAT1515,77 Linking Rd,Next to Market,Pune,Maharashtra,India,720145
CRM1650,Meera,Bajaj,meera.bajaj60@example.com,9932740547,1990-10-31 00:00:00,2025-04-08 00:00:00,CRM,NAT1650,78 Connaught Pl,Near Metro Station,Chennai,Tamil Nadu,India,873701
CRM1328,Rajiv,Gupta,rajiv.gupta7@example.com,9147075710,1992-12-14 00:00:00,2025-03-26 00:00:00,CRM,NAT1328,77 Linking Rd,Above Central Bank,Mumbai,Maharashtra,India,594601
CRM1458,Harish,Verma,harish.verma76@example.com,9402673550,1972-08-29 00:00:00,2024-04-13 00:00:00,CRM,NAT1458,12 Residency Rd,Above Central Bank,Surat,Gujarat,India,459338
CRM1008,Shreya,Mishra,shreya.mishra27@example.com,9574016932,1975-03-19 00:00:00,2024-01-02 00:00:00,CRM,NAT1008,34 JM Road,Opposite Mall,Pune,Maharashtra,India,763416
CRM1395,Arvind,Patel,arvind.patel94@example.com,9764540259,1997-05-02 00:00:00,2025-04-16 00:00:00,CRM,NAT1395,90 Karol Bagh Market,Next to Market,Jaipur,Rajasthan,India,765607
CRM1822,Manish,Nair,manish.nair20@example.com,9444768448,1991-03-24 00:00:00,2024-02-01 00:00:00,CRM,NAT1822,44 Ashram Rd,Opposite Mall,Chennai,Tamil Nadu,India,223969
CRM1433,Deepak,Tiwari,deepak.tiwari96@example.com,9908112783,1993-07-06 00:00:00,2024-08-21 00:00:00,CRM,NAT1433,56 Chandni Chowk,Near Metro Station,Bangalore,Karnataka,India,481220
CRM1610,Amit,Mehta,amit.mehta14@example.com,9582857882,1999-04-05 00:00:00,2025-04-08 00:00:00,CRM,NAT1610,55 MI Rd,Near Old Town,Hyderabad,Telangana,India,912203
CRM1607,Rahul,Kapoor,rahul.kapoor44@example.com,9350051628,1999-11-06 00:00:00,2025-02-12 00:00:00,CRM,NAT1607,78 Connaught Pl,Above Central Bank,Ahmedabad,Gujarat,India,655678
CRM1256,Meena,Patil,meena.patil57@example.com,9786836215,1988-05-22 00:00:00,2025-01-05 00:00:00,CRM,NAT1256,45 Marine Dr,Opposite Mall,Pune,Maharashtra,India,687681
CRM1857,Lakshmi,Menon,lakshmi.menon17@example.com,9999741662,1981-08-01 00:00:00,2024-06-22 00:00:00,CRM,NAT1857,34 JM Road,Opposite Mall,Mumbai,Maharashtra,India,804444
CRM1913,Sunita,Rao,sunita.rao83@example.com,9632032603,1990-03-07 00:00:00,2024-08-02 00:00:00,CRM,NAT1913,45 Marine Dr,Opposite Mall,Jaipur,Rajasthan,India,348207
CRM1785,Shalini,Kapoor,shalini.kapoor38@example.com,9152078385,1989-07-21 00:00:00,2024-10-12 00:00:00,CRM,NAT1785,67 Law Garden Rd,Near Metro Station,Delhi,Delhi,India,340216
CRM1762,Rajiv,Kumar,rajiv.kumar33@example.com,9996223794,1992-03-16 00:00:00,2025-04-10 00:00:00,CRM,NAT1762,23 Brigade Rd,Near City Center,Pune,Maharashtra,India,961046
CRM1241,John,Agarwal,john.agarwal28@example.com,9438742603,1972-08-17 00:00:00,2025-08-16 00:00:00,CRM,NAT1241,45 Marine Dr,Opposite Mall,Kolkata,West Bengal,India,739975
CRM1449,Ramesh,Tiwari,ramesh.tiwari42@example.com,9167920042,1978-08-11 00:00:00,2026-02-23 00:00:00,CRM,NAT1449,77 Linking Rd,Near Old Town,Delhi,Delhi,India,280121
CRM1420,Meena,Rao,meena.rao34@example.com,9813832329,1996-01-04 00:00:00,2026-02-10 00:00:00,CRM,NAT1420,88 Worli Sea Face,,Delhi,Delhi,India,857065
CRM1129,Rohit,Rao,rohit.rao29@example.com,9051361623,1970-06-20 00:00:00,2024-05-22 00:00:00,CRM,NAT1129,45 Marine Dr,Opposite Mall,Bangalore,Karnataka,India,820999
CRM1631,Ravi,Mehta,ravi.mehta93@example.com,9280877904,1994-10-12 00:00:00,2024-07-16 00:00:00,CRM,NAT1631,12 MG Rd,Opposite Mall,Ahmedabad,Gujarat,India,379626
CRM1462,Sneha,Reddy,sneha.reddy89@example.com,9023463202,1976-04-20 00:00:00,2026-03-01 00:00:00,CRM,NAT1462,88 Worli Sea Face,,Jaipur,Rajasthan,India,924076
CRM1811,Amit,Kaur,amit.kaur6@example.com,9325247450,1970-07-18 00:00:00,2024-05-16 00:00:00,CRM,NAT1811,101 FC Rd,Next to Market,Bangalore,Karnataka,India,696948
CRM1410,Divya,Kumar,divya.kumar74@example.com,9786137921,1988-05-03 00:00:00,2024-01-24 00:00:00,CRM,NAT1410,44 Ashram Rd,Near City Center,Surat,Gujarat,India,362081
CRM1837,Lakshmi,Banerjee,lakshmi.banerjee16@example.com,9998443821,1998-11-26 00:00:00,2025-11-15 00:00:00,CRM,NAT1837,34 JM Road,Near City Center,Chennai,Tamil Nadu,India,864810
CRM1656,Sachin,Kumar,sachin.kumar91@example.com,9511852999,1997-04-07 00:00:00,2024-10-23 00:00:00,CRM,NAT1656,78 Connaught Pl,Near Metro Station,Ahmedabad,Gujarat,India,643962
CRM1674,Meera,Chopra,meera.chopra48@example.com,9152205955,1984-02-22 00:00:00,2026-01-07 00:00:00,CRM,NAT1674,77 Linking Rd,Near City Center,Hyderabad,Telangana,India,126702
CRM1796,Vikas,Patil,vikas.patil97@example.com,9269970706,1993-06-25 00:00:00,2025-02-21 00:00:00,CRM,NAT1796,78 Connaught Pl,Near City Center,Chennai,Tamil Nadu,India,999601
CRM1678,Harish,Kumar,harish.kumar46@example.com,9363094446,1973-08-22 00:00:00,2025-02-26 00:00:00,CRM,NAT1678,44 Ashram Rd,Near Old Town,Ahmedabad,Gujarat,India,172956
CRM1023,Vinay,Rao,vinay.rao38@example.com,9110129503,1992-12-12 00:00:00,2025-03-01 00:00:00,CRM,NAT1023,78 Connaught Pl,,Kolkata,West Bengal,India,335208
CRM1666,Shreya,Agarwal,shreya.agarwal29@example.com,9679753545,1970-02-20 00:00:00,2024-12-01 00:00:00,CRM,NAT1666,44 Ashram Rd,Near Old Town,Pune,Maharashtra,India,750801
CRM1577,Priya,Joshi,priya.joshi96@example.com,9966664363,1995-08-17 00:00:00,2025-07-09 00:00:00,CRM,NAT1577,78 Connaught Pl,Above Central Bank,Surat,Gujarat,India,428889
CRM1912,Ajay,Kaur,ajay.kaur28@example.com,9398226134,1974-05-06 00:00:00,2024-02-07 00:00:00,CRM,NAT1912,55 MI Rd,,Pune,Maharashtra,India,716038
CRM1821,Priya,Kaur,priya.kaur80@example.com,9516656295,1999-09-26 00:00:00,2024-03-08 00:00:00,CRM,NAT1821,88 Worli Sea Face,Opposite Mall,Delhi,Delhi,India,159667
CRM1495,Vikas,Iyer,vikas.iyer29@example.com,9552691461,1975-10-28 00:00:00,2024-05-26 00:00:00,CRM,NAT1495,101 FC Rd,Above Central Bank,Delhi,Delhi,India,186181
CRM1166,Arvind,Yadav,arvind.yadav2@example.com,9487326515,1971-11-02 00:00:00,2024-08-10 00:00:00,CRM,NAT1166,55 MI Rd,Near Old Town,Jaipur,Rajasthan,India,721880
CRM1672,Suresh,Patel,suresh.patel98@example.com,9337248366,1974-11-01 00:00:00,2024-10-07 00:00:00,CRM,NAT1672,12 MG Rd,Opposite Mall,Hyderabad,Telangana,India,307388
CRM1713,Ramesh,Pandey,ramesh.pandey11@example.com,9884165585,1988-10-17 00:00:00,2024-04-24 00:00:00,CRM,NAT1713,23 Brigade Rd,Near City Center,Chennai,Tamil Nadu,India,144017
CRM1667,Lakshmi,Chopra,lakshmi.chopra35@example.com,9343635681,1991-09-29 00:00:00,2024-11-17 00:00:00,CRM,NAT1667,90 Karol Bagh Market,Near City Center,Delhi,Delhi,India,309776
CRM1503,Divya,Bajaj,divya.bajaj44@example.com,9958343403,1978-05-11 00:00:00,2024-09-18 00:00:00,CRM,NAT1503,44 Ashram Rd,Near Old Town,Ahmedabad,Gujarat,India,611028
CRM1654,Prakash,Nair,prakash.nair39@example.com,9890967517,1994-08-23 00:00:00,2024-10-11 00:00:00,CRM,NAT1654,101 FC Rd,Near Metro Station,Delhi,Delhi,India,610168
CRM1136,Harish,Malhotra,harish.malhotra89@example.com,9083769826,1973-05-16 00:00:00,2025-05-21 00:00:00,CRM,NAT1136,12 Residency Rd,Near Metro Station,Pune,Maharashtra,India,113765
CRM1858,Shalini,Banerjee,shalini.banerjee55@example.com,9219143540,1977-05-09 00:00:00,2025-01-05 00:00:00,CRM,NAT1858,45 Marine Dr,Near Old Town,Delhi,Delhi,India,402806
CRM1792,Ajay,Kaur,ajay.kaur48@example.com,9616182316,1982-07-12 00:00:00,2025-04-18 00:00:00,CRM,NAT1792,101 FC Rd,Next to Market,Surat,Gujarat,India,283652
CRM1403,Ramesh,Rao,ramesh.rao38@example.com,9191794383,1977-02-19 00:00:00,2026-02-24 00:00:00,CRM,NAT1403,88 Worli Sea Face,Above Central Bank,Surat,Gujarat,India,520601
CRM1847,Manish,Singh,manish.singh59@example.com,9772135486,1996-07-05 00:00:00,2025-07-14 00:00:00,CRM,NAT1847,55 MI Rd,Near City Center,Bangalore,Karnataka,India,892486
CRM1005,Suresh,Tiwari,suresh.tiwari76@example.com,9748099284,1970-05-26 00:00:00,2026-03-20 00:00:00,CRM,NAT1005,23 Brigade Rd,Next to Market,Pune,Maharashtra,India,628291
CRM1846,Divya,Verma,divya.verma51@example.com,9955186093,1993-09-19 00:00:00,2025-08-27 00:00:00,CRM,NAT1846,90 Karol Bagh Market,Near City Center,Kolkata,West Bengal,India,306214
CRM1722,Lakshmi,Mishra,lakshmi.mishra76@example.com,9044962808,2000-06-18 00:00:00,2025-05-18 00:00:00,CRM,NAT1722,12 Residency Rd,Next to Market,Surat,Gujarat,India,435158
CRM1877,Shalini,Singh,shalini.singh41@example.com,9953921247,1975-07-21 00:00:00,2024-07-06 00:00:00,CRM,NAT1877,90 Karol Bagh Market,Near Metro Station,Ahmedabad,Gujarat,India,710510
CRM1063,Lakshmi,Verma,lakshmi.verma84@example.com,9992310076,1976-04-20 00:00:00,2024-05-06 00:00:00,CRM,NAT1063,90 Karol Bagh Market,Next to Market,Hyderabad,Telangana,India,141515
CRM1193,Divya,Dubey,divya.dubey27@example.com,9374557738,1993-07-21 00:00:00,2025-02-03 00:00:00,CRM,NAT1193,23 Brigade Rd,,Kolkata,West Bengal,India,282973
CRM1658,Arjun,Malhotra,arjun.malhotra55@example.com,9656729233,1975-06-20 00:00:00,2025-09-05 00:00:00,CRM,NAT1658,78 Connaught Pl,Near City Center,Surat,Gujarat,India,395590
CRM1815,Jane,Dubey,jane.dubey34@example.com,9619595688,1995-01-21 00:00:00,2025-07-15 00:00:00,CRM,NAT1815,67 Law Garden Rd,Above Central Bank,Hyderabad,Telangana,India,446659
CRM1280,Karan,Gupta,karan.gupta72@example.com,9709883387,1998-01-31 00:00:00,2024-02-06 00:00:00,CRM,NAT1280,34 JM Road,Above Central Bank,Pune,Maharashtra,India,108357
CRM1565,Rekha,Iyer,rekha.iyer64@example.com,9195191987,1994-01-03 00:00:00,2024-08-11 00:00:00,CRM,NAT1565,44 Ashram Rd,,Surat,Gujarat,India,816367
CRM1609,Rohit,Sharma,rohit.sharma71@example.com,9926036480,1988-04-24 00:00:00,2025-01-18 00:00:00,CRM,NAT1609,34 JM Road,Opposite Mall,Hyderabad,Telangana,India,323885
CRM1573,Anita,Reddy,anita.reddy97@example.com,9586672258,1998-11-08 00:00:00,2024-07-24 00:00:00,CRM,NAT1573,55 MI Rd,Opposite Mall,Chennai,Tamil Nadu,India,242056
CRM1163,Arjun,Iyer,arjun.iyer75@example.com,9558429212,1985-05-26 00:00:00,2025-09-19 00:00:00,CRM,NAT1163,45 Marine Dr,Next to Market,Bangalore,Karnataka,India,933966
CRM1540,Anita,Desai,anita.desai80@example.com,9746933565,1973-05-29 00:00:00,2024-07-22 00:00:00,CRM,NAT1540,45 Marine Dr,,Chennai,Tamil Nadu,India,846235
CRM1263,Ajay,Nair,ajay.nair31@example.com,9764486473,1983-02-28 00:00:00,2024-05-01 00:00:00,CRM,NAT1263,44 Ashram Rd,Near Old Town,Kolkata,West Bengal,India,452993
CRM1122,Sunita,Malhotra,sunita.malhotra41@example.com,9873375668,1984-05-11 00:00:00,2024-07-21 00:00:00,CRM,NAT1122,101 FC Rd,,Chennai,Tamil Nadu,India,941718
CRM1217,Manish,Agarwal,manish.agarwal30@example.com,9023024522,1972-06-25 00:00:00,2024-01-27 00:00:00,CRM,NAT1217,88 Worli Sea Face,Near Old Town,Jaipur,Rajasthan,India,950775
CRM1523,Prakash,Pandey,prakash.pandey54@example.com,9060830178,1998-08-15 00:00:00,2024-04-17 00:00:00,CRM,NAT1523,67 Law Garden Rd,Near Old Town,Chennai,Tamil Nadu,India,393814
CRM1500,Rekha,Menon,rekha.menon82@example.com,9036629671,1980-09-01 00:00:00,2024-06-14 00:00:00,CRM,NAT1500,77 Linking Rd,Opposite Mall,Delhi,Delhi,India,112281
CRM1645,Suresh,Kumar,suresh.kumar9@example.com,9530345834,1985-06-10 00:00:00,2026-01-20 00:00:00,CRM,NAT1645,12 Residency Rd,Near City Center,Bangalore,Karnataka,India,892356
CRM1561,Rekha,Patil,rekha.patil33@example.com,9536529272,1974-01-26 00:00:00,2024-07-07 00:00:00,CRM,NAT1561,55 MI Rd,Next to Market,Chennai,Tamil Nadu,India,310351
CRM1001,Jane,Kapoor,jane.kapoor56@example.com,9072701447,1991-08-29 00:00:00,2025-03-05 00:00:00,CRM,NAT1001,23 Brigade Rd,Near City Center,Mumbai,Maharashtra,India,929303
CRM1488,Kavita,Guptha,kavita.guptha47@example.com,9943902176,1974-11-28 00:00:00,2026-03-16 00:00:00,CRM,NAT1488,78 Connaught Pl,,Delhi,Delhi,India,621724
CRM1455,Meera,Banerjee,meera.banerjee42@example.com,9599221128,1995-02-13 00:00:00,2026-01-26 00:00:00,CRM,NAT1455,101 FC Rd,Near Old Town,Chennai,Tamil Nadu,India,325422
CRM1836,Kavita,Guptha,kavita.guptha37@example.com,9827174952,1984-12-04 00:00:00,2025-12-05 00:00:00,CRM,NAT1836,44 Ashram Rd,Near City Center,Mumbai,Maharashtra,India,350876
CRM1053,Amit,Reddy,amit.reddy41@example.com,9807284495,1987-07-11 00:00:00,2026-01-13 00:00:00,CRM,NAT1053,44 Ashram Rd,Near Metro Station,Pune,Maharashtra,India,836789
CRM1348,Priya,Srivastava,priya.srivastava40@example.com,9899052967,2000-07-17 00:00:00,2025-10-19 00:00:00,CRM,NAT1348,67 Law Garden Rd,Near Metro Station,Pune,Maharashtra,India,883714
CRM1085,Karan,Singh,karan.singh15@example.com,9994659513,1977-11-20 00:00:00,2025-04-14 00:00:00,CRM,NAT1085,77 Linking Rd,Opposite Mall,Ahmedabad,Gujarat,India,285488
CRM1683,Meera,Gupta,meera.gupta97@example.com,9681107293,2000-01-25 00:00:00,2025-02-09 00:00:00,CRM,NAT1683,12 Residency Rd,Near City Center,Chennai,Tamil Nadu,India,902723
CRM1949,Rohit,Singh,rohit.singh24@example.com,9135040945,1972-11-23 00:00:00,2024-03-03 00:00:00,CRM,NAT1949,55 MI Rd,Near Old Town,Kolkata,West Bengal,India,149269
CRM1238,Anita,Joshi,anita.joshi74@example.com,9423699821,1971-09-25 00:00:00,2025-09-22 00:00:00,CRM,NAT1238,55 MI Rd,Opposite Mall,Ahmedabad,Gujarat,India,381802
CRM1892,Alok,Rao,alok.rao1@example.com,9699921828,1979-06-06 00:00:00,2026-01-04 00:00:00,CRM,NAT1892,45 Marine Dr,Near Old Town,Surat,Gujarat,India,830043
CRM1548,John,Kumar,john.kumar42@example.com,9923358588,1981-01-28 00:00:00,2026-03-25 00:00:00,CRM,NAT1548,23 Brigade Rd,Near City Center,Delhi,Delhi,India,235019
CRM1689,Neha,Kapoor,neha.kapoor58@example.com,9647861303,1999-03-22 00:00:00,2025-11-18 00:00:00,CRM,NAT1689,23 Brigade Rd,Near Old Town,Bangalore,Karnataka,India,525397
CRM1760,Prakash,Sharma,prakash.sharma51@example.com,9520059677,1982-02-22 00:00:00,2025-08-04 00:00:00,CRM,NAT1760,12 MG Rd,Near City Center,Pune,Maharashtra,India,457983
CRM1206,Prakash,Iyer,prakash.iyer74@example.com,9888602683,1991-04-02 00:00:00,2025-05-27 00:00:00,CRM,NAT1206,44 Ashram Rd,Opposite Mall,Pune,Maharashtra,India,748522
CRM1472,Rajiv,Patel,rajiv.patel3@example.com,9009167505,1980-02-08 00:00:00,2024-11-26 00:00:00,CRM,NAT1472,77 Linking Rd,Near Metro Station,Chennai,Tamil Nadu,India,371426
CRM1795,Anita,Guptha,anita.guptha68@example.com,9501029634,1999-01-15 00:00:00,2025-06-16 00:00:00,CRM,NAT1795,44 Ashram Rd,Near Old Town,Chennai,Tamil Nadu,India,734930
CRM1088,Priya,Mishra,priya.mishra79@example.com,9441608179,1974-08-26 00:00:00,2025-05-23 00:00:00,CRM,NAT1088,56 Chandni Chowk,Near Old Town,Bangalore,Karnataka,India,754128
CRM1367,Suresh,Sharma,suresh.sharma61@example.com,9590374468,2000-10-22 00:00:00,2025-02-07 00:00:00,CRM,NAT1367,56 Chandni Chowk,Near Metro Station,Mumbai,Maharashtra,India,595248
CRM1184,Kavita,Patel,kavita.patel67@example.com,9104006538,1981-02-02 00:00:00,2024-07-28 00:00:00,CRM,NAT1184,45 Marine Dr,Next to Market,Mumbai,Maharashtra,India,125854
CRM1161,Pooja,Bajaj,pooja.bajaj82@example.com,9115890734,1982-04-15 00:00:00,2025-10-03 00:00:00,CRM,NAT1161,34 JM Road,Near City Center,Chennai,Tamil Nadu,India,571093
CRM1524,Alok,Srivastava,alok.srivastava82@example.com,9545271388,1984-10-01 00:00:00,2025-03-05 00:00:00,CRM,NAT1524,34 JM Road,Near Old Town,Jaipur,Rajasthan,India,363453
CRM1046,Karan,Nair,karan.nair96@example.com,9227487500,1987-12-18 00:00:00,2025-09-25 00:00:00,CRM,NAT1046,12 Residency Rd,Near Metro Station,Delhi,Delhi,India,511346
CRM1708,Anita,Mehta,anita.mehta95@example.com,9686458382,1985-07-22 00:00:00,2025-02-20 00:00:00,CRM,NAT1708,78 Connaught Pl,Near City Center,Ahmedabad,Gujarat,India,521296
CRM1233,Vinay,Chopra,vinay.chopra4@example.com,9977163042,1997-04-22 00:00:00,2026-02-11 00:00:00,CRM,NAT1233,44 Ashram Rd,Near Old Town,Ahmedabad,Gujarat,India,375285
CRM1104,Shalini,Srivastava,shalini.srivastava12@example.com,9083087679,1992-03-03 00:00:00,2025-01-05 00:00:00,CRM,NAT1104,67 Law Garden Rd,Near Metro Station,Delhi,Delhi,India,509783
CRM1102,Rahul,Singh,rahul.singh85@example.com,9055564923,1982-05-03 00:00:00,2024-03-25 00:00:00,CRM,NAT1102,78 Connaught Pl,Above Central Bank,Jaipur,Rajasthan,India,124264
CRM1100,Rahul,Menon,rahul.menon59@example.com,9681249622,1998-04-30 00:00:00,2026-03-07 00:00:00,CRM,NAT1100,44 Ashram Rd,Near Metro Station,Delhi,Delhi,India,351366
CRM1614,Pooja,Mehta,pooja.mehta41@example.com,9503133694,1981-01-08 00:00:00,2026-01-26 00:00:00,CRM,NAT1614,78 Connaught Pl,Near Old Town,Chennai,Tamil Nadu,India,610326
CRM1451,Alok,Kaur,alok.kaur61@example.com,9919378049,1983-08-15 00:00:00,2025-01-14 00:00:00,CRM,NAT1451,78 Connaught Pl,Opposite Mall,Jaipur,Rajasthan,India,449933
CRM1554,Vinod,Agarwal,vinod.agarwal91@example.com,9820730879,1975-12-25 00:00:00,2025-02-09 00:00:00,CRM,NAT1554,101 FC Rd,Above Central Bank,Chennai,Tamil Nadu,India,574073
CRM1767,Shreya,Menon,shreya.menon44@example.com,9670401470,1982-06-08 00:00:00,2024-10-18 00:00:00,CRM,NAT1767,77 Linking Rd,Near Metro Station,Mumbai,Maharashtra,India,341684
CRM1269,Shreya,Tiwari,shreya.tiwari68@example.com,9622585793,1992-10-18 00:00:00,2025-03-12 00:00:00,CRM,NAT1269,55 MI Rd,Opposite Mall,Kolkata,West Bengal,India,502724
CRM1906,Sneha,Banerjee,sneha.banerjee44@example.com,9001568217,1991-07-31 00:00:00,2024-07-17 00:00:00,CRM,NAT1906,78 Connaught Pl,,Surat,Gujarat,India,868206
CRM1012,Rahul,Mishra,rahul.mishra81@example.com,9681080390,1997-02-09 00:00:00,2025-07-18 00:00:00,CRM,NAT1012,101 FC Rd,Near Old Town,Jaipur,Rajasthan,India,563664
CRM1135,Lakshmi,Kaur,lakshmi.kaur34@example.com,9822703112,1983-04-16 00:00:00,2025-12-29 00:00:00,CRM,NAT1135,45 Marine Dr,Opposite Mall,Mumbai,Maharashtra,India,685645
CRM1474,Vikas,Bajaj,vikas.bajaj92@example.com,9931195213,1995-11-17 00:00:00,2024-06-05 00:00:00,CRM,NAT1474,101 FC Rd,Near Old Town,Ahmedabad,Gujarat,India,255486
CRM1938,Pooja,Agarwal,pooja.agarwal57@example.com,9841437433,1994-03-07 00:00:00,2025-10-25 00:00:00,CRM,NAT1938,44 Ashram Rd,,Mumbai,Maharashtra,India,925717
CRM1035,Sunil,Patil,sunil.patil31@example.com,9388382549,1970-02-16 00:00:00,2024-07-27 00:00:00,CRM,NAT1035,67 Law Garden Rd,,Mumbai,Maharashtra,India,480002
CRM1309,Amit,Patel,amit.patel67@example.com,9776350138,1995-06-02 00:00:00,2026-02-17 00:00:00,CRM,NAT1309,101 FC Rd,,Hyderabad,Telangana,India,904686
CRM1359,Sanjay,Yadav,sanjay.yadav59@example.com,9637346037,1995-11-02 00:00:00,2025-12-12 00:00:00,CRM,NAT1359,77 Linking Rd,Above Central Bank,Surat,Gujarat,India,518731
CRM1290,Divya,Iyer,divya.iyer8@example.com,9603719185,1984-07-01 00:00:00,2024-09-24 00:00:00,CRM,NAT1290,34 JM Road,Opposite Mall,Chennai,Tamil Nadu,India,531204
CRM1677,Ajay,Agarwal,ajay.agarwal9@example.com,9150228767,1976-10-19 00:00:00,2024-04-14 00:00:00,CRM,NAT1677,23 Brigade Rd,Near Metro Station,Mumbai,Maharashtra,India,848529
CRM1025,Rahul,Malhotra,rahul.malhotra63@example.com,9182062648,1974-12-10 00:00:00,2024-08-17 00:00:00,CRM,NAT1025,45 Marine Dr,Opposite Mall,Mumbai,Maharashtra,India,474664
CRM1555,Arjun,Chopra,arjun.chopra43@example.com,9249714065,1995-07-25 00:00:00,2026-03-28 00:00:00,CRM,NAT1555,23 Brigade Rd,Next to Market,Jaipur,Rajasthan,India,251239
CRM1243,Prakash,Mehta,prakash.mehta81@example.com,9187362923,1976-08-03 00:00:00,2025-09-24 00:00:00,CRM,NAT1243,34 JM Road,,Pune,Maharashtra,India,343974
CRM1423,Harish,Singh,harish.singh44@example.com,9317067441,2000-11-30 00:00:00,2025-03-31 00:00:00,CRM,NAT1423,44 Ashram Rd,Near Old Town,Jaipur,Rajasthan,India,572253
CRM1321,Deepak,Gupta,deepak.gupta8@example.com,9671059394,1991-01-10 00:00:00,2025-08-31 00:00:00,CRM,NAT1321,78 Connaught Pl,,Mumbai,Maharashtra,India,467476
CRM1481,John,Guptha,john.guptha54@example.com,9205064440,1979-06-09 00:00:00,2024-04-02 00:00:00,CRM,NAT1481,88 Worli Sea Face,Near City Center,Ahmedabad,Gujarat,India,477338
CRM1252,Vinay,Malhotra,vinay.malhotra49@example.com,9818848216,1999-02-14 00:00:00,2024-03-21 00:00:00,CRM,NAT1252,45 Marine Dr,Near Metro Station,Delhi,Delhi,India,692867
CRM1511,Sunil,Pandey,sunil.pandey70@example.com,9654623401,1989-01-08 00:00:00,2024-07-26 00:00:00,CRM,NAT1511,55 MI Rd,,Delhi,Delhi,India,520345
CRM1382,Deepak,Sharma,deepak.sharma77@example.com,9737003118,1986-07-26 00:00:00,2024-09-15 00:00:00,CRM,NAT1382,77 Linking Rd,Opposite Mall,Bangalore,Karnataka,India,807784
CRM1691,Vikas,Guptha,vikas.guptha89@example.com,9723923536,1979-08-13 00:00:00,2025-08-30 00:00:00,CRM,NAT1691,67 Law Garden Rd,Opposite Mall,Jaipur,Rajasthan,India,478471
CRM1813,Suresh,Dubey,suresh.dubey34@example.com,9780865787,1991-08-26 00:00:00,2026-03-16 00:00:00,CRM,NAT1813,45 Marine Dr,Near Metro Station,Bangalore,Karnataka,India,591055
CRM1285,John,Agarwal,john.agarwal85@example.com,9193342602,1983-06-18 00:00:00,2024-08-25 00:00:00,CRM,NAT1285,55 MI Rd,Above Central Bank,Kolkata,West Bengal,India,608622
CRM1010,Rohit,Joshi,rohit.joshi8@example.com,9672114391,1970-06-20 00:00:00,2024-12-30 00:00:00,CRM,NAT1010,101 FC Rd,Above Central Bank,Ahmedabad,Gujarat,India,393276
CRM1177,Arjun,Yadav,arjun.yadav75@example.com,9549977856,1986-09-27 00:00:00,2024-05-10 00:00:00,CRM,NAT1177,90 Karol Bagh Market,Near City Center,Pune,Maharashtra,India,693047
CRM1071,Lakshmi,Rao,lakshmi.rao59@example.com,9041105345,1994-06-14 00:00:00,2024-06-08 00:00:00,CRM,NAT1071,12 MG Rd,Near Metro Station,Jaipur,Rajasthan,India,771315
CRM1699,Deepak,Bajaj,deepak.bajaj16@example.com,9987205063,1998-07-24 00:00:00,2026-02-01 00:00:00,CRM,NAT1699,34 JM Road,Near Old Town,Pune,Maharashtra,India,131842
CRM1673,Vinod,Kapoor,vinod.kapoor21@example.com,9629728465,1975-10-07 00:00:00,2024-11-26 00:00:00,CRM,NAT1673,12 Residency Rd,,Jaipur,Rajasthan,India,154970
CRM1787,Rekha,Joshi,rekha.joshi61@example.com,9454476269,1977-07-14 00:00:00,2024-08-29 00:00:00,CRM,NAT1787,12 Residency Rd,Near Old Town,Kolkata,West Bengal,India,304876
CRM1506,Meena,Chopra,meena.chopra17@example.com,9937705973,1985-08-05 00:00:00,2024-11-10 00:00:00,CRM,NAT1506,12 MG Rd,Next to Market,Jaipur,Rajasthan,India,680175
CRM1442,Rohit,Singh,rohit.singh1@example.com,9270312117,1988-04-07 00:00:00,2025-09-07 00:00:00,CRM,NAT1442,55 MI Rd,Next to Market,Hyderabad,Telangana,India,761785
CRM1391,Harish,Patil,harish.patil48@example.com,9615614860,1991-03-20 00:00:00,2024-08-08 00:00:00,CRM,NAT1391,88 Worli Sea Face,Next to Market,Bangalore,Karnataka,India,388134
CRM1531,Anjali,Iyer,anjali.iyer24@example.com,9025924873,1998-04-14 00:00:00,2024-12-02 00:00:00,CRM,NAT1531,45 Marine Dr,Opposite Mall,Surat,Gujarat,India,532164
CRM1372,Vinod,Singh,vinod.singh10@example.com,9693183317,1980-04-27 00:00:00,2024-05-21 00:00:00,CRM,NAT1372,12 MG Rd,Near Metro Station,Chennai,Tamil Nadu,India,146397
CRM1072,Ramesh,Gupta,ramesh.gupta5@example.com,9645401958,1987-01-22 00:00:00,2024-03-04 00:00:00,CRM,NAT1072,88 Worli Sea Face,Opposite Mall,Surat,Gujarat,India,927912
CRM1454,Alok,Menon,alok.menon27@example.com,9710875738,1981-06-25 00:00:00,2024-10-28 00:00:00,CRM,NAT1454,67 Law Garden Rd,Opposite Mall,Pune,Maharashtra,India,124829
CRM1808,Karan,Tiwari,karan.tiwari57@example.com,9814425101,1991-11-14 00:00:00,2025-03-19 00:00:00,CRM,NAT1808,88 Worli Sea Face,Near City Center,Mumbai,Maharashtra,India,137912
CRM1483,Amit,Dubey,amit.dubey46@example.com,9386968435,1983-11-27 00:00:00,2024-03-07 00:00:00,CRM,NAT1483,77 Linking Rd,Near Old Town,Mumbai,Maharashtra,India,783673
CRM1366,Manish,Kumar,manish.kumar20@example.com,9735205605,1994-11-29 00:00:00,2026-03-05 00:00:00,CRM,NAT1366,44 Ashram Rd,,Pune,Maharashtra,India,600531
CRM1030,Kavita,Nair,kavita.nair93@example.com,9855611964,1991-06-18 00:00:00,2024-03-09 00:00:00,CRM,NAT1030,45 Marine Dr,Near City Center,Hyderabad,Telangana,India,548217
CRM1529,Vinod,Banerjee,vinod.banerjee92@example.com,9799196540,1971-10-16 00:00:00,2024-12-21 00:00:00,CRM,NAT1529,34 JM Road,Near Old Town,Chennai,Tamil Nadu,India,561630
CRM1512,Neha,Nair,neha.nair54@example.com,9959650841,1991-05-18 00:00:00,2025-04-24 00:00:00,CRM,NAT1512,44 Ashram Rd,Near Metro Station,Kolkata,West Bengal,India,856597
CRM1745,Suresh,Kaur,suresh.kaur81@example.com,9388396586,1980-02-10 00:00:00,2024-09-25 00:00:00,CRM,NAT1745,77 Linking Rd,,Chennai,Tamil Nadu,India,888918
CRM1307,Sunil,Kapoor,sunil.kapoor62@example.com,9604681222,1974-11-21 00:00:00,2025-10-20 00:00:00,CRM,NAT1307,55 MI Rd,Opposite Mall,Ahmedabad,Gujarat,India,250755
CRM1508,Sunil,Singh,sunil.singh26@example.com,9787495483,1985-11-16 00:00:00,2025-06-22 00:00:00,CRM,NAT1508,90 Karol Bagh Market,Near Old Town,Bangalore,Karnataka,India,259143
CRM1600,Shreya,Pandey,shreya.pandey99@example.com,9608763057,1975-05-15 00:00:00,2024-08-17 00:00:00,CRM,NAT1600,88 Worli Sea Face,Above Central Bank,Chennai,Tamil Nadu,India,136904
CRM1254,Shreya,Patel,shreya.patel85@example.com,9563121824,1993-05-05 00:00:00,2025-03-27 00:00:00,CRM,NAT1254,44 Ashram Rd,Opposite Mall,Hyderabad,Telangana,India,304497
CRM1740,Sunil,Iyer,sunil.iyer39@example.com,9143038324,1987-07-12 00:00:00,2024-01-12 00:00:00,CRM,NAT1740,44 Ashram Rd,,Delhi,Delhi,India,634979
CRM1869,Vikas,Sharma,vikas.sharma86@example.com,9400008980,1999-02-06 00:00:00,2024-12-12 00:00:00,CRM,NAT1869,77 Linking Rd,Above Central Bank,Bangalore,Karnataka,India,978202
CRM1139,Sachin,Bajaj,sachin.bajaj29@example.com,9984296173,1986-04-24 00:00:00,2025-01-29 00:00:00,CRM,NAT1139,12 MG Rd,Near Old Town,Delhi,Delhi,India,750618
CRM1144,Manish,Reddy,manish.reddy7@example.com,9473885859,1982-03-25 00:00:00,2025-01-13 00:00:00,CRM,NAT1144,45 Marine Dr,,Ahmedabad,Gujarat,India,780129
CRM1327,Rajiv,Yadav,rajiv.yadav28@example.com,9098073715,1997-08-01 00:00:00,2024-05-30 00:00:00,CRM,NAT1327,78 Connaught Pl,Near Metro Station,Pune,Maharashtra,India,598560
CRM1113,Alok,Nair,alok.nair75@example.com,9851641794,1996-05-10 00:00:00,2024-11-15 00:00:00,CRM,NAT1113,78 Connaught Pl,Near Old Town,Mumbai,Maharashtra,India,315830
CRM1189,Neha,Malhotra,neha.malhotra76@example.com,9529316212,1986-06-24 00:00:00,2025-11-14 00:00:00,CRM,NAT1189,55 MI Rd,Next to Market,Mumbai,Maharashtra,India,504562
CRM1374,Neha,Joshi,neha.joshi87@example.com,9881837331,1991-07-25 00:00:00,2024-02-05 00:00:00,CRM,NAT1374,55 MI Rd,Next to Market,Chennai,Tamil Nadu,India,288238
CRM1026,Arvind,Patel,arvind.patel16@example.com,9387076952,1973-10-21 00:00:00,2024-02-14 00:00:00,CRM,NAT1026,90 Karol Bagh Market,Near Metro Station,Ahmedabad,Gujarat,India,286717
CRM1074,Shalini,Mishra,shalini.mishra11@example.com,9152189904,1973-02-08 00:00:00,2024-10-07 00:00:00,CRM,NAT1074,77 Linking Rd,,Delhi,Delhi,India,412828
CRM1559,Meena,Gupta,meena.gupta13@example.com,9433314189,1995-10-01 00:00:00,2025-12-18 00:00:00,CRM,NAT1559,34 JM Road,Next to Market,Mumbai,Maharashtra,India,944013
CRM1211,Rohit,Reddy,rohit.reddy52@example.com,9664264926,1972-07-17 00:00:00,2025-07-13 00:00:00,CRM,NAT1211,56 Chandni Chowk,,Jaipur,Rajasthan,India,711081
CRM1737,John,Agarwal,john.agarwal65@example.com,9987063427,1980-11-29 00:00:00,2024-05-20 00:00:00,CRM,NAT1737,45 Marine Dr,,Chennai,Tamil Nadu,India,269864
CRM1227,Anita,Reddy,anita.reddy7@example.com,9372196982,1988-06-06 00:00:00,2025-12-23 00:00:00,CRM,NAT1227,90 Karol Bagh Market,Next to Market,Mumbai,Maharashtra,India,393374
CRM1487,Neha,Sharma,neha.sharma54@example.com,9883958713,1977-01-24 00:00:00,2025-03-05 00:00:00,CRM,NAT1487,78 Connaught Pl,Near Metro Station,Surat,Gujarat,India,643791
CRM1945,Rahul,Tiwari,rahul.tiwari31@example.com,9443425740,1976-09-11 00:00:00,2026-03-27 00:00:00,CRM,NAT1945,55 MI Rd,Near City Center,Mumbai,Maharashtra,India,338912
CRM1724,Manish,Patil,manish.patil80@example.com,9945575434,1985-09-30 00:00:00,2025-12-02 00:00:00,CRM,NAT1724,12 MG Rd,,Surat,Gujarat,India,498424
CRM1201,Jane,Patel,jane.patel23@example.com,9344842082,1974-10-30 00:00:00,2025-12-16 00:00:00,CRM,NAT1201,12 MG Rd,Next to Market,Bangalore,Karnataka,India,239687
CRM1182,Sneha,Guptha,sneha.guptha18@example.com,9240028091,2000-04-23 00:00:00,2025-10-17 00:00:00,CRM,NAT1182,67 Law Garden Rd,Near Metro Station,Hyderabad,Telangana,India,415508
CRM1816,Meera,Reddy,meera.reddy86@example.com,9732246061,1996-06-15 00:00:00,2025-06-16 00:00:00,CRM,NAT1816,34 JM Road,Opposite Mall,Delhi,Delhi,India,945350
CRM1465,Ajay,Rao,ajay.rao55@example.com,9425532451,1991-10-26 00:00:00,2026-03-28 00:00:00,CRM,NAT1465,12 Residency Rd,Near Old Town,Chennai,Tamil Nadu,India,654064
CRM1056,Deepak,Kumar,deepak.kumar92@example.com,9248646474,1979-09-04 00:00:00,2025-11-28 00:00:00,CRM,NAT1056,34 JM Road,Near Metro Station,Mumbai,Maharashtra,India,906172
CRM1330,Rahul,Patil,rahul.patil46@example.com,9334751714,1993-06-01 00:00:00,2024-11-20 00:00:00,CRM,NAT1330,23 Brigade Rd,,Hyderabad,Telangana,India,734787
CRM1935,Anita,Kumar,anita.kumar59@example.com,9176775091,2000-07-25 00:00:00,2024-10-09 00:00:00,CRM,NAT1935,67 Law Garden Rd,Opposite Mall,Ahmedabad,Gujarat,India,131415
CRM1650,Meera,Bajaj,meera.bajaj60@example.com,9932740547,1990-10-31 00:00:00,2025-04-08 00:00:00,CRM,NAT1650,78 Connaught Pl,Near Metro Station,Chennai,Tamil Nadu,India,873701
CRM1083,Vikas,Menon,vikas.menon47@example.com,9017385244,1983-07-19 00:00:00,2024-11-10 00:00:00,CRM,NAT1083,23 Brigade Rd,Near Old Town,Ahmedabad,Gujarat,India,230804
CRM1286,Prakash,Yadav,prakash.yadav77@example.com,9383463134,1994-05-18 00:00:00,2025-05-07 00:00:00,CRM,NAT1286,55 MI Rd,,Chennai,Tamil Nadu,India,329565
CRM1058,Ajay,Gupta,ajay.gupta47@example.com,9669446639,1989-04-30 00:00:00,2024-02-10 00:00:00,CRM,NAT1058,56 Chandni Chowk,Near Old Town,Jaipur,Rajasthan,India,816044
CRM1818,Divya,Joshi,divya.joshi93@example.com,9434553077,1972-04-20 00:00:00,2025-08-28 00:00:00,CRM,NAT1818,55 MI Rd,Near Old Town,Hyderabad,Telangana,India,370157
CRM1068,Arvind,Kaur,arvind.kaur60@example.com,9718494947,1974-03-12 00:00:00,2024-12-23 00:00:00,CRM,NAT1068,12 MG Rd,Next to Market,Chennai,Tamil Nadu,India,773693
CRM1908,Vinod,Tiwari,vinod.tiwari46@example.com,9103175779,1987-01-16 00:00:00,2025-04-28 00:00:00,CRM,NAT1908,90 Karol Bagh Market,Near Metro Station,Surat,Gujarat,India,356779
CRM1027,Manish,Reddy,manish.reddy77@example.com,9194739706,2000-06-23 00:00:00,2025-03-11 00:00:00,CRM,NAT1027,78 Connaught Pl,Above Central Bank,Ahmedabad,Gujarat,India,820540
CRM1859,Arjun,Chopra,arjun.chopra82@example.com,9073647708,1973-06-02 00:00:00,2024-06-08 00:00:00,CRM,NAT1859,67 Law Garden Rd,,Kolkata,West Bengal,India,994467
CRM1752,Seema,Patil,seema.patil88@example.com,9649833722,1996-11-19 00:00:00,2025-11-07 00:00:00,CRM,NAT1752,88 Worli Sea Face,Near City Center,Kolkata,West Bengal,India,243935
CRM1084,Prakash,Mishra,prakash.mishra53@example.com,9440649487,1985-10-11 00:00:00,2024-12-26 00:00:00,CRM,NAT1084,67 Law Garden Rd,Near City Center,Hyderabad,Telangana,India,546535
CRM1077,Lakshmi,Agarwal,lakshmi.agarwal89@example.com,9841660466,1977-03-17 00:00:00,2025-12-14 00:00:00,CRM,NAT1077,77 Linking Rd,Opposite Mall,Kolkata,West Bengal,India,826559
CRM1207,Sneha,Dubey,sneha.dubey9@example.com,9471241735,1989-03-06 00:00:00,2025-10-02 00:00:00,CRM,NAT1207,77 Linking Rd,Near Old Town,Delhi,Delhi,India,174310
CRM1516,Pooja,Kaur,pooja.kaur10@example.com,9242993210,1982-05-23 00:00:00,2024-05-23 00:00:00,CRM,NAT1516,77 Linking Rd,,Ahmedabad,Gujarat,India,861244
CRM1397,John,Pandey,john.pandey20@example.com,9496012400,1992-05-20 00:00:00,2024-08-03 00:00:00,CRM,NAT1397,23 Brigade Rd,Above Central Bank,Hyderabad,Telangana,India,278271
CRM1757,Rohit,Srivastava,rohit.srivastava99@example.com,9739091049,1983-03-27 00:00:00,2024-07-13 00:00:00,CRM,NAT1757,34 JM Road,Above Central Bank,Delhi,Delhi,India,479046
CRM1618,Sanjay,Agarwal,sanjay.agarwal91@example.com,9188138889,1982-12-31 00:00:00,2024-11-06 00:00:00,CRM,NAT1618,45 Marine Dr,Near Old Town,Ahmedabad,Gujarat,India,689181
CRM1065,Divya,Dubey,divya.dubey41@example.com,9401239174,1973-09-29 00:00:00,2025-11-29 00:00:00,CRM,NAT1065,77 Linking Rd,Near City Center,Surat,Gujarat,India,571955
CRM1878,Priya,Kaur,priya.kaur36@example.com,9334458248,1994-09-06 00:00:00,2026-02-11 00:00:00,CRM,NAT1878,23 Brigade Rd,Near Old Town,Bangalore,Karnataka,India,183532
CRM1401,Vikas,Banerjee,vikas.banerjee98@example.com,9025134519,1982-09-26 00:00:00,2025-07-23 00:00:00,CRM,NAT1401,56 Chandni Chowk,Next to Market,Chennai,Tamil Nadu,India,346120
CRM1603,Deepak,Agarwal,deepak.agarwal59@example.com,9576013819,1986-02-26 00:00:00,2024-08-17 00:00:00,CRM,NAT1603,78 Connaught Pl,Opposite Mall,Delhi,Delhi,India,768040
CRM1527,Rahul,Patel,rahul.patel86@example.com,9410799907,1971-11-21 00:00:00,2025-09-08 00:00:00,CRM,NAT1527,45 Marine Dr,Near City Center,Kolkata,West Bengal,India,978922
CRM1007,Vinay,Chopra,vinay.chopra38@example.com,9041973293,1998-09-10 00:00:00,2024-05-31 00:00:00,CRM,NAT1007,55 MI Rd,Near Metro Station,Pune,Maharashtra,India,383571
CRM1002,Anjali,Desai,anjali.desai36@example.com,9748082615,1975-10-14 00:00:00,2024-10-23 00:00:00,CRM,NAT1002,12 Residency Rd,Near City Center,Surat,Gujarat,India,163746
CRM1230,Anjali,Agarwal,anjali.agarwal35@example.com,9298465149,1996-05-21 00:00:00,2025-01-28 00:00:00,CRM,NAT1230,55 MI Rd,Near Old Town,Bangalore,Karnataka,India,188597
CRM1490,Anjali,Gupta,anjali.gupta61@example.com,9036746419,1976-06-22 00:00:00,2025-02-21 00:00:00,CRM,NAT1490,12 Residency Rd,Near City Center,Bangalore,Karnataka,India,495351
CRM1169,Sneha,Mehta,sneha.mehta92@example.com,9290628512,1976-05-26 00:00:00,2026-01-20 00:00:00,CRM,NAT1169,101 FC Rd,Next to Market,Mumbai,Maharashtra,India,713652
CRM1659,Ravi,Guptha,ravi.guptha89@example.com,9927817667,1975-10-01 00:00:00,2025-01-13 00:00:00,CRM,NAT1659,90 Karol Bagh Market,Next to Market,Ahmedabad,Gujarat,India,166191
CRM1709,Jane,Kapoor,jane.kapoor99@example.com,9314015296,1976-08-15 00:00:00,2025-11-19 00:00:00,CRM,NAT1709,88 Worli Sea Face,Next to Market,Ahmedabad,Gujarat,India,808534
CRM1279,Divya,Malhotra,divya.malhotra91@example.com,9738667347,1984-02-14 00:00:00,2024-02-09 00:00:00,CRM,NAT1279,77 Linking Rd,,Mumbai,Maharashtra,India,839354
CRM1727,Arjun,Chopra,arjun.chopra28@example.com,9658973884,1988-06-02 00:00:00,2024-04-07 00:00:00,CRM,NAT1727,12 Residency Rd,Above Central Bank,Hyderabad,Telangana,India,234620
CRM1823,Arjun,Kaur,arjun.kaur63@example.com,9996255794,1987-10-12 00:00:00,2025-08-25 00:00:00,CRM,NAT1823,101 FC Rd,Next to Market,Hyderabad,Telangana,India,550998
CRM1930,Seema,Patil,seema.patil7@example.com,9556149338,1978-01-24 00:00:00,2025-07-05 00:00:00,CRM,NAT1930,101 FC Rd,Near Old Town,Delhi,Delhi,India,232568
CRM1153,Manish,Gupta,manish.gupta23@example.com,9283287655,1973-06-15 00:00:00,2024-06-23 00:00:00,CRM,NAT1153,34 JM Road,Near Old Town,Bangalore,Karnataka,India,994529
CRM1409,Sunita,Banerjee,sunita.banerjee82@example.com,9031182529,1997-10-05 00:00:00,2024-08-17 00:00:00,CRM,NAT1409,78 Connaught Pl,Near City Center,Pune,Maharashtra,India,750033
CRM1274,Vinay,Srivastava,vinay.srivastava69@example.com,9857911130,1978-10-03 00:00:00,2024-01-07 00:00:00,CRM,NAT1274,12 MG Rd,Near Old Town,Kolkata,West Bengal,India,962347
CRM1323,Manish,Tiwari,manish.tiwari48@example.com,9670552774,1988-02-03 00:00:00,2024-09-17 00:00:00,CRM,NAT1323,23 Brigade Rd,Near City Center,Jaipur,Rajasthan,India,772765
CRM1258,Sunil,Tiwari,sunil.tiwari69@example.com,9263006537,1988-04-14 00:00:00,2025-11-21 00:00:00,CRM,NAT1258,90 Karol Bagh Market,Above Central Bank,Delhi,Delhi,India,244850
CRM1124,Meera,Tiwari,meera.tiwari31@example.com,9618919629,1970-12-15 00:00:00,2024-10-18 00:00:00,CRM,NAT1124,12 Residency Rd,Above Central Bank,Chennai,Tamil Nadu,India,921355
CRM1345,Rajiv,Joshi,rajiv.joshi72@example.com,9376544916,1975-04-13 00:00:00,2024-12-15 00:00:00,CRM,NAT1345,12 MG Rd,Near City Center,Jaipur,Rajasthan,India,976720
CRM1322,Sneha,Srivastava,sneha.srivastava45@example.com,9675192217,1970-08-20 00:00:00,2024-07-16 00:00:00,CRM,NAT1322,55 MI Rd,Opposite Mall,Pune,Maharashtra,India,960623
CRM1694,Deepak,Nair,deepak.nair97@example.com,9177443658,1992-01-21 00:00:00,2025-05-06 00:00:00,CRM,NAT1694,23 Brigade Rd,Near City Center,Surat,Gujarat,India,399203
CRM1628,Deepak,Malhotra,deepak.malhotra43@example.com,9591926077,1971-05-30 00:00:00,2024-05-13 00:00:00,CRM,NAT1628,67 Law Garden Rd,Near City Center,Mumbai,Maharashtra,India,111196
CRM1150,Ramesh,Sharma,ramesh.sharma91@example.com,9640286632,1982-12-02 00:00:00,2026-01-21 00:00:00,CRM,NAT1150,12 Residency Rd,,Jaipur,Rajasthan,India,294069
CRM1101,Sunil,Joshi,sunil.joshi69@example.com,9902433612,1981-01-01 00:00:00,2026-01-13 00:00:00,CRM,NAT1101,88 Worli Sea Face,Near Old Town,Pune,Maharashtra,India,924231
CRM1755,Meera,Bajaj,meera.bajaj73@example.com,9205370925,1985-08-20 00:00:00,2024-11-09 00:00:00,CRM,NAT1755,101 FC Rd,Near Old Town,Pune,Maharashtra,India,451271
CRM1494,Anita,Sharma,anita.sharma86@example.com,9769137689,1974-04-29 00:00:00,2025-05-04 00:00:00,CRM,NAT1494,12 MG Rd,Above Central Bank,Surat,Gujarat,India,971460
CRM1016,Anjali,Joshi,anjali.joshi23@example.com,9877783087,1987-09-07 00:00:00,2025-12-04 00:00:00,CRM,NAT1016,90 Karol Bagh Market,Near Metro Station,Delhi,Delhi,India,172827
CRM1605,Vinay,Kapoor,vinay.kapoor91@example.com,9944683453,1994-04-16 00:00:00,2024-08-20 00:00:00,CRM,NAT1605,77 Linking Rd,Near Metro Station,Chennai,Tamil Nadu,India,980945
CRM1871,Meena,Tiwari,meena.tiwari61@example.com,9530799340,1994-10-31 00:00:00,2025-07-18 00:00:00,CRM,NAT1871,56 Chandni Chowk,Near Old Town,Delhi,Delhi,India,457253
CRM1946,Meera,Sharma,meera.sharma47@example.com,9332995650,1977-08-21 00:00:00,2026-03-14 00:00:00,CRM,NAT1946,90 Karol Bagh Market,Next to Market,Bangalore,Karnataka,India,865040
CRM1204,Anjali,Mishra,anjali.mishra27@example.com,9035690309,1976-04-21 00:00:00,2024-01-06 00:00:00,CRM,NAT1204,44 Ashram Rd,Near Old Town,Mumbai,Maharashtra,India,527847
CRM1388,Kavita,Patel,kavita.patel49@example.com,9550434718,1973-07-14 00:00:00,2024-12-11 00:00:00,CRM,NAT1388,34 JM Road,Above Central Bank,Mumbai,Maharashtra,India,416655
CRM1392,Rekha,Verma,rekha.verma86@example.com,9049115293,1997-02-14 00:00:00,2025-02-12 00:00:00,CRM,NAT1392,78 Connaught Pl,Above Central Bank,Kolkata,West Bengal,India,398752
CRM1695,Harish,Kumar,harish.kumar14@example.com,9949630539,1970-01-05 00:00:00,2024-02-01 00:00:00,CRM,NAT1695,90 Karol Bagh Market,,Surat,Gujarat,India,998803
CRM1096,Vikas,Banerjee,vikas.banerjee82@example.com,9419201365,1977-10-17 00:00:00,2025-02-16 00:00:00,CRM,NAT1096,44 Ashram Rd,Near City Center,Delhi,Delhi,India,266140
CRM1273,Alok,Mehta,alok.mehta27@example.com,9592880978,1992-10-26 00:00:00,2026-02-11 00:00:00,CRM,NAT1273,78 Connaught Pl,,Mumbai,Maharashtra,India,727459
CRM1585,Ramesh,Srivastava,ramesh.srivastava53@example.com,9741183862,1970-06-17 00:00:00,2025-03-01 00:00:00,CRM,NAT1585,67 Law Garden Rd,Next to Market,Jaipur,Rajasthan,India,495451
CRM1581,Ramesh,Agarwal,ramesh.agarwal74@example.com,9687646966,1997-07-01 00:00:00,2024-01-16 00:00:00,CRM,NAT1581,12 Residency Rd,Next to Market,Pune,Maharashtra,India,316037
CRM1909,Meera,Shah,meera.shah46@example.com,9506144535,1980-10-26 00:00:00,2025-06-29 00:00:00,CRM,NAT1909,44 Ashram Rd,Next to Market,Ahmedabad,Gujarat,India,338632
CRM1368,Rahul,Pandey,rahul.pandey91@example.com,9260642244,1974-04-19 00:00:00,2025-01-31 00:00:00,CRM,NAT1368,78 Connaught Pl,Opposite Mall,Hyderabad,Telangana,India,900109
CRM1416,Arvind,Menon,arvind.menon88@example.com,9726786176,1988-03-24 00:00:00,2025-06-16 00:00:00,CRM,NAT1416,12 MG Rd,Near Old Town,Bangalore,Karnataka,India,504032
CRM1716,Amit,Kaur,amit.kaur45@example.com,9805119873,1988-04-20 00:00:00,2025-12-05 00:00:00,CRM,NAT1716,88 Worli Sea Face,,Surat,Gujarat,India,336783
CRM1855,Sneha,Joshi,sneha.joshi31@example.com,9993886729,1987-06-14 00:00:00,2025-07-28 00:00:00,CRM,NAT1855,56 Chandni Chowk,Opposite Mall,Mumbai,Maharashtra,India,285846
CRM1862,Rohit,Verma,rohit.verma46@example.com,9847182332,1974-02-16 00:00:00,2024-12-27 00:00:00,CRM,NAT1862,78 Connaught Pl,Next to Market,Mumbai,Maharashtra,India,945783
CRM1350,Meera,Banerjee,meera.banerjee25@example.com,9292916147,1978-12-09 00:00:00,2024-06-30 00:00:00,CRM,NAT1350,55 MI Rd,Opposite Mall,Pune,Maharashtra,India,831442
CRM1445,Rekha,Agarwal,rekha.agarwal41@example.com,9959245722,1992-11-09 00:00:00,2025-04-26 00:00:00,CRM,NAT1445,12 MG Rd,Near Metro Station,Bangalore,Karnataka,India,287480
CRM1580,Vinay,Bajaj,vinay.bajaj13@example.com,9490951003,1978-05-01 00:00:00,2024-08-14 00:00:00,CRM,NAT1580,56 Chandni Chowk,Opposite Mall,Pune,Maharashtra,India,176507
CRM1146,Karan,Patel,karan.patel67@example.com,9465537242,1974-11-24 00:00:00,2025-11-28 00:00:00,CRM,NAT1146,12 Residency Rd,Above Central Bank,Hyderabad,Telangana,India,361036
CRM1839,John,Kumar,john.kumar5@example.com,9903147174,1981-04-24 00:00:00,2025-02-02 00:00:00,CRM,NAT1839,78 Connaught Pl,Near Old Town,Bangalore,Karnataka,India,621789
CRM1794,Ajay,Menon,ajay.menon59@example.com,9567894591,1991-12-24 00:00:00,2025-11-24 00:00:00,CRM,NAT1794,88 Worli Sea Face,Next to Market,Jaipur,Rajasthan,India,677047
CRM1353,Ramesh,Patil,ramesh.patil45@example.com,9693645789,2000-08-05 00:00:00,2026-03-26 00:00:00,CRM,NAT1353,55 MI Rd,Near Metro Station,Chennai,Tamil Nadu,India,458802
CRM1502,Deepak,Patel,deepak.patel70@example.com,9472299301,1975-04-15 00:00:00,2026-02-01 00:00:00,CRM,NAT1502,55 MI Rd,Above Central Bank,Jaipur,Rajasthan,India,905842
CRM1292,Sunil,Gupta,sunil.gupta40@example.com,9480645869,1988-05-20 00:00:00,2024-08-14 00:00:00,CRM,NAT1292,90 Karol Bagh Market,Near Metro Station,Bangalore,Karnataka,India,662050
CRM1018,Ajay,Guptha,ajay.guptha78@example.com,9107084212,1986-12-14 00:00:00,2025-01-28 00:00:00,CRM,NAT1018,12 Residency Rd,,Bangalore,Karnataka,India,966713
CRM1717,Deepak,Mehta,deepak.mehta92@example.com,9000640074,1992-08-18 00:00:00,2026-03-30 00:00:00,CRM,NAT1717,45 Marine Dr,Next to Market,Pune,Maharashtra,India,251367
CRM1142,Deepak,Desai,deepak.desai4@example.com,9511359256,1999-09-10 00:00:00,2025-06-27 00:00:00,CRM,NAT1142,12 MG Rd,Opposite Mall,Jaipur,Rajasthan,India,378479
CRM1804,Divya,Chopra,divya.chopra6@example.com,9932683321,1991-07-05 00:00:00,2024-03-10 00:00:00,CRM,NAT1804,44 Ashram Rd,Opposite Mall,Hyderabad,Telangana,India,302877
CRM1250,Neha,Bajaj,neha.bajaj76@example.com,9027418311,1974-10-07 00:00:00,2025-09-15 00:00:00,CRM,NAT1250,101 FC Rd,Near Old Town,Delhi,Delhi,India,428315
CRM1371,Vinod,Desai,vinod.desai48@example.com,9388995663,1985-03-31 00:00:00,2025-05-28 00:00:00,CRM,NAT1371,67 Law Garden Rd,,Pune,Maharashtra,India,740225
CRM1334,Sneha,Srivastava,sneha.srivastava49@example.com,9401800480,1978-01-11 00:00:00,2026-02-04 00:00:00,CRM,NAT1334,12 Residency Rd,Near Metro Station,Pune,Maharashtra,India,563555
CRM1226,Jane,Singh,jane.singh38@example.com,9933050440,1999-04-28 00:00:00,2024-09-07 00:00:00,CRM,NAT1226,23 Brigade Rd,Opposite Mall,Kolkata,West Bengal,India,434347
CRM1750,Vinay,Sharma,vinay.sharma51@example.com,9301542652,1990-11-02 00:00:00,2025-10-27 00:00:00,CRM,NAT1750,88 Worli Sea Face,Opposite Mall,Jaipur,Rajasthan,India,418239
CRM1234,Seema,Iyer,seema.iyer44@example.com,9779307086,1997-11-18 00:00:00,2025-03-20 00:00:00,CRM,NAT1234,67 Law Garden Rd,Next to Market,Bangalore,Karnataka,India,920628
CRM1576,Prakash,Yadav,prakash.yadav99@example.com,9734495667,1972-06-22 00:00:00,2025-06-24 00:00:00,CRM,NAT1576,67 Law Garden Rd,,Jaipur,Rajasthan,India,297215
CRM1317,Jane,Tiwari,jane.tiwari19@example.com,9311596420,1993-06-21 00:00:00,2025-12-02 00:00:00,CRM,NAT1317,101 FC Rd,Near Old Town,Delhi,Delhi,India,743825
CRM1898,Neha,Mehta,neha.mehta36@example.com,9190116812,1989-02-12 00:00:00,2026-02-26 00:00:00,CRM,NAT1898,12 Residency Rd,Next to Market,Jaipur,Rajasthan,India,923861
CRM1179,Karan,Kapoor,karan.kapoor11@example.com,9058725903,1982-02-13 00:00:00,2025-10-27 00:00:00,CRM,NAT1179,45 Marine Dr,Opposite Mall,Bangalore,Karnataka,India,723210
CRM1453,Rajiv,Singh,rajiv.singh8@example.com,9438932531,1985-11-11 00:00:00,2025-10-23 00:00:00,CRM,NAT1453,88 Worli Sea Face,Near Metro Station,Chennai,Tamil Nadu,India,579083
CRM1032,Prakash,Banerjee,prakash.banerjee89@example.com,9444469356,1996-12-28 00:00:00,2026-03-23 00:00:00,CRM,NAT1032,34 JM Road,Opposite Mall,Hyderabad,Telangana,India,244935
CRM1428,Seema,Joshi,seema.joshi75@example.com,9012956537,1981-08-21 00:00:00,2025-01-07 00:00:00,CRM,NAT1428,56 Chandni Chowk,Near City Center,Delhi,Delhi,India,881668
CRM1469,Priya,Tiwari,priya.tiwari79@example.com,9698119008,1978-07-25 00:00:00,2026-02-08 00:00:00,CRM,NAT1469,45 Marine Dr,Near Old Town,Hyderabad,Telangana,India,817176
CRM1121,Ramesh,Rao,ramesh.rao36@example.com,9769084355,1997-04-08 00:00:00,2025-11-18 00:00:00,CRM,NAT1121,45 Marine Dr,Near City Center,Kolkata,West Bengal,India,777663
CRM1926,Sanjay,Desai,sanjay.desai69@example.com,9709224320,1995-06-13 00:00:00,2024-08-08 00:00:00,CRM,NAT1926,12 MG Rd,Next to Market,Surat,Gujarat,India,280496
CRM1159,Karan,Guptha,karan.guptha19@example.com,9440576610,1979-11-18 00:00:00,2025-11-06 00:00:00,CRM,NAT1159,78 Connaught Pl,Opposite Mall,Bangalore,Karnataka,India,622014
CRM1485,Meera,Shah,meera.shah32@example.com,9190437112,1995-04-30 00:00:00,2024-01-10 00:00:00,CRM,NAT1485,78 Connaught Pl,Near City Center,Delhi,Delhi,India,263324
CRM1572,Seema,Rao,seema.rao12@example.com,9712441226,1999-05-17 00:00:00,2024-11-24 00:00:00,CRM,NAT1572,23 Brigade Rd,Near City Center,Kolkata,West Bengal,India,703022
CRM1231,Shreya,Verma,shreya.verma50@example.com,9531886065,1970-11-05 00:00:00,2025-01-26 00:00:00,CRM,NAT1231,77 Linking Rd,Next to Market,Surat,Gujarat,India,146573
CRM1692,Deepak,Shah,deepak.shah73@example.com,9955851964,1981-04-27 00:00:00,2024-08-10 00:00:00,CRM,NAT1692,23 Brigade Rd,,Pune,Maharashtra,India,424955
CRM1751,Anita,Patel,anita.patel40@example.com,9918456101,1991-01-30 00:00:00,2025-06-07 00:00:00,CRM,NAT1751,12 MG Rd,Next to Market,Ahmedabad,Gujarat,India,894210
CRM1574,Sanjay,Singh,sanjay.singh38@example.com,9672526678,1989-02-14 00:00:00,2025-02-17 00:00:00,CRM,NAT1574,77 Linking Rd,Next to Market,Pune,Maharashtra,India,186391
CRM1578,Shreya,Chopra,shreya.chopra7@example.com,9325285707,1987-04-08 00:00:00,2024-07-11 00:00:00,CRM,NAT1578,44 Ashram Rd,Near City Center,Bangalore,Karnataka,India,154982
CRM1414,Deepak,Kapoor,deepak.kapoor88@example.com,9647733667,1989-11-25 00:00:00,2024-09-04 00:00:00,CRM,NAT1414,88 Worli Sea Face,Near Metro Station,Pune,Maharashtra,India,583819
CRM1728,Seema,Dubey,seema.dubey65@example.com,9477203049,1973-02-06 00:00:00,2025-05-29 00:00:00,CRM,NAT1728,78 Connaught Pl,Next to Market,Bangalore,Karnataka,India,388086
CRM1923,Suresh,Sharma,suresh.sharma69@example.com,9188007621,2000-09-13 00:00:00,2025-03-06 00:00:00,CRM,NAT1923,45 Marine Dr,,Bangalore,Karnataka,India,901549
CRM1635,Ravi,Dubey,ravi.dubey10@example.com,9167765490,1996-02-21 00:00:00,2025-10-03 00:00:00,CRM,NAT1635,67 Law Garden Rd,Next to Market,Surat,Gujarat,India,761654
CRM1229,Jane,Guptha,jane.guptha5@example.com,9252442333,1989-10-01 00:00:00,2025-10-27 00:00:00,CRM,NAT1229,88 Worli Sea Face,Next to Market,Delhi,Delhi,India,219787
CRM1867,Arvind,Guptha,arvind.guptha85@example.com,9980200395,1992-03-05 00:00:00,2025-07-24 00:00:00,CRM,NAT1867,88 Worli Sea Face,Next to Market,Pune,Maharashtra,India,506087
CRM1111,Ajay,Verma,ajay.verma62@example.com,9213929666,1974-02-15 00:00:00,2024-12-22 00:00:00,CRM,NAT1111,56 Chandni Chowk,Near City Center,Jaipur,Rajasthan,India,783592
CRM1195,Arjun,Bajaj,arjun.bajaj9@example.com,9983719332,1998-12-09 00:00:00,2025-05-10 00:00:00,CRM,NAT1195,77 Linking Rd,Next to Market,Chennai,Tamil Nadu,India,735271
CRM1734,Ajay,Mehta,ajay.mehta73@example.com,9025424279,1989-08-26 00:00:00,2025-05-23 00:00:00,CRM,NAT1734,44 Ashram Rd,Near Old Town,Surat,Gujarat,India,832871
CRM1800,Ajay,Mishra,ajay.mishra51@example.com,9262521055,1976-05-20 00:00:00,2024-01-17 00:00:00,CRM,NAT1800,101 FC Rd,Next to Market,Jaipur,Rajasthan,India,365205
CRM1584,Harish,Patel,harish.patel55@example.com,9730569336,1995-08-05 00:00:00,2025-12-28 00:00:00,CRM,NAT1584,67 Law Garden Rd,Above Central Bank,Jaipur,Rajasthan,India,424785
CRM1318,Jane,Reddy,jane.reddy33@example.com,9506924290,1990-10-06 00:00:00,2024-08-03 00:00:00,CRM,NAT1318,44 Ashram Rd,Above Central Bank,Surat,Gujarat,India,855111
CRM1875,Prakash,Joshi,prakash.joshi53@example.com,9024408555,1971-03-05 00:00:00,2024-10-18 00:00:00,CRM,NAT1875,44 Ashram Rd,Near Metro Station,Jaipur,Rajasthan,India,846376
CRM1768,Sunil,Patel,sunil.patel74@example.com,9807160252,1981-12-19 00:00:00,2025-07-19 00:00:00,CRM,NAT1768,44 Ashram Rd,Near Old Town,Surat,Gujarat,India,347843
CRM1880,Amit,Singh,amit.singh40@example.com,9986595127,1988-11-06 00:00:00,2024-04-05 00:00:00,CRM,NAT1880,34 JM Road,Opposite Mall,Bangalore,Karnataka,India,382117
CRM1106,Sunita,Nair,sunita.nair82@example.com,9975282275,1990-03-24 00:00:00,2024-06-13 00:00:00,CRM,NAT1106,78 Connaught Pl,Opposite Mall,Ahmedabad,Gujarat,India,110632
CRM1675,Manish,Mishra,manish.mishra51@example.com,9191124362,1984-08-26 00:00:00,2025-09-19 00:00:00,CRM,NAT1675,67 Law Garden Rd,Near Old Town,Ahmedabad,Gujarat,India,136211
CRM1339,Anita,Yadav,anita.yadav5@example.com,9396783962,1971-04-18 00:00:00,2025-09-19 00:00:00,CRM,NAT1339,56 Chandni Chowk,Near Metro Station,Mumbai,Maharashtra,India,839916
CRM1151,Divya,Bajaj,divya.bajaj62@example.com,9793592650,1983-09-12 00:00:00,2025-12-05 00:00:00,CRM,NAT1151,101 FC Rd,Near Metro Station,Surat,Gujarat,India,430419
CRM1255,Vikas,Joshi,vikas.joshi43@example.com,9260998015,1986-03-28 00:00:00,2024-08-24 00:00:00,CRM,NAT1255,12 MG Rd,Opposite Mall,Pune,Maharashtra,India,884532
CRM1583,Rekha,Nair,rekha.nair48@example.com,9985247990,1988-01-12 00:00:00,2024-02-15 00:00:00,CRM,NAT1583,78 Connaught Pl,Near Metro Station,Pune,Maharashtra,India,727836
CRM1394,Deepak,Patel,deepak.patel13@example.com,9237644501,1980-02-01 00:00:00,2024-01-19 00:00:00,CRM,NAT1394,56 Chandni Chowk,Opposite Mall,Ahmedabad,Gujarat,India,331795
CRM1594,Rajiv,Mehta,rajiv.mehta33@example.com,9989817920,1977-11-15 00:00:00,2024-12-24 00:00:00,CRM,NAT1594,12 MG Rd,Near Metro Station,Ahmedabad,Gujarat,India,775424
CRM1375,Suresh,Nair,suresh.nair14@example.com,9499206945,1973-09-15 00:00:00,2024-12-20 00:00:00,CRM,NAT1375,34 JM Road,Above Central Bank,Kolkata,West Bengal,India,206330
CRM1774,Sunita,Patil,sunita.patil57@example.com,9161475232,1987-04-01 00:00:00,2025-09-21 00:00:00,CRM,NAT1774,88 Worli Sea Face,Next to Market,Hyderabad,Telangana,India,124145
CRM1149,Amit,Rao,amit.rao94@example.com,9884836978,1982-01-13 00:00:00,2025-05-22 00:00:00,CRM,NAT1149,101 FC Rd,Near Metro Station,Pune,Maharashtra,India,923895
CRM1303,Divya,Guptha,divya.guptha39@example.com,9294258670,1990-08-02 00:00:00,2024-07-26 00:00:00,CRM,NAT1303,45 Marine Dr,Opposite Mall,Bangalore,Karnataka,India,787919
CRM1535,Rekha,Dubey,rekha.dubey12@example.com,9358375577,1985-10-12 00:00:00,2025-09-23 00:00:00,CRM,NAT1535,23 Brigade Rd,Above Central Bank,Hyderabad,Telangana,India,944266
CRM1092,Rajiv,Sharma,rajiv.sharma65@example.com,9304517929,1982-01-02 00:00:00,2025-11-05 00:00:00,CRM,NAT1092,55 MI Rd,Opposite Mall,Pune,Maharashtra,India,979214
CRM1468,Arvind,Tiwari,arvind.tiwari72@example.com,9838150211,1975-01-15 00:00:00,2025-06-28 00:00:00,CRM,NAT1468,78 Connaught Pl,Near Old Town,Mumbai,Maharashtra,India,638444
CRM1917,Seema,Kaur,seema.kaur36@example.com,9000099764,1989-02-27 00:00:00,2025-12-14 00:00:00,CRM,NAT1917,44 Ashram Rd,Opposite Mall,Surat,Gujarat,India,889921
CRM1620,Sneha,Chopra,sneha.chopra90@example.com,9301973366,2000-12-13 00:00:00,2024-09-12 00:00:00,CRM,NAT1620,45 Marine Dr,Above Central Bank,Hyderabad,Telangana,India,253769
CRM1872,Meena,Patel,meena.patel82@example.com,9340448004,1981-01-14 00:00:00,2024-11-15 00:00:00,CRM,NAT1872,23 Brigade Rd,Near Old Town,Bangalore,Karnataka,India,546316
CRM1304,Vikas,Agarwal,vikas.agarwal38@example.com,9461209234,1974-03-05 00:00:00,2024-08-15 00:00:00,CRM,NAT1304,77 Linking Rd,Near City Center,Chennai,Tamil Nadu,India,392089
CRM1385,Anita,Guptha,anita.guptha32@example.com,9188155696,1973-10-09 00:00:00,2025-07-01 00:00:00,CRM,NAT1385,45 Marine Dr,Near Metro Station,Chennai,Tamil Nadu,India,862091
CRM1688,Pooja,Singh,pooja.singh33@example.com,9359151333,1978-10-13 00:00:00,2024-11-30 00:00:00,CRM,NAT1688,55 MI Rd,Next to Market,Surat,Gujarat,India,224956
CRM1640,Seema,Dubey,seema.dubey57@example.com,9198564765,1992-10-08 00:00:00,2024-01-07 00:00:00,CRM,NAT1640,45 Marine Dr,Near Metro Station,Bangalore,Karnataka,India,307324
CRM1431,Lakshmi,Desai,lakshmi.desai49@example.com,9015282130,1999-12-31 00:00:00,2024-03-07 00:00:00,CRM,NAT1431,44 Ashram Rd,Near Metro Station,Hyderabad,Telangana,India,424333
CRM1641,Shalini,Mehta,shalini.mehta74@example.com,9203308276,1975-07-25 00:00:00,2025-12-20 00:00:00,CRM,NAT1641,88 Worli Sea Face,,Kolkata,West Bengal,India,297340
CRM1639,Pooja,Patil,pooja.patil78@example.com,9758355916,1978-05-07 00:00:00,2025-04-25 00:00:00,CRM,NAT1639,55 MI Rd,Above Central Bank,Hyderabad,Telangana,India,809004
CRM1587,Vinay,Patil,vinay.patil17@example.com,9711851133,2000-12-05 00:00:00,2024-08-16 00:00:00,CRM,NAT1587,45 Marine Dr,Above Central Bank,Hyderabad,Telangana,India,219936
CRM1613,Alok,Guptha,alok.guptha99@example.com,9167348766,1998-10-07 00:00:00,2025-02-15 00:00:00,CRM,NAT1613,90 Karol Bagh Market,Near Old Town,Surat,Gujarat,India,939738
CRM1413,Rekha,Agarwal,rekha.agarwal42@example.com,9142431913,1983-02-22 00:00:00,2024-03-07 00:00:00,CRM,NAT1413,12 Residency Rd,Near Metro Station,Pune,Maharashtra,India,705659
CRM1170,Priya,Joshi,priya.joshi5@example.com,9508070753,1985-11-28 00:00:00,2024-09-11 00:00:00,CRM,NAT1170,88 Worli Sea Face,Above Central Bank,Pune,Maharashtra,India,767989
CRM1597,Karan,Joshi,karan.joshi21@example.com,9153935333,1994-07-18 00:00:00,2024-11-21 00:00:00,CRM,NAT1597,12 Residency Rd,,Kolkata,West Bengal,India,818025
CRM1782,Jane,Bajaj,jane.bajaj62@example.com,9169756649,1977-07-24 00:00:00,2024-08-12 00:00:00,CRM,NAT1782,67 Law Garden Rd,Near City Center,Jaipur,Rajasthan,India,776340
CRM1464,Deepak,Sharma,deepak.sharma26@example.com,9727641329,1981-08-14 00:00:00,2024-09-18 00:00:00,CRM,NAT1464,90 Karol Bagh Market,Above Central Bank,Ahmedabad,Gujarat,India,124262
CRM1017,Kavita,Kumar,kavita.kumar32@example.com,9488578468,1998-12-09 00:00:00,2025-02-16 00:00:00,CRM,NAT1017,45 Marine Dr,Above Central Bank,Chennai,Tamil Nadu,India,652367
CRM1187,Rohit,Rao,rohit.rao19@example.com,9683111510,1970-12-21 00:00:00,2024-07-08 00:00:00,CRM,NAT1187,78 Connaught Pl,Near Old Town,Chennai,Tamil Nadu,India,880768
CRM1588,Meena,Desai,meena.desai9@example.com,9196879759,1994-02-01 00:00:00,2024-12-01 00:00:00,CRM,NAT1588,78 Connaught Pl,Above Central Bank,Hyderabad,Telangana,India,368958
CRM1293,Ramesh,Singh,ramesh.singh79@example.com,9655789323,1984-10-15 00:00:00,2024-05-12 00:00:00,CRM,NAT1293,90 Karol Bagh Market,Near City Center,Mumbai,Maharashtra,India,120887
CRM1950,Meena,Dubey,meena.dubey33@example.com,9896465129,1993-09-17 00:00:00,2024-05-07 00:00:00,CRM,NAT1950,23 Brigade Rd,Near City Center,Chennai,Tamil Nadu,India,874379
CRM1067,Sneha,Menon,sneha.menon14@example.com,9312094443,1986-11-10 00:00:00,2024-06-11 00:00:00,CRM,NAT1067,90 Karol Bagh Market,Next to Market,Delhi,Delhi,India,995304
CRM1595,Shreya,Nair,shreya.nair20@example.com,9313323876,1992-09-05 00:00:00,2024-03-06 00:00:00,CRM,NAT1595,101 FC Rd,Near Metro Station,Chennai,Tamil Nadu,India,757681
CRM1579,Manish,Guptha,manish.guptha68@example.com,9911843890,1977-12-31 00:00:00,2025-06-04 00:00:00,CRM,NAT1579,44 Ashram Rd,Above Central Bank,Kolkata,West Bengal,India,833146
CRM1543,Vinay,Kaur,vinay.kaur20@example.com,9716745560,1982-04-13 00:00:00,2024-01-27 00:00:00,CRM,NAT1543,12 MG Rd,Near Metro Station,Kolkata,West Bengal,India,973723
CRM1520,Kavita,Kumar,kavita.kumar35@example.com,9043992952,1987-02-11 00:00:00,2024-09-18 00:00:00,CRM,NAT1520,45 Marine Dr,Above Central Bank,Ahmedabad,Gujarat,India,589187
CRM1049,Sachin,Rao,sachin.rao47@example.com,9647670508,1985-01-18 00:00:00,2024-01-29 00:00:00,CRM,NAT1049,101 FC Rd,Opposite Mall,Mumbai,Maharashtra,India,270666
CRM1621,Sanjay,Rao,sanjay.rao18@example.com,9945141701,1987-02-02 00:00:00,2025-04-29 00:00:00,CRM,NAT1621,77 Linking Rd,Next to Market,Bangalore,Karnataka,India,278738
CRM1754,Arvind,Verma,arvind.verma35@example.com,9939257290,1982-12-18 00:00:00,2025-08-31 00:00:00,CRM,NAT1754,23 Brigade Rd,Near Metro Station,Jaipur,Rajasthan,India,428258
CRM1789,Anita,Rao,anita.rao71@example.com,9816967506,1986-07-20 00:00:00,2026-01-10 00:00:00,CRM,NAT1789,78 Connaught Pl,Near Metro Station,Hyderabad,Telangana,India,659580
CRM1380,Priya,Mehta,priya.mehta44@example.com,9759741828,1996-06-22 00:00:00,2024-09-21 00:00:00,CRM,NAT1380,101 FC Rd,Near City Center,Bangalore,Karnataka,India,952319
CRM1921,Ajay,Shah,ajay.shah93@example.com,9979511571,1979-02-28 00:00:00,2025-01-10 00:00:00,CRM,NAT1921,34 JM Road,Near Old Town,Mumbai,Maharashtra,India,898063
CRM1055,Anjali,Tiwari,anjali.tiwari62@example.com,9629597320,1971-09-05 00:00:00,2024-10-24 00:00:00,CRM,NAT1055,78 Connaught Pl,Near Metro Station,Chennai,Tamil Nadu,India,815520
CRM1128,Shreya,Nair,shreya.nair90@example.com,9488103427,1992-02-17 00:00:00,2025-10-18 00:00:00,CRM,NAT1128,45 Marine Dr,Near Old Town,Jaipur,Rajasthan,India,492068
CRM1630,Alok,Patil,alok.patil43@example.com,9393841945,1992-12-29 00:00:00,2026-03-13 00:00:00,CRM,NAT1630,77 Linking Rd,Next to Market,Chennai,Tamil Nadu,India,841637
CRM1384,Sanjay,Gupta,sanjay.gupta82@example.com,9038241399,1996-09-22 00:00:00,2024-04-24 00:00:00,CRM,NAT1384,44 Ashram Rd,Above Central Bank,Jaipur,Rajasthan,India,138390
CRM1661,Lakshmi,Yadav,lakshmi.yadav72@example.com,9365885406,1995-11-23 00:00:00,2026-03-23 00:00:00,CRM,NAT1661,44 Ashram Rd,Above Central Bank,Jaipur,Rajasthan,India,303819
CRM1240,Shalini,Dubey,shalini.dubey57@example.com,9496846400,1970-10-10 00:00:00,2025-03-26 00:00:00,CRM,NAT1240,12 Residency Rd,Next to Market,Delhi,Delhi,India,138801
CRM1736,Vinay,Verma,vinay.verma72@example.com,9753818040,1988-12-10 00:00:00,2024-03-09 00:00:00,CRM,NAT1736,45 Marine Dr,,Chennai,Tamil Nadu,India,375540
CRM1761,Kavita,Verma,kavita.verma10@example.com,9271158137,1975-08-01 00:00:00,2025-01-20 00:00:00,CRM,NAT1761,67 Law Garden Rd,Near City Center,Surat,Gujarat,India,512175
CRM1773,Manish,Tiwari,manish.tiwari50@example.com,9479066243,1979-07-29 00:00:00,2024-08-25 00:00:00,CRM,NAT1773,45 Marine Dr,Near Old Town,Surat,Gujarat,India,185980
CRM1140,Divya,Iyer,divya.iyer25@example.com,9073700896,1982-06-19 00:00:00,2025-03-09 00:00:00,CRM,NAT1140,78 Connaught Pl,Above Central Bank,Chennai,Tamil Nadu,India,422066
CRM1542,Rahul,Rao,rahul.rao79@example.com,9612147489,1973-09-08 00:00:00,2024-11-27 00:00:00,CRM,NAT1542,101 FC Rd,Next to Market,Jaipur,Rajasthan,India,966264
CRM1929,Meena,Yadav,meena.yadav7@example.com,9246679107,1993-12-07 00:00:00,2024-04-25 00:00:00,CRM,NAT1929,23 Brigade Rd,Next to Market,Delhi,Delhi,India,513775
CRM1684,Neha,Agarwal,neha.agarwal86@example.com,9767448567,1988-08-12 00:00:00,2025-07-17 00:00:00,CRM,NAT1684,45 Marine Dr,,Bangalore,Karnataka,India,309845
CRM1911,Vinay,Iyer,vinay.iyer53@example.com,9574431163,1973-04-04 00:00:00,2024-04-15 00:00:00,CRM,NAT1911,34 JM Road,Near City Center,Hyderabad,Telangana,India,562716
CRM1772,Suresh,Srivastava,suresh.srivastava29@example.com,9300079362,1974-10-26 00:00:00,2024-01-04 00:00:00,CRM,NAT1772,101 FC Rd,Above Central Bank,Delhi,Delhi,India,423479
CRM1306,Jane,Singh,jane.singh92@example.com,9116290854,1990-04-15 00:00:00,2024-08-17 00:00:00,CRM,NAT1306,90 Karol Bagh Market,,Kolkata,West Bengal,India,516650
CRM1351,Sanjay,Verma,sanjay.verma63@example.com,9381342741,1995-12-17 00:00:00,2025-01-07 00:00:00,CRM,NAT1351,44 Ashram Rd,Near Old Town,Mumbai,Maharashtra,India,773003
CRM1936,Vinay,Singh,vinay.singh4@example.com,9832476600,1999-10-29 00:00:00,2025-12-08 00:00:00,CRM,NAT1936,12 Residency Rd,Near Old Town,Bangalore,Karnataka,India,948924
CRM1459,Alok,Chopra,alok.chopra57@example.com,9991714489,1982-10-01 00:00:00,2024-04-23 00:00:00,CRM,NAT1459,12 MG Rd,Near Metro Station,Ahmedabad,Gujarat,India,886249
CRM1541,Vinod,Bajaj,vinod.bajaj34@example.com,9156514450,1985-04-05 00:00:00,2025-06-29 00:00:00,CRM,NAT1541,44 Ashram Rd,Next to Market,Chennai,Tamil Nadu,India,239494
CRM1006,Karan,Verma,karan.verma29@example.com,9318218082,1982-01-17 00:00:00,2025-07-19 00:00:00,CRM,NAT1006,45 Marine Dr,Near Metro Station,Jaipur,Rajasthan,India,334807
CRM1568,Arjun,Bajaj,arjun.bajaj14@example.com,9374793903,2000-08-21 00:00:00,2024-07-03 00:00:00,CRM,NAT1568,90 Karol Bagh Market,Near City Center,Jaipur,Rajasthan,India,275516
CRM1312,Prakash,Chopra,prakash.chopra41@example.com,9700088933,1980-07-29 00:00:00,2024-11-25 00:00:00,CRM,NAT1312,12 MG Rd,Above Central Bank,Hyderabad,Telangana,India,606458
CRM1163,Arjun,Iyer,arjun.iyer75@example.com,9558429212,1985-05-26 00:00:00,2025-09-19 00:00:00,CRM,NAT1163,45 Marine Dr,Next to Market,Bangalore,Karnataka,India,933966
CRM1119,Meena,Menon,meena.menon89@example.com,9011704885,1984-10-02 00:00:00,2024-08-06 00:00:00,CRM,NAT1119,12 MG Rd,Near City Center,Ahmedabad,Gujarat,India,933868
CRM1042,Karan,Patil,karan.patil61@example.com,9441868896,1985-02-17 00:00:00,2025-03-30 00:00:00,CRM,NAT1042,88 Worli Sea Face,Above Central Bank,Jaipur,Rajasthan,India,829019
CRM1740,Sunil,Iyer,sunil.iyer39@example.com,9143038324,1987-07-12 00:00:00,2024-01-12 00:00:00,CRM,NAT1740,44 Ashram Rd,,Delhi,Delhi,India,634979
CRM1842,Shalini,Banerjee,shalini.banerjee63@example.com,9940083468,1985-01-03 00:00:00,2024-05-31 00:00:00,CRM,NAT1842,12 Residency Rd,Near Metro Station,Mumbai,Maharashtra,India,351682
CRM1870,Rajiv,Gupta,rajiv.gupta11@example.com,9143966889,1974-04-22 00:00:00,2025-08-31 00:00:00,CRM,NAT1870,23 Brigade Rd,Near City Center,Hyderabad,Telangana,India,903340
CRM1216,Alok,Guptha,alok.guptha14@example.com,9038225296,1992-04-11 00:00:00,2025-06-03 00:00:00,CRM,NAT1216,101 FC Rd,Above Central Bank,Bangalore,Karnataka,India,467271
CRM1637,Priya,Desai,priya.desai92@example.com,9098339644,1970-03-04 00:00:00,2025-03-19 00:00:00,CRM,NAT1637,88 Worli Sea Face,Above Central Bank,Mumbai,Maharashtra,India,344397
CRM1147,Meena,Kaur,meena.kaur7@example.com,9961061708,1971-08-08 00:00:00,2025-08-12 00:00:00,CRM,NAT1147,55 MI Rd,Near Metro Station,Mumbai,Maharashtra,India,169045
CRM1895,Sanjay,Malhotra,sanjay.malhotra82@example.com,9156675553,1979-04-11 00:00:00,2025-02-02 00:00:00,CRM,NAT1895,44 Ashram Rd,Near Metro Station,Pune,Maharashtra,India,798201
CRM1575,Prakash,Menon,prakash.menon14@example.com,9345223567,1995-03-06 00:00:00,2025-05-10 00:00:00,CRM,NAT1575,90 Karol Bagh Market,Next to Market,Hyderabad,Telangana,India,420756
CRM1435,Anita,Dubey,anita.dubey8@example.com,9479568368,1995-06-03 00:00:00,2025-06-19 00:00:00,CRM,NAT1435,101 FC Rd,Near Metro Station,Mumbai,Maharashtra,India,368511
CRM1497,Rekha,Guptha,rekha.guptha43@example.com,9762851119,1990-09-24 00:00:00,2025-11-15 00:00:00,CRM,NAT1497,90 Karol Bagh Market,Near City Center,Jaipur,Rajasthan,India,642013
CRM1642,Rekha,Dubey,rekha.dubey97@example.com,9244507704,1977-04-15 00:00:00,2025-02-08 00:00:00,CRM,NAT1642,34 JM Road,Near Old Town,Ahmedabad,Gujarat,India,721080
CRM1498,Vikas,Srivastava,vikas.srivastava98@example.com,9965865279,1975-11-28 00:00:00,2024-12-01 00:00:00,CRM,NAT1498,77 Linking Rd,Opposite Mall,Jaipur,Rajasthan,India,793320
CRM1814,Suresh,Bajaj,suresh.bajaj15@example.com,9085866627,2000-01-11 00:00:00,2025-04-15 00:00:00,CRM,NAT1814,88 Worli Sea Face,Opposite Mall,Hyderabad,Telangana,India,746759
CRM1586,Alok,Pandey,alok.pandey63@example.com,9272113539,1996-12-02 00:00:00,2024-01-11 00:00:00,CRM,NAT1586,34 JM Road,Above Central Bank,Pune,Maharashtra,India,514678
CRM1447,Anita,Pandey,anita.pandey25@example.com,9836221327,1974-11-17 00:00:00,2026-02-20 00:00:00,CRM,NAT1447,101 FC Rd,Near Metro Station,Delhi,Delhi,India,422122
CRM1188,Harish,Desai,harish.desai95@example.com,9751220552,1994-07-10 00:00:00,2024-07-24 00:00:00,CRM,NAT1188,12 MG Rd,Next to Market,Kolkata,West Bengal,India,404124
CRM1564,Rajiv,Gupta,rajiv.gupta40@example.com,9029692778,1995-06-26 00:00:00,2025-07-30 00:00:00,CRM,NAT1564,44 Ashram Rd,Near Old Town,Chennai,Tamil Nadu,India,172759
CRM1522,Sachin,Kumar,sachin.kumar77@example.com,9928878021,1986-04-07 00:00:00,2024-09-04 00:00:00,CRM,NAT1522,67 Law Garden Rd,Near Old Town,Surat,Gujarat,India,797209
CRM1441,Manish,Dubey,manish.dubey93@example.com,9951890901,1989-11-09 00:00:00,2026-03-07 00:00:00,CRM,NAT1441,34 JM Road,Near Metro Station,Mumbai,Maharashtra,India,717545
CRM1054,Sachin,Gupta,sachin.gupta95@example.com,9540713195,1974-07-13 00:00:00,2025-05-29 00:00:00,CRM,NAT1054,88 Worli Sea Face,Near Old Town,Chennai,Tamil Nadu,India,257482
CRM1365,Kavita,Iyer,kavita.iyer39@example.com,9330204342,1973-08-09 00:00:00,2024-07-08 00:00:00,CRM,NAT1365,101 FC Rd,Near Old Town,Delhi,Delhi,India,313198
CRM1595,Shreya,Nair,shreya.nair20@example.com,9313323876,1992-09-05 00:00:00,2024-03-06 00:00:00,CRM,NAT1595,101 FC Rd,Near Metro Station,Chennai,Tamil Nadu,India,757681
CRM1261,Meena,Banerjee,meena.banerjee98@example.com,9595474430,1991-01-29 00:00:00,2026-01-30 00:00:00,CRM,NAT1261,45 Marine Dr,Near Metro Station,Jaipur,Rajasthan,India,135730
CRM1224,Ajay,Patel,ajay.patel62@example.com,9706074176,1975-06-29 00:00:00,2025-11-03 00:00:00,CRM,NAT1224,45 Marine Dr,,Chennai,Tamil Nadu,India,362352
CRM1180,Sachin,Pandey,sachin.pandey73@example.com,9516972219,2000-12-23 00:00:00,2024-12-05 00:00:00,CRM,NAT1180,67 Law Garden Rd,,Jaipur,Rajasthan,India,227341
CRM1103,Seema,Dubey,seema.dubey15@example.com,9492984637,1996-09-24 00:00:00,2024-05-05 00:00:00,CRM,NAT1103,45 Marine Dr,Near Metro Station,Mumbai,Maharashtra,India,396183
CRM1218,Pooja,Chopra,pooja.chopra49@example.com,9732228806,2000-08-31 00:00:00,2026-01-25 00:00:00,CRM,NAT1218,12 Residency Rd,Near City Center,Surat,Gujarat,India,605595
CRM1329,Meera,Joshi,meera.joshi98@example.com,9125946154,1980-10-19 00:00:00,2025-07-27 00:00:00,CRM,NAT1329,77 Linking Rd,Next to Market,Kolkata,West Bengal,India,911513
CRM1075,Sanjay,Dubey,sanjay.dubey68@example.com,9229893386,2000-01-15 00:00:00,2024-09-22 00:00:00,CRM,NAT1075,78 Connaught Pl,Near Old Town,Chennai,Tamil Nadu,India,156352
CRM1467,Meera,Yadav,meera.yadav63@example.com,9303489287,1995-10-14 00:00:00,2024-12-07 00:00:00,CRM,NAT1467,34 JM Road,,Kolkata,West Bengal,India,870109
CRM1702,Kavita,Iyer,kavita.iyer51@example.com,9728017647,1986-12-06 00:00:00,2024-01-31 00:00:00,CRM,NAT1702,12 Residency Rd,Next to Market,Mumbai,Maharashtra,India,553496
CRM1158,Ravi,Srivastava,ravi.srivastava85@example.com,9920149664,1996-09-21 00:00:00,2025-05-10 00:00:00,CRM,NAT1158,45 Marine Dr,Opposite Mall,Kolkata,West Bengal,India,819096
CRM1396,Vinod,Gupta,vinod.gupta50@example.com,9510674706,1995-01-06 00:00:00,2024-01-13 00:00:00,CRM,NAT1396,44 Ashram Rd,Opposite Mall,Kolkata,West Bengal,India,435169
CRM1805,Arjun,Bajaj,arjun.bajaj22@example.com,9011871482,1974-07-18 00:00:00,2024-05-29 00:00:00,CRM,NAT1805,56 Chandni Chowk,Above Central Bank,Kolkata,West Bengal,India,688869
CRM1091,John,Yadav,john.yadav53@example.com,9974950669,1998-12-05 00:00:00,2025-12-21 00:00:00,CRM,NAT1091,88 Worli Sea Face,Above Central Bank,Hyderabad,Telangana,India,515035
CRM1623,Vikas,Sharma,vikas.sharma11@example.com,9951862149,1986-08-06 00:00:00,2024-03-11 00:00:00,CRM,NAT1623,78 Connaught Pl,Near Metro Station,Ahmedabad,Gujarat,India,754344
CRM1408,Deepak,Mishra,deepak.mishra88@example.com,9974185433,1974-05-30 00:00:00,2025-01-27 00:00:00,CRM,NAT1408,90 Karol Bagh Market,Above Central Bank,Delhi,Delhi,India,538409
CRM1400,Sanjay,Malhotra,sanjay.malhotra4@example.com,9167396883,1998-01-11 00:00:00,2025-08-21 00:00:00,CRM,NAT1400,78 Connaught Pl,Near City Center,Hyderabad,Telangana,India,468706
CRM1370,Amit,Chopra,amit.chopra45@example.com,9524318145,2000-01-19 00:00:00,2026-01-28 00:00:00,CRM,NAT1370,90 Karol Bagh Market,,Mumbai,Maharashtra,India,332463
CRM1209,Vinod,Chopra,vinod.chopra3@example.com,9240540953,1983-01-02 00:00:00,2024-09-14 00:00:00,CRM,NAT1209,77 Linking Rd,Above Central Bank,Ahmedabad,Gujarat,India,475290
CRM1802,Shreya,Kaur,shreya.kaur82@example.com,9990791755,1974-07-18 00:00:00,2024-10-29 00:00:00,CRM,NAT1802,44 Ashram Rd,,Delhi,Delhi,India,467583
CRM1057,Suresh,Reddy,suresh.reddy94@example.com,9653628442,1999-03-22 00:00:00,2025-06-19 00:00:00,CRM,NAT1057,88 Worli Sea Face,Opposite Mall,Kolkata,West Bengal,India,569217
CRM1198,Suresh,Kaur,suresh.kaur86@example.com,9114053320,1992-05-27 00:00:00,2025-11-26 00:00:00,CRM,NAT1198,12 MG Rd,Opposite Mall,Mumbai,Maharashtra,India,896822
CRM1771,Prakash,Rao,prakash.rao32@example.com,9907722302,1988-03-25 00:00:00,2024-08-14 00:00:00,CRM,NAT1771,101 FC Rd,Next to Market,Mumbai,Maharashtra,India,739219
CRM1019,Rajiv,Singh,rajiv.singh17@example.com,9266656201,1973-10-01 00:00:00,2024-10-01 00:00:00,CRM,NAT1019,78 Connaught Pl,Above Central Bank,Bangalore,Karnataka,India,728765
CRM1437,Sneha,Verma,sneha.verma96@example.com,9204026156,1972-11-09 00:00:00,2024-05-15 00:00:00,CRM,NAT1437,23 Brigade Rd,Opposite Mall,Mumbai,Maharashtra,India,163821
CRM1132,Rohit,Yadav,rohit.yadav35@example.com,9750185649,1977-08-22 00:00:00,2024-05-21 00:00:00,CRM,NAT1132,90 Karol Bagh Market,Next to Market,Chennai,Tamil Nadu,India,225725
CRM1120,Meera,Srivastava,meera.srivastava72@example.com,9071119440,1987-04-19 00:00:00,2024-10-17 00:00:00,CRM,NAT1120,90 Karol Bagh Market,Near Metro Station,Pune,Maharashtra,India,652874
CRM1099,Manish,Menon,manish.menon20@example.com,9029869705,1997-09-22 00:00:00,2025-12-25 00:00:00,CRM,NAT1099,23 Brigade Rd,,Surat,Gujarat,India,699569
CRM1711,Deepak,Kapoor,deepak.kapoor88@example.com,9176390168,1971-12-02 00:00:00,2024-12-17 00:00:00,CRM,NAT1711,23 Brigade Rd,Near Old Town,Kolkata,West Bengal,India,755425
CRM1063,Lakshmi,Verma,lakshmi.verma84@example.com,9992310076,1976-04-20 00:00:00,2024-05-06 00:00:00,CRM,NAT1063,90 Karol Bagh Market,Next to Market,Hyderabad,Telangana,India,141515
CRM1048,Amit,Pandey,amit.pandey22@example.com,9058703244,1986-08-31 00:00:00,2025-10-24 00:00:00,CRM,NAT1048,77 Linking Rd,Near Metro Station,Chennai,Tamil Nadu,India,383031
CRM1446,Arvind,Singh,arvind.singh87@example.com,9327105761,1974-03-30 00:00:00,2025-03-29 00:00:00,CRM,NAT1446,44 Ashram Rd,Above Central Bank,Chennai,Tamil Nadu,India,820328
CRM1439,Shreya,Gupta,shreya.gupta26@example.com,9513569694,1975-03-23 00:00:00,2025-03-28 00:00:00,CRM,NAT1439,45 Marine Dr,Next to Market,Mumbai,Maharashtra,India,306984
CRM1927,Rohit,Pandey,rohit.pandey36@example.com,9339012725,1981-09-03 00:00:00,2025-09-12 00:00:00,CRM,NAT1927,101 FC Rd,Above Central Bank,Hyderabad,Telangana,India,937080
CRM1899,Karan,Kumar,karan.kumar59@example.com,9373493559,1983-08-08 00:00:00,2025-10-21 00:00:00,CRM,NAT1899,101 FC Rd,Next to Market,Surat,Gujarat,India,310684
CRM1244,Meena,Mishra,meena.mishra24@example.com,9734913342,1992-09-24 00:00:00,2025-03-26 00:00:00,CRM,NAT1244,90 Karol Bagh Market,Opposite Mall,Bangalore,Karnataka,India,143993
CRM1786,Sunita,Joshi,sunita.joshi67@example.com,9071703302,1980-05-26 00:00:00,2024-04-04 00:00:00,CRM,NAT1786,90 Karol Bagh Market,,Delhi,Delhi,India,700424
CRM1022,Harish,Shah,harish.shah89@example.com,9287179376,1998-02-23 00:00:00,2025-07-10 00:00:00,CRM,NAT1022,45 Marine Dr,,Kolkata,West Bengal,India,964996
CRM1646,Manish,Kumar,manish.kumar2@example.com,9799152426,2000-04-04 00:00:00,2024-03-31 00:00:00,CRM,NAT1646,44 Ashram Rd,Near City Center,Hyderabad,Telangana,India,908856
CRM1376,Amit,Yadav,amit.yadav21@example.com,9342551325,1975-10-11 00:00:00,2025-08-11 00:00:00,CRM,NAT1376,23 Brigade Rd,Next to Market,Bangalore,Karnataka,India,819636
CRM1044,Divya,Desai,divya.desai51@example.com,9894083442,1989-01-01 00:00:00,2025-11-27 00:00:00,CRM,NAT1044,12 MG Rd,Near City Center,Bangalore,Karnataka,India,845964
CRM1766,Alok,Mehta,alok.mehta96@example.com,9737364568,1988-12-26 00:00:00,2024-07-28 00:00:00,CRM,NAT1766,12 Residency Rd,Above Central Bank,Mumbai,Maharashtra,India,694088
CRM1801,Prakash,Nair,prakash.nair92@example.com,9499509746,1986-09-01 00:00:00,2024-07-28 00:00:00,CRM,NAT1801,12 MG Rd,Near Metro Station,Hyderabad,Telangana,India,535997
CRM1549,Sachin,Bajaj,sachin.bajaj91@example.com,9510819473,1994-01-06 00:00:00,2024-11-17 00:00:00,CRM,NAT1549,45 Marine Dr,Near Old Town,Kolkata,West Bengal,India,966431
CRM1533,Sanjay,Yadav,sanjay.yadav42@example.com,9491993412,1998-06-23 00:00:00,2024-09-26 00:00:00,CRM,NAT1533,88 Worli Sea Face,Near Old Town,Bangalore,Karnataka,India,268393
CRM1134,Karan,Reddy,karan.reddy74@example.com,9513170015,1999-08-31 00:00:00,2025-05-16 00:00:00,CRM,NAT1134,55 MI Rd,Opposite Mall,Pune,Maharashtra,India,910175
CRM1302,Seema,Yadav,seema.yadav25@example.com,9892785957,1997-03-03 00:00:00,2024-11-15 00:00:00,CRM,NAT1302,88 Worli Sea Face,Opposite Mall,Chennai,Tamil Nadu,India,545804
CRM1695,Harish,Kumar,harish.kumar14@example.com,9949630539,1970-01-05 00:00:00,2024-02-01 00:00:00,CRM,NAT1695,90 Karol Bagh Market,,Surat,Gujarat,India,998803
CRM1764,Vinod,Rao,vinod.rao56@example.com,9415414277,1984-01-18 00:00:00,2024-05-02 00:00:00,CRM,NAT1764,78 Connaught Pl,Near Metro Station,Hyderabad,Telangana,India,228887
CRM1713,Ramesh,Pandey,ramesh.pandey11@example.com,9884165585,1988-10-17 00:00:00,2024-04-24 00:00:00,CRM,NAT1713,23 Brigade Rd,Near City Center,Chennai,Tamil Nadu,India,144017
CRM1038,Sunil,Shah,sunil.shah16@example.com,9747088874,1976-06-02 00:00:00,2025-01-21 00:00:00,CRM,NAT1038,56 Chandni Chowk,,Delhi,Delhi,India,829937
CRM1262,Manish,Menon,manish.menon10@example.com,9142139534,1993-02-05 00:00:00,2025-06-26 00:00:00,CRM,NAT1262,77 Linking Rd,Next to Market,Delhi,Delhi,India,471581
CRM1095,Harish,Chopra,harish.chopra25@example.com,9661712635,1998-11-28 00:00:00,2025-02-06 00:00:00,CRM,NAT1095,67 Law Garden Rd,,Chennai,Tamil Nadu,India,940257
CRM1824,Harish,Joshi,harish.joshi79@example.com,9863856991,1977-05-25 00:00:00,2024-12-10 00:00:00,CRM,NAT1824,78 Connaught Pl,Near City Center,Pune,Maharashtra,India,443034
CRM1429,Karan,Nair,karan.nair80@example.com,9966371949,1977-08-23 00:00:00,2024-12-18 00:00:00,CRM,NAT1429,34 JM Road,Near Metro Station,Hyderabad,Telangana,India,715656
CRM1346,Priya,Tiwari,priya.tiwari12@example.com,9124835032,1974-01-23 00:00:00,2024-07-05 00:00:00,CRM,NAT1346,56 Chandni Chowk,,Hyderabad,Telangana,India,294677
CRM1344,Rekha,Kapoor,rekha.kapoor36@example.com,9653403071,1978-11-30 00:00:00,2025-12-06 00:00:00,CRM,NAT1344,23 Brigade Rd,Next to Market,Bangalore,Karnataka,India,281370
CRM1282,Kavita,Agarwal,kavita.agarwal94@example.com,9533355916,1982-09-05 00:00:00,2024-05-14 00:00:00,CRM,NAT1282,101 FC Rd,Above Central Bank,Delhi,Delhi,India,193020
CRM1463,Meera,Dubey,meera.dubey99@example.com,9478717454,1979-08-21 00:00:00,2024-07-07 00:00:00,CRM,NAT1463,44 Ashram Rd,Next to Market,Ahmedabad,Gujarat,India,338742
CRM1246,John,Chopra,john.chopra77@example.com,9252003839,1985-09-08 00:00:00,2024-04-21 00:00:00,CRM,NAT1246,45 Marine Dr,Near City Center,Bangalore,Karnataka,India,565371
CRM1076,Priya,Srivastava,priya.srivastava44@example.com,9808716628,1983-04-27 00:00:00,2024-06-17 00:00:00,CRM,NAT1076,101 FC Rd,Opposite Mall,Chennai,Tamil Nadu,India,539459
CRM1152,Arvind,Desai,arvind.desai43@example.com,9966227216,1990-06-03 00:00:00,2024-05-25 00:00:00,CRM,NAT1152,12 Residency Rd,Above Central Bank,Delhi,Delhi,India,597654
CRM1882,Jane,Nair,jane.nair14@example.com,9283770911,1977-02-14 00:00:00,2025-08-28 00:00:00,CRM,NAT1882,23 Brigade Rd,Near Old Town,Kolkata,West Bengal,India,359602
CRM1617,John,Iyer,john.iyer28@example.com,9330242008,1972-12-17 00:00:00,2025-01-06 00:00:00,CRM,NAT1617,90 Karol Bagh Market,Opposite Mall,Delhi,Delhi,India,711790
CRM1907,Arjun,Guptha,arjun.guptha33@example.com,9747353229,1982-03-14 00:00:00,2025-08-23 00:00:00,CRM,NAT1907,101 FC Rd,Above Central Bank,Chennai,Tamil Nadu,India,521478
CRM1221,Shreya,Kaur,shreya.kaur12@example.com,9632023202,1970-06-14 00:00:00,2024-08-20 00:00:00,CRM,NAT1221,77 Linking Rd,Above Central Bank,Pune,Maharashtra,India,889125
CRM1162,Karan,Desai,karan.desai87@example.com,9374569525,1984-11-09 00:00:00,2025-02-04 00:00:00,CRM,NAT1162,90 Karol Bagh Market,Next to Market,Jaipur,Rajasthan,India,389666
CRM1888,Neha,Verma,neha.verma79@example.com,9919273299,1975-08-05 00:00:00,2025-12-24 00:00:00,CRM,NAT1888,77 Linking Rd,Opposite Mall,Pune,Maharashtra,India,779831
CRM1175,Divya,Bajaj,divya.bajaj60@example.com,9380312748,1989-03-08 00:00:00,2025-04-22 00:00:00,CRM,NAT1175,77 Linking Rd,Next to Market,Ahmedabad,Gujarat,India,583691
CRM1200,Arvind,Shah,arvind.shah33@example.com,9122915292,1971-09-06 00:00:00,2026-02-06 00:00:00,CRM,NAT1200,45 Marine Dr,Next to Market,Surat,Gujarat,India,900432
CRM1418,Anita,Patil,anita.patil57@example.com,9516263188,1972-09-06 00:00:00,2024-10-26 00:00:00,CRM,NAT1418,88 Worli Sea Face,Next to Market,Bangalore,Karnataka,India,968543
CRM1775,Anita,Singh,anita.singh27@example.com,9946832310,2000-03-15 00:00:00,2025-05-18 00:00:00,CRM,NAT1775,77 Linking Rd,Near Old Town,Jaipur,Rajasthan,India,649386
CRM1143,Meena,Bajaj,meena.bajaj11@example.com,9380562915,1989-05-10 00:00:00,2024-08-05 00:00:00,CRM,NAT1143,78 Connaught Pl,Next to Market,Kolkata,West Bengal,India,626584
CRM1861,Ravi,Rao,ravi.rao99@example.com,9896779824,1993-12-24 00:00:00,2025-04-21 00:00:00,CRM,NAT1861,23 Brigade Rd,,Kolkata,West Bengal,India,604618
CRM1864,Suresh,Mehta,suresh.mehta21@example.com,9560586335,2000-12-06 00:00:00,2025-07-01 00:00:00,CRM,NAT1864,101 FC Rd,Next to Market,Ahmedabad,Gujarat,India,894101
CRM1352,Karan,Kapoor,karan.kapoor5@example.com,9896278276,1996-04-02 00:00:00,2025-01-29 00:00:00,CRM,NAT1352,78 Connaught Pl,Near City Center,Delhi,Delhi,India,696337
CRM1489,Ramesh,Joshi,ramesh.joshi81@example.com,9400703398,1981-11-23 00:00:00,2025-09-28 00:00:00,CRM,NAT1489,44 Ashram Rd,,Chennai,Tamil Nadu,India,921316
CRM1543,Vinay,Kaur,vinay.kaur20@example.com,9716745560,1982-04-13 00:00:00,2024-01-27 00:00:00,CRM,NAT1543,12 MG Rd,Near Metro Station,Kolkata,West Bengal,India,973723
CRM1407,Sanjay,Desai,sanjay.desai52@example.com,9309675531,1970-02-24 00:00:00,2025-06-29 00:00:00,CRM,NAT1407,67 Law Garden Rd,Opposite Mall,Delhi,Delhi,India,899995
CRM1237,Harish,Mehta,harish.mehta36@example.com,9858552071,2000-08-14 00:00:00,2024-10-07 00:00:00,CRM,NAT1237,45 Marine Dr,Near Metro Station,Bangalore,Karnataka,India,908807
CRM1893,Rajiv,Banerjee,rajiv.banerjee44@example.com,9221548851,1990-01-20 00:00:00,2024-05-27 00:00:00,CRM,NAT1893,78 Connaught Pl,Above Central Bank,Mumbai,Maharashtra,India,779438
CRM1300,Alok,Dubey,alok.dubey10@example.com,9079339044,1992-08-18 00:00:00,2026-01-09 00:00:00,CRM,NAT1300,56 Chandni Chowk,Near Old Town,Mumbai,Maharashtra,India,868227
CRM1553,Kavita,Kumar,kavita.kumar9@example.com,9771879492,1982-05-21 00:00:00,2025-08-06 00:00:00,CRM,NAT1553,55 MI Rd,Above Central Bank,Ahmedabad,Gujarat,India,128916
CRM1637,Priya,Desai,priya.desai92@example.com,9098339644,1970-03-04 00:00:00,2025-03-19 00:00:00,CRM,NAT1637,88 Worli Sea Face,Above Central Bank,Mumbai,Maharashtra,India,344397
CRM1294,Anjali,Yadav,anjali.yadav12@example.com,9837984119,1984-12-13 00:00:00,2024-12-27 00:00:00,CRM,NAT1294,88 Worli Sea Face,Near Old Town,Chennai,Tamil Nadu,India,679751
CRM1589,Amit,Joshi,amit.joshi37@example.com,9305699476,1995-07-29 00:00:00,2024-09-24 00:00:00,CRM,NAT1589,45 Marine Dr,Near Old Town,Kolkata,West Bengal,India,225200
CRM1151,Divya,Bajaj,divya.bajaj62@example.com,9793592650,1983-09-12 00:00:00,2025-12-05 00:00:00,CRM,NAT1151,101 FC Rd,Near Metro Station,Surat,Gujarat,India,430419
CRM1948,Vinod,Dubey,vinod.dubey72@example.com,9493946637,1997-09-22 00:00:00,2024-12-29 00:00:00,CRM,NAT1948,88 Worli Sea Face,,Surat,Gujarat,India,909884
CRM1915,Harish,Shah,harish.shah89@example.com,9297513996,1994-04-09 00:00:00,2024-06-20 00:00:00,CRM,NAT1915,34 JM Road,Near Old Town,Hyderabad,Telangana,India,829671
CRM1910,Manish,Chopra,manish.chopra89@example.com,9081892436,1974-08-18 00:00:00,2025-08-01 00:00:00,CRM,NAT1910,78 Connaught Pl,Near Metro Station,Bangalore,Karnataka,India,530687
CRM1073,Manish,Agarwal,manish.agarwal7@example.com,9227088752,1971-01-11 00:00:00,2026-02-15 00:00:00,CRM,NAT1073,34 JM Road,Next to Market,Pune,Maharashtra,India,382956
CRM1619,Suresh,Srivastava,suresh.srivastava21@example.com,9445802434,1975-04-25 00:00:00,2025-06-29 00:00:00,CRM,NAT1619,90 Karol Bagh Market,Next to Market,Delhi,Delhi,India,265969
CRM1319,Ajay,Desai,ajay.desai92@example.com,9890570076,1991-04-04 00:00:00,2024-01-11 00:00:00,CRM,NAT1319,44 Ashram Rd,Next to Market,Kolkata,West Bengal,India,287931
CRM1218,Pooja,Chopra,pooja.chopra49@example.com,9732228806,2000-08-31 00:00:00,2026-01-25 00:00:00,CRM,NAT1218,12 Residency Rd,Near City Center,Surat,Gujarat,India,605595
CRM1060,Sachin,Yadav,sachin.yadav19@example.com,9822826944,1983-11-20 00:00:00,2025-07-14 00:00:00,CRM,NAT1060,67 Law Garden Rd,Near Old Town,Bangalore,Karnataka,India,919405
CRM1897,Suresh,Shah,suresh.shah96@example.com,9492576501,1993-07-08 00:00:00,2024-10-23 00:00:00,CRM,NAT1897,101 FC Rd,Next to Market,Bangalore,Karnataka,India,215780
CRM1355,Vinay,Bajaj,vinay.bajaj67@example.com,9706878792,1998-04-24 00:00:00,2024-07-09 00:00:00,CRM,NAT1355,12 MG Rd,Near Metro Station,Mumbai,Maharashtra,India,589943
CRM1781,Manish,Guptha,manish.guptha55@example.com,9096057919,1989-08-14 00:00:00,2024-09-18 00:00:00,CRM,NAT1781,44 Ashram Rd,Near Metro Station,Hyderabad,Telangana,India,382194
CRM1885,Divya,Kaur,divya.kaur1@example.com,9731659709,1993-06-17 00:00:00,2024-10-06 00:00:00,CRM,NAT1885,90 Karol Bagh Market,Near Old Town,Chennai,Tamil Nadu,India,865304
CRM1377,Deepak,Menon,deepak.menon84@example.com,9719616320,1988-01-08 00:00:00,2025-03-08 00:00:00,CRM,NAT1377,88 Worli Sea Face,,Hyderabad,Telangana,India,417670
CRM1402,Rahul,Bajaj,rahul.bajaj17@example.com,9406334876,1997-03-27 00:00:00,2024-05-06 00:00:00,CRM,NAT1402,45 Marine Dr,Next to Market,Kolkata,West Bengal,India,328909
CRM1219,Shreya,Nair,shreya.nair90@example.com,9134472630,1989-04-11 00:00:00,2025-12-19 00:00:00,CRM,NAT1219,77 Linking Rd,Near City Center,Chennai,Tamil Nadu,India,244462
CRM1697,Shreya,Sharma,shreya.sharma83@example.com,9204854311,1988-12-25 00:00:00,2026-01-29 00:00:00,CRM,NAT1697,44 Ashram Rd,,Pune,Maharashtra,India,393578
CRM1636,Ravi,Yadav,ravi.yadav79@example.com,9130973310,1972-07-09 00:00:00,2025-12-22 00:00:00,CRM,NAT1636,78 Connaught Pl,Near Metro Station,Mumbai,Maharashtra,India,882304
CRM1004,Divya,Nair,divya.nair50@example.com,9430408291,1997-03-28 00:00:00,2024-10-05 00:00:00,CRM,NAT1004,101 FC Rd,Near Metro Station,Kolkata,West Bengal,India,103775
CRM1426,Arjun,Agarwal,arjun.agarwal87@example.com,9316624578,1976-12-05 00:00:00,2026-01-31 00:00:00,CRM,NAT1426,88 Worli Sea Face,Above Central Bank,Hyderabad,Telangana,India,234797
CRM1726,Sachin,Kapoor,sachin.kapoor96@example.com,9362261918,1980-10-29 00:00:00,2025-09-10 00:00:00,CRM,NAT1726,12 MG Rd,,Chennai,Tamil Nadu,India,438556
CRM1123,Prakash,Agarwal,prakash.agarwal36@example.com,9452300048,1975-05-08 00:00:00,2024-05-07 00:00:00,CRM,NAT1123,12 MG Rd,Near Metro Station,Bangalore,Karnataka,India,730645
CRM1611,Rohit,Banerjee,rohit.banerjee26@example.com,9233193248,1985-02-23 00:00:00,2025-07-18 00:00:00,CRM,NAT1611,78 Connaught Pl,Above Central Bank,Bangalore,Karnataka,India,502957
CRM1291,Amit,Yadav,amit.yadav55@example.com,9428078864,1981-09-11 00:00:00,2024-02-25 00:00:00,CRM,NAT1291,55 MI Rd,Next to Market,Hyderabad,Telangana,India,863559
CRM1041,Rajiv,Tiwari,rajiv.tiwari20@example.com,9821861006,1978-03-08 00:00:00,2025-04-26 00:00:00,CRM,NAT1041,56 Chandni Chowk,Near Metro Station,Chennai,Tamil Nadu,India,884447
CRM1271,Rohit,Gupta,rohit.gupta45@example.com,9305791966,1977-06-06 00:00:00,2024-05-01 00:00:00,CRM,NAT1271,55 MI Rd,Opposite Mall,Mumbai,Maharashtra,India,610274
CRM1510,Karan,Desai,karan.desai21@example.com,9107522432,2000-07-09 00:00:00,2024-06-18 00:00:00,CRM,NAT1510,34 JM Road,Above Central Bank,Ahmedabad,Gujarat,India,748213
CRM1720,Arvind,Kumar,arvind.kumar58@example.com,9127724737,1988-12-04 00:00:00,2025-01-01 00:00:00,CRM,NAT1720,34 JM Road,Next to Market,Jaipur,Rajasthan,India,111081
CRM1653,Ramesh,Rao,ramesh.rao51@example.com,9507115620,1976-09-21 00:00:00,2024-10-04 00:00:00,CRM,NAT1653,44 Ashram Rd,Near Metro Station,Bangalore,Karnataka,India,122733
CRM1484,Arjun,Kaur,arjun.kaur84@example.com,9691040857,1987-06-25 00:00:00,2025-04-27 00:00:00,CRM,NAT1484,12 Residency Rd,Opposite Mall,Mumbai,Maharashtra,India,865071
CRM1342,Ravi,Pandey,ravi.pandey91@example.com,9181691657,1996-04-28 00:00:00,2026-01-09 00:00:00,CRM,NAT1342,44 Ashram Rd,Near City Center,Ahmedabad,Gujarat,India,114859
CRM1371,Vinod,Desai,vinod.desai48@example.com,9388995663,1985-03-31 00:00:00,2025-05-28 00:00:00,CRM,NAT1371,67 Law Garden Rd,,Pune,Maharashtra,India,740225
CRM1246,John,Chopra,john.chopra77@example.com,9252003839,1985-09-08 00:00:00,2024-04-21 00:00:00,CRM,NAT1246,45 Marine Dr,Near City Center,Bangalore,Karnataka,India,565371
CRM1251,Divya,Patil,divya.patil75@example.com,9765406379,1985-06-07 00:00:00,2024-08-08 00:00:00,CRM,NAT1251,77 Linking Rd,Near Old Town,Kolkata,West Bengal,India,710990
CRM1014,Sunil,Guptha,sunil.guptha48@example.com,9159272622,1991-06-28 00:00:00,2024-04-05 00:00:00,CRM,NAT1014,12 MG Rd,Near Metro Station,Chennai,Tamil Nadu,India,581705
CRM1537,Prakash,Mishra,prakash.mishra97@example.com,9410917117,1979-01-26 00:00:00,2024-09-28 00:00:00,CRM,NAT1537,67 Law Garden Rd,Above Central Bank,Delhi,Delhi,India,609021
CRM1612,Karan,Banerjee,karan.banerjee57@example.com,9025593061,1979-04-06 00:00:00,2025-01-30 00:00:00,CRM,NAT1612,90 Karol Bagh Market,Above Central Bank,Delhi,Delhi,India,280712
CRM1131,Shalini,Srivastava,shalini.srivastava15@example.com,9051543246,1983-08-26 00:00:00,2024-03-17 00:00:00,CRM,NAT1131,55 MI Rd,Opposite Mall,Bangalore,Karnataka,India,821338
CRM1563,Shreya,Chopra,shreya.chopra88@example.com,9400663522,1974-04-14 00:00:00,2024-06-21 00:00:00,CRM,NAT1563,12 Residency Rd,Near City Center,Bangalore,Karnataka,India,113189
CRM1115,Rahul,Banerjee,rahul.banerjee73@example.com,9378940142,1986-10-10 00:00:00,2025-10-09 00:00:00,CRM,NAT1115,67 Law Garden Rd,,Pune,Maharashtra,India,571233
CRM1425,Sunil,Srivastava,sunil.srivastava73@example.com,9389472182,1983-01-24 00:00:00,2024-11-10 00:00:00,CRM,NAT1425,56 Chandni Chowk,Near Metro Station,Ahmedabad,Gujarat,India,695213
CRM1873,Neha,Shah,neha.shah8@example.com,9322342791,1999-10-28 00:00:00,2024-05-20 00:00:00,CRM,NAT1873,56 Chandni Chowk,Opposite Mall,Mumbai,Maharashtra,India,955316
CRM1343,Amit,Banerjee,amit.banerjee9@example.com,9207167679,1992-06-30 00:00:00,2024-05-31 00:00:00,CRM,NAT1343,56 Chandni Chowk,Opposite Mall,Bangalore,Karnataka,India,188047
CRM1110,Meena,Srivastava,meena.srivastava4@example.com,9351693111,1976-03-20 00:00:00,2024-08-13 00:00:00,CRM,NAT1110,45 Marine Dr,Above Central Bank,Pune,Maharashtra,India,825196
CRM1601,Vikas,Chopra,vikas.chopra3@example.com,9696710943,1991-05-16 00:00:00,2025-08-08 00:00:00,CRM,NAT1601,34 JM Road,Next to Market,Mumbai,Maharashtra,India,396189
CRM1031,Alok,Mehta,alok.mehta42@example.com,9136940471,1978-02-27 00:00:00,2026-02-24 00:00:00,CRM,NAT1031,77 Linking Rd,Opposite Mall,Mumbai,Maharashtra,India,434826
CRM1831,Neha,Mehta,neha.mehta60@example.com,9650867643,1981-08-30 00:00:00,2024-06-10 00:00:00,CRM,NAT1831,34 JM Road,Near Old Town,Mumbai,Maharashtra,India,833943
CRM1028,Arjun,Patel,arjun.patel45@example.com,9939955927,1974-08-30 00:00:00,2024-10-04 00:00:00,CRM,NAT1028,12 MG Rd,Above Central Bank,Jaipur,Rajasthan,India,487042
CRM1841,Manish,Malhotra,manish.malhotra97@example.com,9608348547,1978-04-03 00:00:00,2024-01-08 00:00:00,CRM,NAT1841,67 Law Garden Rd,Near Old Town,Ahmedabad,Gujarat,India,272154
CRM1940,Neha,Singh,neha.singh34@example.com,9171019647,1973-10-25 00:00:00,2025-07-12 00:00:00,CRM,NAT1940,67 Law Garden Rd,Near Metro Station,Jaipur,Rajasthan,India,729510
CRM1190,Sachin,Kapoor,sachin.kapoor55@example.com,9159092607,1971-04-04 00:00:00,2024-10-17 00:00:00,CRM,NAT1190,12 MG Rd,,Chennai,Tamil Nadu,India,691616
CRM1011,Rekha,Verma,rekha.verma69@example.com,9705789384,1996-03-01 00:00:00,2024-04-18 00:00:00,CRM,NAT1011,56 Chandni Chowk,Above Central Bank,Bangalore,Karnataka,India,821541
CRM1009,Vinod,Sharma,vinod.sharma11@example.com,9757483748,1994-08-22 00:00:00,2024-09-27 00:00:00,CRM,NAT1009,56 Chandni Chowk,Near Metro Station,Ahmedabad,Gujarat,India,528178
CRM1538,John,Gupta,john.gupta47@example.com,9810429026,1977-02-21 00:00:00,2024-06-21 00:00:00,CRM,NAT1538,44 Ashram Rd,,Hyderabad,Telangana,India,216895
CRM1738,Priya,Tiwari,priya.tiwari86@example.com,9211008573,1990-01-04 00:00:00,2025-11-06 00:00:00,CRM,NAT1738,23 Brigade Rd,Opposite Mall,Delhi,Delhi,India,684443
CRM1566,Kavita,Patel,kavita.patel74@example.com,9189975300,1989-10-08 00:00:00,2025-12-24 00:00:00,CRM,NAT1566,67 Law Garden Rd,Near Old Town,Ahmedabad,Gujarat,India,286113
CRM1798,Vinod,Srivastava,vinod.srivastava49@example.com,9403667032,1983-06-09 00:00:00,2025-01-17 00:00:00,CRM,NAT1798,12 Residency Rd,Opposite Mall,Chennai,Tamil Nadu,India,610888
CRM1891,Vinay,Kaur,vinay.kaur96@example.com,9049997943,1973-03-28 00:00:00,2025-12-01 00:00:00,CRM,NAT1891,77 Linking Rd,Near Metro Station,Pune,Maharashtra,India,328731
CRM1662,Ajay,Gupta,ajay.gupta30@example.com,9760321828,1996-08-05 00:00:00,2025-09-16 00:00:00,CRM,NAT1662,101 FC Rd,Near Old Town,Surat,Gujarat,India,959472
CRM1473,Sunil,Tiwari,sunil.tiwari69@example.com,9491508883,1999-04-27 00:00:00,2025-11-12 00:00:00,CRM,NAT1473,101 FC Rd,Near Old Town,Ahmedabad,Gujarat,India,961431
CRM1098,Amit,Pandey,amit.pandey71@example.com,9170782032,1984-06-18 00:00:00,2024-07-27 00:00:00,CRM,NAT1098,45 Marine Dr,,Jaipur,Rajasthan,India,126885
CRM1399,John,Kumar,john.kumar96@example.com,9568644813,1986-07-24 00:00:00,2024-11-07 00:00:00,CRM,NAT1399,55 MI Rd,Near Old Town,Pune,Maharashtra,India,430655
CRM1336,Divya,Bajaj,divya.bajaj78@example.com,9293161400,1971-07-04 00:00:00,2025-10-24 00:00:00,CRM,NAT1336,55 MI Rd,Above Central Bank,Bangalore,Karnataka,India,601989
CRM1777,Ramesh,Sharma,ramesh.sharma91@example.com,9083061395,1996-12-16 00:00:00,2025-12-16 00:00:00,CRM,NAT1777,34 JM Road,Next to Market,Delhi,Delhi,India,276560
CRM1509,Vikas,Dubey,vikas.dubey68@example.com,9050460728,1993-12-01 00:00:00,2025-01-06 00:00:00,CRM,NAT1509,23 Brigade Rd,Near Metro Station,Kolkata,West Bengal,India,827391
CRM1350,Meera,Banerjee,meera.banerjee25@example.com,9292916147,1978-12-09 00:00:00,2024-06-30 00:00:00,CRM,NAT1350,55 MI Rd,Opposite Mall,Pune,Maharashtra,India,831442
CRM1780,Arvind,Kapoor,arvind.kapoor50@example.com,9613811510,1985-06-26 00:00:00,2025-01-03 00:00:00,CRM,NAT1780,77 Linking Rd,,Bangalore,Karnataka,India,614806
CRM1627,Harish,Patil,harish.patil34@example.com,9482036062,1989-06-03 00:00:00,2024-12-11 00:00:00,CRM,NAT1627,12 Residency Rd,Opposite Mall,Jaipur,Rajasthan,India,886429
CRM1769,Kavita,Menon,kavita.menon75@example.com,9340073137,1979-11-12 00:00:00,2024-06-24 00:00:00,CRM,NAT1769,88 Worli Sea Face,Near Old Town,Kolkata,West Bengal,India,501889
CRM1086,Sneha,Patel,sneha.patel70@example.com,9468018466,1987-02-12 00:00:00,2024-10-18 00:00:00,CRM,NAT1086,67 Law Garden Rd,Above Central Bank,Delhi,Delhi,India,821997
CRM1079,Seema,Patel,seema.patel42@example.com,9713032149,1984-03-13 00:00:00,2024-01-15 00:00:00,CRM,NAT1079,78 Connaught Pl,Next to Market,Delhi,Delhi,India,254650
CRM1741,Rajiv,Rao,rajiv.rao86@example.com,9285494550,1996-04-08 00:00:00,2025-06-27 00:00:00,CRM,NAT1741,12 Residency Rd,Opposite Mall,Kolkata,West Bengal,India,950879
CRM1036,Sneha,Agarwal,sneha.agarwal15@example.com,9063970728,1985-09-02 00:00:00,2025-01-04 00:00:00,CRM,NAT1036,67 Law Garden Rd,Near Old Town,Delhi,Delhi,India,916470
CRM1876,Priya,Dubey,priya.dubey68@example.com,9647365830,1996-11-22 00:00:00,2024-04-12 00:00:00,CRM,NAT1876,44 Ashram Rd,,Delhi,Delhi,India,199779
CRM1417,Arvind,Yadav,arvind.yadav34@example.com,9948497392,1994-02-07 00:00:00,2024-05-03 00:00:00,CRM,NAT1417,56 Chandni Chowk,Near Old Town,Chennai,Tamil Nadu,India,736461
CRM1041,Rajiv,Tiwari,rajiv.tiwari20@example.com,9821861006,1978-03-08 00:00:00,2025-04-26 00:00:00,CRM,NAT1041,56 Chandni Chowk,Near Metro Station,Chennai,Tamil Nadu,India,884447
CRM1388,Kavita,Patel,kavita.patel49@example.com,9550434718,1973-07-14 00:00:00,2024-12-11 00:00:00,CRM,NAT1388,34 JM Road,Above Central Bank,Mumbai,Maharashtra,India,416655
CRM1331,Ramesh,Desai,ramesh.desai92@example.com,9153420527,1989-08-12 00:00:00,2025-07-27 00:00:00,CRM,NAT1331,12 MG Rd,Next to Market,Jaipur,Rajasthan,India,828864
CRM1660,Anjali,Kapoor,anjali.kapoor54@example.com,9264258441,1979-05-25 00:00:00,2024-11-30 00:00:00,CRM,NAT1660,56 Chandni Chowk,Near Metro Station,Ahmedabad,Gujarat,India,427718
CRM1415,Divya,Mishra,divya.mishra78@example.com,9899661919,1984-11-10 00:00:00,2024-06-12 00:00:00,CRM,NAT1415,101 FC Rd,Next to Market,Mumbai,Maharashtra,India,857120
CRM1360,Lakshmi,Pandey,lakshmi.pandey33@example.com,9776715256,1986-09-28 00:00:00,2025-09-07 00:00:00,CRM,NAT1360,44 Ashram Rd,Next to Market,Pune,Maharashtra,India,811517
CRM1399,John,Kumar,john.kumar96@example.com,9568644813,1986-07-24 00:00:00,2024-11-07 00:00:00,CRM,NAT1399,55 MI Rd,Near Old Town,Pune,Maharashtra,India,430655
CRM1505,Jane,Banerjee,jane.banerjee70@example.com,9135536465,1974-03-30 00:00:00,2024-08-20 00:00:00,CRM,NAT1505,12 MG Rd,Near Old Town,Bangalore,Karnataka,India,216535
CRM1203,Pooja,Guptha,pooja.guptha56@example.com,9873851617,1993-09-16 00:00:00,2026-03-19 00:00:00,CRM,NAT1203,101 FC Rd,,Delhi,Delhi,India,710384
CRM1696,Rajiv,Verma,rajiv.verma39@example.com,9477880194,1987-02-10 00:00:00,2026-01-16 00:00:00,CRM,NAT1696,90 Karol Bagh Market,Near Metro Station,Bangalore,Karnataka,India,201955
CRM1647,Jane,Patil,jane.patil87@example.com,9070736833,1995-07-14 00:00:00,2024-09-25 00:00:00,CRM,NAT1647,56 Chandni Chowk,Near Old Town,Surat,Gujarat,India,434562
CRM1094,Jane,Pandey,jane.pandey95@example.com,9644186766,1984-03-29 00:00:00,2024-12-09 00:00:00,CRM,NAT1094,78 Connaught Pl,Near City Center,Kolkata,West Bengal,India,550908
CRM1608,Ramesh,Kaur,ramesh.kaur92@example.com,9205047185,1995-07-01 00:00:00,2024-07-18 00:00:00,CRM,NAT1608,67 Law Garden Rd,Above Central Bank,Pune,Maharashtra,India,791353
CRM1247,Meena,Reddy,meena.reddy31@example.com,9219088340,1984-08-12 00:00:00,2025-08-07 00:00:00,CRM,NAT1247,44 Ashram Rd,Near Old Town,Mumbai,Maharashtra,India,962656
CRM1204,Anjali,Mishra,anjali.mishra27@example.com,9035690309,1976-04-21 00:00:00,2024-01-06 00:00:00,CRM,NAT1204,44 Ashram Rd,Near Old Town,Mumbai,Maharashtra,India,527847
CRM1622,Anjali,Tiwari,anjali.tiwari57@example.com,9628022146,1995-08-28 00:00:00,2024-07-05 00:00:00,CRM,NAT1622,12 MG Rd,,Ahmedabad,Gujarat,India,615655
CRM1050,Anita,Rao,anita.rao28@example.com,9641142796,1970-06-29 00:00:00,2026-02-13 00:00:00,CRM,NAT1050,55 MI Rd,Near Metro Station,Mumbai,Maharashtra,India,678490
CRM1558,Pooja,Kaur,pooja.kaur98@example.com,9192565732,1978-02-17 00:00:00,2024-01-31 00:00:00,CRM,NAT1558,34 JM Road,Next to Market,Surat,Gujarat,India,864062
CRM1127,Meera,Singh,meera.singh52@example.com,9085649391,1994-12-17 00:00:00,2026-03-04 00:00:00,CRM,NAT1127,44 Ashram Rd,Next to Market,Ahmedabad,Gujarat,India,742064
CRM1807,Amit,Gupta,amit.gupta59@example.com,9372508682,1997-11-22 00:00:00,2024-11-30 00:00:00,CRM,NAT1807,55 MI Rd,Opposite Mall,Surat,Gujarat,India,153389
CRM1900,Alok,Pandey,alok.pandey50@example.com,9289523201,1977-03-13 00:00:00,2025-05-06 00:00:00,CRM,NAT1900,101 FC Rd,Next to Market,Hyderabad,Telangana,India,239970
CRM1739,Shalini,Agarwal,shalini.agarwal85@example.com,9199190047,1996-02-11 00:00:00,2025-02-27 00:00:00,CRM,NAT1739,45 Marine Dr,Near City Center,Mumbai,Maharashtra,India,141686
CRM1478,Sanjay,Rao,sanjay.rao4@example.com,9476690322,1979-05-11 00:00:00,2025-01-24 00:00:00,CRM,NAT1478,12 Residency Rd,Next to Market,Chennai,Tamil Nadu,India,559849
CRM1384,Sanjay,Gupta,sanjay.gupta82@example.com,9038241399,1996-09-22 00:00:00,2024-04-24 00:00:00,CRM,NAT1384,44 Ashram Rd,Above Central Bank,Jaipur,Rajasthan,India,138390
CRM1466,Shreya,Bajaj,shreya.bajaj48@example.com,9017395980,1995-05-18 00:00:00,2025-03-23 00:00:00,CRM,NAT1466,12 Residency Rd,Near City Center,Kolkata,West Bengal,India,937055
CRM1615,Meera,Patel,meera.patel68@example.com,9789541282,1998-03-05 00:00:00,2024-02-06 00:00:00,CRM,NAT1615,34 JM Road,,Surat,Gujarat,India,925189
CRM1729,Vikas,Nair,vikas.nair84@example.com,9777744414,1972-03-09 00:00:00,2024-09-16 00:00:00,CRM,NAT1729,90 Karol Bagh Market,,Kolkata,West Bengal,India,832133
CRM1097,Manish,Kaur,manish.kaur91@example.com,9860251863,1975-09-01 00:00:00,2025-05-31 00:00:00,CRM,NAT1097,45 Marine Dr,Above Central Bank,Mumbai,Maharashtra,India,704958
CRM1093,Sunita,Malhotra,sunita.malhotra1@example.com,9966568701,1988-08-06 00:00:00,2024-02-03 00:00:00,CRM,NAT1093,12 Residency Rd,,Pune,Maharashtra,India,260825
CRM1105,Sachin,Agarwal,sachin.agarwal53@example.com,9079001593,1991-10-29 00:00:00,2025-10-02 00:00:00,CRM,NAT1105,45 Marine Dr,Near Metro Station,Bangalore,Karnataka,India,820724
CRM1826,Anita,Banerjee,anita.banerjee12@example.com,9852110109,1999-01-25 00:00:00,2024-06-04 00:00:00,CRM,NAT1826,12 Residency Rd,,Hyderabad,Telangana,India,594097
CRM1145,Rahul,Guptha,rahul.guptha25@example.com,9315686428,1978-07-01 00:00:00,2025-02-16 00:00:00,CRM,NAT1145,78 Connaught Pl,Near City Center,Chennai,Tamil Nadu,India,389329
CRM1827,Rekha,Shah,rekha.shah38@example.com,9905786898,1986-06-15 00:00:00,2025-11-26 00:00:00,CRM,NAT1827,34 JM Road,Near Old Town,Delhi,Delhi,India,833986
CRM1228,Priya,Iyer,priya.iyer67@example.com,9247536065,1983-09-06 00:00:00,2026-01-29 00:00:00,CRM,NAT1228,23 Brigade Rd,Near Metro Station,Delhi,Delhi,India,228710
CRM1746,Manish,Shah,manish.shah51@example.com,9029705325,1978-08-22 00:00:00,2025-11-18 00:00:00,CRM,NAT1746,56 Chandni Chowk,Opposite Mall,Ahmedabad,Gujarat,India,509758
CRM1405,Jane,Mishra,jane.mishra86@example.com,9950001521,2000-10-23 00:00:00,2025-10-10 00:00:00,CRM,NAT1405,88 Worli Sea Face,Above Central Bank,Mumbai,Maharashtra,India,433211
CRM1126,Ravi,Mishra,ravi.mishra9@example.com,9504544144,1974-04-08 00:00:00,2025-03-01 00:00:00,CRM,NAT1126,56 Chandni Chowk,Opposite Mall,Bangalore,Karnataka,India,388016
CRM1726,Sachin,Kapoor,sachin.kapoor96@example.com,9362261918,1980-10-29 00:00:00,2025-09-10 00:00:00,CRM,NAT1726,12 MG Rd,,Chennai,Tamil Nadu,India,438556
CRM1905,Rekha,Mishra,rekha.mishra68@example.com,9003619410,1976-09-08 00:00:00,2024-01-21 00:00:00,CRM,NAT1905,44 Ashram Rd,Near Old Town,Hyderabad,Telangana,India,823137
CRM1323,Manish,Tiwari,manish.tiwari48@example.com,9670552774,1988-02-03 00:00:00,2024-09-17 00:00:00,CRM,NAT1323,23 Brigade Rd,Near City Center,Jaipur,Rajasthan,India,772765
CRM1602,Rohit,Nair,rohit.nair96@example.com,9255195194,2000-08-19 00:00:00,2025-05-17 00:00:00,CRM,NAT1602,90 Karol Bagh Market,Opposite Mall,Hyderabad,Telangana,India,461912
CRM1264,Seema,Patel,seema.patel14@example.com,9775434424,1972-01-12 00:00:00,2024-03-16 00:00:00,CRM,NAT1264,56 Chandni Chowk,Opposite Mall,Surat,Gujarat,India,570700
CRM1539,Pooja,Tiwari,pooja.tiwari65@example.com,9751864410,1998-10-24 00:00:00,2025-07-27 00:00:00,CRM,NAT1539,55 MI Rd,Near Old Town,Jaipur,Rajasthan,India,687119
CRM1849,Lakshmi,Pandey,lakshmi.pandey60@example.com,9981512991,1997-04-22 00:00:00,2025-08-08 00:00:00,CRM,NAT1849,101 FC Rd,Opposite Mall,Chennai,Tamil Nadu,India,975353
CRM1199,Sunil,Singh,sunil.singh14@example.com,9966146778,1977-10-21 00:00:00,2026-01-15 00:00:00,CRM,NAT1199,77 Linking Rd,Near Old Town,Pune,Maharashtra,India,540460
CRM1364,Priya,Joshi,priya.joshi45@example.com,9492539893,1987-10-06 00:00:00,2024-06-18 00:00:00,CRM,NAT1364,12 MG Rd,,Delhi,Delhi,India,790601
CRM1844,Rajiv,Mishra,rajiv.mishra92@example.com,9368253706,1997-08-01 00:00:00,2025-01-16 00:00:00,CRM,NAT1844,44 Ashram Rd,,Ahmedabad,Gujarat,India,209678
CRM1784,Sunil,Kumar,sunil.kumar12@example.com,9660834357,1994-10-19 00:00:00,2024-02-21 00:00:00,CRM,NAT1784,55 MI Rd,,Delhi,Delhi,India,650768
CRM1214,Shreya,Kaur,shreya.kaur10@example.com,9865073062,1995-04-18 00:00:00,2025-09-16 00:00:00,CRM,NAT1214,56 Chandni Chowk,Near Old Town,Hyderabad,Telangana,India,902762
CRM1222,Anita,Tiwari,anita.tiwari2@example.com,9937651285,1981-03-18 00:00:00,2024-02-28 00:00:00,CRM,NAT1222,45 Marine Dr,,Bangalore,Karnataka,India,232871
CRM1682,Sunil,Agarwal,sunil.agarwal6@example.com,9235150429,1980-06-08 00:00:00,2024-06-05 00:00:00,CRM,NAT1682,67 Law Garden Rd,Near Metro Station,Bangalore,Karnataka,India,624900
CRM1210,Arvind,Dubey,arvind.dubey37@example.com,9080291323,1993-12-21 00:00:00,2025-08-12 00:00:00,CRM,NAT1210,101 FC Rd,Near Old Town,Delhi,Delhi,India,642910
CRM1245,Sneha,Patil,sneha.patil8@example.com,9767241747,1981-08-15 00:00:00,2024-09-20 00:00:00,CRM,NAT1245,12 Residency Rd,Above Central Bank,Pune,Maharashtra,India,985974
CRM1299,Harish,Shah,harish.shah96@example.com,9132760474,1986-12-13 00:00:00,2025-11-02 00:00:00,CRM,NAT1299,77 Linking Rd,Near Metro Station,Jaipur,Rajasthan,India,958045
CRM1874,Rahul,Mehta,rahul.mehta44@example.com,9912398154,1988-06-25 00:00:00,2024-03-17 00:00:00,CRM,NAT1874,23 Brigade Rd,Opposite Mall,Jaipur,Rajasthan,India,178760
CRM1059,Rahul,Kaur,rahul.kaur79@example.com,9651629270,1973-05-13 00:00:00,2024-06-05 00:00:00,CRM,NAT1059,90 Karol Bagh Market,Above Central Bank,Pune,Maharashtra,India,621690
CRM1655,Vinod,Guptha,vinod.guptha56@example.com,9467193199,1977-03-03 00:00:00,2025-05-14 00:00:00,CRM,NAT1655,34 JM Road,,Hyderabad,Telangana,India,470534
CRM1704,Neha,Guptha,neha.guptha26@example.com,9861077612,1981-12-28 00:00:00,2024-01-25 00:00:00,CRM,NAT1704,34 JM Road,Opposite Mall,Hyderabad,Telangana,India,297205
CRM1297,Sneha,Guptha,sneha.guptha2@example.com,9038735200,1970-11-25 00:00:00,2026-02-12 00:00:00,CRM,NAT1297,23 Brigade Rd,,Pune,Maharashtra,India,625860
CRM1039,Manish,Sharma,manish.sharma90@example.com,9113827188,1999-09-24 00:00:00,2025-08-18 00:00:00,CRM,NAT1039,45 Marine Dr,Next to Market,Bangalore,Karnataka,India,978116
CRM1349,Ajay,Joshi,ajay.joshi49@example.com,9757969344,1982-11-17 00:00:00,2024-07-01 00:00:00,CRM,NAT1349,55 MI Rd,Near Metro Station,Bangalore,Karnataka,India,692487
CRM1705,Harish,Patil,harish.patil1@example.com,9698127845,1971-12-24 00:00:00,2025-07-30 00:00:00,CRM,NAT1705,67 Law Garden Rd,Near Old Town,Hyderabad,Telangana,India,556491
CRM1690,Ramesh,Desai,ramesh.desai6@example.com,9416023480,1974-10-15 00:00:00,2026-01-30 00:00:00,CRM,NAT1690,67 Law Garden Rd,Near Metro Station,Mumbai,Maharashtra,India,309864
CRM1064,Jane,Dubey,jane.dubey52@example.com,9439196085,1997-10-18 00:00:00,2025-11-27 00:00:00,CRM,NAT1064,78 Connaught Pl,Next to Market,Jaipur,Rajasthan,India,484546
CRM1714,Karan,Rao,karan.rao1@example.com,9273500468,1994-09-10 00:00:00,2025-11-11 00:00:00,CRM,NAT1714,78 Connaught Pl,Above Central Bank,Surat,Gujarat,India,337798
CRM1852,Sanjay,Kaur,sanjay.kaur1@example.com,9461720540,1972-02-22 00:00:00,2024-03-18 00:00:00,CRM,NAT1852,88 Worli Sea Face,Near Old Town,Chennai,Tamil Nadu,India,386926
CRM1625,Priya,Sharma,priya.sharma64@example.com,9017132120,1997-11-23 00:00:00,2025-08-27 00:00:00,CRM,NAT1625,77 Linking Rd,Near Metro Station,Surat,Gujarat,India,482956
CRM1477,Arjun,Desai,arjun.desai35@example.com,9250159135,1979-09-30 00:00:00,2026-03-01 00:00:00,CRM,NAT1477,44 Ashram Rd,,Chennai,Tamil Nadu,India,243982
CRM1138,Karan,Reddy,karan.reddy98@example.com,9334820002,1990-05-14 00:00:00,2025-11-02 00:00:00,CRM,NAT1138,78 Connaught Pl,Near Old Town,Ahmedabad,Gujarat,India,629018
CRM1743,Lakshmi,Iyer,lakshmi.iyer23@example.com,9416458857,1994-10-22 00:00:00,2025-10-10 00:00:00,CRM,NAT1743,34 JM Road,Near City Center,Mumbai,Maharashtra,India,942918
CRM1340,Rekha,Dubey,rekha.dubey11@example.com,9450512628,1975-05-11 00:00:00,2024-02-27 00:00:00,CRM,NAT1340,12 MG Rd,Above Central Bank,Delhi,Delhi,India,845108
CRM1283,Karan,Dubey,karan.dubey1@example.com,9466346244,1973-01-07 00:00:00,2025-05-17 00:00:00,CRM,NAT1283,23 Brigade Rd,Near City Center,Pune,Maharashtra,India,318677
CRM1851,Seema,Verma,seema.verma34@example.com,9004601001,1993-10-22 00:00:00,2024-08-22 00:00:00,CRM,NAT1851,12 Residency Rd,Near Metro Station,Chennai,Tamil Nadu,India,961412
CRM1183,Arjun,Guptha,arjun.guptha63@example.com,9669654032,2000-11-07 00:00:00,2024-07-24 00:00:00,CRM,NAT1183,45 Marine Dr,,Bangalore,Karnataka,India,100037
CRM1532,Anjali,Guptha,anjali.guptha33@example.com,9385031934,2000-08-21 00:00:00,2024-12-18 00:00:00,CRM,NAT1532,44 Ashram Rd,Near Metro Station,Hyderabad,Telangana,India,390070
CRM1513,Arjun,Menon,arjun.menon33@example.com,9760575419,1994-12-06 00:00:00,2025-11-15 00:00:00,CRM,NAT1513,55 MI Rd,Near Metro Station,Mumbai,Maharashtra,India,869089
CRM1715,Ravi,Agarwal,ravi.agarwal42@example.com,9785822999,1986-09-30 00:00:00,2025-07-15 00:00:00,CRM,NAT1715,77 Linking Rd,Near City Center,Mumbai,Maharashtra,India,788801
CRM1570,Rahul,Yadav,rahul.yadav15@example.com,9718016609,1994-11-15 00:00:00,2024-03-08 00:00:00,CRM,NAT1570,44 Ashram Rd,Near Metro Station,Hyderabad,Telangana,India,483457
CRM1248,Sunita,Kumar,sunita.kumar37@example.com,9153630427,1971-02-09 00:00:00,2024-11-30 00:00:00,CRM,NAT1248,90 Karol Bagh Market,Near Old Town,Chennai,Tamil Nadu,India,477788
CRM1378,Manish,Verma,manish.verma78@example.com,9866643962,1990-03-14 00:00:00,2025-05-29 00:00:00,CRM,NAT1378,44 Ashram Rd,Near Old Town,Mumbai,Maharashtra,India,596550
CRM1112,Neha,Kapoor,neha.kapoor56@example.com,9550460773,1987-12-10 00:00:00,2024-07-16 00:00:00,CRM,NAT1112,55 MI Rd,Near Metro Station,Hyderabad,Telangana,India,307488
CRM1749,Manish,Patel,manish.patel54@example.com,9071225563,1995-03-13 00:00:00,2024-03-27 00:00:00,CRM,NAT1749,56 Chandni Chowk,Near Old Town,Bangalore,Karnataka,India,252634
CRM1232,Sunil,Iyer,sunil.iyer24@example.com,9708589816,1989-05-03 00:00:00,2025-06-29 00:00:00,CRM,NAT1232,12 Residency Rd,Above Central Bank,Chennai,Tamil Nadu,India,419970
CRM1791,Anjali,Reddy,anjali.reddy8@example.com,9422845630,1976-01-21 00:00:00,2024-06-20 00:00:00,CRM,NAT1791,12 Residency Rd,Next to Market,Kolkata,West Bengal,India,263482
CRM1823,Arjun,Kaur,arjun.kaur63@example.com,9996255794,1987-10-12 00:00:00,2025-08-25 00:00:00,CRM,NAT1823,101 FC Rd,Next to Market,Hyderabad,Telangana,India,550998
CRM1941,Vikas,Chopra,vikas.chopra37@example.com,9527356678,1993-06-05 00:00:00,2026-02-25 00:00:00,CRM,NAT1941,45 Marine Dr,Near Metro Station,Hyderabad,Telangana,India,284260
CRM1939,Vinod,Menon,vinod.menon46@example.com,9335913717,1987-01-02 00:00:00,2025-11-19 00:00:00,CRM,NAT1939,45 Marine Dr,Near Old Town,Delhi,Delhi,India,628503
CRM1518,Rajiv,Mishra,rajiv.mishra67@example.com,9334106140,1993-07-08 00:00:00,2024-04-15 00:00:00,CRM,NAT1518,88 Worli Sea Face,Above Central Bank,Mumbai,Maharashtra,India,727516
CRM1544,Sunil,Kaur,sunil.kaur57@example.com,9695672015,1979-09-09 00:00:00,2024-05-28 00:00:00,CRM,NAT1544,12 Residency Rd,Opposite Mall,Pune,Maharashtra,India,355517
CRM1835,Kavita,Shah,kavita.shah8@example.com,9631019919,1975-04-13 00:00:00,2024-05-31 00:00:00,CRM,NAT1835,45 Marine Dr,Next to Market,Mumbai,Maharashtra,India,232235
CRM1590,Amit,Pandey,amit.pandey12@example.com,9595658257,1992-05-03 00:00:00,2024-07-24 00:00:00,CRM,NAT1590,78 Connaught Pl,Near City Center,Pune,Maharashtra,India,137429
CRM1526,Seema,Banerjee,seema.banerjee14@example.com,9838508532,1991-11-20 00:00:00,2025-07-28 00:00:00,CRM,NAT1526,90 Karol Bagh Market,Near Old Town,Jaipur,Rajasthan,India,693095
CRM1298,Amit,Yadav,amit.yadav6@example.com,9168518952,1982-09-13 00:00:00,2024-11-04 00:00:00,CRM,NAT1298,12 Residency Rd,Near Metro Station,Hyderabad,Telangana,India,762233
CRM1884,Anjali,Agarwal,anjali.agarwal94@example.com,9760382619,1975-09-07 00:00:00,2024-06-22 00:00:00,CRM,NAT1884,56 Chandni Chowk,Near Old Town,Pune,Maharashtra,India,815598
CRM1287,Meena,Srivastava,meena.srivastava54@example.com,9480148263,1984-08-06 00:00:00,2024-09-10 00:00:00,CRM,NAT1287,34 JM Road,Next to Market,Jaipur,Rajasthan,India,221445
CRM1812,Pooja,Banerjee,pooja.banerjee55@example.com,9587396879,1995-06-28 00:00:00,2024-09-18 00:00:00,CRM,NAT1812,101 FC Rd,,Delhi,Delhi,India,169445
CRM1422,Shalini,Rao,shalini.rao83@example.com,9744871951,1973-04-28 00:00:00,2025-04-14 00:00:00,CRM,NAT1422,56 Chandni Chowk,Next to Market,Ahmedabad,Gujarat,India,889056
CRM1316,Meena,Banerjee,meena.banerjee93@example.com,9989957980,2000-05-09 00:00:00,2024-10-04 00:00:00,CRM,NAT1316,23 Brigade Rd,Opposite Mall,Jaipur,Rajasthan,India,744979
CRM1387,Harish,Bajaj,harish.bajaj73@example.com,9492224271,1971-10-28 00:00:00,2024-03-19 00:00:00,CRM,NAT1387,44 Ashram Rd,Opposite Mall,Kolkata,West Bengal,India,140147
CRM1482,Lakshmi,Verma,lakshmi.verma15@example.com,9490650359,1970-09-22 00:00:00,2024-01-08 00:00:00,CRM,NAT1482,77 Linking Rd,Near Old Town,Kolkata,West Bengal,India,540416
CRM1087,Manish,Mishra,manish.mishra90@example.com,9666124183,1974-06-14 00:00:00,2024-03-30 00:00:00,CRM,NAT1087,88 Worli Sea Face,Near Old Town,Jaipur,Rajasthan,India,208854
CRM1685,Seema,Shah,seema.shah30@example.com,9625711439,1992-01-18 00:00:00,2024-01-08 00:00:00,CRM,NAT1685,44 Ashram Rd,Above Central Bank,Pune,Maharashtra,India,184543
CRM1024,Anjali,Kaur,anjali.kaur50@example.com,9158244325,1985-11-06 00:00:00,2025-11-02 00:00:00,CRM,NAT1024,55 MI Rd,Near Metro Station,Chennai,Tamil Nadu,India,817663
CRM1747,Sanjay,Patel,sanjay.patel96@example.com,9974429190,1975-09-18 00:00:00,2025-05-05 00:00:00,CRM,NAT1747,90 Karol Bagh Market,Near Old Town,Pune,Maharashtra,India,634299
CRM1934,Sunil,Patil,sunil.patil67@example.com,9158722903,1998-01-11 00:00:00,2025-03-28 00:00:00,CRM,NAT1934,45 Marine Dr,Next to Market,Mumbai,Maharashtra,India,855939
CRM1887,Pooja,Pandey,pooja.pandey38@example.com,9369654813,1976-02-10 00:00:00,2025-02-18 00:00:00,CRM,NAT1887,90 Karol Bagh Market,Next to Market,Kolkata,West Bengal,India,706424
CRM1295,Arvind,Mishra,arvind.mishra67@example.com,9225983349,1986-03-30 00:00:00,2025-07-02 00:00:00,CRM,NAT1295,101 FC Rd,Near Metro Station,Bangalore,Karnataka,India,978862
CRM1197,Seema,Sharma,seema.sharma80@example.com,9891083597,1988-02-11 00:00:00,2024-03-10 00:00:00,CRM,NAT1197,12 Residency Rd,,Surat,Gujarat,India,993419
CRM1301,Sunita,Menon,sunita.menon96@example.com,9891475779,1994-04-20 00:00:00,2025-09-11 00:00:00,CRM,NAT1301,78 Connaught Pl,,Bangalore,Karnataka,India,871619
