address_id,customer_id,address_type,address_line1,address_line2,city,state,country,postal_code,tax_id,region_code,created_ts,source_system
EADDR5038,ERP1038,Billing,45 Marine Dr,Above Central Bank,Kolkata,West Bengal,India,446293,TAX038,Central,2024-10-01 00:00:00,ERP
EADDR5598,ERP1598,Billing,55 MI Rd,Near Metro Station,Kolkata,West Bengal,India,271928,TAX598,South,2024-07-16 00:00:00,ERP
EADDR5329,ERP1329,Shipping,12 MG Rd,Opposite Mall,Delhi,Delhi,India,649643,TAX329,West,2026-02-16 00:00:00,ERP
EADDR5922,ERP1922,Shipping,90 Karol Bagh Market,Near City Center,Surat,Gujarat,India,741434,TAX922,East,2026-03-11 00:00:00,ERP
EADDR5117,ERP1117,Billing,34 JM Road,Near Metro Station,Hyderabad,Telangana,India,773773,TAX117,North,2026-03-03 00:00:00,ERP
EADDR5947,ERP1947,Shipping,88 Worli Sea Face,Next to Market,Jaipur,Rajasthan,India,216556,TAX947,South,2024-04-20 00:00:00,ERP
EADDR5583,ERP1583,Billing,12 MG Rd,Near City Center,Mumbai,Maharashtra,India,595616,TAX583,West,2024-11-10 00:00:00,ERP
EADDR5568,ERP1568,Billing,12 Residency Rd,Opposite Mall,Bangalore,Karnataka,India,530760,TAX568,Central,2025-04-07 00:00:00,ERP
EADDR5533,ERP1533,Billing,56 Chandni Chowk,Near City Center,Kolkata,West Bengal,India,326899,TAX533,West,2026-01-09 00:00:00,ERP
EADDR5104,ERP1104,Billing,78 Connaught Pl,Near City Center,Ahmedabad,Gujarat,India,771952,TAX104,Central,2025-11-23 00:00:00,ERP
EADDR5254,ERP1254,Billing,101 FC Rd,Next to Market,Surat,Gujarat,India,805225,TAX254,South,2025-09-07 00:00:00,ERP
EADDR5557,ERP1557,Billing,77 Linking Rd,Near City Center,Delhi,Delhi,India,870672,TAX557,North,2025-07-17 00:00:00,ERP
EADDR5051,ERP1051,Billing,56 Chandni Chowk,Near Old Town,Bangalore,Karnataka,India,392194,TAX051,South,2024-07-17 00:00:00,ERP
EADDR5914,ERP1914,Billing,56 Chandni Chowk,Near Metro Station,Mumbai,Maharashtra,India,866008,TAX914,Central,2025-09-10 00:00:00,ERP
EADDR5518,ERP1518,Shipping,12 MG Rd,Above Central Bank,Pune,Maharashtra,India,909386,TAX518,Central,2025-02-27 00:00:00,ERP
EADDR5678,ERP1678,Shipping,44 Ashram Rd,Near Old Town,Chennai,Tamil Nadu,India,380640,TAX678,Central,2024-08-18 00:00:00,ERP
EADDR5071,ERP1071,Shipping,34 JM Road,Next to Market,Pune,Maharashtra,India,994502,TAX071,East,2025-11-26 00:00:00,ERP
EADDR5538,ERP1538,Billing,77 Linking Rd,,Delhi,Delhi,India,305096,TAX538,North,2025-06-04 00:00:00,ERP
EADDR5062,ERP1062,Shipping,56 Chandni Chowk,Opposite Mall,Bangalore,Karnataka,India,601471,TAX062,South,2025-03-07 00:00:00,ERP
EADDR5378,ERP1378,Shipping,34 JM Road,Near Metro Station,Pune,Maharashtra,India,827466,TAX378,North,2025-05-15 00:00:00,ERP
EADDR5380,ERP1380,Shipping,56 Chandni Chowk,Above Central Bank,Surat,Gujarat,India,932205,TAX380,North,2024-06-23 00:00:00,ERP
EADDR5558,ERP1558,Shipping,44 Ashram Rd,Near Old Town,Kolkata,West Bengal,India,389768,TAX558,Central,2024-01-11 00:00:00,ERP
EADDR5552,ERP1552,Billing,56 Chandni Chowk,Near Old Town,Kolkata,West Bengal,India,491919,TAX552,Central,2025-08-10 00:00:00,ERP
EADDR5458,ERP1458,Shipping,34 JM Road,Above Central Bank,Jaipur,Rajasthan,India,151710,TAX458,North,2025-10-10 00:00:00,ERP
EADDR5576,ERP1576,Billing,101 FC Rd,Near Metro Station,Pune,Maharashtra,India,285647,TAX576,East,2025-08-17 00:00:00,ERP
EADDR5605,ERP1605,Billing,88 Worli Sea Face,Next to Market,Bangalore,Karnataka,India,377768,TAX605,East,2025-06-27 00:00:00,ERP
EADDR5126,ERP1126,Billing,12 MG Rd,Near Old Town,Ahmedabad,Gujarat,India,870469,TAX126,East,2024-01-26 00:00:00,ERP
EADDR5195,ERP1195,Billing,55 MI Rd,,Pune,Maharashtra,India,733955,TAX195,South,2024-10-06 00:00:00,ERP
EADDR5462,ERP1462,Billing,44 Ashram Rd,Opposite Mall,Hyderabad,Telangana,India,373903,TAX462,East,2025-03-02 00:00:00,ERP
EADDR5853,ERP1853,Shipping,12 MG Rd,Near Old Town,Surat,Gujarat,India,338423,TAX853,West,2026-03-26 00:00:00,ERP
EADDR5715,ERP1715,Shipping,12 MG Rd,Near Metro Station,Delhi,Delhi,India,649459,TAX715,North,2024-01-13 00:00:00,ERP
EADDR5644,ERP1644,Shipping,45 Marine Dr,Opposite Mall,Pune,Maharashtra,India,730762,TAX644,South,2024-01-20 00:00:00,ERP
EADDR5497,ERP1497,Billing,34 JM Road,Next to Market,Kolkata,West Bengal,India,522001,TAX497,North,2024-06-08 00:00:00,ERP
EADDR5696,ERP1696,Billing,67 Law Garden Rd,Above Central Bank,Mumbai,Maharashtra,India,462030,TAX696,North,2024-12-23 00:00:00,ERP
EADDR5316,ERP1316,Shipping,12 Residency Rd,Opposite Mall,Kolkata,West Bengal,India,439953,TAX316,North,2025-10-23 00:00:00,ERP
EADDR5785,ERP1785,Billing,44 Ashram Rd,Near Metro Station,Mumbai,Maharashtra,India,515408,TAX785,North,2025-02-01 00:00:00,ERP
EADDR5758,ERP1758,Billing,67 Law Garden Rd,Next to Market,Mumbai,Maharashtra,India,346106,TAX758,West,2024-03-19 00:00:00,ERP
EADDR5467,ERP1467,Billing,45 Marine Dr,Near City Center,Surat,Gujarat,India,824433,TAX467,South,2025-12-28 00:00:00,ERP
EADDR5654,ERP1654,Billing,67 Law Garden Rd,Near Metro Station,Kolkata,West Bengal,India,743179,TAX654,Central,2024-02-18 00:00:00,ERP
EADDR5442,ERP1442,Shipping,56 Chandni Chowk,Opposite Mall,Hyderabad,Telangana,India,702440,TAX442,East,2025-08-11 00:00:00,ERP
EADDR5687,ERP1687,Billing,56 Chandni Chowk,Near Old Town,Ahmedabad,Gujarat,India,580914,TAX687,South,2024-02-26 00:00:00,ERP
EADDR5102,ERP1102,Shipping,77 Linking Rd,Next to Market,Chennai,Tamil Nadu,India,639726,TAX102,Central,2024-01-12 00:00:00,ERP
EADDR5267,ERP1267,Shipping,88 Worli Sea Face,Near City Center,Jaipur,Rajasthan,India,664531,TAX267,West,2024-05-18 00:00:00,ERP
EADDR5910,ERP1910,Billing,45 Marine Dr,Near Old Town,Delhi,Delhi,India,315069,TAX910,South,2025-01-23 00:00:00,ERP
EADDR5114,ERP1114,Billing,12 Residency Rd,Near Old Town,Chennai,Tamil Nadu,India,783134,TAX114,East,2026-03-03 00:00:00,ERP
EADDR5931,ERP1931,Shipping,77 Linking Rd,Above Central Bank,Hyderabad,Telangana,India,936101,TAX931,Central,2024-03-14 00:00:00,ERP
EADDR5486,ERP1486,Shipping,56 Chandni Chowk,Near Metro Station,Hyderabad,Telangana,India,412956,TAX486,North,2024-12-20 00:00:00,ERP
EADDR5653,ERP1653,Shipping,77 Linking Rd,Near Old Town,Mumbai,Maharashtra,India,845541,TAX653,East,2024-08-16 00:00:00,ERP
EADDR5754,ERP1754,Shipping,88 Worli Sea Face,Near Metro Station,Surat,Gujarat,India,536505,TAX754,North,2024-11-30 00:00:00,ERP
EADDR5030,ERP1030,Shipping,67 Law Garden Rd,Near Old Town,Mumbai,Maharashtra,India,504100,TAX030,West,2024-12-30 00:00:00,ERP
EADDR5052,ERP1052,Shipping,12 MG Rd,Near Metro Station,Jaipur,Rajasthan,India,810735,TAX052,North,2024-12-23 00:00:00,ERP
EADDR5646,ERP1646,Billing,55 MI Rd,Near City Center,Jaipur,Rajasthan,India,950083,TAX646,West,2024-08-31 00:00:00,ERP
EADDR5024,ERP1024,Billing,45 Marine Dr,Next to Market,Bangalore,Karnataka,India,641400,TAX024,East,2025-01-25 00:00:00,ERP
EADDR5900,ERP1900,Billing,56 Chandni Chowk,Near Old Town,Kolkata,West Bengal,India,721814,TAX900,West,2024-04-30 00:00:00,ERP
EADDR5420,ERP1420,Billing,77 Linking Rd,Opposite Mall,Bangalore,Karnataka,India,757462,TAX420,East,2025-03-17 00:00:00,ERP
EADDR5613,ERP1613,Billing,78 Connaught Pl,,Surat,Gujarat,India,361207,TAX613,North,2025-05-07 00:00:00,ERP
EADDR5843,ERP1843,Shipping,23 Brigade Rd,,Kolkata,West Bengal,India,221788,TAX843,North,2024-11-12 00:00:00,ERP
EADDR5900,ERP1900,Billing,56 Chandni Chowk,Near Old Town,Kolkata,West Bengal,India,721814,TAX900,West,2024-04-30 00:00:00,ERP
EADDR5898,ERP1898,Billing,101 FC Rd,,Chennai,Tamil Nadu,India,566765,TAX898,East,2025-06-28 00:00:00,ERP
EADDR5919,ERP1919,Billing,23 Brigade Rd,Near Old Town,Chennai,Tamil Nadu,India,904246,TAX919,East,2026-03-05 00:00:00,ERP
EADDR5323,ERP1323,Billing,34 JM Road,Next to Market,Kolkata,West Bengal,India,897537,TAX323,South,2025-06-13 00:00:00,ERP
EADDR5805,ERP1805,Shipping,67 Law Garden Rd,Near City Center,Kolkata,West Bengal,India,494385,TAX805,East,2025-11-08 00:00:00,ERP
EADDR5530,ERP1530,Shipping,55 MI Rd,Opposite Mall,Ahmedabad,Gujarat,India,180122,TAX530,North,2025-06-17 00:00:00,ERP
EADDR5099,ERP1099,Shipping,101 FC Rd,Next to Market,Pune,Maharashtra,India,671208,TAX099,Central,2025-11-11 00:00:00,ERP
EADDR5911,ERP1911,Shipping,12 Residency Rd,,Kolkata,West Bengal,India,638986,TAX911,South,2024-10-05 00:00:00,ERP
EADDR5345,ERP1345,Billing,55 MI Rd,Near City Center,Ahmedabad,Gujarat,India,566775,TAX345,East,2024-07-23 00:00:00,ERP
EADDR5158,ERP1158,Billing,90 Karol Bagh Market,Near Metro Station,Surat,Gujarat,India,439926,TAX158,North,2024-03-21 00:00:00,ERP
EADDR5645,ERP1645,Shipping,67 Law Garden Rd,Next to Market,Hyderabad,Telangana,India,417408,TAX645,North,2026-03-21 00:00:00,ERP
EADDR5881,ERP1881,Shipping,56 Chandni Chowk,Above Central Bank,Kolkata,West Bengal,India,420391,TAX881,North,2024-09-11 00:00:00,ERP
EADDR5679,ERP1679,Billing,55 MI Rd,Near Metro Station,Surat,Gujarat,India,817131,TAX679,Central,2025-02-13 00:00:00,ERP
EADDR5049,ERP1049,Shipping,34 JM Road,Near City Center,Delhi,Delhi,India,508877,TAX049,South,2024-01-02 00:00:00,ERP
EADDR5012,ERP1012,Shipping,12 Residency Rd,Near Old Town,Pune,Maharashtra,India,451868,TAX012,East,2025-09-13 00:00:00,ERP
EADDR5892,ERP1892,Billing,12 MG Rd,Above Central Bank,Ahmedabad,Gujarat,India,566672,TAX892,East,2024-08-28 00:00:00,ERP
EADDR5949,ERP1949,Shipping,44 Ashram Rd,,Bangalore,Karnataka,India,558856,TAX949,West,2024-04-15 00:00:00,ERP
EADDR5253,ERP1253,Billing,88 Worli Sea Face,Near Old Town,Jaipur,Rajasthan,India,147614,TAX253,East,2025-12-06 00:00:00,ERP
EADDR5184,ERP1184,Billing,23 Brigade Rd,,Pune,Maharashtra,India,982746,TAX184,West,2024-05-24 00:00:00,ERP
EADDR5560,ERP1560,Shipping,101 FC Rd,Above Central Bank,Kolkata,West Bengal,India,979960,TAX560,Central,2025-10-16 00:00:00,ERP
EADDR5331,ERP1331,Billing,56 Chandni Chowk,Next to Market,Bangalore,Karnataka,India,326106,TAX331,East,2024-11-07 00:00:00,ERP
EADDR5515,ERP1515,Billing,88 Worli Sea Face,Near Metro Station,Ahmedabad,Gujarat,India,741824,TAX515,North,2024-03-17 00:00:00,ERP
EADDR5553,ERP1553,Billing,77 Linking Rd,Near City Center,Mumbai,Maharashtra,India,249109,TAX553,Central,2025-02-04 00:00:00,ERP
EADDR5670,ERP1670,Shipping,101 FC Rd,Near Old Town,Mumbai,Maharashtra,India,724037,TAX670,North,2026-03-19 00:00:00,ERP
EADDR5007,ERP1007,Billing,45 Marine Dr,,Pune,Maharashtra,India,245037,TAX007,South,2024-01-28 00:00:00,ERP
EADDR5017,ERP1017,Shipping,55 MI Rd,Next to Market,Mumbai,Maharashtra,India,215054,TAX017,West,2024-12-19 00:00:00,ERP
EADDR5546,ERP1546,Shipping,67 Law Garden Rd,Opposite Mall,Delhi,Delhi,India,786126,TAX546,East,2026-03-25 00:00:00,ERP
EADDR5255,ERP1255,Shipping,44 Ashram Rd,Near City Center,Ahmedabad,Gujarat,India,914245,TAX255,East,2025-05-30 00:00:00,ERP
EADDR5320,ERP1320,Billing,44 Ashram Rd,Near Old Town,Kolkata,West Bengal,India,567353,TAX320,North,2024-11-03 00:00:00,ERP
EADDR5540,ERP1540,Billing,77 Linking Rd,Above Central Bank,Surat,Gujarat,India,797315,TAX540,West,2025-03-21 00:00:00,ERP
EADDR5577,ERP1577,Shipping,44 Ashram Rd,Near Old Town,Chennai,Tamil Nadu,India,624154,TAX577,East,2024-12-14 00:00:00,ERP
EADDR5676,ERP1676,Billing,56 Chandni Chowk,Opposite Mall,Jaipur,Rajasthan,India,284587,TAX676,South,2024-05-07 00:00:00,ERP
EADDR5297,ERP1297,Billing,77 Linking Rd,Near City Center,Kolkata,West Bengal,India,240038,TAX297,Central,2024-12-03 00:00:00,ERP
EADDR5624,ERP1624,Billing,56 Chandni Chowk,Next to Market,Bangalore,Karnataka,India,478381,TAX624,East,2025-01-10 00:00:00,ERP
EADDR5396,ERP1396,Shipping,101 FC Rd,Above Central Bank,Chennai,Tamil Nadu,India,939091,TAX396,East,2024-11-29 00:00:00,ERP
EADDR5882,ERP1882,Billing,55 MI Rd,Opposite Mall,Pune,Maharashtra,India,391974,TAX882,East,2024-03-06 00:00:00,ERP
EADDR5602,ERP1602,Shipping,90 Karol Bagh Market,Opposite Mall,Bangalore,Karnataka,India,786152,TAX602,South,2024-07-14 00:00:00,ERP
EADDR5288,ERP1288,Billing,90 Karol Bagh Market,Opposite Mall,Delhi,Delhi,India,345081,TAX288,South,2025-07-04 00:00:00,ERP
EADDR5762,ERP1762,Shipping,45 Marine Dr,,Bangalore,Karnataka,India,376503,TAX762,West,2026-03-12 00:00:00,ERP
EADDR5770,ERP1770,Billing,12 MG Rd,Near Old Town,Ahmedabad,Gujarat,India,715772,TAX770,North,2024-11-13 00:00:00,ERP
EADDR5391,ERP1391,Shipping,34 JM Road,Opposite Mall,Mumbai,Maharashtra,India,480049,TAX391,South,2024-02-25 00:00:00,ERP
EADDR5225,ERP1225,Shipping,78 Connaught Pl,Above Central Bank,Mumbai,Maharashtra,India,803534,TAX225,North,2025-01-18 00:00:00,ERP
EADDR5161,ERP1161,Billing,23 Brigade Rd,Near Old Town,Hyderabad,Telangana,India,212882,TAX161,West,2025-04-11 00:00:00,ERP
EADDR5773,ERP1773,Shipping,34 JM Road,Near Old Town,Mumbai,Maharashtra,India,627778,TAX773,West,2025-06-23 00:00:00,ERP
EADDR5600,ERP1600,Shipping,55 MI Rd,Next to Market,Pune,Maharashtra,India,123653,TAX600,West,2025-12-26 00:00:00,ERP
EADDR5781,ERP1781,Billing,77 Linking Rd,Near Old Town,Pune,Maharashtra,India,948365,TAX781,West,2024-12-25 00:00:00,ERP
EADDR5863,ERP1863,Billing,88 Worli Sea Face,,Pune,Maharashtra,India,141225,TAX863,West,2025-11-30 00:00:00,ERP
EADDR5502,ERP1502,Shipping,56 Chandni Chowk,Near Old Town,Hyderabad,Telangana,India,945820,TAX502,South,2024-10-24 00:00:00,ERP
EADDR5031,ERP1031,Billing,34 JM Road,Near Metro Station,Surat,Gujarat,India,267595,TAX031,West,2024-03-08 00:00:00,ERP
EADDR5186,ERP1186,Billing,78 Connaught Pl,,Pune,Maharashtra,India,722543,TAX186,Central,2024-09-09 00:00:00,ERP
EADDR5192,ERP1192,Shipping,56 Chandni Chowk,Near Old Town,Delhi,Delhi,India,646038,TAX192,South,2025-07-27 00:00:00,ERP
EADDR5202,ERP1202,Billing,44 Ashram Rd,Near Old Town,Kolkata,West Bengal,India,347512,TAX202,South,2024-02-02 00:00:00,ERP
EADDR5356,ERP1356,Shipping,67 Law Garden Rd,Opposite Mall,Surat,Gujarat,India,184252,TAX356,North,2025-07-14 00:00:00,ERP
EADDR5826,ERP1826,Billing,88 Worli Sea Face,Above Central Bank,Chennai,Tamil Nadu,India,819950,TAX826,Central,2025-02-18 00:00:00,ERP
EADDR5566,ERP1566,Billing,101 FC Rd,Opposite Mall,Hyderabad,Telangana,India,947276,TAX566,Central,2025-04-09 00:00:00,ERP
EADDR5870,ERP1870,Billing,90 Karol Bagh Market,Above Central Bank,Mumbai,Maharashtra,India,866154,TAX870,East,2024-12-27 00:00:00,ERP
EADDR5142,ERP1142,Shipping,12 MG Rd,Near Metro Station,Jaipur,Rajasthan,India,868413,TAX142,North,2024-02-22 00:00:00,ERP
EADDR5218,ERP1218,Shipping,77 Linking Rd,,Surat,Gujarat,India,241004,TAX218,West,2026-02-22 00:00:00,ERP
EADDR5046,ERP1046,Shipping,88 Worli Sea Face,Near Old Town,Bangalore,Karnataka,India,334629,TAX046,Central,2026-01-02 00:00:00,ERP
EADDR5043,ERP1043,Billing,44 Ashram Rd,Near Metro Station,Bangalore,Karnataka,India,643014,TAX043,East,2024-11-03 00:00:00,ERP
EADDR5078,ERP1078,Shipping,55 MI Rd,Near Metro Station,Bangalore,Karnataka,India,963923,TAX078,South,2025-05-22 00:00:00,ERP
EADDR5285,ERP1285,Shipping,77 Linking Rd,Opposite Mall,Pune,Maharashtra,India,746450,TAX285,East,2024-07-04 00:00:00,ERP
EADDR5815,ERP1815,Billing,55 MI Rd,Above Central Bank,Bangalore,Karnataka,India,758916,TAX815,East,2025-01-04 00:00:00,ERP
EADDR5545,ERP1545,Shipping,67 Law Garden Rd,Near City Center,Kolkata,West Bengal,India,333172,TAX545,North,2024-08-19 00:00:00,ERP
EADDR5855,ERP1855,Shipping,45 Marine Dr,Near City Center,Ahmedabad,Gujarat,India,774757,TAX855,South,2024-09-17 00:00:00,ERP
EADDR5740,ERP1740,Billing,88 Worli Sea Face,Above Central Bank,Kolkata,West Bengal,India,162326,TAX740,North,2024-01-31 00:00:00,ERP
EADDR5205,ERP1205,Billing,34 JM Road,Above Central Bank,Kolkata,West Bengal,India,602146,TAX205,South,2026-01-25 00:00:00,ERP
EADDR5394,ERP1394,Billing,90 Karol Bagh Market,Above Central Bank,Mumbai,Maharashtra,India,527050,TAX394,East,2025-09-20 00:00:00,ERP
EADDR5852,ERP1852,Billing,90 Karol Bagh Market,Opposite Mall,Bangalore,Karnataka,India,461444,TAX852,Central,2025-08-26 00:00:00,ERP
EADDR5189,ERP1189,Shipping,12 MG Rd,,Delhi,Delhi,India,563544,TAX189,East,2024-12-20 00:00:00,ERP
EADDR5542,ERP1542,Shipping,12 Residency Rd,Next to Market,Surat,Gujarat,India,541521,TAX542,West,2025-12-06 00:00:00,ERP
EADDR5338,ERP1338,Shipping,12 MG Rd,Near City Center,Pune,Maharashtra,India,428373,TAX338,North,2025-06-05 00:00:00,ERP
EADDR5818,ERP1818,Shipping,77 Linking Rd,Above Central Bank,Kolkata,West Bengal,India,711520,TAX818,South,2025-01-05 00:00:00,ERP
EADDR5890,ERP1890,Billing,56 Chandni Chowk,Opposite Mall,Ahmedabad,Gujarat,India,490571,TAX890,South,2025-12-15 00:00:00,ERP
EADDR5705,ERP1705,Shipping,34 JM Road,Above Central Bank,Chennai,Tamil Nadu,India,540430,TAX705,Central,2025-04-01 00:00:00,ERP
EADDR5541,ERP1541,Billing,88 Worli Sea Face,Next to Market,Mumbai,Maharashtra,India,495540,TAX541,South,2026-01-28 00:00:00,ERP
EADDR5132,ERP1132,Shipping,67 Law Garden Rd,Near City Center,Chennai,Tamil Nadu,India,308275,TAX132,East,2025-06-02 00:00:00,ERP
EADDR5300,ERP1300,Shipping,90 Karol Bagh Market,Opposite Mall,Kolkata,West Bengal,India,602901,TAX300,North,2024-09-11 00:00:00,ERP
EADDR5765,ERP1765,Billing,55 MI Rd,Above Central Bank,Surat,Gujarat,India,609819,TAX765,West,2025-07-27 00:00:00,ERP
EADDR5551,ERP1551,Billing,56 Chandni Chowk,Near City Center,Ahmedabad,Gujarat,India,572518,TAX551,North,2024-05-06 00:00:00,ERP
EADDR5098,ERP1098,Shipping,67 Law Garden Rd,Near Metro Station,Hyderabad,Telangana,India,790174,TAX098,Central,2025-07-09 00:00:00,ERP
EADDR5166,ERP1166,Billing,90 Karol Bagh Market,Near City Center,Delhi,Delhi,India,162086,TAX166,West,2025-08-07 00:00:00,ERP
EADDR5101,ERP1101,Shipping,77 Linking Rd,Near Metro Station,Delhi,Delhi,India,720887,TAX101,South,2024-07-07 00:00:00,ERP
EADDR5742,ERP1742,Billing,12 Residency Rd,Next to Market,Jaipur,Rajasthan,India,825239,TAX742,East,2024-04-18 00:00:00,ERP
EADDR5638,ERP1638,Shipping,34 JM Road,Near Metro Station,Surat,Gujarat,India,129054,TAX638,Central,2024-05-12 00:00:00,ERP
EADDR5861,ERP1861,Billing,12 Residency Rd,Above Central Bank,Chennai,Tamil Nadu,India,632848,TAX861,South,2025-08-14 00:00:00,ERP
EADDR5103,ERP1103,Billing,12 MG Rd,Above Central Bank,Surat,Gujarat,India,516370,TAX103,North,2025-02-08 00:00:00,ERP
EADDR5468,ERP1468,Shipping,77 Linking Rd,Next to Market,Kolkata,West Bengal,India,874777,TAX468,South,2025-05-28 00:00:00,ERP
EADDR5450,ERP1450,Shipping,55 MI Rd,,Ahmedabad,Gujarat,India,741075,TAX450,West,2025-03-27 00:00:00,ERP
EADDR5690,ERP1690,Shipping,56 Chandni Chowk,,Bangalore,Karnataka,India,483398,TAX690,East,2024-11-28 00:00:00,ERP
EADDR5367,ERP1367,Billing,45 Marine Dr,Opposite Mall,Delhi,Delhi,India,157456,TAX367,East,2024-03-09 00:00:00,ERP
EADDR5736,ERP1736,Billing,34 JM Road,Near City Center,Bangalore,Karnataka,India,714621,TAX736,Central,2024-08-01 00:00:00,ERP
EADDR5404,ERP1404,Shipping,44 Ashram Rd,Above Central Bank,Mumbai,Maharashtra,India,521641,TAX404,South,2025-10-27 00:00:00,ERP
EADDR5208,ERP1208,Shipping,78 Connaught Pl,,Bangalore,Karnataka,India,369462,TAX208,North,2026-03-10 00:00:00,ERP
EADDR5373,ERP1373,Billing,88 Worli Sea Face,Near City Center,Delhi,Delhi,India,604208,TAX373,South,2024-12-31 00:00:00,ERP
EADDR5361,ERP1361,Shipping,23 Brigade Rd,Near Metro Station,Chennai,Tamil Nadu,India,842569,TAX361,Central,2024-01-17 00:00:00,ERP
EADDR5880,ERP1880,Shipping,67 Law Garden Rd,Near Old Town,Mumbai,Maharashtra,India,546979,TAX880,Central,2025-01-29 00:00:00,ERP
EADDR5893,ERP1893,Shipping,56 Chandni Chowk,,Ahmedabad,Gujarat,India,833412,TAX893,East,2025-05-23 00:00:00,ERP
EADDR5787,ERP1787,Shipping,90 Karol Bagh Market,Opposite Mall,Chennai,Tamil Nadu,India,688702,TAX787,West,2026-03-04 00:00:00,ERP
EADDR5604,ERP1604,Billing,78 Connaught Pl,Near City Center,Jaipur,Rajasthan,India,460326,TAX604,South,2025-05-08 00:00:00,ERP
EADDR5251,ERP1251,Billing,45 Marine Dr,Next to Market,Pune,Maharashtra,India,332577,TAX251,South,2025-03-07 00:00:00,ERP
EADDR5831,ERP1831,Billing,12 Residency Rd,Next to Market,Delhi,Delhi,India,323685,TAX831,North,2025-06-22 00:00:00,ERP
EADDR5441,ERP1441,Shipping,55 MI Rd,Opposite Mall,Surat,Gujarat,India,940654,TAX441,Central,2024-08-12 00:00:00,ERP
EADDR5730,ERP1730,Shipping,12 MG Rd,Near Old Town,Hyderabad,Telangana,India,353707,TAX730,North,2025-11-24 00:00:00,ERP
EADDR5134,ERP1134,Shipping,34 JM Road,Near Metro Station,Ahmedabad,Gujarat,India,996192,TAX134,West,2025-05-21 00:00:00,ERP
EADDR5705,ERP1705,Shipping,34 JM Road,Above Central Bank,Chennai,Tamil Nadu,India,540430,TAX705,Central,2025-04-01 00:00:00,ERP
EADDR5946,ERP1946,Billing,77 Linking Rd,Opposite Mall,Mumbai,Maharashtra,India,378364,TAX946,East,2025-07-31 00:00:00,ERP
EADDR5260,ERP1260,Billing,34 JM Road,Above Central Bank,Kolkata,West Bengal,India,983994,TAX260,East,2025-05-20 00:00:00,ERP
EADDR5868,ERP1868,Billing,77 Linking Rd,Above Central Bank,Jaipur,Rajasthan,India,851273,TAX868,South,2025-05-16 00:00:00,ERP
EADDR5804,ERP1804,Shipping,23 Brigade Rd,Next to Market,Delhi,Delhi,India,852517,TAX804,South,2024-07-19 00:00:00,ERP
EADDR5322,ERP1322,Shipping,77 Linking Rd,Above Central Bank,Ahmedabad,Gujarat,India,280805,TAX322,West,2024-11-04 00:00:00,ERP
EADDR5912,ERP1912,Shipping,34 JM Road,Above Central Bank,Hyderabad,Telangana,India,173765,TAX912,South,2025-11-18 00:00:00,ERP
EADDR5538,ERP1538,Billing,77 Linking Rd,,Delhi,Delhi,India,305096,TAX538,North,2025-06-04 00:00:00,ERP
EADDR5512,ERP1512,Shipping,12 MG Rd,Near Metro Station,Pune,Maharashtra,India,485891,TAX512,East,2025-12-21 00:00:00,ERP
EADDR5080,ERP1080,Billing,44 Ashram Rd,Next to Market,Pune,Maharashtra,India,986063,TAX080,South,2025-01-25 00:00:00,ERP
EADDR5006,ERP1006,Billing,67 Law Garden Rd,Near Old Town,Pune,Maharashtra,India,921898,TAX006,Central,2025-03-12 00:00:00,ERP
EADDR5824,ERP1824,Billing,78 Connaught Pl,,Kolkata,West Bengal,India,996968,TAX824,South,2024-01-02 00:00:00,ERP
EADDR5341,ERP1341,Shipping,78 Connaught Pl,Near City Center,Kolkata,West Bengal,India,471344,TAX341,South,2025-04-01 00:00:00,ERP
EADDR5864,ERP1864,Billing,45 Marine Dr,Near Metro Station,Kolkata,West Bengal,India,767603,TAX864,West,2024-08-23 00:00:00,ERP
EADDR5925,ERP1925,Billing,56 Chandni Chowk,Next to Market,Surat,Gujarat,India,242016,TAX925,West,2025-10-17 00:00:00,ERP
EADDR5197,ERP1197,Billing,88 Worli Sea Face,Next to Market,Delhi,Delhi,India,668017,TAX197,Central,2024-04-08 00:00:00,ERP
EADDR5617,ERP1617,Shipping,88 Worli Sea Face,Near Metro Station,Mumbai,Maharashtra,India,944696,TAX617,East,2025-08-04 00:00:00,ERP
EADDR5607,ERP1607,Billing,90 Karol Bagh Market,Above Central Bank,Mumbai,Maharashtra,India,890042,TAX607,Central,2026-03-13 00:00:00,ERP
EADDR5476,ERP1476,Shipping,45 Marine Dr,Near Metro Station,Ahmedabad,Gujarat,India,700400,TAX476,East,2024-11-02 00:00:00,ERP
EADDR5641,ERP1641,Billing,67 Law Garden Rd,Opposite Mall,Hyderabad,Telangana,India,703297,TAX641,South,2026-02-11 00:00:00,ERP
EADDR5726,ERP1726,Shipping,34 JM Road,Near City Center,Bangalore,Karnataka,India,934252,TAX726,East,2025-02-15 00:00:00,ERP
EADDR5232,ERP1232,Billing,56 Chandni Chowk,Near Metro Station,Ahmedabad,Gujarat,India,917327,TAX232,Central,2024-04-26 00:00:00,ERP
EADDR5907,ERP1907,Billing,12 MG Rd,Near Old Town,Chennai,Tamil Nadu,India,362263,TAX907,East,2026-02-24 00:00:00,ERP
EADDR5248,ERP1248,Billing,23 Brigade Rd,Near Old Town,Surat,Gujarat,India,823246,TAX248,Central,2025-10-25 00:00:00,ERP
EADDR5150,ERP1150,Shipping,88 Worli Sea Face,Above Central Bank,Hyderabad,Telangana,India,820019,TAX150,South,2024-08-17 00:00:00,ERP
EADDR5440,ERP1440,Shipping,77 Linking Rd,Above Central Bank,Chennai,Tamil Nadu,India,619264,TAX440,Central,2024-01-19 00:00:00,ERP
EADDR5092,ERP1092,Billing,34 JM Road,Near Old Town,Kolkata,West Bengal,India,877709,TAX092,South,2024-01-09 00:00:00,ERP
EADDR5400,ERP1400,Billing,77 Linking Rd,,Mumbai,Maharashtra,India,828523,TAX400,West,2025-10-18 00:00:00,ERP
EADDR5327,ERP1327,Shipping,90 Karol Bagh Market,Opposite Mall,Kolkata,West Bengal,India,188142,TAX327,Central,2025-10-26 00:00:00,ERP
EADDR5684,ERP1684,Shipping,101 FC Rd,Above Central Bank,Jaipur,Rajasthan,India,978976,TAX684,South,2024-02-21 00:00:00,ERP
EADDR5305,ERP1305,Billing,23 Brigade Rd,Near City Center,Jaipur,Rajasthan,India,577447,TAX305,South,2024-10-08 00:00:00,ERP
EADDR5514,ERP1514,Billing,55 MI Rd,Near Old Town,Delhi,Delhi,India,189521,TAX514,South,2024-08-24 00:00:00,ERP
EADDR5733,ERP1733,Shipping,34 JM Road,Near Metro Station,Kolkata,West Bengal,India,113228,TAX733,North,2024-05-27 00:00:00,ERP
EADDR5010,ERP1010,Shipping,12 Residency Rd,Near Old Town,Surat,Gujarat,India,634258,TAX010,South,2025-12-08 00:00:00,ERP
EADDR5183,ERP1183,Billing,77 Linking Rd,Near Old Town,Hyderabad,Telangana,India,456234,TAX183,North,2025-04-07 00:00:00,ERP
EADDR5165,ERP1165,Shipping,23 Brigade Rd,,Kolkata,West Bengal,India,635994,TAX165,West,2025-02-05 00:00:00,ERP
EADDR5359,ERP1359,Shipping,45 Marine Dr,Near City Center,Hyderabad,Telangana,India,774062,TAX359,West,2025-06-07 00:00:00,ERP
EADDR5623,ERP1623,Billing,12 Residency Rd,Near Metro Station,Mumbai,Maharashtra,India,814191,TAX623,South,2026-01-18 00:00:00,ERP
EADDR5655,ERP1655,Shipping,23 Brigade Rd,Above Central Bank,Pune,Maharashtra,India,119674,TAX655,East,2024-05-08 00:00:00,ERP
EADDR5399,ERP1399,Billing,12 Residency Rd,Next to Market,Ahmedabad,Gujarat,India,421688,TAX399,North,2025-09-24 00:00:00,ERP
EADDR5666,ERP1666,Billing,101 FC Rd,Opposite Mall,Delhi,Delhi,India,740490,TAX666,Central,2026-01-24 00:00:00,ERP
EADDR5045,ERP1045,Billing,23 Brigade Rd,Near City Center,Pune,Maharashtra,India,594824,TAX045,South,2026-01-09 00:00:00,ERP
EADDR5674,ERP1674,Shipping,77 Linking Rd,,Jaipur,Rajasthan,India,981549,TAX674,East,2024-11-04 00:00:00,ERP
EADDR5414,ERP1414,Shipping,12 Residency Rd,Near Old Town,Delhi,Delhi,India,498567,TAX414,North,2024-10-21 00:00:00,ERP
EADDR5240,ERP1240,Shipping,90 Karol Bagh Market,Near City Center,Surat,Gujarat,India,159643,TAX240,East,2024-06-14 00:00:00,ERP
EADDR5667,ERP1667,Shipping,88 Worli Sea Face,Opposite Mall,Jaipur,Rajasthan,India,271530,TAX667,South,2025-08-12 00:00:00,ERP
EADDR5095,ERP1095,Billing,34 JM Road,Next to Market,Jaipur,Rajasthan,India,735860,TAX095,South,2025-04-30 00:00:00,ERP
EADDR5846,ERP1846,Shipping,56 Chandni Chowk,Opposite Mall,Ahmedabad,Gujarat,India,722678,TAX846,North,2026-02-28 00:00:00,ERP
EADDR5216,ERP1216,Shipping,12 MG Rd,,Hyderabad,Telangana,India,347807,TAX216,West,2025-04-01 00:00:00,ERP
EADDR5363,ERP1363,Billing,23 Brigade Rd,Above Central Bank,Ahmedabad,Gujarat,India,748884,TAX363,North,2024-10-09 00:00:00,ERP
EADDR5368,ERP1368,Billing,23 Brigade Rd,Next to Market,Pune,Maharashtra,India,494365,TAX368,North,2024-11-11 00:00:00,ERP
EADDR5631,ERP1631,Billing,101 FC Rd,,Kolkata,West Bengal,India,700692,TAX631,East,2025-06-03 00:00:00,ERP
EADDR5813,ERP1813,Billing,44 Ashram Rd,Near Old Town,Surat,Gujarat,India,375747,TAX813,West,2024-11-05 00:00:00,ERP
EADDR5888,ERP1888,Billing,34 JM Road,Near City Center,Ahmedabad,Gujarat,India,945208,TAX888,West,2025-09-22 00:00:00,ERP
EADDR5683,ERP1683,Billing,101 FC Rd,Near Metro Station,Kolkata,West Bengal,India,120650,TAX683,West,2024-08-26 00:00:00,ERP
EADDR5490,ERP1490,Shipping,56 Chandni Chowk,Near City Center,Mumbai,Maharashtra,India,607255,TAX490,South,2024-06-26 00:00:00,ERP
EADDR5406,ERP1406,Shipping,90 Karol Bagh Market,Near Old Town,Jaipur,Rajasthan,India,842828,TAX406,North,2026-02-02 00:00:00,ERP
EADDR5211,ERP1211,Billing,78 Connaught Pl,Near Metro Station,Ahmedabad,Gujarat,India,581063,TAX211,North,2025-06-25 00:00:00,ERP
EADDR5899,ERP1899,Billing,101 FC Rd,,Surat,Gujarat,India,367100,TAX899,East,2025-06-30 00:00:00,ERP
EADDR5523,ERP1523,Shipping,56 Chandni Chowk,Near Old Town,Hyderabad,Telangana,India,938776,TAX523,North,2024-05-24 00:00:00,ERP
EADDR5418,ERP1418,Billing,55 MI Rd,Near Old Town,Bangalore,Karnataka,India,187484,TAX418,Central,2026-01-16 00:00:00,ERP
EADDR5403,ERP1403,Billing,77 Linking Rd,Near Old Town,Kolkata,West Bengal,India,627913,TAX403,South,2024-06-04 00:00:00,ERP
EADDR5662,ERP1662,Billing,45 Marine Dr,Above Central Bank,Jaipur,Rajasthan,India,448219,TAX662,South,2025-04-22 00:00:00,ERP
EADDR5238,ERP1238,Billing,67 Law Garden Rd,Near Old Town,Chennai,Tamil Nadu,India,603797,TAX238,East,2025-11-24 00:00:00,ERP
EADDR5191,ERP1191,Shipping,12 Residency Rd,,Jaipur,Rajasthan,India,948155,TAX191,South,2024-01-07 00:00:00,ERP
EADDR5791,ERP1791,Shipping,44 Ashram Rd,Near City Center,Pune,Maharashtra,India,424998,TAX791,Central,2024-07-21 00:00:00,ERP
EADDR5274,ERP1274,Billing,56 Chandni Chowk,Near City Center,Jaipur,Rajasthan,India,650723,TAX274,South,2024-03-03 00:00:00,ERP
EADDR5682,ERP1682,Billing,44 Ashram Rd,Next to Market,Hyderabad,Telangana,India,307752,TAX682,South,2026-03-28 00:00:00,ERP
EADDR5466,ERP1466,Shipping,56 Chandni Chowk,Near Old Town,Pune,Maharashtra,India,931844,TAX466,East,2025-10-01 00:00:00,ERP
EADDR5628,ERP1628,Shipping,78 Connaught Pl,Next to Market,Mumbai,Maharashtra,India,814023,TAX628,Central,2025-04-03 00:00:00,ERP
EADDR5780,ERP1780,Shipping,55 MI Rd,,Delhi,Delhi,India,104516,TAX780,West,2024-01-18 00:00:00,ERP
EADDR5115,ERP1115,Billing,56 Chandni Chowk,Near City Center,Bangalore,Karnataka,India,292555,TAX115,East,2024-10-03 00:00:00,ERP
EADDR5844,ERP1844,Billing,12 Residency Rd,Next to Market,Pune,Maharashtra,India,370012,TAX844,North,2025-09-11 00:00:00,ERP
EADDR5395,ERP1395,Shipping,34 JM Road,Near Old Town,Kolkata,West Bengal,India,428059,TAX395,East,2025-04-12 00:00:00,ERP
EADDR5832,ERP1832,Shipping,45 Marine Dr,Next to Market,Chennai,Tamil Nadu,India,503079,TAX832,North,2025-10-15 00:00:00,ERP
EADDR5934,ERP1934,Shipping,12 MG Rd,Next to Market,Mumbai,Maharashtra,India,198481,TAX934,South,2024-11-19 00:00:00,ERP
EADDR5511,ERP1511,Shipping,12 MG Rd,Next to Market,Pune,Maharashtra,India,809734,TAX511,South,2024-12-27 00:00:00,ERP
EADDR5800,ERP1800,Shipping,90 Karol Bagh Market,Above Central Bank,Bangalore,Karnataka,India,935680,TAX800,Central,2025-08-20 00:00:00,ERP
EADDR5390,ERP1390,Shipping,56 Chandni Chowk,Next to Market,Mumbai,Maharashtra,India,192401,TAX390,South,2024-09-12 00:00:00,ERP
EADDR5865,ERP1865,Shipping,88 Worli Sea Face,Opposite Mall,Chennai,Tamil Nadu,India,671231,TAX865,East,2024-06-01 00:00:00,ERP
EADDR5417,ERP1417,Shipping,88 Worli Sea Face,Next to Market,Jaipur,Rajasthan,India,826233,TAX417,Central,2024-12-15 00:00:00,ERP
EADDR5190,ERP1190,Billing,44 Ashram Rd,Near Old Town,Surat,Gujarat,India,306041,TAX190,North,2024-09-17 00:00:00,ERP
EADDR5648,ERP1648,Billing,56 Chandni Chowk,,Mumbai,Maharashtra,India,286454,TAX648,East,2025-10-30 00:00:00,ERP
EADDR5136,ERP1136,Billing,12 Residency Rd,Near Old Town,Pune,Maharashtra,India,795201,TAX136,West,2025-04-29 00:00:00,ERP
EADDR5037,ERP1037,Billing,12 MG Rd,Near Old Town,Delhi,Delhi,India,834421,TAX037,West,2024-12-09 00:00:00,ERP
EADDR5884,ERP1884,Billing,12 Residency Rd,Above Central Bank,Hyderabad,Telangana,India,673146,TAX884,East,2024-10-24 00:00:00,ERP
EADDR5866,ERP1866,Billing,12 MG Rd,Near Metro Station,Delhi,Delhi,India,106903,TAX866,North,2025-09-23 00:00:00,ERP
EADDR5734,ERP1734,Billing,78 Connaught Pl,Opposite Mall,Jaipur,Rajasthan,India,957802,TAX734,East,2024-12-11 00:00:00,ERP
EADDR5457,ERP1457,Shipping,23 Brigade Rd,,Chennai,Tamil Nadu,India,695303,TAX457,Central,2026-02-23 00:00:00,ERP
EADDR5693,ERP1693,Shipping,45 Marine Dr,,Chennai,Tamil Nadu,India,722572,TAX693,Central,2024-06-09 00:00:00,ERP
EADDR5656,ERP1656,Shipping,90 Karol Bagh Market,Near Old Town,Jaipur,Rajasthan,India,539103,TAX656,North,2025-10-03 00:00:00,ERP
EADDR5489,ERP1489,Billing,88 Worli Sea Face,Opposite Mall,Hyderabad,Telangana,India,744414,TAX489,East,2024-09-03 00:00:00,ERP
EADDR5242,ERP1242,Shipping,77 Linking Rd,Opposite Mall,Chennai,Tamil Nadu,India,641887,TAX242,North,2025-07-20 00:00:00,ERP
EADDR5219,ERP1219,Shipping,23 Brigade Rd,Near Metro Station,Chennai,Tamil Nadu,India,126486,TAX219,East,2025-01-07 00:00:00,ERP
EADDR5675,ERP1675,Shipping,23 Brigade Rd,Next to Market,Delhi,Delhi,India,361535,TAX675,East,2024-11-21 00:00:00,ERP
EADDR5290,ERP1290,Billing,90 Karol Bagh Market,Above Central Bank,Kolkata,West Bengal,India,117031,TAX290,Central,2026-03-23 00:00:00,ERP
EADDR5708,ERP1708,Billing,45 Marine Dr,Opposite Mall,Mumbai,Maharashtra,India,902465,TAX708,West,2026-01-20 00:00:00,ERP
EADDR5227,ERP1227,Shipping,101 FC Rd,Next to Market,Kolkata,West Bengal,India,374655,TAX227,West,2024-01-28 00:00:00,ERP
EADDR5065,ERP1065,Shipping,56 Chandni Chowk,Near Old Town,Mumbai,Maharashtra,India,258746,TAX065,West,2024-01-10 00:00:00,ERP
EADDR5590,ERP1590,Billing,67 Law Garden Rd,Above Central Bank,Surat,Gujarat,India,852697,TAX590,West,2024-03-10 00:00:00,ERP
EADDR5224,ERP1224,Billing,45 Marine Dr,Near Old Town,Jaipur,Rajasthan,India,579281,TAX224,West,2026-03-08 00:00:00,ERP
EADDR5295,ERP1295,Shipping,77 Linking Rd,Near City Center,Mumbai,Maharashtra,India,366759,TAX295,North,2025-06-03 00:00:00,ERP
EADDR5294,ERP1294,Billing,101 FC Rd,Opposite Mall,Kolkata,West Bengal,India,318824,TAX294,West,2025-01-14 00:00:00,ERP
EADDR5413,ERP1413,Billing,44 Ashram Rd,Above Central Bank,Delhi,Delhi,India,636576,TAX413,North,2025-12-24 00:00:00,ERP
EADDR5608,ERP1608,Shipping,78 Connaught Pl,Opposite Mall,Bangalore,Karnataka,India,467067,TAX608,East,2024-05-26 00:00:00,ERP
EADDR5879,ERP1879,Billing,67 Law Garden Rd,Next to Market,Surat,Gujarat,India,843927,TAX879,West,2024-08-14 00:00:00,ERP
EADDR5353,ERP1353,Shipping,12 Residency Rd,Near Old Town,Jaipur,Rajasthan,India,698338,TAX353,North,2024-03-12 00:00:00,ERP
EADDR5519,ERP1519,Billing,56 Chandni Chowk,Opposite Mall,Hyderabad,Telangana,India,645427,TAX519,North,2024-07-19 00:00:00,ERP
EADDR5575,ERP1575,Billing,67 Law Garden Rd,,Hyderabad,Telangana,India,770095,TAX575,West,2026-02-17 00:00:00,ERP
EADDR5692,ERP1692,Shipping,78 Connaught Pl,Near Metro Station,Bangalore,Karnataka,India,779089,TAX692,East,2024-12-15 00:00:00,ERP
EADDR5626,ERP1626,Billing,12 Residency Rd,Near Old Town,Delhi,Delhi,India,382130,TAX626,West,2025-03-01 00:00:00,ERP
EADDR5113,ERP1113,Billing,34 JM Road,,Hyderabad,Telangana,India,982390,TAX113,East,2025-06-22 00:00:00,ERP
EADDR5308,ERP1308,Shipping,90 Karol Bagh Market,,Bangalore,Karnataka,India,189132,TAX308,East,2025-09-28 00:00:00,ERP
EADDR5398,ERP1398,Billing,78 Connaught Pl,Next to Market,Surat,Gujarat,India,743694,TAX398,Central,2024-09-30 00:00:00,ERP
EADDR5023,ERP1023,Shipping,44 Ashram Rd,Opposite Mall,Jaipur,Rajasthan,India,630250,TAX023,North,2024-07-20 00:00:00,ERP
EADDR5609,ERP1609,Billing,44 Ashram Rd,Near Metro Station,Kolkata,West Bengal,India,565637,TAX609,West,2026-02-17 00:00:00,ERP
EADDR5424,ERP1424,Billing,67 Law Garden Rd,Near City Center,Delhi,Delhi,India,124148,TAX424,North,2024-04-10 00:00:00,ERP
EADDR5771,ERP1771,Shipping,12 Residency Rd,Near City Center,Jaipur,Rajasthan,India,478702,TAX771,West,2024-01-02 00:00:00,ERP
EADDR5932,ERP1932,Shipping,23 Brigade Rd,Opposite Mall,Chennai,Tamil Nadu,India,963828,TAX932,South,2024-11-09 00:00:00,ERP
EADDR5402,ERP1402,Billing,34 JM Road,Opposite Mall,Delhi,Delhi,India,240506,TAX402,North,2025-02-18 00:00:00,ERP
EADDR5273,ERP1273,Shipping,78 Connaught Pl,Above Central Bank,Delhi,Delhi,India,279988,TAX273,South,2026-01-22 00:00:00,ERP
EADDR5587,ERP1587,Shipping,34 JM Road,,Ahmedabad,Gujarat,India,895042,TAX587,South,2025-08-16 00:00:00,ERP
EADDR5830,ERP1830,Billing,78 Connaught Pl,,Surat,Gujarat,India,909605,TAX830,Central,2025-07-14 00:00:00,ERP
EADDR5487,ERP1487,Shipping,90 Karol Bagh Market,Next to Market,Pune,Maharashtra,India,589287,TAX487,North,2024-02-22 00:00:00,ERP
EADDR5499,ERP1499,Billing,101 FC Rd,Above Central Bank,Delhi,Delhi,India,871816,TAX499,East,2025-03-30 00:00:00,ERP
EADDR5526,ERP1526,Shipping,67 Law Garden Rd,Near Metro Station,Delhi,Delhi,India,944212,TAX526,West,2024-03-25 00:00:00,ERP
EADDR5270,ERP1270,Shipping,77 Linking Rd,Near City Center,Mumbai,Maharashtra,India,167498,TAX270,North,2024-07-30 00:00:00,ERP
EADDR5200,ERP1200,Billing,55 MI Rd,Next to Market,Pune,Maharashtra,India,163026,TAX200,North,2025-07-12 00:00:00,ERP
EADDR5798,ERP1798,Shipping,78 Connaught Pl,Near Metro Station,Ahmedabad,Gujarat,India,695116,TAX798,North,2025-05-06 00:00:00,ERP
EADDR5671,ERP1671,Billing,77 Linking Rd,Near Old Town,Delhi,Delhi,India,271469,TAX671,East,2025-04-21 00:00:00,ERP
EADDR5022,ERP1022,Billing,55 MI Rd,Near City Center,Kolkata,West Bengal,India,777093,TAX022,South,2025-05-03 00:00:00,ERP
EADDR5311,ERP1311,Shipping,67 Law Garden Rd,Opposite Mall,Chennai,Tamil Nadu,India,539176,TAX311,West,2026-01-15 00:00:00,ERP
EADDR5750,ERP1750,Billing,88 Worli Sea Face,Near Old Town,Mumbai,Maharashtra,India,631461,TAX750,North,2024-12-10 00:00:00,ERP
EADDR5348,ERP1348,Billing,90 Karol Bagh Market,Near Old Town,Bangalore,Karnataka,India,391255,TAX348,North,2026-03-26 00:00:00,ERP
EADDR5303,ERP1303,Billing,55 MI Rd,Next to Market,Ahmedabad,Gujarat,India,230653,TAX303,Central,2025-06-19 00:00:00,ERP
EADDR5731,ERP1731,Billing,77 Linking Rd,Next to Market,Pune,Maharashtra,India,820909,TAX731,Central,2025-05-07 00:00:00,ERP
EADDR5422,ERP1422,Shipping,56 Chandni Chowk,Next to Market,Kolkata,West Bengal,India,464479,TAX422,West,2025-12-14 00:00:00,ERP
EADDR5072,ERP1072,Billing,12 Residency Rd,Near Metro Station,Pune,Maharashtra,India,196069,TAX072,West,2025-12-10 00:00:00,ERP
EADDR5174,ERP1174,Shipping,44 Ashram Rd,,Chennai,Tamil Nadu,India,812530,TAX174,South,2025-07-20 00:00:00,ERP
EADDR5425,ERP1425,Shipping,12 Residency Rd,Opposite Mall,Pune,Maharashtra,India,605407,TAX425,Central,2024-10-10 00:00:00,ERP
EADDR5307,ERP1307,Shipping,12 MG Rd,,Hyderabad,Telangana,India,528430,TAX307,North,2025-04-13 00:00:00,ERP
EADDR5283,ERP1283,Shipping,67 Law Garden Rd,Opposite Mall,Delhi,Delhi,India,197872,TAX283,Central,2024-02-27 00:00:00,ERP
EADDR5085,ERP1085,Billing,44 Ashram Rd,Near City Center,Jaipur,Rajasthan,India,729288,TAX085,South,2025-10-01 00:00:00,ERP
EADDR5379,ERP1379,Shipping,44 Ashram Rd,Near City Center,Kolkata,West Bengal,India,945918,TAX379,Central,2024-02-29 00:00:00,ERP
EADDR5727,ERP1727,Shipping,101 FC Rd,Near Old Town,Pune,Maharashtra,India,193747,TAX727,Central,2024-02-19 00:00:00,ERP
EADDR5517,ERP1517,Shipping,90 Karol Bagh Market,Near Metro Station,Hyderabad,Telangana,India,553208,TAX517,West,2025-11-19 00:00:00,ERP
EADDR5589,ERP1589,Billing,67 Law Garden Rd,Next to Market,Chennai,Tamil Nadu,India,497364,TAX589,Central,2026-01-16 00:00:00,ERP
EADDR5167,ERP1167,Billing,90 Karol Bagh Market,Near Old Town,Pune,Maharashtra,India,552447,TAX167,South,2024-01-21 00:00:00,ERP
EADDR5222,ERP1222,Shipping,45 Marine Dr,Opposite Mall,Jaipur,Rajasthan,India,411552,TAX222,West,2025-01-25 00:00:00,ERP
EADDR5854,ERP1854,Billing,90 Karol Bagh Market,Near Old Town,Surat,Gujarat,India,476441,TAX854,West,2025-08-15 00:00:00,ERP
EADDR5431,ERP1431,Billing,90 Karol Bagh Market,Opposite Mall,Kolkata,West Bengal,India,197492,TAX431,West,2025-04-30 00:00:00,ERP
EADDR5578,ERP1578,Billing,55 MI Rd,Near City Center,Mumbai,Maharashtra,India,394551,TAX578,Central,2024-02-14 00:00:00,ERP
EADDR5788,ERP1788,Shipping,23 Brigade Rd,Opposite Mall,Surat,Gujarat,India,641866,TAX788,North,2025-04-23 00:00:00,ERP
EADDR5461,ERP1461,Billing,44 Ashram Rd,Near Old Town,Hyderabad,Telangana,India,652582,TAX461,West,2025-02-13 00:00:00,ERP
EADDR5639,ERP1639,Billing,90 Karol Bagh Market,Near Metro Station,Ahmedabad,Gujarat,India,148465,TAX639,North,2025-07-29 00:00:00,ERP
EADDR5572,ERP1572,Billing,88 Worli Sea Face,Near City Center,Jaipur,Rajasthan,India,575576,TAX572,West,2025-04-13 00:00:00,ERP
EADDR5927,ERP1927,Billing,56 Chandni Chowk,Next to Market,Surat,Gujarat,India,132498,TAX927,East,2024-09-12 00:00:00,ERP
EADDR5344,ERP1344,Billing,12 Residency Rd,Near Old Town,Jaipur,Rajasthan,India,603335,TAX344,West,2025-04-23 00:00:00,ERP
EADDR5928,ERP1928,Billing,90 Karol Bagh Market,Near City Center,Ahmedabad,Gujarat,India,445390,TAX928,Central,2026-01-28 00:00:00,ERP
EADDR5335,ERP1335,Shipping,45 Marine Dr,Next to Market,Hyderabad,Telangana,India,848750,TAX335,North,2025-04-04 00:00:00,ERP
EADDR5183,ERP1183,Billing,77 Linking Rd,Near Old Town,Hyderabad,Telangana,India,456234,TAX183,North,2025-04-07 00:00:00,ERP
EADDR5203,ERP1203,Billing,34 JM Road,Above Central Bank,Kolkata,West Bengal,India,180527,TAX203,West,2025-06-19 00:00:00,ERP
EADDR5840,ERP1840,Shipping,67 Law Garden Rd,Near Old Town,Surat,Gujarat,India,273451,TAX840,South,2024-11-16 00:00:00,ERP
EADDR5506,ERP1506,Billing,12 MG Rd,Opposite Mall,Bangalore,Karnataka,India,745686,TAX506,North,2025-11-05 00:00:00,ERP
EADDR5563,ERP1563,Shipping,45 Marine Dr,,Pune,Maharashtra,India,270838,TAX563,North,2024-11-07 00:00:00,ERP
EADDR5286,ERP1286,Billing,12 Residency Rd,Above Central Bank,Surat,Gujarat,India,282976,TAX286,South,2025-05-06 00:00:00,ERP
EADDR5616,ERP1616,Shipping,78 Connaught Pl,Near City Center,Hyderabad,Telangana,India,621208,TAX616,South,2026-03-27 00:00:00,ERP
EADDR5347,ERP1347,Billing,12 Residency Rd,Near City Center,Pune,Maharashtra,India,716940,TAX347,North,2026-03-18 00:00:00,ERP
EADDR5059,ERP1059,Shipping,78 Connaught Pl,Above Central Bank,Delhi,Delhi,India,498314,TAX059,East,2024-07-19 00:00:00,ERP
EADDR5008,ERP1008,Shipping,23 Brigade Rd,Opposite Mall,Bangalore,Karnataka,India,232645,TAX008,West,2024-09-16 00:00:00,ERP
EADDR5279,ERP1279,Shipping,12 MG Rd,Next to Market,Surat,Gujarat,India,468089,TAX279,North,2024-04-30 00:00:00,ERP
EADDR5108,ERP1108,Shipping,12 Residency Rd,Near City Center,Chennai,Tamil Nadu,India,979340,TAX108,South,2025-07-24 00:00:00,ERP
EADDR5028,ERP1028,Shipping,56 Chandni Chowk,,Pune,Maharashtra,India,557107,TAX028,North,2024-04-19 00:00:00,ERP
EADDR5321,ERP1321,Billing,44 Ashram Rd,,Bangalore,Karnataka,India,815641,TAX321,South,2025-07-05 00:00:00,ERP
EADDR5364,ERP1364,Billing,56 Chandni Chowk,Near Metro Station,Delhi,Delhi,India,103784,TAX364,South,2025-08-11 00:00:00,ERP
EADDR5493,ERP1493,Shipping,23 Brigade Rd,Opposite Mall,Mumbai,Maharashtra,India,780212,TAX493,East,2025-04-23 00:00:00,ERP
EADDR5416,ERP1416,Shipping,88 Worli Sea Face,Opposite Mall,Bangalore,Karnataka,India,988351,TAX416,East,2025-05-03 00:00:00,ERP
EADDR5097,ERP1097,Shipping,12 MG Rd,Above Central Bank,Hyderabad,Telangana,India,203068,TAX097,Central,2025-05-22 00:00:00,ERP
EADDR5757,ERP1757,Billing,55 MI Rd,Near City Center,Jaipur,Rajasthan,India,670655,TAX757,West,2024-07-14 00:00:00,ERP
EADDR5915,ERP1915,Billing,12 MG Rd,,Hyderabad,Telangana,India,764169,TAX915,East,2025-12-13 00:00:00,ERP
EADDR5495,ERP1495,Shipping,23 Brigade Rd,,Ahmedabad,Gujarat,India,974501,TAX495,Central,2026-03-15 00:00:00,ERP
EADDR5706,ERP1706,Billing,55 MI Rd,Near Metro Station,Hyderabad,Telangana,India,819153,TAX706,South,2025-12-10 00:00:00,ERP
EADDR5812,ERP1812,Billing,77 Linking Rd,Above Central Bank,Ahmedabad,Gujarat,India,950884,TAX812,Central,2025-07-24 00:00:00,ERP
EADDR5083,ERP1083,Shipping,23 Brigade Rd,,Mumbai,Maharashtra,India,862438,TAX083,North,2024-11-13 00:00:00,ERP
EADDR5921,ERP1921,Billing,34 JM Road,,Surat,Gujarat,India,593107,TAX921,South,2025-05-23 00:00:00,ERP
EADDR5903,ERP1903,Billing,12 Residency Rd,Opposite Mall,Ahmedabad,Gujarat,India,872226,TAX903,East,2025-07-31 00:00:00,ERP
EADDR5212,ERP1212,Billing,88 Worli Sea Face,,Ahmedabad,Gujarat,India,919022,TAX212,Central,2026-02-10 00:00:00,ERP
EADDR5883,ERP1883,Shipping,45 Marine Dr,Next to Market,Bangalore,Karnataka,India,509955,TAX883,East,2025-08-17 00:00:00,ERP
EADDR5789,ERP1789,Billing,77 Linking Rd,Near Old Town,Bangalore,Karnataka,India,211698,TAX789,North,2024-02-24 00:00:00,ERP
EADDR5252,ERP1252,Billing,45 Marine Dr,Next to Market,Mumbai,Maharashtra,India,743742,TAX252,Central,2024-12-03 00:00:00,ERP
EADDR5334,ERP1334,Billing,34 JM Road,Near Metro Station,Mumbai,Maharashtra,India,305705,TAX334,South,2025-01-14 00:00:00,ERP
EADDR5752,ERP1752,Billing,101 FC Rd,Near City Center,Mumbai,Maharashtra,India,233263,TAX752,West,2025-06-23 00:00:00,ERP
EADDR5580,ERP1580,Billing,44 Ashram Rd,Next to Market,Kolkata,West Bengal,India,120482,TAX580,East,2024-10-23 00:00:00,ERP
EADDR5226,ERP1226,Shipping,23 Brigade Rd,Near Metro Station,Delhi,Delhi,India,218168,TAX226,Central,2025-02-10 00:00:00,ERP
EADDR5926,ERP1926,Shipping,34 JM Road,Near Metro Station,Ahmedabad,Gujarat,India,412180,TAX926,West,2024-12-29 00:00:00,ERP
EADDR5672,ERP1672,Shipping,44 Ashram Rd,,Pune,Maharashtra,India,144780,TAX672,South,2024-05-26 00:00:00,ERP
EADDR5596,ERP1596,Billing,44 Ashram Rd,,Hyderabad,Telangana,India,236332,TAX596,Central,2025-09-03 00:00:00,ERP
EADDR5124,ERP1124,Billing,78 Connaught Pl,Near Old Town,Pune,Maharashtra,India,374390,TAX124,South,2025-01-29 00:00:00,ERP
EADDR5154,ERP1154,Shipping,67 Law Garden Rd,Above Central Bank,Kolkata,West Bengal,India,498777,TAX154,South,2025-11-14 00:00:00,ERP
EADDR5820,ERP1820,Billing,77 Linking Rd,,Bangalore,Karnataka,India,107432,TAX820,North,2025-11-13 00:00:00,ERP
EADDR5728,ERP1728,Billing,90 Karol Bagh Market,Near Metro Station,Hyderabad,Telangana,India,117047,TAX728,North,2024-05-17 00:00:00,ERP
EADDR5067,ERP1067,Shipping,67 Law Garden Rd,Next to Market,Pune,Maharashtra,India,452598,TAX067,Central,2025-04-11 00:00:00,ERP
EADDR5385,ERP1385,Billing,23 Brigade Rd,,Bangalore,Karnataka,India,958914,TAX385,East,2025-01-29 00:00:00,ERP
EADDR5384,ERP1384,Billing,23 Brigade Rd,Above Central Bank,Kolkata,West Bengal,India,902610,TAX384,North,2026-01-19 00:00:00,ERP
EADDR5018,ERP1018,Billing,23 Brigade Rd,,Kolkata,West Bengal,India,327265,TAX018,Central,2026-01-21 00:00:00,ERP
EADDR5194,ERP1194,Shipping,23 Brigade Rd,Next to Market,Delhi,Delhi,India,574574,TAX194,West,2024-02-18 00:00:00,ERP
EADDR5675,ERP1675,Shipping,23 Brigade Rd,Next to Market,Delhi,Delhi,India,361535,TAX675,East,2024-11-21 00:00:00,ERP
EADDR5119,ERP1119,Billing,34 JM Road,Near City Center,Bangalore,Karnataka,India,510438,TAX119,North,2025-05-20 00:00:00,ERP
EADDR5943,ERP1943,Shipping,88 Worli Sea Face,Near City Center,Jaipur,Rajasthan,India,445756,TAX943,North,2025-08-22 00:00:00,ERP
EADDR5016,ERP1016,Shipping,12 Residency Rd,Near Old Town,Pune,Maharashtra,India,784808,TAX016,North,2024-03-20 00:00:00,ERP
EADDR5897,ERP1897,Shipping,56 Chandni Chowk,Near City Center,Hyderabad,Telangana,India,678985,TAX897,Central,2024-06-30 00:00:00,ERP
EADDR5730,ERP1730,Shipping,12 MG Rd,Near Old Town,Hyderabad,Telangana,India,353707,TAX730,North,2025-11-24 00:00:00,ERP
EADDR5315,ERP1315,Billing,44 Ashram Rd,Near City Center,Jaipur,Rajasthan,India,770733,TAX315,West,2025-08-12 00:00:00,ERP
EADDR5634,ERP1634,Shipping,90 Karol Bagh Market,Near Metro Station,Ahmedabad,Gujarat,India,340249,TAX634,South,2025-02-14 00:00:00,ERP
EADDR5751,ERP1751,Shipping,77 Linking Rd,Next to Market,Mumbai,Maharashtra,India,145554,TAX751,Central,2026-03-31 00:00:00,ERP
EADDR5337,ERP1337,Shipping,78 Connaught Pl,Above Central Bank,Hyderabad,Telangana,India,533561,TAX337,South,2025-02-01 00:00:00,ERP
EADDR5828,ERP1828,Shipping,23 Brigade Rd,,Jaipur,Rajasthan,India,617776,TAX828,West,2025-10-05 00:00:00,ERP
EADDR5474,ERP1474,Billing,67 Law Garden Rd,Next to Market,Kolkata,West Bengal,India,970460,TAX474,East,2024-03-25 00:00:00,ERP
EADDR5032,ERP1032,Billing,56 Chandni Chowk,Opposite Mall,Hyderabad,Telangana,India,129448,TAX032,East,2025-07-03 00:00:00,ERP
EADDR5786,ERP1786,Billing,12 Residency Rd,Opposite Mall,Jaipur,Rajasthan,India,562225,TAX786,East,2025-06-17 00:00:00,ERP
EADDR5360,ERP1360,Billing,55 MI Rd,Above Central Bank,Hyderabad,Telangana,India,583978,TAX360,Central,2025-02-25 00:00:00,ERP
EADDR5068,ERP1068,Billing,101 FC Rd,Opposite Mall,Kolkata,West Bengal,India,403061,TAX068,Central,2025-05-27 00:00:00,ERP
EADDR5362,ERP1362,Billing,44 Ashram Rd,Next to Market,Ahmedabad,Gujarat,India,459759,TAX362,Central,2025-08-23 00:00:00,ERP
EADDR5877,ERP1877,Shipping,101 FC Rd,Next to Market,Delhi,Delhi,India,446967,TAX877,South,2025-08-11 00:00:00,ERP
EADDR5206,ERP1206,Billing,12 MG Rd,Above Central Bank,Chennai,Tamil Nadu,India,635068,TAX206,Central,2025-12-24 00:00:00,ERP
EADDR5284,ERP1284,Billing,77 Linking Rd,Near Old Town,Kolkata,West Bengal,India,179789,TAX284,North,2024-01-28 00:00:00,ERP
EADDR5210,ERP1210,Shipping,67 Law Garden Rd,Near Old Town,Jaipur,Rajasthan,India,128924,TAX210,Central,2025-09-13 00:00:00,ERP
EADDR5185,ERP1185,Billing,56 Chandni Chowk,,Surat,Gujarat,India,866670,TAX185,Central,2025-05-15 00:00:00,ERP
EADDR5438,ERP1438,Billing,44 Ashram Rd,Near Metro Station,Delhi,Delhi,India,143761,TAX438,West,2025-06-06 00:00:00,ERP
EADDR5061,ERP1061,Shipping,101 FC Rd,Near City Center,Mumbai,Maharashtra,India,837589,TAX061,North,2025-04-14 00:00:00,ERP
EADDR5209,ERP1209,Shipping,12 Residency Rd,Next to Market,Bangalore,Karnataka,India,219684,TAX209,West,2024-09-04 00:00:00,ERP
EADDR5748,ERP1748,Shipping,67 Law Garden Rd,Near Old Town,Hyderabad,Telangana,India,207043,TAX748,South,2025-01-03 00:00:00,ERP
EADDR5521,ERP1521,Shipping,23 Brigade Rd,Near Old Town,Chennai,Tamil Nadu,India,260817,TAX521,West,2024-01-26 00:00:00,ERP
EADDR5369,ERP1369,Shipping,12 MG Rd,Near Old Town,Hyderabad,Telangana,India,355470,TAX369,South,2025-07-19 00:00:00,ERP
EADDR5637,ERP1637,Billing,56 Chandni Chowk,,Ahmedabad,Gujarat,India,692965,TAX637,West,2025-05-23 00:00:00,ERP
EADDR5125,ERP1125,Billing,55 MI Rd,Above Central Bank,Chennai,Tamil Nadu,India,944030,TAX125,Central,2025-04-07 00:00:00,ERP
EADDR5310,ERP1310,Shipping,88 Worli Sea Face,Above Central Bank,Kolkata,West Bengal,India,569794,TAX310,North,2024-12-10 00:00:00,ERP
EADDR5246,ERP1246,Shipping,45 Marine Dr,Next to Market,Delhi,Delhi,India,725667,TAX246,East,2025-09-15 00:00:00,ERP
EADDR5439,ERP1439,Shipping,77 Linking Rd,Near City Center,Kolkata,West Bengal,India,862831,TAX439,East,2025-11-28 00:00:00,ERP
EADDR5147,ERP1147,Shipping,23 Brigade Rd,Opposite Mall,Delhi,Delhi,India,215279,TAX147,East,2024-02-09 00:00:00,ERP
EADDR5271,ERP1271,Shipping,101 FC Rd,Next to Market,Pune,Maharashtra,India,574817,TAX271,North,2025-05-04 00:00:00,ERP
EADDR5436,ERP1436,Billing,67 Law Garden Rd,Near Metro Station,Ahmedabad,Gujarat,India,651065,TAX436,South,2026-01-04 00:00:00,ERP
EADDR5601,ERP1601,Shipping,90 Karol Bagh Market,Opposite Mall,Bangalore,Karnataka,India,842096,TAX601,South,2025-11-27 00:00:00,ERP
EADDR5794,ERP1794,Shipping,90 Karol Bagh Market,,Bangalore,Karnataka,India,278489,TAX794,North,2024-10-01 00:00:00,ERP
EADDR5859,ERP1859,Billing,44 Ashram Rd,Near City Center,Mumbai,Maharashtra,India,405831,TAX859,South,2024-07-29 00:00:00,ERP
EADDR5686,ERP1686,Shipping,55 MI Rd,,Jaipur,Rajasthan,India,764315,TAX686,Central,2025-07-05 00:00:00,ERP
EADDR5308,ERP1308,Shipping,90 Karol Bagh Market,,Bangalore,Karnataka,India,189132,TAX308,East,2025-09-28 00:00:00,ERP
EADDR5128,ERP1128,Shipping,77 Linking Rd,Above Central Bank,Chennai,Tamil Nadu,India,914715,TAX128,West,2024-09-18 00:00:00,ERP
EADDR5615,ERP1615,Billing,90 Karol Bagh Market,Near Old Town,Chennai,Tamil Nadu,India,704703,TAX615,South,2025-07-06 00:00:00,ERP
EADDR5922,ERP1922,Shipping,90 Karol Bagh Market,Near City Center,Surat,Gujarat,India,741434,TAX922,East,2026-03-11 00:00:00,ERP
EADDR5107,ERP1107,Shipping,78 Connaught Pl,Next to Market,Hyderabad,Telangana,India,438392,TAX107,Central,2025-05-22 00:00:00,ERP
EADDR5724,ERP1724,Shipping,12 MG Rd,Opposite Mall,Kolkata,West Bengal,India,171699,TAX724,Central,2024-12-11 00:00:00,ERP
EADDR5808,ERP1808,Billing,88 Worli Sea Face,,Surat,Gujarat,India,902271,TAX808,West,2025-09-15 00:00:00,ERP
EADDR5033,ERP1033,Shipping,101 FC Rd,Opposite Mall,Pune,Maharashtra,India,473856,TAX033,Central,2024-03-09 00:00:00,ERP
EADDR5520,ERP1520,Billing,12 MG Rd,Above Central Bank,Bangalore,Karnataka,India,855935,TAX520,South,2025-01-07 00:00:00,ERP
EADDR5895,ERP1895,Billing,88 Worli Sea Face,,Ahmedabad,Gujarat,India,191162,TAX895,North,2024-12-03 00:00:00,ERP
EADDR5827,ERP1827,Billing,101 FC Rd,Above Central Bank,Hyderabad,Telangana,India,328643,TAX827,North,2024-03-03 00:00:00,ERP
EADDR5688,ERP1688,Billing,44 Ashram Rd,,Pune,Maharashtra,India,439944,TAX688,North,2025-02-13 00:00:00,ERP
EADDR5836,ERP1836,Billing,78 Connaught Pl,Near Metro Station,Bangalore,Karnataka,India,919517,TAX836,Central,2025-11-13 00:00:00,ERP
EADDR5856,ERP1856,Shipping,34 JM Road,,Hyderabad,Telangana,India,177060,TAX856,North,2025-05-05 00:00:00,ERP
EADDR5595,ERP1595,Shipping,45 Marine Dr,Above Central Bank,Delhi,Delhi,India,923472,TAX595,North,2024-02-26 00:00:00,ERP
EADDR5444,ERP1444,Billing,12 MG Rd,Opposite Mall,Pune,Maharashtra,India,461352,TAX444,East,2025-09-06 00:00:00,ERP
EADDR5354,ERP1354,Billing,67 Law Garden Rd,Opposite Mall,Bangalore,Karnataka,India,713327,TAX354,East,2025-03-07 00:00:00,ERP
EADDR5718,ERP1718,Shipping,101 FC Rd,Opposite Mall,Pune,Maharashtra,India,540375,TAX718,East,2024-01-19 00:00:00,ERP
EADDR5685,ERP1685,Billing,77 Linking Rd,Opposite Mall,Delhi,Delhi,India,206399,TAX685,South,2024-06-05 00:00:00,ERP
EADDR5110,ERP1110,Billing,88 Worli Sea Face,Next to Market,Hyderabad,Telangana,India,445675,TAX110,West,2025-07-18 00:00:00,ERP
EADDR5797,ERP1797,Shipping,34 JM Road,Near City Center,Kolkata,West Bengal,India,865891,TAX797,West,2025-12-19 00:00:00,ERP
EADDR5298,ERP1298,Billing,12 MG Rd,Opposite Mall,Ahmedabad,Gujarat,India,314121,TAX298,East,2024-01-23 00:00:00,ERP
EADDR5494,ERP1494,Shipping,78 Connaught Pl,Near Metro Station,Pune,Maharashtra,India,251589,TAX494,Central,2025-01-10 00:00:00,ERP
EADDR5070,ERP1070,Shipping,12 MG Rd,Near City Center,Jaipur,Rajasthan,India,195724,TAX070,East,2025-01-28 00:00:00,ERP
EADDR5760,ERP1760,Billing,77 Linking Rd,Above Central Bank,Bangalore,Karnataka,India,499138,TAX760,Central,2024-05-04 00:00:00,ERP
EADDR5858,ERP1858,Shipping,77 Linking Rd,Above Central Bank,Delhi,Delhi,India,585507,TAX858,West,2024-04-16 00:00:00,ERP
EADDR5501,ERP1501,Shipping,34 JM Road,Above Central Bank,Surat,Gujarat,India,200680,TAX501,East,2026-01-17 00:00:00,ERP
EADDR5814,ERP1814,Billing,67 Law Garden Rd,Near City Center,Chennai,Tamil Nadu,India,661108,TAX814,Central,2025-04-03 00:00:00,ERP
EADDR5539,ERP1539,Shipping,55 MI Rd,Next to Market,Hyderabad,Telangana,India,606362,TAX539,North,2026-01-19 00:00:00,ERP
EADDR5584,ERP1584,Shipping,55 MI Rd,Above Central Bank,Hyderabad,Telangana,India,879280,TAX584,East,2025-03-04 00:00:00,ERP
EADDR5446,ERP1446,Billing,56 Chandni Chowk,Above Central Bank,Mumbai,Maharashtra,India,405274,TAX446,Central,2025-01-30 00:00:00,ERP
EADDR5606,ERP1606,Shipping,55 MI Rd,Near City Center,Kolkata,West Bengal,India,602138,TAX606,East,2024-09-08 00:00:00,ERP
EADDR5699,ERP1699,Billing,77 Linking Rd,Next to Market,Hyderabad,Telangana,India,936283,TAX699,South,2024-06-26 00:00:00,ERP
EADDR5133,ERP1133,Shipping,23 Brigade Rd,Above Central Bank,Pune,Maharashtra,India,997737,TAX133,South,2025-11-08 00:00:00,ERP
EADDR5263,ERP1263,Shipping,44 Ashram Rd,Opposite Mall,Pune,Maharashtra,India,202412,TAX263,South,2026-01-10 00:00:00,ERP
EADDR5169,ERP1169,Shipping,12 Residency Rd,Above Central Bank,Jaipur,Rajasthan,India,445956,TAX169,Central,2025-08-27 00:00:00,ERP
EADDR5143,ERP1143,Billing,55 MI Rd,Near Metro Station,Hyderabad,Telangana,India,894986,TAX143,Central,2026-02-15 00:00:00,ERP
EADDR5500,ERP1500,Shipping,12 Residency Rd,Next to Market,Bangalore,Karnataka,India,206705,TAX500,East,2025-02-14 00:00:00,ERP
EADDR5544,ERP1544,Shipping,23 Brigade Rd,,Jaipur,Rajasthan,India,788673,TAX544,East,2024-04-15 00:00:00,ERP
EADDR5241,ERP1241,Billing,12 MG Rd,,Delhi,Delhi,India,215740,TAX241,East,2025-07-13 00:00:00,ERP
EADDR5026,ERP1026,Billing,45 Marine Dr,Near City Center,Jaipur,Rajasthan,India,139008,TAX026,South,2025-04-18 00:00:00,ERP
EADDR5772,ERP1772,Shipping,88 Worli Sea Face,,Surat,Gujarat,India,945857,TAX772,West,2025-04-09 00:00:00,ERP
EADDR5862,ERP1862,Shipping,34 JM Road,Near City Center,Delhi,Delhi,India,246082,TAX862,Central,2025-04-22 00:00:00,ERP
EADDR5302,ERP1302,Shipping,90 Karol Bagh Market,,Pune,Maharashtra,India,980286,TAX302,West,2025-02-18 00:00:00,ERP
EADDR5233,ERP1233,Shipping,12 Residency Rd,Next to Market,Delhi,Delhi,India,445852,TAX233,Central,2024-08-16 00:00:00,ERP
EADDR5904,ERP1904,Shipping,44 Ashram Rd,Next to Market,Chennai,Tamil Nadu,India,620015,TAX904,Central,2025-09-13 00:00:00,ERP
EADDR5333,ERP1333,Shipping,56 Chandni Chowk,Above Central Bank,Surat,Gujarat,India,853643,TAX333,South,2024-08-26 00:00:00,ERP
EADDR5266,ERP1266,Shipping,88 Worli Sea Face,Near City Center,Chennai,Tamil Nadu,India,148382,TAX266,Central,2025-03-14 00:00:00,ERP
EADDR5258,ERP1258,Billing,78 Connaught Pl,Opposite Mall,Pune,Maharashtra,India,914948,TAX258,East,2024-04-18 00:00:00,ERP
EADDR5318,ERP1318,Shipping,44 Ashram Rd,Opposite Mall,Pune,Maharashtra,India,147774,TAX318,South,2025-12-30 00:00:00,ERP
EADDR5220,ERP1220,Billing,12 MG Rd,,Hyderabad,Telangana,India,305098,TAX220,Central,2025-06-21 00:00:00,ERP
EADDR5688,ERP1688,Billing,44 Ashram Rd,,Pune,Maharashtra,India,439944,TAX688,North,2025-02-13 00:00:00,ERP
EADDR5059,ERP1059,Shipping,78 Connaught Pl,Above Central Bank,Delhi,Delhi,India,498314,TAX059,East,2024-07-19 00:00:00,ERP
EADDR5504,ERP1504,Billing,12 MG Rd,Opposite Mall,Kolkata,West Bengal,India,490975,TAX504,West,2024-02-07 00:00:00,ERP
EADDR5581,ERP1581,Shipping,12 Residency Rd,Next to Market,Delhi,Delhi,India,723222,TAX581,Central,2025-01-03 00:00:00,ERP
EADDR5794,ERP1794,Shipping,90 Karol Bagh Market,,Bangalore,Karnataka,India,278489,TAX794,North,2024-10-01 00:00:00,ERP
EADDR5460,ERP1460,Billing,45 Marine Dr,Near Old Town,Jaipur,Rajasthan,India,995832,TAX460,East,2024-08-12 00:00:00,ERP
EADDR5821,ERP1821,Billing,34 JM Road,Near Old Town,Mumbai,Maharashtra,India,886270,TAX821,North,2024-03-26 00:00:00,ERP
EADDR5319,ERP1319,Billing,88 Worli Sea Face,Near City Center,Jaipur,Rajasthan,India,555746,TAX319,North,2025-04-27 00:00:00,ERP
EADDR5074,ERP1074,Shipping,23 Brigade Rd,Opposite Mall,Jaipur,Rajasthan,India,376687,TAX074,Central,2024-06-19 00:00:00,ERP
EADDR5825,ERP1825,Billing,34 JM Road,Near Old Town,Bangalore,Karnataka,India,302603,TAX825,Central,2024-11-06 00:00:00,ERP
EADDR5756,ERP1756,Shipping,78 Connaught Pl,,Jaipur,Rajasthan,India,251778,TAX756,South,2026-03-29 00:00:00,ERP
EADDR5139,ERP1139,Shipping,101 FC Rd,Near Old Town,Jaipur,Rajasthan,India,864202,TAX139,West,2025-09-03 00:00:00,ERP
EADDR5017,ERP1017,Shipping,55 MI Rd,Next to Market,Mumbai,Maharashtra,India,215054,TAX017,West,2024-12-19 00:00:00,ERP
EADDR5403,ERP1403,Billing,77 Linking Rd,Near Old Town,Kolkata,West Bengal,India,627913,TAX403,South,2024-06-04 00:00:00,ERP
EADDR5275,ERP1275,Billing,78 Connaught Pl,Above Central Bank,Chennai,Tamil Nadu,India,346088,TAX275,West,2024-11-16 00:00:00,ERP
EADDR5173,ERP1173,Billing,12 Residency Rd,Near Metro Station,Jaipur,Rajasthan,India,487236,TAX173,Central,2024-09-05 00:00:00,ERP
EADDR5256,ERP1256,Shipping,56 Chandni Chowk,Next to Market,Pune,Maharashtra,India,960177,TAX256,South,2025-11-27 00:00:00,ERP
EADDR5681,ERP1681,Billing,88 Worli Sea Face,Above Central Bank,Surat,Gujarat,India,463603,TAX681,South,2025-06-09 00:00:00,ERP
EADDR5235,ERP1235,Billing,45 Marine Dr,Near City Center,Delhi,Delhi,India,573602,TAX235,South,2024-05-11 00:00:00,ERP
EADDR5554,ERP1554,Billing,12 MG Rd,Opposite Mall,Hyderabad,Telangana,India,283659,TAX554,North,2024-12-06 00:00:00,ERP
EADDR5221,ERP1221,Shipping,67 Law Garden Rd,,Hyderabad,Telangana,India,273930,TAX221,South,2024-08-10 00:00:00,ERP
EADDR5135,ERP1135,Shipping,77 Linking Rd,Near Old Town,Pune,Maharashtra,India,414272,TAX135,Central,2024-11-16 00:00:00,ERP
EADDR5042,ERP1042,Billing,55 MI Rd,Opposite Mall,Surat,Gujarat,India,173014,TAX042,East,2026-01-26 00:00:00,ERP
EADDR5769,ERP1769,Shipping,45 Marine Dr,Above Central Bank,Bangalore,Karnataka,India,838062,TAX769,South,2024-06-09 00:00:00,ERP
EADDR5723,ERP1723,Shipping,90 Karol Bagh Market,,Hyderabad,Telangana,India,555901,TAX723,West,2025-06-23 00:00:00,ERP
EADDR5407,ERP1407,Billing,44 Ashram Rd,Near City Center,Bangalore,Karnataka,India,341586,TAX407,South,2025-11-08 00:00:00,ERP
EADDR5243,ERP1243,Billing,12 Residency Rd,Next to Market,Surat,Gujarat,India,180708,TAX243,West,2024-08-04 00:00:00,ERP
EADDR5510,ERP1510,Billing,56 Chandni Chowk,Near Old Town,Delhi,Delhi,India,482903,TAX510,Central,2026-03-10 00:00:00,ERP
EADDR5130,ERP1130,Shipping,44 Ashram Rd,Near Metro Station,Jaipur,Rajasthan,India,366742,TAX130,East,2026-01-11 00:00:00,ERP
EADDR5471,ERP1471,Shipping,23 Brigade Rd,Near Metro Station,Ahmedabad,Gujarat,India,193680,TAX471,South,2025-01-30 00:00:00,ERP
EADDR5281,ERP1281,Shipping,45 Marine Dr,Opposite Mall,Bangalore,Karnataka,India,619037,TAX281,East,2024-07-16 00:00:00,ERP
EADDR5743,ERP1743,Shipping,44 Ashram Rd,Opposite Mall,Hyderabad,Telangana,India,533389,TAX743,West,2024-06-05 00:00:00,ERP
EADDR5247,ERP1247,Billing,12 MG Rd,Near City Center,Chennai,Tamil Nadu,India,631750,TAX247,North,2024-03-31 00:00:00,ERP
EADDR5536,ERP1536,Shipping,34 JM Road,Near City Center,Mumbai,Maharashtra,India,355674,TAX536,South,2024-09-05 00:00:00,ERP
EADDR5819,ERP1819,Billing,90 Karol Bagh Market,Near Old Town,Ahmedabad,Gujarat,India,993643,TAX819,North,2024-12-03 00:00:00,ERP
EADDR5234,ERP1234,Billing,12 Residency Rd,Opposite Mall,Jaipur,Rajasthan,India,152302,TAX234,West,2026-01-30 00:00:00,ERP
EADDR5764,ERP1764,Billing,56 Chandni Chowk,Opposite Mall,Surat,Gujarat,India,988142,TAX764,West,2025-11-04 00:00:00,ERP
EADDR5749,ERP1749,Shipping,23 Brigade Rd,Near City Center,Mumbai,Maharashtra,India,872358,TAX749,North,2024-09-25 00:00:00,ERP
EADDR5732,ERP1732,Billing,67 Law Garden Rd,Next to Market,Mumbai,Maharashtra,India,212964,TAX732,East,2024-10-16 00:00:00,ERP
EADDR5090,ERP1090,Shipping,88 Worli Sea Face,Next to Market,Hyderabad,Telangana,India,987938,TAX090,North,2024-12-21 00:00:00,ERP
EADDR5796,ERP1796,Shipping,55 MI Rd,Near Metro Station,Chennai,Tamil Nadu,India,343649,TAX796,South,2025-11-12 00:00:00,ERP
EADDR5722,ERP1722,Billing,77 Linking Rd,Next to Market,Surat,Gujarat,India,183289,TAX722,East,2025-01-31 00:00:00,ERP
EADDR5198,ERP1198,Billing,101 FC Rd,Near Old Town,Bangalore,Karnataka,India,676151,TAX198,South,2025-04-02 00:00:00,ERP
EADDR5806,ERP1806,Billing,67 Law Garden Rd,Next to Market,Pune,Maharashtra,India,790857,TAX806,West,2025-07-20 00:00:00,ERP
EADDR5229,ERP1229,Shipping,12 Residency Rd,Near Metro Station,Surat,Gujarat,India,495737,TAX229,Central,2025-07-26 00:00:00,ERP
EADDR5144,ERP1144,Billing,56 Chandni Chowk,Next to Market,Pune,Maharashtra,India,568542,TAX144,South,2026-01-26 00:00:00,ERP
EADDR5738,ERP1738,Shipping,78 Connaught Pl,Opposite Mall,Kolkata,West Bengal,India,495844,TAX738,North,2025-02-05 00:00:00,ERP
EADDR5649,ERP1649,Shipping,56 Chandni Chowk,Next to Market,Surat,Gujarat,India,347080,TAX649,West,2025-12-26 00:00:00,ERP
EADDR5312,ERP1312,Billing,34 JM Road,Opposite Mall,Ahmedabad,Gujarat,India,180293,TAX312,Central,2026-01-15 00:00:00,ERP
EADDR5131,ERP1131,Shipping,77 Linking Rd,Above Central Bank,Mumbai,Maharashtra,India,549983,TAX131,Central,2025-07-03 00:00:00,ERP
EADDR5782,ERP1782,Billing,56 Chandni Chowk,Above Central Bank,Pune,Maharashtra,India,683554,TAX782,North,2024-12-22 00:00:00,ERP
EADDR5713,ERP1713,Shipping,77 Linking Rd,Near City Center,Kolkata,West Bengal,India,147968,TAX713,East,2025-10-04 00:00:00,ERP
EADDR5650,ERP1650,Shipping,78 Connaught Pl,Near Old Town,Hyderabad,Telangana,India,370409,TAX650,East,2024-07-14 00:00:00,ERP
EADDR5614,ERP1614,Billing,90 Karol Bagh Market,Above Central Bank,Bangalore,Karnataka,India,441865,TAX614,Central,2025-02-14 00:00:00,ERP
EADDR5755,ERP1755,Shipping,77 Linking Rd,Near City Center,Delhi,Delhi,India,438647,TAX755,Central,2024-10-15 00:00:00,ERP
EADDR5145,ERP1145,Billing,67 Law Garden Rd,Near City Center,Hyderabad,Telangana,India,430020,TAX145,East,2025-10-12 00:00:00,ERP
EADDR5105,ERP1105,Billing,12 MG Rd,Opposite Mall,Kolkata,West Bengal,India,708992,TAX105,Central,2024-09-04 00:00:00,ERP
EADDR5496,ERP1496,Shipping,56 Chandni Chowk,Near City Center,Ahmedabad,Gujarat,India,416053,TAX496,West,2025-01-05 00:00:00,ERP
EADDR5790,ERP1790,Shipping,12 Residency Rd,Near Old Town,Hyderabad,Telangana,India,175304,TAX790,West,2025-05-12 00:00:00,ERP
EADDR5304,ERP1304,Billing,12 Residency Rd,Near Old Town,Pune,Maharashtra,India,720670,TAX304,Central,2024-12-14 00:00:00,ERP
EADDR5340,ERP1340,Shipping,34 JM Road,Opposite Mall,Ahmedabad,Gujarat,India,781640,TAX340,South,2024-10-19 00:00:00,ERP
EADDR5530,ERP1530,Shipping,55 MI Rd,Opposite Mall,Ahmedabad,Gujarat,India,180122,TAX530,North,2025-06-17 00:00:00,ERP
EADDR5532,ERP1532,Billing,34 JM Road,Opposite Mall,Kolkata,West Bengal,India,251398,TAX532,North,2024-07-30 00:00:00,ERP
EADDR5138,ERP1138,Shipping,88 Worli Sea Face,Near Old Town,Delhi,Delhi,India,739719,TAX138,Central,2024-08-11 00:00:00,ERP
EADDR5508,ERP1508,Shipping,90 Karol Bagh Market,,Surat,Gujarat,India,612629,TAX508,Central,2025-03-18 00:00:00,ERP
EADDR5763,ERP1763,Billing,67 Law Garden Rd,,Mumbai,Maharashtra,India,954151,TAX763,Central,2026-03-29 00:00:00,ERP
EADDR5803,ERP1803,Shipping,101 FC Rd,Near City Center,Mumbai,Maharashtra,India,418178,TAX803,West,2025-12-12 00:00:00,ERP
EADDR5745,ERP1745,Shipping,78 Connaught Pl,Near Metro Station,Surat,Gujarat,India,453185,TAX745,South,2025-04-08 00:00:00,ERP
EADDR5429,ERP1429,Shipping,55 MI Rd,,Surat,Gujarat,India,717738,TAX429,North,2024-09-22 00:00:00,ERP
EADDR5152,ERP1152,Billing,34 JM Road,Opposite Mall,Delhi,Delhi,India,704089,TAX152,North,2024-10-08 00:00:00,ERP
EADDR5848,ERP1848,Billing,44 Ashram Rd,Near City Center,Bangalore,Karnataka,India,202727,TAX848,South,2024-01-17 00:00:00,ERP
EADDR5647,ERP1647,Shipping,78 Connaught Pl,Next to Market,Surat,Gujarat,India,236614,TAX647,East,2025-09-07 00:00:00,ERP
EADDR5009,ERP1009,Billing,101 FC Rd,Near Old Town,Kolkata,West Bengal,India,322839,TAX009,West,2025-04-07 00:00:00,ERP
EADDR5586,ERP1586,Shipping,34 JM Road,Near City Center,Delhi,Delhi,India,320293,TAX586,East,2025-06-03 00:00:00,ERP
EADDR5204,ERP1204,Shipping,101 FC Rd,Next to Market,Mumbai,Maharashtra,India,981953,TAX204,North,2024-08-31 00:00:00,ERP
EADDR5807,ERP1807,Billing,55 MI Rd,Above Central Bank,Hyderabad,Telangana,India,182041,TAX807,South,2024-10-07 00:00:00,ERP
EADDR5054,ERP1054,Billing,34 JM Road,Near City Center,Chennai,Tamil Nadu,India,710862,TAX054,West,2024-04-20 00:00:00,ERP
EADDR5875,ERP1875,Billing,101 FC Rd,Opposite Mall,Delhi,Delhi,India,140146,TAX875,South,2026-02-02 00:00:00,ERP
EADDR5896,ERP1896,Shipping,44 Ashram Rd,Near City Center,Delhi,Delhi,India,819137,TAX896,West,2024-07-04 00:00:00,ERP
EADDR5121,ERP1121,Shipping,78 Connaught Pl,Near Metro Station,Surat,Gujarat,India,269922,TAX121,South,2024-07-12 00:00:00,ERP
EADDR5422,ERP1422,Shipping,56 Chandni Chowk,Next to Market,Kolkata,West Bengal,India,464479,TAX422,West,2025-12-14 00:00:00,ERP
EADDR5366,ERP1366,Shipping,34 JM Road,Near Metro Station,Jaipur,Rajasthan,India,753411,TAX366,Central,2025-03-08 00:00:00,ERP
EADDR5249,ERP1249,Billing,77 Linking Rd,Near City Center,Surat,Gujarat,India,274786,TAX249,North,2024-04-26 00:00:00,ERP
EADDR5079,ERP1079,Shipping,34 JM Road,Near Metro Station,Mumbai,Maharashtra,India,865075,TAX079,North,2025-10-22 00:00:00,ERP
EADDR5629,ERP1629,Shipping,78 Connaught Pl,Near Old Town,Jaipur,Rajasthan,India,153268,TAX629,South,2026-01-08 00:00:00,ERP
EADDR5228,ERP1228,Shipping,44 Ashram Rd,Next to Market,Jaipur,Rajasthan,India,664813,TAX228,Central,2025-01-31 00:00:00,ERP
EADDR5639,ERP1639,Billing,90 Karol Bagh Market,Near Metro Station,Ahmedabad,Gujarat,India,148465,TAX639,North,2025-07-29 00:00:00,ERP
EADDR5917,ERP1917,Shipping,56 Chandni Chowk,Near City Center,Kolkata,West Bengal,India,644262,TAX917,East,2024-05-29 00:00:00,ERP
EADDR5697,ERP1697,Shipping,90 Karol Bagh Market,Opposite Mall,Pune,Maharashtra,India,899111,TAX697,North,2025-09-23 00:00:00,ERP
EADDR5421,ERP1421,Billing,23 Brigade Rd,Near City Center,Delhi,Delhi,India,616043,TAX421,Central,2025-06-04 00:00:00,ERP
EADDR5834,ERP1834,Shipping,90 Karol Bagh Market,Near Metro Station,Mumbai,Maharashtra,India,544135,TAX834,Central,2024-07-12 00:00:00,ERP
EADDR5548,ERP1548,Billing,77 Linking Rd,,Surat,Gujarat,India,438586,TAX548,South,2025-09-15 00:00:00,ERP
EADDR5643,ERP1643,Shipping,44 Ashram Rd,Near Old Town,Kolkata,West Bengal,India,230959,TAX643,North,2025-03-15 00:00:00,ERP
EADDR5381,ERP1381,Shipping,44 Ashram Rd,Opposite Mall,Kolkata,West Bengal,India,946883,TAX381,Central,2024-04-23 00:00:00,ERP
EADDR5885,ERP1885,Billing,45 Marine Dr,Opposite Mall,Ahmedabad,Gujarat,India,864273,TAX885,North,2025-05-16 00:00:00,ERP
EADDR5059,ERP1059,Shipping,78 Connaught Pl,Above Central Bank,Delhi,Delhi,India,498314,TAX059,East,2024-07-19 00:00:00,ERP
EADDR5093,ERP1093,Shipping,12 MG Rd,Near Metro Station,Surat,Gujarat,India,734032,TAX093,West,2025-09-25 00:00:00,ERP
EADDR5120,ERP1120,Billing,90 Karol Bagh Market,Near Old Town,Jaipur,Rajasthan,India,124072,TAX120,West,2025-11-08 00:00:00,ERP
EADDR5100,ERP1100,Billing,45 Marine Dr,Above Central Bank,Ahmedabad,Gujarat,India,786545,TAX100,West,2026-03-05 00:00:00,ERP
EADDR5112,ERP1112,Shipping,44 Ashram Rd,Near Old Town,Ahmedabad,Gujarat,India,197321,TAX112,Central,2025-06-29 00:00:00,ERP
EADDR5620,ERP1620,Billing,88 Worli Sea Face,Near Metro Station,Pune,Maharashtra,India,668225,TAX620,Central,2025-06-02 00:00:00,ERP
EADDR5893,ERP1893,Shipping,56 Chandni Chowk,,Ahmedabad,Gujarat,India,833412,TAX893,East,2025-05-23 00:00:00,ERP
EADDR5325,ERP1325,Billing,44 Ashram Rd,Near City Center,Chennai,Tamil Nadu,India,467834,TAX325,South,2024-01-20 00:00:00,ERP
EADDR5250,ERP1250,Billing,12 MG Rd,,Pune,Maharashtra,India,546712,TAX250,West,2024-12-22 00:00:00,ERP
EADDR5741,ERP1741,Billing,55 MI Rd,Near Metro Station,Surat,Gujarat,India,428069,TAX741,South,2025-09-21 00:00:00,ERP
EADDR5811,ERP1811,Billing,45 Marine Dr,Above Central Bank,Surat,Gujarat,India,227333,TAX811,West,2024-05-19 00:00:00,ERP
EADDR5188,ERP1188,Shipping,88 Worli Sea Face,Next to Market,Hyderabad,Telangana,India,219441,TAX188,North,2025-01-02 00:00:00,ERP
EADDR5215,ERP1215,Shipping,77 Linking Rd,Near Old Town,Ahmedabad,Gujarat,India,220464,TAX215,Central,2024-07-09 00:00:00,ERP
EADDR5448,ERP1448,Shipping,77 Linking Rd,Opposite Mall,Mumbai,Maharashtra,India,450900,TAX448,South,2024-10-01 00:00:00,ERP
EADDR5784,ERP1784,Shipping,34 JM Road,Opposite Mall,Bangalore,Karnataka,India,409668,TAX784,West,2026-03-16 00:00:00,ERP
EADDR5339,ERP1339,Shipping,67 Law Garden Rd,Next to Market,Surat,Gujarat,India,377837,TAX339,West,2026-03-02 00:00:00,ERP
EADDR5850,ERP1850,Shipping,77 Linking Rd,Above Central Bank,Delhi,Delhi,India,123579,TAX850,South,2024-05-29 00:00:00,ERP
EADDR5262,ERP1262,Shipping,88 Worli Sea Face,,Pune,Maharashtra,India,227416,TAX262,Central,2025-02-08 00:00:00,ERP
EADDR5944,ERP1944,Shipping,44 Ashram Rd,Opposite Mall,Pune,Maharashtra,India,461419,TAX944,West,2024-02-12 00:00:00,ERP
EADDR5365,ERP1365,Shipping,77 Linking Rd,Opposite Mall,Delhi,Delhi,India,996915,TAX365,North,2024-11-19 00:00:00,ERP
EADDR5047,ERP1047,Shipping,88 Worli Sea Face,Next to Market,Delhi,Delhi,India,591931,TAX047,West,2026-02-03 00:00:00,ERP
EADDR5291,ERP1291,Shipping,78 Connaught Pl,Opposite Mall,Pune,Maharashtra,India,785459,TAX291,South,2024-10-28 00:00:00,ERP
EADDR5176,ERP1176,Shipping,12 MG Rd,Next to Market,Ahmedabad,Gujarat,India,589221,TAX176,South,2025-09-12 00:00:00,ERP
EADDR5816,ERP1816,Billing,67 Law Garden Rd,Near Old Town,Hyderabad,Telangana,India,341986,TAX816,Central,2026-01-04 00:00:00,ERP
EADDR5867,ERP1867,Billing,23 Brigade Rd,Opposite Mall,Hyderabad,Telangana,India,244416,TAX867,Central,2025-04-26 00:00:00,ERP
EADDR5933,ERP1933,Shipping,67 Law Garden Rd,Above Central Bank,Bangalore,Karnataka,India,320741,TAX933,North,2025-03-29 00:00:00,ERP
EADDR5823,ERP1823,Shipping,88 Worli Sea Face,Opposite Mall,Pune,Maharashtra,India,908783,TAX823,Central,2025-10-03 00:00:00,ERP
EADDR5701,ERP1701,Billing,56 Chandni Chowk,Next to Market,Chennai,Tamil Nadu,India,240643,TAX701,North,2025-11-18 00:00:00,ERP
EADDR5768,ERP1768,Billing,67 Law Garden Rd,Near Old Town,Mumbai,Maharashtra,India,689680,TAX768,North,2024-11-15 00:00:00,ERP
EADDR5680,ERP1680,Billing,55 MI Rd,Opposite Mall,Surat,Gujarat,India,995139,TAX680,South,2026-01-27 00:00:00,ERP
EADDR5822,ERP1822,Shipping,45 Marine Dr,Next to Market,Ahmedabad,Gujarat,India,173833,TAX822,Central,2025-04-15 00:00:00,ERP
EADDR5282,ERP1282,Billing,101 FC Rd,Next to Market,Surat,Gujarat,India,140822,TAX282,East,2024-11-14 00:00:00,ERP
EADDR5081,ERP1081,Billing,88 Worli Sea Face,,Surat,Gujarat,India,193752,TAX081,North,2024-02-28 00:00:00,ERP
EADDR5522,ERP1522,Billing,67 Law Garden Rd,Opposite Mall,Kolkata,West Bengal,India,290290,TAX522,West,2024-08-30 00:00:00,ERP
EADDR5777,ERP1777,Billing,101 FC Rd,Near Metro Station,Jaipur,Rajasthan,India,999522,TAX777,West,2024-09-28 00:00:00,ERP
EADDR5401,ERP1401,Billing,12 Residency Rd,,Chennai,Tamil Nadu,India,890369,TAX401,Central,2025-10-13 00:00:00,ERP
EADDR5306,ERP1306,Shipping,34 JM Road,Next to Market,Jaipur,Rajasthan,India,641426,TAX306,West,2025-03-16 00:00:00,ERP
EADDR5534,ERP1534,Shipping,88 Worli Sea Face,,Chennai,Tamil Nadu,India,663145,TAX534,East,2025-05-23 00:00:00,ERP
EADDR5372,ERP1372,Shipping,90 Karol Bagh Market,Opposite Mall,Pune,Maharashtra,India,395725,TAX372,North,2024-01-18 00:00:00,ERP
EADDR5048,ERP1048,Billing,88 Worli Sea Face,Near City Center,Mumbai,Maharashtra,India,406697,TAX048,South,2024-11-22 00:00:00,ERP
EADDR5309,ERP1309,Billing,45 Marine Dr,,Hyderabad,Telangana,India,895572,TAX309,South,2026-03-28 00:00:00,ERP
EADDR5877,ERP1877,Shipping,101 FC Rd,Next to Market,Delhi,Delhi,India,446967,TAX877,South,2025-08-11 00:00:00,ERP
EADDR5091,ERP1091,Billing,67 Law Garden Rd,Near Old Town,Pune,Maharashtra,India,192565,TAX091,North,2024-12-23 00:00:00,ERP
EADDR5673,ERP1673,Billing,90 Karol Bagh Market,,Surat,Gujarat,India,837328,TAX673,North,2025-03-18 00:00:00,ERP
EADDR5352,ERP1352,Shipping,77 Linking Rd,,Delhi,Delhi,India,761963,TAX352,North,2024-02-07 00:00:00,ERP
EADDR5328,ERP1328,Billing,88 Worli Sea Face,Opposite Mall,Pune,Maharashtra,India,773920,TAX328,Central,2025-01-12 00:00:00,ERP
EADDR5543,ERP1543,Shipping,78 Connaught Pl,,Mumbai,Maharashtra,India,623226,TAX543,South,2024-02-12 00:00:00,ERP
EADDR5005,ERP1005,Shipping,12 Residency Rd,Next to Market,Chennai,Tamil Nadu,India,306706,TAX005,West,2025-10-07 00:00:00,ERP
EADDR5386,ERP1386,Shipping,78 Connaught Pl,Above Central Bank,Pune,Maharashtra,India,736171,TAX386,South,2024-11-15 00:00:00,ERP
EADDR5202,ERP1202,Billing,44 Ashram Rd,Near Old Town,Kolkata,West Bengal,India,347512,TAX202,South,2024-02-02 00:00:00,ERP
EADDR5547,ERP1547,Shipping,90 Karol Bagh Market,Next to Market,Chennai,Tamil Nadu,India,589966,TAX547,East,2024-04-21 00:00:00,ERP
EADDR5691,ERP1691,Shipping,12 Residency Rd,Near Old Town,Kolkata,West Bengal,India,716309,TAX691,East,2025-10-11 00:00:00,ERP
EADDR5459,ERP1459,Billing,55 MI Rd,,Kolkata,West Bengal,India,932185,TAX459,South,2024-07-20 00:00:00,ERP
EADDR5588,ERP1588,Shipping,34 JM Road,Next to Market,Bangalore,Karnataka,India,654093,TAX588,East,2026-01-29 00:00:00,ERP
EADDR5405,ERP1405,Shipping,78 Connaught Pl,,Chennai,Tamil Nadu,India,654778,TAX405,South,2025-10-08 00:00:00,ERP
EADDR5434,ERP1434,Shipping,67 Law Garden Rd,Above Central Bank,Kolkata,West Bengal,India,654403,TAX434,West,2026-03-29 00:00:00,ERP
EADDR5455,ERP1455,Billing,23 Brigade Rd,Opposite Mall,Delhi,Delhi,India,896209,TAX455,Central,2026-03-21 00:00:00,ERP
EADDR5175,ERP1175,Billing,45 Marine Dr,Near Metro Station,Delhi,Delhi,India,367755,TAX175,South,2025-04-27 00:00:00,ERP
EADDR5817,ERP1817,Shipping,34 JM Road,Near Metro Station,Pune,Maharashtra,India,598530,TAX817,North,2026-01-11 00:00:00,ERP
EADDR5245,ERP1245,Billing,90 Karol Bagh Market,Next to Market,Mumbai,Maharashtra,India,484327,TAX245,East,2025-04-04 00:00:00,ERP
EADDR5193,ERP1193,Billing,101 FC Rd,Above Central Bank,Hyderabad,Telangana,India,424721,TAX193,East,2024-02-26 00:00:00,ERP
EADDR5096,ERP1096,Shipping,34 JM Road,,Chennai,Tamil Nadu,India,894262,TAX096,North,2025-02-19 00:00:00,ERP
EADDR5883,ERP1883,Shipping,45 Marine Dr,Next to Market,Bangalore,Karnataka,India,509955,TAX883,East,2025-08-17 00:00:00,ERP
EADDR5717,ERP1717,Billing,34 JM Road,Above Central Bank,Kolkata,West Bengal,India,404488,TAX717,West,2024-06-07 00:00:00,ERP
EADDR5873,ERP1873,Shipping,56 Chandni Chowk,Near Metro Station,Kolkata,West Bengal,India,235078,TAX873,West,2024-06-26 00:00:00,ERP
EADDR5452,ERP1452,Shipping,56 Chandni Chowk,Near City Center,Pune,Maharashtra,India,957920,TAX452,South,2024-03-03 00:00:00,ERP
EADDR5217,ERP1217,Shipping,88 Worli Sea Face,Near Metro Station,Mumbai,Maharashtra,India,987574,TAX217,West,2024-09-03 00:00:00,ERP
EADDR5358,ERP1358,Shipping,77 Linking Rd,,Jaipur,Rajasthan,India,427112,TAX358,East,2025-04-26 00:00:00,ERP
EADDR5936,ERP1936,Billing,78 Connaught Pl,Near Metro Station,Surat,Gujarat,India,306958,TAX936,Central,2024-11-25 00:00:00,ERP
EADDR5700,ERP1700,Billing,55 MI Rd,Next to Market,Kolkata,West Bengal,India,357982,TAX700,North,2026-03-13 00:00:00,ERP
EADDR5415,ERP1415,Billing,78 Connaught Pl,Near Old Town,Kolkata,West Bengal,India,972156,TAX415,South,2024-09-25 00:00:00,ERP
EADDR5685,ERP1685,Billing,77 Linking Rd,Opposite Mall,Delhi,Delhi,India,206399,TAX685,South,2024-06-05 00:00:00,ERP
EADDR5289,ERP1289,Billing,90 Karol Bagh Market,Opposite Mall,Chennai,Tamil Nadu,India,197376,TAX289,North,2025-10-02 00:00:00,ERP
EADDR5391,ERP1391,Shipping,34 JM Road,Opposite Mall,Mumbai,Maharashtra,India,480049,TAX391,South,2024-02-25 00:00:00,ERP
EADDR5170,ERP1170,Billing,67 Law Garden Rd,Near Metro Station,Kolkata,West Bengal,India,810074,TAX170,West,2025-03-27 00:00:00,ERP
EADDR5872,ERP1872,Billing,23 Brigade Rd,,Mumbai,Maharashtra,India,748484,TAX872,East,2025-12-06 00:00:00,ERP
EADDR5393,ERP1393,Billing,12 MG Rd,Next to Market,Jaipur,Rajasthan,India,658706,TAX393,North,2025-11-18 00:00:00,ERP
EADDR5889,ERP1889,Shipping,45 Marine Dr,Above Central Bank,Surat,Gujarat,India,853755,TAX889,South,2024-05-05 00:00:00,ERP
EADDR5355,ERP1355,Billing,90 Karol Bagh Market,Above Central Bank,Mumbai,Maharashtra,India,902562,TAX355,Central,2025-05-28 00:00:00,ERP
EADDR5878,ERP1878,Shipping,88 Worli Sea Face,Near City Center,Mumbai,Maharashtra,India,248421,TAX878,Central,2024-01-31 00:00:00,ERP
EADDR5261,ERP1261,Billing,45 Marine Dr,Near Old Town,Chennai,Tamil Nadu,India,837374,TAX261,South,2025-12-24 00:00:00,ERP
EADDR5464,ERP1464,Shipping,12 MG Rd,Near Old Town,Surat,Gujarat,India,380308,TAX464,West,2025-10-10 00:00:00,ERP
EADDR5463,ERP1463,Shipping,101 FC Rd,Near City Center,Bangalore,Karnataka,India,261733,TAX463,West,2024-02-11 00:00:00,ERP
EADDR5610,ERP1610,Billing,44 Ashram Rd,Opposite Mall,Jaipur,Rajasthan,India,939609,TAX610,North,2025-05-06 00:00:00,ERP
EADDR5330,ERP1330,Billing,101 FC Rd,Next to Market,Hyderabad,Telangana,India,443458,TAX330,West,2024-05-30 00:00:00,ERP
EADDR5433,ERP1433,Shipping,12 Residency Rd,Near Old Town,Chennai,Tamil Nadu,India,683630,TAX433,East,2025-06-06 00:00:00,ERP
EADDR5908,ERP1908,Billing,77 Linking Rd,,Mumbai,Maharashtra,India,676184,TAX908,Central,2024-12-31 00:00:00,ERP
EADDR5658,ERP1658,Shipping,12 MG Rd,Near Metro Station,Chennai,Tamil Nadu,India,601095,TAX658,West,2024-05-10 00:00:00,ERP
EADDR5342,ERP1342,Shipping,67 Law Garden Rd,Near Old Town,Hyderabad,Telangana,India,128832,TAX342,South,2025-05-02 00:00:00,ERP
EADDR5472,ERP1472,Shipping,55 MI Rd,Near Metro Station,Delhi,Delhi,India,736842,TAX472,East,2025-02-11 00:00:00,ERP
EADDR5276,ERP1276,Billing,45 Marine Dr,Near City Center,Jaipur,Rajasthan,India,204729,TAX276,East,2024-10-24 00:00:00,ERP
EADDR5778,ERP1778,Shipping,12 Residency Rd,Near City Center,Jaipur,Rajasthan,India,340826,TAX778,South,2025-09-15 00:00:00,ERP
EADDR5618,ERP1618,Shipping,78 Connaught Pl,Near City Center,Ahmedabad,Gujarat,India,957141,TAX618,North,2025-04-30 00:00:00,ERP
EADDR5640,ERP1640,Shipping,78 Connaught Pl,Near Metro Station,Delhi,Delhi,India,337863,TAX640,South,2025-08-01 00:00:00,ERP
EADDR5374,ERP1374,Shipping,77 Linking Rd,Opposite Mall,Mumbai,Maharashtra,India,621038,TAX374,West,2024-11-05 00:00:00,ERP
EADDR5482,ERP1482,Shipping,34 JM Road,Near Old Town,Surat,Gujarat,India,842772,TAX482,South,2025-10-15 00:00:00,ERP
EADDR5635,ERP1635,Billing,55 MI Rd,Above Central Bank,Hyderabad,Telangana,India,795897,TAX635,Central,2024-12-16 00:00:00,ERP
EADDR5170,ERP1170,Billing,67 Law Garden Rd,Near Metro Station,Kolkata,West Bengal,India,810074,TAX170,West,2025-03-27 00:00:00,ERP
EADDR5668,ERP1668,Billing,67 Law Garden Rd,Near Old Town,Kolkata,West Bengal,India,898657,TAX668,East,2025-09-23 00:00:00,ERP
EADDR5084,ERP1084,Billing,78 Connaught Pl,Near City Center,Kolkata,West Bengal,India,774965,TAX084,South,2024-12-09 00:00:00,ERP
EADDR5206,ERP1206,Billing,12 MG Rd,Above Central Bank,Chennai,Tamil Nadu,India,635068,TAX206,Central,2025-12-24 00:00:00,ERP
EADDR5180,ERP1180,Billing,34 JM Road,Above Central Bank,Mumbai,Maharashtra,India,997322,TAX180,South,2025-11-11 00:00:00,ERP
EADDR5633,ERP1633,Billing,77 Linking Rd,,Kolkata,West Bengal,India,934269,TAX633,North,2024-09-22 00:00:00,ERP
EADDR5236,ERP1236,Billing,55 MI Rd,Next to Market,Kolkata,West Bengal,India,230104,TAX236,Central,2024-07-16 00:00:00,ERP
EADDR5642,ERP1642,Shipping,23 Brigade Rd,Near Metro Station,Hyderabad,Telangana,India,722214,TAX642,North,2024-12-17 00:00:00,ERP
EADDR5007,ERP1007,Billing,45 Marine Dr,,Pune,Maharashtra,India,245037,TAX007,South,2024-01-28 00:00:00,ERP
EADDR5485,ERP1485,Billing,67 Law Garden Rd,Near City Center,Delhi,Delhi,India,378534,TAX485,Central,2024-02-25 00:00:00,ERP
EADDR5579,ERP1579,Shipping,56 Chandni Chowk,Near Old Town,Surat,Gujarat,India,560103,TAX579,South,2024-04-29 00:00:00,ERP
EADDR5296,ERP1296,Shipping,88 Worli Sea Face,Opposite Mall,Chennai,Tamil Nadu,India,284264,TAX296,East,2024-09-12 00:00:00,ERP
EADDR5357,ERP1357,Shipping,23 Brigade Rd,Near Metro Station,Mumbai,Maharashtra,India,885253,TAX357,West,2026-03-17 00:00:00,ERP
EADDR5153,ERP1153,Shipping,44 Ashram Rd,Near Metro Station,Delhi,Delhi,India,583098,TAX153,East,2024-06-01 00:00:00,ERP
EADDR5050,ERP1050,Billing,12 Residency Rd,Next to Market,Surat,Gujarat,India,186973,TAX050,South,2024-03-15 00:00:00,ERP
EADDR5694,ERP1694,Shipping,67 Law Garden Rd,,Ahmedabad,Gujarat,India,237988,TAX694,East,2024-08-26 00:00:00,ERP
EADDR5013,ERP1013,Shipping,90 Karol Bagh Market,Near Metro Station,Jaipur,Rajasthan,India,125193,TAX013,Central,2025-01-14 00:00:00,ERP
EADDR5181,ERP1181,Shipping,12 MG Rd,,Surat,Gujarat,India,811148,TAX181,North,2024-11-24 00:00:00,ERP
EADDR5029,ERP1029,Shipping,77 Linking Rd,Near Old Town,Ahmedabad,Gujarat,India,642490,TAX029,West,2024-04-25 00:00:00,ERP
EADDR5841,ERP1841,Shipping,88 Worli Sea Face,Opposite Mall,Delhi,Delhi,India,370677,TAX841,East,2025-12-01 00:00:00,ERP
EADDR5569,ERP1569,Shipping,45 Marine Dr,Near Metro Station,Bangalore,Karnataka,India,365970,TAX569,West,2024-01-05 00:00:00,ERP
EADDR5509,ERP1509,Billing,23 Brigade Rd,Opposite Mall,Surat,Gujarat,India,429059,TAX509,North,2025-02-11 00:00:00,ERP
EADDR5109,ERP1109,Billing,44 Ashram Rd,,Ahmedabad,Gujarat,India,175958,TAX109,East,2024-05-07 00:00:00,ERP
EADDR5886,ERP1886,Shipping,78 Connaught Pl,Near City Center,Chennai,Tamil Nadu,India,532929,TAX886,South,2025-06-12 00:00:00,ERP
EADDR5833,ERP1833,Billing,78 Connaught Pl,Near Metro Station,Pune,Maharashtra,India,533544,TAX833,East,2026-02-21 00:00:00,ERP
EADDR5053,ERP1053,Shipping,12 MG Rd,,Hyderabad,Telangana,India,894182,TAX053,Central,2026-03-13 00:00:00,ERP
EADDR5001,ERP1001,Billing,34 JM Road,Near City Center,Pune,Maharashtra,India,655430,TAX001,South,2024-04-05 00:00:00,ERP
EADDR5585,ERP1585,Shipping,78 Connaught Pl,Near City Center,Ahmedabad,Gujarat,India,692733,TAX585,West,2024-06-04 00:00:00,ERP
EADDR5036,ERP1036,Billing,55 MI Rd,Near Metro Station,Surat,Gujarat,India,506738,TAX036,West,2025-11-06 00:00:00,ERP
EADDR5094,ERP1094,Shipping,78 Connaught Pl,,Kolkata,West Bengal,India,684790,TAX094,Central,2024-05-07 00:00:00,ERP
EADDR5934,ERP1934,Shipping,12 MG Rd,Next to Market,Mumbai,Maharashtra,India,198481,TAX934,South,2024-11-19 00:00:00,ERP
EADDR5336,ERP1336,Billing,12 MG Rd,Opposite Mall,Pune,Maharashtra,India,393538,TAX336,East,2025-04-17 00:00:00,ERP
EADDR5815,ERP1815,Billing,55 MI Rd,Above Central Bank,Bangalore,Karnataka,India,758916,TAX815,East,2025-01-04 00:00:00,ERP
EADDR5793,ERP1793,Billing,90 Karol Bagh Market,Above Central Bank,Hyderabad,Telangana,India,895753,TAX793,West,2024-02-23 00:00:00,ERP
EADDR5423,ERP1423,Billing,45 Marine Dr,Near Metro Station,Surat,Gujarat,India,508266,TAX423,North,2025-03-02 00:00:00,ERP
EADDR5301,ERP1301,Shipping,88 Worli Sea Face,Near City Center,Surat,Gujarat,India,542446,TAX301,East,2024-11-30 00:00:00,ERP
EADDR5664,ERP1664,Shipping,55 MI Rd,,Delhi,Delhi,India,371187,TAX664,West,2024-12-02 00:00:00,ERP
EADDR5156,ERP1156,Billing,23 Brigade Rd,Above Central Bank,Pune,Maharashtra,India,809778,TAX156,East,2024-12-22 00:00:00,ERP
EADDR5367,ERP1367,Billing,45 Marine Dr,Opposite Mall,Delhi,Delhi,India,157456,TAX367,East,2024-03-09 00:00:00,ERP
EADDR5389,ERP1389,Shipping,78 Connaught Pl,Next to Market,Mumbai,Maharashtra,India,302576,TAX389,East,2024-04-02 00:00:00,ERP
EADDR5612,ERP1612,Billing,34 JM Road,Near Metro Station,Chennai,Tamil Nadu,India,144085,TAX612,South,2026-01-09 00:00:00,ERP
EADDR5454,ERP1454,Shipping,34 JM Road,Above Central Bank,Ahmedabad,Gujarat,India,262774,TAX454,South,2024-10-14 00:00:00,ERP
EADDR5382,ERP1382,Shipping,44 Ashram Rd,Near Old Town,Chennai,Tamil Nadu,India,750991,TAX382,South,2024-08-08 00:00:00,ERP
EADDR5593,ERP1593,Billing,88 Worli Sea Face,Above Central Bank,Hyderabad,Telangana,India,315084,TAX593,Central,2025-08-01 00:00:00,ERP
EADDR5562,ERP1562,Shipping,55 MI Rd,Opposite Mall,Mumbai,Maharashtra,India,366045,TAX562,West,2025-08-10 00:00:00,ERP
EADDR5776,ERP1776,Shipping,90 Karol Bagh Market,Opposite Mall,Ahmedabad,Gujarat,India,928961,TAX776,North,2025-04-10 00:00:00,ERP
EADDR5231,ERP1231,Billing,77 Linking Rd,Above Central Bank,Surat,Gujarat,India,338040,TAX231,North,2026-02-22 00:00:00,ERP
EADDR5232,ERP1232,Billing,56 Chandni Chowk,Near Metro Station,Ahmedabad,Gujarat,India,917327,TAX232,Central,2024-04-26 00:00:00,ERP
EADDR5292,ERP1292,Shipping,77 Linking Rd,Above Central Bank,Bangalore,Karnataka,India,286305,TAX292,Central,2026-02-01 00:00:00,ERP
EADDR5060,ERP1060,Billing,56 Chandni Chowk,Near Metro Station,Hyderabad,Telangana,India,233362,TAX060,North,2025-08-16 00:00:00,ERP
EADDR5905,ERP1905,Billing,34 JM Road,Near Metro Station,Mumbai,Maharashtra,India,923399,TAX905,West,2025-08-29 00:00:00,ERP
EADDR5719,ERP1719,Billing,56 Chandni Chowk,Above Central Bank,Hyderabad,Telangana,India,846503,TAX719,North,2025-06-30 00:00:00,ERP
EADDR5923,ERP1923,Shipping,12 MG Rd,Above Central Bank,Jaipur,Rajasthan,India,773783,TAX923,East,2026-03-30 00:00:00,ERP
EADDR5835,ERP1835,Billing,77 Linking Rd,Near Old Town,Ahmedabad,Gujarat,India,584904,TAX835,West,2024-10-07 00:00:00,ERP
EADDR5939,ERP1939,Billing,45 Marine Dr,Near Old Town,Delhi,Delhi,India,244959,TAX939,West,2024-11-18 00:00:00,ERP
EADDR5479,ERP1479,Shipping,34 JM Road,Near City Center,Pune,Maharashtra,India,598984,TAX479,East,2025-03-26 00:00:00,ERP
EADDR5930,ERP1930,Shipping,12 MG Rd,Near City Center,Ahmedabad,Gujarat,India,893067,TAX930,South,2025-11-19 00:00:00,ERP
EADDR5041,ERP1041,Shipping,78 Connaught Pl,Next to Market,Delhi,Delhi,India,890573,TAX041,West,2025-03-16 00:00:00,ERP
EADDR5175,ERP1175,Billing,45 Marine Dr,Near Metro Station,Delhi,Delhi,India,367755,TAX175,South,2025-04-27 00:00:00,ERP
EADDR5376,ERP1376,Billing,78 Connaught Pl,Opposite Mall,Pune,Maharashtra,India,639090,TAX376,East,2024-07-19 00:00:00,ERP
EADDR5106,ERP1106,Billing,78 Connaught Pl,Opposite Mall,Ahmedabad,Gujarat,India,457982,TAX106,Central,2025-05-03 00:00:00,ERP
EADDR5498,ERP1498,Shipping,34 JM Road,Above Central Bank,Kolkata,West Bengal,India,223268,TAX498,South,2025-02-24 00:00:00,ERP
EADDR5891,ERP1891,Billing,78 Connaught Pl,Above Central Bank,Pune,Maharashtra,India,931712,TAX891,Central,2024-02-19 00:00:00,ERP
EADDR5744,ERP1744,Shipping,56 Chandni Chowk,Near Metro Station,Kolkata,West Bengal,India,476676,TAX744,North,2025-06-18 00:00:00,ERP
EADDR5810,ERP1810,Billing,12 MG Rd,Near Old Town,Kolkata,West Bengal,India,340119,TAX810,East,2025-04-18 00:00:00,ERP
EADDR5709,ERP1709,Billing,56 Chandni Chowk,Near Metro Station,Mumbai,Maharashtra,India,729036,TAX709,South,2025-05-12 00:00:00,ERP
EADDR5783,ERP1783,Shipping,101 FC Rd,,Hyderabad,Telangana,India,818741,TAX783,North,2024-03-24 00:00:00,ERP
EADDR5483,ERP1483,Billing,88 Worli Sea Face,Next to Market,Jaipur,Rajasthan,India,663130,TAX483,West,2025-11-04 00:00:00,ERP
EADDR5122,ERP1122,Billing,67 Law Garden Rd,,Chennai,Tamil Nadu,India,764784,TAX122,Central,2024-01-17 00:00:00,ERP
EADDR5720,ERP1720,Billing,88 Worli Sea Face,Next to Market,Pune,Maharashtra,India,732983,TAX720,West,2025-06-16 00:00:00,ERP
EADDR5317,ERP1317,Shipping,77 Linking Rd,Near Old Town,Ahmedabad,Gujarat,India,841772,TAX317,Central,2026-03-20 00:00:00,ERP
EADDR5849,ERP1849,Shipping,101 FC Rd,Next to Market,Jaipur,Rajasthan,India,276474,TAX849,North,2025-02-26 00:00:00,ERP
EADDR5801,ERP1801,Shipping,34 JM Road,Next to Market,Delhi,Delhi,India,464887,TAX801,South,2026-01-06 00:00:00,ERP
EADDR5021,ERP1021,Shipping,45 Marine Dr,Above Central Bank,Chennai,Tamil Nadu,India,323951,TAX021,East,2024-07-14 00:00:00,ERP
EADDR5729,ERP1729,Shipping,77 Linking Rd,Opposite Mall,Ahmedabad,Gujarat,India,895262,TAX729,South,2024-09-02 00:00:00,ERP
EADDR5829,ERP1829,Shipping,67 Law Garden Rd,Opposite Mall,Pune,Maharashtra,India,432409,TAX829,West,2024-03-12 00:00:00,ERP
EADDR5698,ERP1698,Billing,44 Ashram Rd,Above Central Bank,Hyderabad,Telangana,India,621364,TAX698,East,2025-01-01 00:00:00,ERP
EADDR5570,ERP1570,Billing,77 Linking Rd,Opposite Mall,Ahmedabad,Gujarat,India,667143,TAX570,South,2026-02-18 00:00:00,ERP
EADDR5632,ERP1632,Billing,101 FC Rd,Above Central Bank,Hyderabad,Telangana,India,682369,TAX632,South,2025-02-11 00:00:00,ERP
EADDR5929,ERP1929,Shipping,88 Worli Sea Face,Near City Center,Bangalore,Karnataka,India,838242,TAX929,Central,2025-03-15 00:00:00,ERP
EADDR5619,ERP1619,Shipping,55 MI Rd,Opposite Mall,Surat,Gujarat,India,220434,TAX619,West,2024-01-09 00:00:00,ERP
EADDR5948,ERP1948,Billing,34 JM Road,Near City Center,Kolkata,West Bengal,India,197773,TAX948,South,2025-05-04 00:00:00,ERP
EADDR5087,ERP1087,Shipping,77 Linking Rd,,Hyderabad,Telangana,India,354218,TAX087,West,2025-02-07 00:00:00,ERP
EADDR5019,ERP1019,Billing,55 MI Rd,Opposite Mall,Kolkata,West Bengal,India,769051,TAX019,North,2024-03-03 00:00:00,ERP
EADDR5901,ERP1901,Shipping,45 Marine Dr,Near Old Town,Kolkata,West Bengal,India,990813,TAX901,East,2024-05-14 00:00:00,ERP
EADDR5086,ERP1086,Billing,12 Residency Rd,Opposite Mall,Bangalore,Karnataka,India,840585,TAX086,South,2025-10-10 00:00:00,ERP
EADDR5277,ERP1277,Billing,55 MI Rd,Near Old Town,Jaipur,Rajasthan,India,679597,TAX277,East,2024-06-08 00:00:00,ERP
EADDR5270,ERP1270,Shipping,77 Linking Rd,Near City Center,Mumbai,Maharashtra,India,167498,TAX270,North,2024-07-30 00:00:00,ERP
EADDR5689,ERP1689,Billing,101 FC Rd,Near Old Town,Bangalore,Karnataka,India,238484,TAX689,East,2024-04-08 00:00:00,ERP
EADDR5383,ERP1383,Billing,67 Law Garden Rd,,Kolkata,West Bengal,India,716139,TAX383,South,2024-11-14 00:00:00,ERP
EADDR5336,ERP1336,Billing,12 MG Rd,Opposite Mall,Pune,Maharashtra,India,393538,TAX336,East,2025-04-17 00:00:00,ERP
EADDR5370,ERP1370,Billing,55 MI Rd,Next to Market,Surat,Gujarat,India,868849,TAX370,Central,2024-12-13 00:00:00,ERP
EADDR5702,ERP1702,Shipping,56 Chandni Chowk,Next to Market,Kolkata,West Bengal,India,348980,TAX702,East,2024-05-14 00:00:00,ERP
EADDR5571,ERP1571,Shipping,101 FC Rd,Near Metro Station,Kolkata,West Bengal,India,569990,TAX571,West,2025-07-26 00:00:00,ERP
EADDR5137,ERP1137,Shipping,12 Residency Rd,Near City Center,Ahmedabad,Gujarat,India,738528,TAX137,East,2024-09-06 00:00:00,ERP
EADDR5269,ERP1269,Shipping,12 MG Rd,Above Central Bank,Mumbai,Maharashtra,India,914114,TAX269,South,2024-12-02 00:00:00,ERP
EADDR5179,ERP1179,Shipping,101 FC Rd,Next to Market,Pune,Maharashtra,India,744913,TAX179,East,2024-08-18 00:00:00,ERP
EADDR5127,ERP1127,Shipping,88 Worli Sea Face,Above Central Bank,Ahmedabad,Gujarat,India,196491,TAX127,East,2024-11-08 00:00:00,ERP
EADDR5196,ERP1196,Shipping,34 JM Road,Opposite Mall,Chennai,Tamil Nadu,India,412053,TAX196,North,2025-07-03 00:00:00,ERP
EADDR5537,ERP1537,Shipping,12 Residency Rd,,Ahmedabad,Gujarat,India,216698,TAX537,South,2025-03-29 00:00:00,ERP
EADDR5597,ERP1597,Billing,78 Connaught Pl,Above Central Bank,Chennai,Tamil Nadu,India,931493,TAX597,North,2025-02-20 00:00:00,ERP
EADDR5478,ERP1478,Shipping,55 MI Rd,Near City Center,Mumbai,Maharashtra,India,667801,TAX478,South,2025-06-16 00:00:00,ERP
EADDR5148,ERP1148,Billing,55 MI Rd,Opposite Mall,Delhi,Delhi,India,124284,TAX148,South,2025-07-29 00:00:00,ERP
EADDR5066,ERP1066,Billing,78 Connaught Pl,Next to Market,Bangalore,Karnataka,India,465585,TAX066,Central,2025-08-08 00:00:00,ERP
EADDR5652,ERP1652,Shipping,78 Connaught Pl,Near City Center,Kolkata,West Bengal,India,494675,TAX652,East,2025-05-02 00:00:00,ERP
EADDR5377,ERP1377,Shipping,88 Worli Sea Face,Opposite Mall,Jaipur,Rajasthan,India,660476,TAX377,North,2024-12-23 00:00:00,ERP
EADDR5942,ERP1942,Billing,101 FC Rd,Opposite Mall,Delhi,Delhi,India,605488,TAX942,West,2024-03-17 00:00:00,ERP
EADDR5484,ERP1484,Billing,44 Ashram Rd,Near Old Town,Hyderabad,Telangana,India,530468,TAX484,Central,2024-06-27 00:00:00,ERP
EADDR5313,ERP1313,Shipping,12 Residency Rd,Above Central Bank,Kolkata,West Bengal,India,200581,TAX313,West,2025-05-18 00:00:00,ERP
EADDR5388,ERP1388,Billing,67 Law Garden Rd,Near City Center,Pune,Maharashtra,India,871233,TAX388,North,2024-06-26 00:00:00,ERP
EADDR5412,ERP1412,Billing,90 Karol Bagh Market,Opposite Mall,Mumbai,Maharashtra,India,192665,TAX412,East,2024-12-08 00:00:00,ERP
EADDR5657,ERP1657,Billing,90 Karol Bagh Market,Opposite Mall,Bangalore,Karnataka,India,109944,TAX657,Central,2024-03-08 00:00:00,ERP
EADDR5707,ERP1707,Billing,23 Brigade Rd,,Chennai,Tamil Nadu,India,881359,TAX707,Central,2024-02-08 00:00:00,ERP
EADDR5779,ERP1779,Billing,77 Linking Rd,Above Central Bank,Mumbai,Maharashtra,India,744738,TAX779,East,2024-04-01 00:00:00,ERP
EADDR5207,ERP1207,Shipping,77 Linking Rd,Next to Market,Jaipur,Rajasthan,India,293134,TAX207,North,2024-02-13 00:00:00,ERP
EADDR5011,ERP1011,Shipping,12 MG Rd,Above Central Bank,Kolkata,West Bengal,India,876015,TAX011,North,2025-12-15 00:00:00,ERP
EADDR5528,ERP1528,Shipping,77 Linking Rd,Near Old Town,Ahmedabad,Gujarat,India,895637,TAX528,East,2025-04-07 00:00:00,ERP
EADDR5556,ERP1556,Shipping,78 Connaught Pl,Next to Market,Delhi,Delhi,India,934551,TAX556,North,2024-05-23 00:00:00,ERP
EADDR5408,ERP1408,Shipping,78 Connaught Pl,Near Old Town,Ahmedabad,Gujarat,India,239113,TAX408,Central,2025-10-04 00:00:00,ERP
EADDR5735,ERP1735,Billing,34 JM Road,,Ahmedabad,Gujarat,India,458719,TAX735,East,2025-08-27 00:00:00,ERP
EADDR5747,ERP1747,Billing,101 FC Rd,Opposite Mall,Bangalore,Karnataka,India,140845,TAX747,East,2025-01-26 00:00:00,ERP
EADDR5397,ERP1397,Billing,88 Worli Sea Face,Near City Center,Jaipur,Rajasthan,India,878025,TAX397,South,2025-09-03 00:00:00,ERP
EADDR5343,ERP1343,Shipping,77 Linking Rd,Near City Center,Chennai,Tamil Nadu,India,598408,TAX343,East,2024-01-26 00:00:00,ERP
EADDR5035,ERP1035,Billing,44 Ashram Rd,Near Metro Station,Ahmedabad,Gujarat,India,359485,TAX035,Central,2025-11-02 00:00:00,ERP
EADDR5435,ERP1435,Shipping,56 Chandni Chowk,Above Central Bank,Ahmedabad,Gujarat,India,256499,TAX435,Central,2024-06-19 00:00:00,ERP
EADDR5529,ERP1529,Shipping,77 Linking Rd,Opposite Mall,Jaipur,Rajasthan,India,834072,TAX529,South,2024-07-04 00:00:00,ERP
EADDR5661,ERP1661,Billing,12 Residency Rd,Near City Center,Surat,Gujarat,India,897415,TAX661,North,2026-01-05 00:00:00,ERP
EADDR5077,ERP1077,Shipping,88 Worli Sea Face,,Jaipur,Rajasthan,India,435155,TAX077,North,2025-08-26 00:00:00,ERP
EADDR5505,ERP1505,Shipping,12 Residency Rd,Near Metro Station,Mumbai,Maharashtra,India,738040,TAX505,West,2024-04-13 00:00:00,ERP
EADDR5201,ERP1201,Billing,78 Connaught Pl,,Jaipur,Rajasthan,India,203326,TAX201,South,2025-07-02 00:00:00,ERP
EADDR5350,ERP1350,Shipping,56 Chandni Chowk,Opposite Mall,Pune,Maharashtra,India,460086,TAX350,South,2025-06-21 00:00:00,ERP
EADDR5002,ERP1002,Shipping,23 Brigade Rd,Above Central Bank,Jaipur,Rajasthan,India,981722,TAX002,South,2026-03-03 00:00:00,ERP
EADDR5028,ERP1028,Shipping,56 Chandni Chowk,,Pune,Maharashtra,India,557107,TAX028,North,2024-04-19 00:00:00,ERP
EADDR5449,ERP1449,Shipping,44 Ashram Rd,Near Old Town,Surat,Gujarat,India,433754,TAX449,North,2026-02-24 00:00:00,ERP
EADDR5123,ERP1123,Billing,12 Residency Rd,,Chennai,Tamil Nadu,India,920467,TAX123,West,2025-10-16 00:00:00,ERP
EADDR5845,ERP1845,Billing,44 Ashram Rd,Near City Center,Kolkata,West Bengal,India,623954,TAX845,West,2024-03-28 00:00:00,ERP
EADDR5941,ERP1941,Shipping,78 Connaught Pl,Opposite Mall,Jaipur,Rajasthan,India,723101,TAX941,North,2024-07-11 00:00:00,ERP
EADDR5775,ERP1775,Shipping,44 Ashram Rd,Next to Market,Chennai,Tamil Nadu,India,231222,TAX775,South,2025-04-13 00:00:00,ERP
EADDR5660,ERP1660,Shipping,90 Karol Bagh Market,Near Metro Station,Ahmedabad,Gujarat,India,134658,TAX660,South,2025-02-26 00:00:00,ERP
EADDR5725,ERP1725,Billing,45 Marine Dr,Next to Market,Hyderabad,Telangana,India,419104,TAX725,East,2025-03-17 00:00:00,ERP
EADDR5073,ERP1073,Shipping,77 Linking Rd,Opposite Mall,Delhi,Delhi,India,253357,TAX073,Central,2024-05-25 00:00:00,ERP
EADDR5737,ERP1737,Shipping,77 Linking Rd,Above Central Bank,Surat,Gujarat,India,580507,TAX737,South,2025-06-16 00:00:00,ERP
EADDR5704,ERP1704,Billing,12 Residency Rd,Opposite Mall,Jaipur,Rajasthan,India,736604,TAX704,Central,2025-11-06 00:00:00,ERP
EADDR5411,ERP1411,Billing,55 MI Rd,Near Old Town,Hyderabad,Telangana,India,300670,TAX411,Central,2025-04-19 00:00:00,ERP
EADDR5937,ERP1937,Billing,101 FC Rd,Near Metro Station,Jaipur,Rajasthan,India,528658,TAX937,Central,2025-08-24 00:00:00,ERP
EADDR5525,ERP1525,Billing,88 Worli Sea Face,Near Old Town,Delhi,Delhi,India,274322,TAX525,North,2024-09-27 00:00:00,ERP
EADDR5140,ERP1140,Billing,44 Ashram Rd,,Ahmedabad,Gujarat,India,900230,TAX140,East,2024-11-22 00:00:00,ERP
EADDR5576,ERP1576,Billing,101 FC Rd,Near Metro Station,Pune,Maharashtra,India,285647,TAX576,East,2025-08-17 00:00:00,ERP
EADDR5063,ERP1063,Billing,44 Ashram Rd,Next to Market,Bangalore,Karnataka,India,926897,TAX063,Central,2024-04-27 00:00:00,ERP
EADDR5535,ERP1535,Shipping,77 Linking Rd,Above Central Bank,Mumbai,Maharashtra,India,241116,TAX535,South,2024-01-29 00:00:00,ERP
EADDR5409,ERP1409,Billing,56 Chandni Chowk,Near Metro Station,Hyderabad,Telangana,India,265570,TAX409,South,2024-02-01 00:00:00,ERP
EADDR5159,ERP1159,Shipping,44 Ashram Rd,Near Old Town,Hyderabad,Telangana,India,474844,TAX159,East,2026-02-12 00:00:00,ERP
EADDR5314,ERP1314,Shipping,90 Karol Bagh Market,Above Central Bank,Jaipur,Rajasthan,India,816272,TAX314,South,2024-07-28 00:00:00,ERP
EADDR5559,ERP1559,Billing,101 FC Rd,Near Old Town,Delhi,Delhi,India,485935,TAX559,Central,2024-08-24 00:00:00,ERP
EADDR5157,ERP1157,Shipping,45 Marine Dr,Opposite Mall,Jaipur,Rajasthan,India,762616,TAX157,West,2024-02-11 00:00:00,ERP
EADDR5909,ERP1909,Shipping,12 Residency Rd,Near Old Town,Kolkata,West Bengal,India,893261,TAX909,North,2024-12-22 00:00:00,ERP
EADDR5622,ERP1622,Billing,23 Brigade Rd,Next to Market,Bangalore,Karnataka,India,427385,TAX622,East,2025-12-02 00:00:00,ERP
EADDR5513,ERP1513,Shipping,12 Residency Rd,Next to Market,Kolkata,West Bengal,India,160600,TAX513,West,2024-05-11 00:00:00,ERP
EADDR5527,ERP1527,Shipping,88 Worli Sea Face,Above Central Bank,Mumbai,Maharashtra,India,673103,TAX527,Central,2024-05-30 00:00:00,ERP
EADDR5630,ERP1630,Billing,12 MG Rd,Near City Center,Chennai,Tamil Nadu,India,904260,TAX630,East,2024-10-26 00:00:00,ERP
EADDR5146,ERP1146,Billing,101 FC Rd,Near City Center,Ahmedabad,Gujarat,India,129965,TAX146,North,2025-03-07 00:00:00,ERP
EADDR5089,ERP1089,Shipping,23 Brigade Rd,,Delhi,Delhi,India,465732,TAX089,Central,2024-11-06 00:00:00,ERP
EADDR5445,ERP1445,Shipping,55 MI Rd,Near City Center,Delhi,Delhi,India,842955,TAX445,West,2024-10-10 00:00:00,ERP
EADDR5874,ERP1874,Billing,12 Residency Rd,Near Metro Station,Pune,Maharashtra,India,538662,TAX874,North,2025-04-07 00:00:00,ERP
EADDR5795,ERP1795,Shipping,45 Marine Dr,Near Old Town,Jaipur,Rajasthan,India,473998,TAX795,East,2025-08-29 00:00:00,ERP
EADDR5470,ERP1470,Billing,67 Law Garden Rd,,Pune,Maharashtra,India,806297,TAX470,West,2025-04-09 00:00:00,ERP
EADDR5480,ERP1480,Shipping,44 Ashram Rd,Next to Market,Hyderabad,Telangana,India,918027,TAX480,East,2025-08-19 00:00:00,ERP
EADDR5491,ERP1491,Shipping,12 MG Rd,Near City Center,Ahmedabad,Gujarat,India,453125,TAX491,West,2024-09-17 00:00:00,ERP
EADDR5326,ERP1326,Billing,88 Worli Sea Face,,Mumbai,Maharashtra,India,991450,TAX326,South,2025-03-25 00:00:00,ERP
EADDR5857,ERP1857,Shipping,12 MG Rd,,Pune,Maharashtra,India,329027,TAX857,Central,2025-03-11 00:00:00,ERP
EADDR5280,ERP1280,Shipping,34 JM Road,,Kolkata,West Bengal,India,452702,TAX280,West,2024-10-07 00:00:00,ERP
EADDR5902,ERP1902,Billing,44 Ashram Rd,Above Central Bank,Delhi,Delhi,India,444432,TAX902,East,2025-11-07 00:00:00,ERP
EADDR5716,ERP1716,Billing,56 Chandni Chowk,Next to Market,Hyderabad,Telangana,India,264199,TAX716,North,2026-01-11 00:00:00,ERP
EADDR5714,ERP1714,Shipping,44 Ashram Rd,Next to Market,Bangalore,Karnataka,India,895602,TAX714,Central,2025-07-03 00:00:00,ERP
EADDR5004,ERP1004,Shipping,44 Ashram Rd,,Bangalore,Karnataka,India,852634,TAX004,West,2025-05-14 00:00:00,ERP
EADDR5453,ERP1453,Shipping,88 Worli Sea Face,Near Metro Station,Mumbai,Maharashtra,India,977787,TAX453,North,2024-03-28 00:00:00,ERP
EADDR5015,ERP1015,Billing,55 MI Rd,Near City Center,Pune,Maharashtra,India,487544,TAX015,North,2025-07-31 00:00:00,ERP
EADDR5268,ERP1268,Billing,23 Brigade Rd,Above Central Bank,Jaipur,Rajasthan,India,740972,TAX268,Central,2024-06-29 00:00:00,ERP
EADDR5550,ERP1550,Shipping,34 JM Road,,Surat,Gujarat,India,340614,TAX550,East,2024-05-13 00:00:00,ERP
EADDR5894,ERP1894,Billing,44 Ashram Rd,Above Central Bank,Chennai,Tamil Nadu,India,809217,TAX894,South,2025-09-02 00:00:00,ERP
EADDR5507,ERP1507,Billing,12 MG Rd,Above Central Bank,Bangalore,Karnataka,India,136978,TAX507,West,2025-04-16 00:00:00,ERP
EADDR5481,ERP1481,Shipping,12 Residency Rd,Opposite Mall,Bangalore,Karnataka,India,441986,TAX481,East,2026-01-12 00:00:00,ERP
EADDR5257,ERP1257,Billing,78 Connaught Pl,Next to Market,Surat,Gujarat,India,991930,TAX257,East,2026-01-20 00:00:00,ERP
EADDR5847,ERP1847,Billing,88 Worli Sea Face,Next to Market,Chennai,Tamil Nadu,India,656423,TAX847,West,2025-09-16 00:00:00,ERP
EADDR5477,ERP1477,Shipping,90 Karol Bagh Market,Near Old Town,Mumbai,Maharashtra,India,273236,TAX477,East,2024-07-29 00:00:00,ERP
EADDR5564,ERP1564,Billing,78 Connaught Pl,Near City Center,Bangalore,Karnataka,India,356422,TAX564,South,2024-03-29 00:00:00,ERP
EADDR5464,ERP1464,Shipping,12 MG Rd,Near Old Town,Surat,Gujarat,India,380308,TAX464,West,2025-10-10 00:00:00,ERP
EADDR5223,ERP1223,Shipping,77 Linking Rd,Near Metro Station,Delhi,Delhi,India,862861,TAX223,South,2024-01-01 00:00:00,ERP
EADDR5473,ERP1473,Shipping,55 MI Rd,Above Central Bank,Hyderabad,Telangana,India,514632,TAX473,North,2025-04-01 00:00:00,ERP
EADDR5371,ERP1371,Shipping,12 MG Rd,Opposite Mall,Delhi,Delhi,India,417137,TAX371,South,2024-01-03 00:00:00,ERP
EADDR5182,ERP1182,Shipping,78 Connaught Pl,Above Central Bank,Bangalore,Karnataka,India,712941,TAX182,North,2025-11-20 00:00:00,ERP
EADDR5351,ERP1351,Shipping,44 Ashram Rd,Near Metro Station,Ahmedabad,Gujarat,India,458567,TAX351,South,2024-07-24 00:00:00,ERP
EADDR5837,ERP1837,Billing,34 JM Road,Near Metro Station,Mumbai,Maharashtra,India,459965,TAX837,South,2026-03-18 00:00:00,ERP
EADDR5264,ERP1264,Shipping,44 Ashram Rd,Near Metro Station,Kolkata,West Bengal,India,198373,TAX264,East,2025-02-02 00:00:00,ERP
EADDR5643,ERP1643,Shipping,44 Ashram Rd,Near Old Town,Kolkata,West Bengal,India,230959,TAX643,North,2025-03-15 00:00:00,ERP
EADDR5712,ERP1712,Shipping,56 Chandni Chowk,Near City Center,Chennai,Tamil Nadu,India,869507,TAX712,East,2024-03-31 00:00:00,ERP
EADDR5160,ERP1160,Shipping,56 Chandni Chowk,,Pune,Maharashtra,India,902023,TAX160,West,2024-05-18 00:00:00,ERP
EADDR5451,ERP1451,Shipping,101 FC Rd,Above Central Bank,Kolkata,West Bengal,India,108321,TAX451,North,2025-08-02 00:00:00,ERP
EADDR5272,ERP1272,Billing,12 MG Rd,Above Central Bank,Delhi,Delhi,India,337358,TAX272,East,2024-01-12 00:00:00,ERP
EADDR5437,ERP1437,Billing,88 Worli Sea Face,Near Old Town,Kolkata,West Bengal,India,216164,TAX437,Central,2024-08-11 00:00:00,ERP
EADDR5663,ERP1663,Billing,56 Chandni Chowk,,Pune,Maharashtra,India,888678,TAX663,West,2024-07-07 00:00:00,ERP
EADDR5020,ERP1020,Billing,55 MI Rd,Near Metro Station,Jaipur,Rajasthan,India,166977,TAX020,East,2025-02-19 00:00:00,ERP
EADDR5842,ERP1842,Shipping,88 Worli Sea Face,Near Metro Station,Kolkata,West Bengal,India,940365,TAX842,West,2026-02-24 00:00:00,ERP
EADDR5924,ERP1924,Shipping,45 Marine Dr,Near Old Town,Jaipur,Rajasthan,India,145314,TAX924,West,2025-02-16 00:00:00,ERP
EADDR5839,ERP1839,Shipping,90 Karol Bagh Market,Near Metro Station,Delhi,Delhi,India,583493,TAX839,Central,2024-09-23 00:00:00,ERP
EADDR5427,ERP1427,Billing,101 FC Rd,Opposite Mall,Kolkata,West Bengal,India,227143,TAX427,East,2025-06-17 00:00:00,ERP
EADDR5582,ERP1582,Shipping,88 Worli Sea Face,Next to Market,Surat,Gujarat,India,533645,TAX582,North,2024-04-17 00:00:00,ERP
EADDR5014,ERP1014,Shipping,90 Karol Bagh Market,Above Central Bank,Chennai,Tamil Nadu,India,974453,TAX014,North,2024-04-26 00:00:00,ERP
EADDR5419,ERP1419,Shipping,77 Linking Rd,Next to Market,Surat,Gujarat,India,821221,TAX419,East,2024-07-28 00:00:00,ERP
EADDR5901,ERP1901,Shipping,45 Marine Dr,Near Old Town,Kolkata,West Bengal,India,990813,TAX901,East,2024-05-14 00:00:00,ERP
EADDR5278,ERP1278,Billing,56 Chandni Chowk,Opposite Mall,Bangalore,Karnataka,India,356534,TAX278,East,2024-01-08 00:00:00,ERP
EADDR5945,ERP1945,Billing,12 Residency Rd,Next to Market,Delhi,Delhi,India,219061,TAX945,West,2024-09-14 00:00:00,ERP
EADDR5141,ERP1141,Shipping,56 Chandni Chowk,,Bangalore,Karnataka,India,724826,TAX141,South,2025-06-28 00:00:00,ERP
EADDR5902,ERP1902,Billing,44 Ashram Rd,Above Central Bank,Delhi,Delhi,India,444432,TAX902,East,2025-11-07 00:00:00,ERP
EADDR5594,ERP1594,Billing,77 Linking Rd,Near Metro Station,Chennai,Tamil Nadu,India,621144,TAX594,West,2025-08-26 00:00:00,ERP
EADDR5516,ERP1516,Billing,12 Residency Rd,Near City Center,Jaipur,Rajasthan,India,590833,TAX516,East,2024-06-17 00:00:00,ERP
EADDR5375,ERP1375,Billing,45 Marine Dr,Near Metro Station,Mumbai,Maharashtra,India,484270,TAX375,North,2025-06-01 00:00:00,ERP
EADDR5430,ERP1430,Billing,44 Ashram Rd,Near Metro Station,Hyderabad,Telangana,India,422568,TAX430,West,2024-05-11 00:00:00,ERP
EADDR5721,ERP1721,Shipping,45 Marine Dr,Above Central Bank,Surat,Gujarat,India,367704,TAX721,East,2024-10-17 00:00:00,ERP
EADDR5426,ERP1426,Billing,88 Worli Sea Face,Near City Center,Hyderabad,Telangana,India,745292,TAX426,North,2024-08-07 00:00:00,ERP
EADDR5265,ERP1265,Billing,90 Karol Bagh Market,Near Metro Station,Pune,Maharashtra,India,109098,TAX265,West,2025-09-04 00:00:00,ERP
EADDR5299,ERP1299,Shipping,78 Connaught Pl,Near Old Town,Surat,Gujarat,India,993978,TAX299,Central,2025-10-10 00:00:00,ERP
EADDR5055,ERP1055,Shipping,56 Chandni Chowk,Near City Center,Chennai,Tamil Nadu,India,555608,TAX055,East,2026-03-01 00:00:00,ERP
EADDR5567,ERP1567,Shipping,12 MG Rd,,Mumbai,Maharashtra,India,998650,TAX567,West,2025-12-17 00:00:00,ERP
EADDR5591,ERP1591,Billing,77 Linking Rd,Near Old Town,Pune,Maharashtra,India,674474,TAX591,West,2024-02-04 00:00:00,ERP
EADDR5432,ERP1432,Billing,67 Law Garden Rd,Near City Center,Pune,Maharashtra,India,447478,TAX432,South,2024-05-09 00:00:00,ERP
EADDR5172,ERP1172,Billing,55 MI Rd,Near City Center,Pune,Maharashtra,India,460874,TAX172,North,2025-11-04 00:00:00,ERP
EADDR5082,ERP1082,Billing,23 Brigade Rd,Near Old Town,Bangalore,Karnataka,India,724100,TAX082,Central,2024-08-28 00:00:00,ERP
EADDR5027,ERP1027,Shipping,90 Karol Bagh Market,Near City Center,Mumbai,Maharashtra,India,827622,TAX027,Central,2025-10-23 00:00:00,ERP
EADDR5761,ERP1761,Billing,90 Karol Bagh Market,Near Old Town,Jaipur,Rajasthan,India,360609,TAX761,Central,2025-02-22 00:00:00,ERP
EADDR5766,ERP1766,Billing,55 MI Rd,,Kolkata,West Bengal,India,147465,TAX766,South,2024-09-25 00:00:00,ERP
EADDR5711,ERP1711,Billing,77 Linking Rd,Near Metro Station,Chennai,Tamil Nadu,India,681815,TAX711,Central,2024-04-26 00:00:00,ERP
EADDR5851,ERP1851,Shipping,23 Brigade Rd,Opposite Mall,Pune,Maharashtra,India,175980,TAX851,Central,2026-03-26 00:00:00,ERP
EADDR5531,ERP1531,Shipping,45 Marine Dr,Near Metro Station,Mumbai,Maharashtra,India,500604,TAX531,West,2024-07-11 00:00:00,ERP
EADDR5677,ERP1677,Shipping,90 Karol Bagh Market,Near Metro Station,Chennai,Tamil Nadu,India,859293,TAX677,North,2026-01-22 00:00:00,ERP
EADDR5710,ERP1710,Billing,23 Brigade Rd,Near City Center,Kolkata,West Bengal,India,317185,TAX710,North,2024-10-14 00:00:00,ERP
EADDR5163,ERP1163,Shipping,67 Law Garden Rd,Next to Market,Mumbai,Maharashtra,India,492746,TAX163,West,2026-01-06 00:00:00,ERP
EADDR5155,ERP1155,Billing,56 Chandni Chowk,,Ahmedabad,Gujarat,India,649005,TAX155,East,2025-05-22 00:00:00,ERP
EADDR5890,ERP1890,Billing,56 Chandni Chowk,Opposite Mall,Ahmedabad,Gujarat,India,490571,TAX890,South,2025-12-15 00:00:00,ERP
EADDR5410,ERP1410,Shipping,67 Law Garden Rd,Opposite Mall,Bangalore,Karnataka,India,686003,TAX410,East,2025-09-22 00:00:00,ERP
EADDR5064,ERP1064,Shipping,12 Residency Rd,Above Central Bank,Mumbai,Maharashtra,India,836204,TAX064,North,2024-02-14 00:00:00,ERP
EADDR5918,ERP1918,Shipping,56 Chandni Chowk,Above Central Bank,Kolkata,West Bengal,India,688063,TAX918,Central,2025-06-08 00:00:00,ERP
EADDR5561,ERP1561,Billing,77 Linking Rd,Opposite Mall,Mumbai,Maharashtra,India,570427,TAX561,South,2024-11-30 00:00:00,ERP
EADDR5171,ERP1171,Billing,78 Connaught Pl,Near Old Town,Pune,Maharashtra,India,325772,TAX171,East,2026-03-11 00:00:00,ERP
EADDR5809,ERP1809,Shipping,12 Residency Rd,Next to Market,Chennai,Tamil Nadu,India,106148,TAX809,East,2025-01-07 00:00:00,ERP
EADDR5913,ERP1913,Billing,12 Residency Rd,Above Central Bank,Kolkata,West Bengal,India,619928,TAX913,East,2025-02-03 00:00:00,ERP
EADDR5549,ERP1549,Shipping,88 Worli Sea Face,Opposite Mall,Bangalore,Karnataka,India,934755,TAX549,Central,2024-02-03 00:00:00,ERP
EADDR5555,ERP1555,Billing,90 Karol Bagh Market,Near Metro Station,Pune,Maharashtra,India,768589,TAX555,West,2026-01-16 00:00:00,ERP
EADDR5950,ERP1950,Billing,67 Law Garden Rd,Near Metro Station,Delhi,Delhi,India,667300,TAX950,South,2025-11-02 00:00:00,ERP
EADDR5503,ERP1503,Shipping,56 Chandni Chowk,Opposite Mall,Mumbai,Maharashtra,India,699686,TAX503,East,2024-02-12 00:00:00,ERP
EADDR5332,ERP1332,Billing,34 JM Road,Near City Center,Jaipur,Rajasthan,India,370705,TAX332,West,2025-06-04 00:00:00,ERP
EADDR5574,ERP1574,Shipping,44 Ashram Rd,Above Central Bank,Pune,Maharashtra,India,983731,TAX574,Central,2026-03-29 00:00:00,ERP
EADDR5636,ERP1636,Billing,90 Karol Bagh Market,Above Central Bank,Kolkata,West Bengal,India,582663,TAX636,North,2024-04-07 00:00:00,ERP
EADDR5293,ERP1293,Shipping,77 Linking Rd,Near Metro Station,Pune,Maharashtra,India,311363,TAX293,East,2025-11-21 00:00:00,ERP
EADDR5324,ERP1324,Billing,88 Worli Sea Face,Above Central Bank,Jaipur,Rajasthan,India,526984,TAX324,Central,2024-02-23 00:00:00,ERP
EADDR5056,ERP1056,Shipping,88 Worli Sea Face,Next to Market,Chennai,Tamil Nadu,India,526476,TAX056,East,2024-02-11 00:00:00,ERP
EADDR5799,ERP1799,Billing,56 Chandni Chowk,Near Metro Station,Bangalore,Karnataka,India,477689,TAX799,South,2024-01-02 00:00:00,ERP
EADDR5465,ERP1465,Shipping,78 Connaught Pl,,Delhi,Delhi,India,759686,TAX465,East,2026-02-06 00:00:00,ERP
EADDR5049,ERP1049,Shipping,34 JM Road,Near City Center,Delhi,Delhi,India,508877,TAX049,South,2024-01-02 00:00:00,ERP
EADDR5287,ERP1287,Shipping,77 Linking Rd,Near City Center,Chennai,Tamil Nadu,India,796217,TAX287,West,2025-09-06 00:00:00,ERP
EADDR5767,ERP1767,Shipping,45 Marine Dr,Near Metro Station,Mumbai,Maharashtra,India,892323,TAX767,North,2025-06-12 00:00:00,ERP
EADDR5456,ERP1456,Shipping,88 Worli Sea Face,Above Central Bank,Pune,Maharashtra,India,729357,TAX456,South,2025-05-06 00:00:00,ERP
EADDR5475,ERP1475,Billing,90 Karol Bagh Market,Near City Center,Surat,Gujarat,India,167815,TAX475,West,2025-05-09 00:00:00,ERP
EADDR5669,ERP1669,Shipping,56 Chandni Chowk,Next to Market,Chennai,Tamil Nadu,India,925771,TAX669,West,2026-03-27 00:00:00,ERP
EADDR5239,ERP1239,Shipping,67 Law Garden Rd,Near City Center,Hyderabad,Telangana,India,600238,TAX239,East,2025-08-18 00:00:00,ERP
EADDR5524,ERP1524,Shipping,77 Linking Rd,Near City Center,Kolkata,West Bengal,India,208722,TAX524,North,2024-05-09 00:00:00,ERP
EADDR5149,ERP1149,Shipping,101 FC Rd,Opposite Mall,Mumbai,Maharashtra,India,338001,TAX149,North,2024-05-22 00:00:00,ERP
EADDR5906,ERP1906,Billing,12 Residency Rd,Above Central Bank,Kolkata,West Bengal,India,420287,TAX906,East,2025-04-23 00:00:00,ERP
EADDR5129,ERP1129,Shipping,23 Brigade Rd,Next to Market,Bangalore,Karnataka,India,927311,TAX129,South,2025-01-05 00:00:00,ERP
EADDR5573,ERP1573,Shipping,67 Law Garden Rd,,Hyderabad,Telangana,India,109846,TAX573,West,2024-10-13 00:00:00,ERP
EADDR5920,ERP1920,Shipping,77 Linking Rd,Above Central Bank,Pune,Maharashtra,India,354502,TAX920,North,2025-12-29 00:00:00,ERP
EADDR5057,ERP1057,Shipping,23 Brigade Rd,Near Old Town,Surat,Gujarat,India,345921,TAX057,South,2024-10-21 00:00:00,ERP
EADDR5887,ERP1887,Billing,55 MI Rd,,Bangalore,Karnataka,India,224796,TAX887,East,2024-01-07 00:00:00,ERP
EADDR5044,ERP1044,Billing,101 FC Rd,,Chennai,Tamil Nadu,India,942836,TAX044,Central,2025-04-23 00:00:00,ERP
EADDR5428,ERP1428,Shipping,56 Chandni Chowk,Near Metro Station,Surat,Gujarat,India,687327,TAX428,South,2026-01-05 00:00:00,ERP
EADDR5178,ERP1178,Shipping,34 JM Road,Opposite Mall,Bangalore,Karnataka,India,303510,TAX178,North,2025-06-17 00:00:00,ERP
EADDR5164,ERP1164,Shipping,55 MI Rd,,Delhi,Delhi,India,282242,TAX164,West,2024-01-30 00:00:00,ERP
EADDR5088,ERP1088,Billing,23 Brigade Rd,Near Old Town,Delhi,Delhi,India,950158,TAX088,North,2024-05-23 00:00:00,ERP
EADDR5492,ERP1492,Billing,44 Ashram Rd,Opposite Mall,Mumbai,Maharashtra,India,779642,TAX492,West,2024-11-12 00:00:00,ERP
EADDR5026,ERP1026,Billing,45 Marine Dr,Near City Center,Jaipur,Rajasthan,India,139008,TAX026,South,2025-04-18 00:00:00,ERP
EADDR5230,ERP1230,Billing,12 Residency Rd,Opposite Mall,Pune,Maharashtra,India,667577,TAX230,South,2025-05-13 00:00:00,ERP
EADDR5346,ERP1346,Billing,45 Marine Dr,Opposite Mall,Jaipur,Rajasthan,India,891025,TAX346,West,2026-02-23 00:00:00,ERP
EADDR5871,ERP1871,Billing,34 JM Road,Above Central Bank,Ahmedabad,Gujarat,India,120430,TAX871,North,2025-01-07 00:00:00,ERP
EADDR5003,ERP1003,Billing,12 MG Rd,Above Central Bank,Pune,Maharashtra,India,866652,TAX003,South,2025-12-11 00:00:00,ERP
EADDR5116,ERP1116,Billing,23 Brigade Rd,Next to Market,Surat,Gujarat,India,688437,TAX116,West,2024-12-23 00:00:00,ERP
EADDR5151,ERP1151,Shipping,101 FC Rd,,Hyderabad,Telangana,India,936225,TAX151,North,2024-04-24 00:00:00,ERP
EADDR5625,ERP1625,Billing,77 Linking Rd,Opposite Mall,Jaipur,Rajasthan,India,655564,TAX625,West,2025-09-26 00:00:00,ERP
EADDR5353,ERP1353,Shipping,12 Residency Rd,Near Old Town,Jaipur,Rajasthan,India,698338,TAX353,North,2024-03-12 00:00:00,ERP
EADDR5802,ERP1802,Billing,56 Chandni Chowk,Near City Center,Chennai,Tamil Nadu,India,600823,TAX802,West,2024-08-29 00:00:00,ERP
EADDR5387,ERP1387,Billing,56 Chandni Chowk,Near City Center,Delhi,Delhi,India,487947,TAX387,Central,2025-04-19 00:00:00,ERP
EADDR5592,ERP1592,Shipping,12 MG Rd,Next to Market,Surat,Gujarat,India,560359,TAX592,Central,2025-01-18 00:00:00,ERP
EADDR5162,ERP1162,Billing,12 MG Rd,Opposite Mall,Pune,Maharashtra,India,503986,TAX162,North,2024-05-23 00:00:00,ERP
EADDR5611,ERP1611,Shipping,23 Brigade Rd,Near City Center,Kolkata,West Bengal,India,768510,TAX611,West,2025-07-11 00:00:00,ERP
EADDR5759,ERP1759,Shipping,12 Residency Rd,Near Metro Station,Jaipur,Rajasthan,India,177252,TAX759,North,2025-06-29 00:00:00,ERP
EADDR5075,ERP1075,Billing,55 MI Rd,,Hyderabad,Telangana,India,141311,TAX075,North,2025-12-06 00:00:00,ERP
EADDR5860,ERP1860,Billing,88 Worli Sea Face,,Pune,Maharashtra,India,669419,TAX860,North,2025-01-05 00:00:00,ERP
EADDR5876,ERP1876,Billing,12 Residency Rd,Above Central Bank,Kolkata,West Bengal,India,299649,TAX876,East,2025-11-30 00:00:00,ERP
EADDR5651,ERP1651,Billing,34 JM Road,Opposite Mall,Jaipur,Rajasthan,India,419082,TAX651,Central,2025-04-18 00:00:00,ERP
EADDR5753,ERP1753,Shipping,88 Worli Sea Face,Opposite Mall,Kolkata,West Bengal,India,609517,TAX753,Central,2024-02-04 00:00:00,ERP
EADDR5603,ERP1603,Shipping,23 Brigade Rd,Next to Market,Ahmedabad,Gujarat,India,438814,TAX603,South,2025-09-05 00:00:00,ERP
EADDR5237,ERP1237,Billing,23 Brigade Rd,,Bangalore,Karnataka,India,568031,TAX237,Central,2026-03-02 00:00:00,ERP
EADDR5838,ERP1838,Billing,34 JM Road,Near Old Town,Kolkata,West Bengal,India,521861,TAX838,West,2024-04-14 00:00:00,ERP
EADDR5638,ERP1638,Shipping,34 JM Road,Near Metro Station,Surat,Gujarat,India,129054,TAX638,Central,2024-05-12 00:00:00,ERP
EADDR5774,ERP1774,Billing,12 Residency Rd,Near Metro Station,Pune,Maharashtra,India,209645,TAX774,East,2024-12-28 00:00:00,ERP
EADDR5244,ERP1244,Shipping,67 Law Garden Rd,Near Metro Station,Ahmedabad,Gujarat,India,199313,TAX244,West,2024-07-23 00:00:00,ERP
EADDR5703,ERP1703,Billing,12 MG Rd,Next to Market,Bangalore,Karnataka,India,176711,TAX703,East,2024-02-12 00:00:00,ERP
EADDR5199,ERP1199,Billing,12 Residency Rd,Near Old Town,Delhi,Delhi,India,886791,TAX199,East,2024-04-12 00:00:00,ERP
EADDR5665,ERP1665,Billing,12 Residency Rd,Above Central Bank,Chennai,Tamil Nadu,India,168970,TAX665,Central,2024-09-29 00:00:00,ERP
EADDR5565,ERP1565,Shipping,44 Ashram Rd,Near City Center,Surat,Gujarat,India,765621,TAX565,Central,2025-12-24 00:00:00,ERP
EADDR5076,ERP1076,Billing,23 Brigade Rd,Next to Market,Delhi,Delhi,India,796328,TAX076,North,2024-03-29 00:00:00,ERP
EADDR5746,ERP1746,Shipping,12 Residency Rd,,Ahmedabad,Gujarat,India,273993,TAX746,South,2024-09-12 00:00:00,ERP
EADDR5187,ERP1187,Billing,88 Worli Sea Face,Opposite Mall,Chennai,Tamil Nadu,India,564155,TAX187,South,2025-11-26 00:00:00,ERP
EADDR5392,ERP1392,Shipping,101 FC Rd,,Mumbai,Maharashtra,India,299029,TAX392,North,2024-11-10 00:00:00,ERP
EADDR5118,ERP1118,Billing,12 Residency Rd,,Delhi,Delhi,India,206614,TAX118,South,2024-12-14 00:00:00,ERP
EADDR5935,ERP1935,Billing,12 MG Rd,Near City Center,Bangalore,Karnataka,India,660570,TAX935,South,2025-02-01 00:00:00,ERP
EADDR5168,ERP1168,Shipping,45 Marine Dr,Next to Market,Pune,Maharashtra,India,880907,TAX168,West,2024-03-01 00:00:00,ERP
EADDR5916,ERP1916,Billing,88 Worli Sea Face,Near Old Town,Chennai,Tamil Nadu,India,990205,TAX916,South,2024-08-04 00:00:00,ERP
EADDR5488,ERP1488,Billing,45 Marine Dr,Opposite Mall,Bangalore,Karnataka,India,774705,TAX488,East,2025-04-18 00:00:00,ERP
EADDR5614,ERP1614,Billing,90 Karol Bagh Market,Above Central Bank,Bangalore,Karnataka,India,441865,TAX614,Central,2025-02-14 00:00:00,ERP
EADDR5447,ERP1447,Shipping,12 MG Rd,Opposite Mall,Delhi,Delhi,India,897560,TAX447,North,2026-02-05 00:00:00,ERP
EADDR5381,ERP1381,Shipping,44 Ashram Rd,Opposite Mall,Kolkata,West Bengal,India,946883,TAX381,Central,2024-04-23 00:00:00,ERP
EADDR5034,ERP1034,Shipping,77 Linking Rd,Opposite Mall,Surat,Gujarat,India,561092,TAX034,South,2025-07-12 00:00:00,ERP
EADDR5627,ERP1627,Shipping,44 Ashram Rd,Above Central Bank,Delhi,Delhi,India,875654,TAX627,North,2026-03-09 00:00:00,ERP
EADDR5317,ERP1317,Shipping,77 Linking Rd,Near Old Town,Ahmedabad,Gujarat,India,841772,TAX317,Central,2026-03-20 00:00:00,ERP
EADDR5259,ERP1259,Shipping,45 Marine Dr,Near Old Town,Hyderabad,Telangana,India,729354,TAX259,South,2024-11-26 00:00:00,ERP
EADDR5214,ERP1214,Shipping,90 Karol Bagh Market,Next to Market,Ahmedabad,Gujarat,India,248654,TAX214,Central,2025-02-08 00:00:00,ERP
EADDR5869,ERP1869,Shipping,88 Worli Sea Face,Near Metro Station,Surat,Gujarat,India,759796,TAX869,West,2024-11-30 00:00:00,ERP
EADDR5599,ERP1599,Billing,88 Worli Sea Face,Near Metro Station,Pune,Maharashtra,India,326151,TAX599,Central,2025-08-26 00:00:00,ERP
EADDR5213,ERP1213,Shipping,88 Worli Sea Face,Above Central Bank,Mumbai,Maharashtra,India,418696,TAX213,East,2024-09-22 00:00:00,ERP
EADDR5058,ERP1058,Billing,12 Residency Rd,Near City Center,Jaipur,Rajasthan,India,848054,TAX058,East,2024-06-04 00:00:00,ERP
EADDR5040,ERP1040,Billing,78 Connaught Pl,Near Old Town,Pune,Maharashtra,India,640476,TAX040,East,2024-07-28 00:00:00,ERP
EADDR5177,ERP1177,Billing,45 Marine Dr,Above Central Bank,Surat,Gujarat,India,447325,TAX177,East,2025-08-27 00:00:00,ERP
EADDR5111,ERP1111,Billing,90 Karol Bagh Market,,Surat,Gujarat,India,962941,TAX111,South,2025-08-27 00:00:00,ERP
EADDR5695,ERP1695,Billing,12 MG Rd,Near Old Town,Kolkata,West Bengal,India,641980,TAX695,North,2025-08-23 00:00:00,ERP
EADDR5349,ERP1349,Shipping,77 Linking Rd,Opposite Mall,Chennai,Tamil Nadu,India,861237,TAX349,Central,2024-06-02 00:00:00,ERP
EADDR5645,ERP1645,Shipping,67 Law Garden Rd,Next to Market,Hyderabad,Telangana,India,417408,TAX645,North,2026-03-21 00:00:00,ERP
EADDR5069,ERP1069,Shipping,12 MG Rd,,Pune,Maharashtra,India,729274,TAX069,South,2024-04-20 00:00:00,ERP
EADDR5739,ERP1739,Billing,101 FC Rd,Near Old Town,Pune,Maharashtra,India,932102,TAX739,East,2024-09-11 00:00:00,ERP
EADDR5940,ERP1940,Billing,12 MG Rd,Near Metro Station,Pune,Maharashtra,India,428793,TAX940,East,2024-05-01 00:00:00,ERP
EADDR5025,ERP1025,Shipping,45 Marine Dr,Next to Market,Jaipur,Rajasthan,India,981637,TAX025,West,2025-07-16 00:00:00,ERP
EADDR5474,ERP1474,Billing,67 Law Garden Rd,Next to Market,Kolkata,West Bengal,India,970460,TAX474,East,2024-03-25 00:00:00,ERP
EADDR5938,ERP1938,Shipping,78 Connaught Pl,Near City Center,Surat,Gujarat,India,449207,TAX938,North,2026-01-15 00:00:00,ERP
EADDR5552,ERP1552,Billing,56 Chandni Chowk,Near Old Town,Kolkata,West Bengal,India,491919,TAX552,Central,2025-08-10 00:00:00,ERP
EADDR5659,ERP1659,Billing,77 Linking Rd,Next to Market,Jaipur,Rajasthan,India,828259,TAX659,South,2024-05-08 00:00:00,ERP
EADDR5443,ERP1443,Shipping,78 Connaught Pl,,Hyderabad,Telangana,India,342274,TAX443,East,2025-10-13 00:00:00,ERP
EADDR5039,ERP1039,Shipping,23 Brigade Rd,Next to Market,Chennai,Tamil Nadu,India,734128,TAX039,South,2024-01-05 00:00:00,ERP
EADDR5621,ERP1621,Shipping,12 Residency Rd,,Bangalore,Karnataka,India,439928,TAX621,North,2025-12-19 00:00:00,ERP
EADDR5792,ERP1792,Billing,12 MG Rd,Near City Center,Pune,Maharashtra,India,208279,TAX792,North,2024-03-16 00:00:00,ERP
EADDR5469,ERP1469,Billing,78 Connaught Pl,,Ahmedabad,Gujarat,India,474778,TAX469,East,2026-01-09 00:00:00,ERP
