customer_id,first_name,last_name,email,phone,date_of_birth,tax_id,billing_code,region_code,created_ts,source_system,national_id,address_line1,address_line2,city,state,country,postal_code
ERP1124,Sunita,Patel,sunita.patel55@erp.com,9769537111,1970-09-05,TAX1124,BILL1124,REG25,2025-09-24,ERP,NAT2124,77 Linking Rd,Near Metro Station,Chennai,Tamil Nadu,India,474578
ERP1162,Meera,Pandey,meera.pandey22@erp.com,9370308441,1977-07-11,TAX1162,BILL1162,REG13,2025-11-13,ERP,NAT2162,12 Residency Rd,Near Metro Station,Hyderabad,Telangana,India,340008
ERP1092,Arjun,Iyer,arjun.iyer38@erp.com,9158160210,1973-10-09,TAX1092,BILL1092,REG43,2024-03-20,ERP,NAT2092,45 Marine Dr,Next to Market,Jaipur,Rajasthan,India,456027
ERP1833,Harish,Gupta,harish.gupta93@erp.com,9044480779,1982-06-01,TAX1833,BILL1833,REG34,2025-04-27,ERP,NAT2833,45 Marine Dr,,Kolkata,West Bengal,India,970370
ERP1126,Suresh,Kumar,suresh.kumar12@erp.com,9537309766,1983-01-20,TAX1126,BILL1126,REG27,2024-05-12,ERP,NAT2126,77 Linking Rd,Near Metro Station,Bangalore,Karnataka,India,795505
ERP1257,Sanjay,Pandey,sanjay.pandey52@erp.com,9904322595,1990-04-16,TAX1257,BILL1257,REG8,2025-05-20,ERP,NAT2257,45 Marine Dr,Near City Center,Hyderabad,Telangana,India,243230
ERP1183,Sunil,Iyer,sunil.iyer43@erp.com,9445953015,1978-06-06,TAX1183,BILL1183,REG34,2024-07-10,ERP,NAT2183,78 Connaught Pl,Opposite Mall,Surat,Gujarat,India,489493
ERP1501,Meera,Chopra,meera.chopra86@erp.com,9027736914,1989-08-11,TAX1501,BILL1501,REG2,2024-07-18,ERP,NAT2501,12 Residency Rd,Near Old Town,Hyderabad,Telangana,India,799293
ERP1839,Alok,Desai,alok.desai40@erp.com,9430260510,1981-09-15,TAX1839,BILL1839,REG40,2026-02-14,ERP,NAT2839,12 Residency Rd,Next to Market,Delhi,Delhi,India,719354
ERP1087,Arjun,Srivastava,arjun.srivastava50@erp.com,9677282753,1977-02-02,TAX1087,BILL1087,REG38,2024-02-27,ERP,NAT2087,67 Law Garden Rd,,Bangalore,Karnataka,India,530976
ERP1679,Ravi,Patel,ravi.patel31@erp.com,9299657363,2000-12-04,TAX1679,BILL1679,REG30,2025-03-08,ERP,NAT2679,77 Linking Rd,Opposite Mall,Delhi,Delhi,India,253996
ERP1378,Anjali,Patil,anjali.patil27@erp.com,9549456052,1994-07-28,TAX1378,BILL1378,REG29,2025-10-06,ERP,NAT2378,45 Marine Dr,Next to Market,Jaipur,Rajasthan,India,854229
ERP1287,Arjun,Kapoor,arjun.kapoor97@erp.com,9586975531,1987-01-22,TAX1287,BILL1287,REG38,2025-01-03,ERP,NAT2287,12 MG Rd,,Surat,Gujarat,India,547356
ERP1704,Prakash,Dubey,prakash.dubey24@erp.com,9975174371,1974-07-17,TAX1704,BILL1704,REG5,2025-11-23,ERP,NAT2704,55 MI Rd,Above Central Bank,Jaipur,Rajasthan,India,258399
ERP1624,Arjun,Dubey,arjun.dubey71@erp.com,9686225711,1997-02-22,TAX1624,BILL1624,REG25,2024-05-14,ERP,NAT2624,78 Connaught Pl,Opposite Mall,Hyderabad,Telangana,India,209854
ERP1905,Ramesh,Kaur,ramesh.kaur89@erp.com,9556355468,1993-07-23,TAX1905,BILL1905,REG6,2025-10-08,ERP,NAT2905,88 Worli Sea Face,Near Metro Station,Pune,Maharashtra,India,208679
ERP1327,Shreya,Patel,shreya.patel62@erp.com,9271801354,1982-12-17,TAX1327,BILL1327,REG28,2024-09-20,ERP,NAT2327,12 MG Rd,Near City Center,Bangalore,Karnataka,India,824432
ERP1189,Vikas,Srivastava,vikas.srivastava24@erp.com,9818102979,1985-08-04,TAX1189,BILL1189,REG40,2025-07-30,ERP,NAT2189,56 Chandni Chowk,,Delhi,Delhi,India,542453
ERP1049,Sunil,Mehta,sunil.mehta24@erp.com,9763858690,1990-03-24,TAX1049,BILL1049,REG50,2025-01-28,ERP,NAT2049,78 Connaught Pl,Opposite Mall,Ahmedabad,Gujarat,India,254723
ERP1114,Sanjay,Reddy,sanjay.reddy21@erp.com,9034811011,1972-10-07,TAX1114,BILL1114,REG15,2025-10-24,ERP,NAT2114,45 Marine Dr,Opposite Mall,Jaipur,Rajasthan,India,188895
ERP1344,Deepak,Gupta,deepak.gupta94@erp.com,9525536643,1979-01-18,TAX1344,BILL1344,REG45,2025-11-19,ERP,NAT2344,67 Law Garden Rd,Above Central Bank,Jaipur,Rajasthan,India,571364
ERP1015,Neha,Singh,neha.singh52@erp.com,9491674240,2000-10-26,TAX1015,BILL1015,REG16,2025-09-30,ERP,NAT2015,12 Residency Rd,,Hyderabad,Telangana,India,559592
ERP1687,Neha,Agarwal,neha.agarwal64@erp.com,9258175789,1980-09-06,TAX1687,BILL1687,REG38,2024-09-30,ERP,NAT2687,56 Chandni Chowk,Near Metro Station,Jaipur,Rajasthan,India,489146
ERP1050,Vinay,Srivastava,vinay.srivastava12@erp.com,9236483650,1975-01-05,TAX1050,BILL1050,REG1,2024-04-11,ERP,NAT2050,77 Linking Rd,Next to Market,Delhi,Delhi,India,691396
ERP1038,Rekha,Shah,rekha.shah24@erp.com,9668323910,1985-08-06,TAX1038,BILL1038,REG39,2025-09-10,ERP,NAT2038,12 Residency Rd,Near Old Town,Mumbai,Maharashtra,India,356780
ERP1122,Anita,Rao,anita.rao1@erp.com,9828800646,1982-08-05,TAX1122,BILL1122,REG23,2024-08-23,ERP,NAT2122,90 Karol Bagh Market,,Ahmedabad,Gujarat,India,347864
ERP1600,Ravi,Nair,ravi.nair72@erp.com,9212017889,1976-06-07,TAX1600,BILL1600,REG1,2025-03-16,ERP,NAT2600,56 Chandni Chowk,Near Metro Station,Mumbai,Maharashtra,India,971494
ERP1444,Shalini,Mehta,shalini.mehta98@erp.com,9528860196,1991-05-24,TAX1444,BILL1444,REG45,2025-04-06,ERP,NAT2444,88 Worli Sea Face,Near Metro Station,Ahmedabad,Gujarat,India,578138
ERP1797,Lakshmi,Yadav,lakshmi.yadav44@erp.com,9652174358,1977-11-22,TAX1797,BILL1797,REG48,2024-12-18,ERP,NAT2797,12 Residency Rd,,Delhi,Delhi,India,507054
ERP1891,Divya,Menon,divya.menon96@erp.com,9099415709,1982-12-27,TAX1891,BILL1891,REG42,2024-04-14,ERP,NAT2891,78 Connaught Pl,,Ahmedabad,Gujarat,India,847828
ERP1115,Alok,Pandey,alok.pandey18@erp.com,9276368480,1987-08-06,TAX1115,BILL1115,REG16,2024-01-15,ERP,NAT2115,34 JM Road,Next to Market,Jaipur,Rajasthan,India,333662
ERP1821,Arvind,Mehta,arvind.mehta36@erp.com,9267739840,2000-11-18,TAX1821,BILL1821,REG22,2024-09-11,ERP,NAT2821,12 MG Rd,,Surat,Gujarat,India,288777
ERP1044,Deepak,Mishra,deepak.mishra92@erp.com,9740828543,1994-10-13,TAX1044,BILL1044,REG45,2025-04-08,ERP,NAT2044,12 Residency Rd,Near Metro Station,Bangalore,Karnataka,India,606077
ERP1163,Jane,Reddy,jane.reddy27@erp.com,9487425789,1990-09-23,TAX1163,BILL1163,REG14,2026-02-25,ERP,NAT2163,45 Marine Dr,Near Metro Station,Surat,Gujarat,India,492418
ERP1070,Priya,Desai,priya.desai8@erp.com,9480854869,1999-08-14,TAX1070,BILL1070,REG21,2025-09-10,ERP,NAT2070,12 Residency Rd,Opposite Mall,Jaipur,Rajasthan,India,765552
ERP1037,Suresh,Agarwal,suresh.agarwal24@erp.com,9262429241,1975-06-26,TAX1037,BILL1037,REG38,2025-07-16,ERP,NAT2037,90 Karol Bagh Market,Next to Market,Bangalore,Karnataka,India,607412
ERP1822,Manish,Sharma,manish.sharma68@erp.com,9991238440,1974-06-22,TAX1822,BILL1822,REG23,2024-10-25,ERP,NAT2822,90 Karol Bagh Market,Next to Market,Hyderabad,Telangana,India,332802
ERP1059,Neha,Banerjee,neha.banerjee58@erp.com,9066877736,1980-06-09,TAX1059,BILL1059,REG10,2026-03-11,ERP,NAT2059,12 MG Rd,Near City Center,Hyderabad,Telangana,India,362671
ERP1832,Seema,Banerjee,seema.banerjee7@erp.com,9183685909,1999-03-04,TAX1832,BILL1832,REG33,2024-11-16,ERP,NAT2832,67 Law Garden Rd,,Chennai,Tamil Nadu,India,384002
ERP1090,Ramesh,Nair,ramesh.nair68@erp.com,9597649808,1988-10-27,TAX1090,BILL1090,REG41,2024-07-05,ERP,NAT2090,101 FC Rd,Near Metro Station,Delhi,Delhi,India,482140
ERP1502,Kavita,Singh,kavita.singh71@erp.com,9835641048,1977-12-15,TAX1502,BILL1502,REG3,2025-09-14,ERP,NAT2502,101 FC Rd,Near Old Town,Delhi,Delhi,India,346978
ERP1854,Meena,Dubey,meena.dubey11@erp.com,9346223799,1971-09-11,TAX1854,BILL1854,REG5,2024-01-30,ERP,NAT2854,88 Worli Sea Face,Next to Market,Hyderabad,Telangana,India,553424
ERP1666,Ramesh,Kapoor,ramesh.kapoor95@erp.com,9504618911,1981-10-30,TAX1666,BILL1666,REG17,2024-04-04,ERP,NAT2666,90 Karol Bagh Market,,Mumbai,Maharashtra,India,815541
ERP1107,Karan,Bajaj,karan.bajaj77@erp.com,9751676755,1998-03-17,TAX1107,BILL1107,REG8,2024-02-07,ERP,NAT2107,77 Linking Rd,Opposite Mall,Hyderabad,Telangana,India,109389
ERP1595,Deepak,Chopra,deepak.chopra33@erp.com,9638808872,1992-09-12,TAX1595,BILL1595,REG46,2025-05-11,ERP,NAT2595,67 Law Garden Rd,Next to Market,Bangalore,Karnataka,India,241596
ERP1437,Arvind,Menon,arvind.menon24@erp.com,9255908504,1975-07-20,TAX1437,BILL1437,REG38,2025-06-25,ERP,NAT2437,77 Linking Rd,Near Old Town,Pune,Maharashtra,India,795184
ERP1589,Divya,Patel,divya.patel16@erp.com,9500629226,1980-05-21,TAX1589,BILL1589,REG40,2025-10-29,ERP,NAT2589,101 FC Rd,,Hyderabad,Telangana,India,895286
ERP1842,Sachin,Yadav,sachin.yadav39@erp.com,9603181898,1995-01-13,TAX1842,BILL1842,REG43,2026-03-18,ERP,NAT2842,45 Marine Dr,Next to Market,Mumbai,Maharashtra,India,158213
ERP1166,Seema,Kumar,seema.kumar36@erp.com,9336690332,1987-08-28,TAX1166,BILL1166,REG17,2025-11-03,ERP,NAT2166,55 MI Rd,Opposite Mall,Surat,Gujarat,India,553570
ERP1119,Vinod,Reddy,vinod.reddy76@erp.com,9246554819,1971-04-16,TAX1119,BILL1119,REG20,2024-12-14,ERP,NAT2119,44 Ashram Rd,Next to Market,Delhi,Delhi,India,601072
ERP1436,Jane,Malhotra,jane.malhotra36@erp.com,9102523463,1998-10-28,TAX1436,BILL1436,REG37,2024-10-15,ERP,NAT2436,56 Chandni Chowk,Near Metro Station,Pune,Maharashtra,India,751464
ERP1342,John,Iyer,john.iyer77@erp.com,9865214958,1995-01-26,TAX1342,BILL1342,REG43,2025-04-24,ERP,NAT2342,101 FC Rd,Opposite Mall,Delhi,Delhi,India,839053
ERP1260,Harish,Malhotra,harish.malhotra27@erp.com,9448443661,1970-08-01,TAX1260,BILL1260,REG11,2025-01-22,ERP,NAT2260,12 MG Rd,Next to Market,Bangalore,Karnataka,India,655603
ERP1064,Meena,Dubey,meena.dubey31@erp.com,9140054694,1970-06-28,TAX1064,BILL1064,REG15,2025-01-04,ERP,NAT2064,45 Marine Dr,,Kolkata,West Bengal,India,887906
ERP1490,Jane,Bajaj,jane.bajaj62@erp.com,9989897178,1998-03-14,TAX1490,BILL1490,REG41,2024-06-16,ERP,NAT2490,88 Worli Sea Face,Near Old Town,Delhi,Delhi,India,724633
ERP1177,Divya,Patil,divya.patil17@erp.com,9816345199,1995-03-11,TAX1177,BILL1177,REG28,2026-02-11,ERP,NAT2177,77 Linking Rd,Next to Market,Pune,Maharashtra,India,820650
ERP1375,Prakash,Kapoor,prakash.kapoor19@erp.com,9515714783,1970-01-10,TAX1375,BILL1375,REG26,2025-03-24,ERP,NAT2375,45 Marine Dr,Near Metro Station,Ahmedabad,Gujarat,India,569636
ERP1202,Pooja,Bajaj,pooja.bajaj91@erp.com,9110568272,1974-03-19,TAX1202,BILL1202,REG3,2025-11-02,ERP,NAT2202,78 Connaught Pl,Near City Center,Mumbai,Maharashtra,India,899128
ERP1758,Rekha,Malhotra,rekha.malhotra8@erp.com,9597937650,2000-04-12,TAX1758,BILL1758,REG9,2024-04-30,ERP,NAT2758,44 Ashram Rd,Near City Center,Ahmedabad,Gujarat,India,445926
ERP1626,Vinay,Banerjee,vinay.banerjee9@erp.com,9064795481,1993-09-30,TAX1626,BILL1626,REG27,2024-10-23,ERP,NAT2626,12 Residency Rd,,Delhi,Delhi,India,438772
ERP1728,Shreya,Yadav,shreya.yadav94@erp.com,9977853780,1993-12-30,TAX1728,BILL1728,REG29,2024-10-14,ERP,NAT2728,12 MG Rd,Next to Market,Delhi,Delhi,India,720294
ERP1731,Ramesh,Guptha,ramesh.guptha58@erp.com,9828720111,1970-09-22,TAX1731,BILL1731,REG32,2025-01-25,ERP,NAT2731,77 Linking Rd,Next to Market,Bangalore,Karnataka,India,814146
ERP1136,Rohit,Nair,rohit.nair33@erp.com,9728687999,1996-03-26,TAX1136,BILL1136,REG37,2025-07-31,ERP,NAT2136,90 Karol Bagh Market,,Hyderabad,Telangana,India,249117
ERP1850,Shalini,Kumar,shalini.kumar93@erp.com,9604988990,1999-11-05,TAX1850,BILL1850,REG1,2025-06-01,ERP,NAT2850,45 Marine Dr,Opposite Mall,Chennai,Tamil Nadu,India,257147
ERP1474,Rekha,Dubey,rekha.dubey4@erp.com,9846632543,1988-07-10,TAX1474,BILL1474,REG25,2024-03-28,ERP,NAT2474,34 JM Road,Near City Center,Kolkata,West Bengal,India,725297
ERP1093,Shalini,Srivastava,shalini.srivastava34@erp.com,9314636214,1995-06-19,TAX1093,BILL1093,REG44,2024-12-06,ERP,NAT2093,12 MG Rd,Above Central Bank,Surat,Gujarat,India,402848
ERP1188,Shreya,Sharma,shreya.sharma64@erp.com,9673208715,1972-04-14,TAX1188,BILL1188,REG39,2024-09-23,ERP,NAT2188,56 Chandni Chowk,Near Metro Station,Delhi,Delhi,India,507561
ERP1414,Arvind,Desai,arvind.desai56@erp.com,9481054728,1988-12-06,TAX1414,BILL1414,REG15,2026-03-05,ERP,NAT2414,55 MI Rd,Near Metro Station,Jaipur,Rajasthan,India,630286
ERP1239,Rajiv,Shah,rajiv.shah10@erp.com,9983939331,1996-01-06,TAX1239,BILL1239,REG40,2025-11-18,ERP,NAT2239,12 Residency Rd,,Bangalore,Karnataka,India,572640
ERP1579,Sneha,Menon,sneha.menon90@erp.com,9937358894,1994-09-05,TAX1579,BILL1579,REG30,2026-02-17,ERP,NAT2579,23 Brigade Rd,Near Old Town,Jaipur,Rajasthan,India,872426
ERP1128,Alok,Sharma,alok.sharma38@erp.com,9065375095,1992-07-04,TAX1128,BILL1128,REG29,2024-12-23,ERP,NAT2128,88 Worli Sea Face,Near City Center,Surat,Gujarat,India,763960
ERP1898,Meena,Iyer,meena.iyer27@erp.com,9654707598,1983-04-30,TAX1898,BILL1898,REG49,2025-09-22,ERP,NAT2898,45 Marine Dr,Near Metro Station,Hyderabad,Telangana,India,776520
ERP1857,Jane,Kapoor,jane.kapoor14@erp.com,9568518516,1998-01-16,TAX1857,BILL1857,REG8,2025-03-14,ERP,NAT2857,12 MG Rd,Next to Market,Chennai,Tamil Nadu,India,937966
ERP1069,Anita,Sharma,anita.sharma73@erp.com,9467754361,1992-11-20,TAX1069,BILL1069,REG20,2025-07-23,ERP,NAT2069,77 Linking Rd,Near Metro Station,Hyderabad,Telangana,India,761394
ERP1148,Harish,Banerjee,harish.banerjee7@erp.com,9714006415,1978-02-09,TAX1148,BILL1148,REG49,2025-11-24,ERP,NAT2148,12 Residency Rd,Above Central Bank,Chennai,Tamil Nadu,India,734274
ERP1491,Meera,Tiwari,meera.tiwari51@erp.com,9473162324,1990-09-02,TAX1491,BILL1491,REG42,2025-04-25,ERP,NAT2491,56 Chandni Chowk,,Kolkata,West Bengal,India,450894
ERP1101,Vikas,Desai,vikas.desai7@erp.com,9364647391,1990-11-19,TAX1101,BILL1101,REG2,2025-07-25,ERP,NAT2101,78 Connaught Pl,Opposite Mall,Pune,Maharashtra,India,440034
ERP1057,Pooja,Kumar,pooja.kumar67@erp.com,9301734219,1973-05-01,TAX1057,BILL1057,REG8,2024-03-03,ERP,NAT2057,34 JM Road,Opposite Mall,Surat,Gujarat,India,128802
ERP1918,Shreya,Joshi,shreya.joshi48@erp.com,9184531398,1994-06-01,TAX1918,BILL1918,REG19,2025-11-19,ERP,NAT2918,55 MI Rd,Next to Market,Delhi,Delhi,India,438192
ERP1086,Suresh,Yadav,suresh.yadav61@erp.com,9267284813,1984-12-16,TAX1086,BILL1086,REG37,2024-08-19,ERP,NAT2086,67 Law Garden Rd,Near Metro Station,Delhi,Delhi,India,998511
ERP1080,Rekha,Kapoor,rekha.kapoor80@erp.com,9652495662,1978-07-13,TAX1080,BILL1080,REG31,2024-08-08,ERP,NAT2080,34 JM Road,Above Central Bank,Delhi,Delhi,India,455939
ERP1103,Harish,Guptha,harish.guptha69@erp.com,9687143561,2000-07-12,TAX1103,BILL1103,REG4,2025-01-28,ERP,NAT2103,78 Connaught Pl,Opposite Mall,Hyderabad,Telangana,India,315574
ERP1855,Rajiv,Kumar,rajiv.kumar45@erp.com,9813652429,1974-12-22,TAX1855,BILL1855,REG6,2025-12-28,ERP,NAT2855,56 Chandni Chowk,Near City Center,Hyderabad,Telangana,India,106256
ERP1866,Rajiv,Dubey,rajiv.dubey70@erp.com,9041126225,1976-09-02,TAX1866,BILL1866,REG17,2025-01-01,ERP,NAT2866,12 MG Rd,Near Old Town,Kolkata,West Bengal,India,790151
ERP1602,Rajiv,Tiwari,rajiv.tiwari35@erp.com,9998293392,1975-12-12,TAX1602,BILL1602,REG3,2025-10-05,ERP,NAT2602,44 Ashram Rd,Near Old Town,Ahmedabad,Gujarat,India,248229
ERP1018,Ramesh,Reddy,ramesh.reddy65@erp.com,9170477039,2000-08-09,TAX1018,BILL1018,REG19,2026-01-31,ERP,NAT2018,44 Ashram Rd,Above Central Bank,Chennai,Tamil Nadu,India,117196
ERP1244,Pooja,Menon,pooja.menon38@erp.com,9135133250,1999-08-15,TAX1244,BILL1244,REG45,2025-07-08,ERP,NAT2244,34 JM Road,Opposite Mall,Ahmedabad,Gujarat,India,786550
ERP1830,Arvind,Pandey,arvind.pandey79@erp.com,9915730324,1977-02-02,TAX1830,BILL1830,REG31,2024-06-12,ERP,NAT2830,56 Chandni Chowk,Above Central Bank,Kolkata,West Bengal,India,373759
ERP1475,Vinay,Agarwal,vinay.agarwal51@erp.com,9422019748,1988-06-30,TAX1475,BILL1475,REG26,2025-09-10,ERP,NAT2475,88 Worli Sea Face,Next to Market,Jaipur,Rajasthan,India,972965
ERP1864,Amit,Tiwari,amit.tiwari70@erp.com,9031414059,1974-01-24,TAX1864,BILL1864,REG15,2024-06-29,ERP,NAT2864,34 JM Road,Near Old Town,Kolkata,West Bengal,India,273195
ERP1558,Ramesh,Dubey,ramesh.dubey98@erp.com,9553933211,1975-07-19,TAX1558,BILL1558,REG9,2025-03-09,ERP,NAT2558,12 MG Rd,Near Metro Station,Chennai,Tamil Nadu,India,308615
ERP1875,Anita,Bajaj,anita.bajaj82@erp.com,9954318693,1982-11-24,TAX1875,BILL1875,REG26,2024-04-30,ERP,NAT2875,88 Worli Sea Face,,Pune,Maharashtra,India,153365
ERP1459,Divya,Bajaj,divya.bajaj49@erp.com,9948480174,1985-11-02,TAX1459,BILL1459,REG10,2024-10-26,ERP,NAT2459,88 Worli Sea Face,Near City Center,Surat,Gujarat,India,752510
ERP1694,Alok,Kapoor,alok.kapoor50@erp.com,9427585944,1992-09-01,TAX1694,BILL1694,REG45,2024-02-20,ERP,NAT2694,77 Linking Rd,Near Metro Station,Delhi,Delhi,India,877005
ERP1228,Lakshmi,Banerjee,lakshmi.banerjee57@erp.com,9175977454,1970-10-13,TAX1228,BILL1228,REG29,2024-07-23,ERP,NAT2228,34 JM Road,Next to Market,Pune,Maharashtra,India,334404
ERP1065,Suresh,Kumar,suresh.kumar33@erp.com,9029730183,1989-02-28,TAX1065,BILL1065,REG16,2024-07-19,ERP,NAT2065,67 Law Garden Rd,Next to Market,Pune,Maharashtra,India,660111
ERP1684,Rajiv,Agarwal,rajiv.agarwal77@erp.com,9910350225,2000-09-05,TAX1684,BILL1684,REG35,2024-02-16,ERP,NAT2684,34 JM Road,Next to Market,Kolkata,West Bengal,India,661542
ERP1117,Seema,Sharma,seema.sharma67@erp.com,9756591453,1984-06-12,TAX1117,BILL1117,REG18,2026-01-27,ERP,NAT2117,90 Karol Bagh Market,Above Central Bank,Delhi,Delhi,India,728749
ERP1035,Sachin,Sharma,sachin.sharma28@erp.com,9078593778,1978-09-28,TAX1035,BILL1035,REG36,2024-09-05,ERP,NAT2035,67 Law Garden Rd,Near Old Town,Delhi,Delhi,India,514164
ERP1749,Arvind,Kaur,arvind.kaur81@erp.com,9084222479,1983-08-08,TAX1749,BILL1749,REG50,2024-02-04,ERP,NAT2749,44 Ashram Rd,Above Central Bank,Jaipur,Rajasthan,India,759707
ERP1150,Arvind,Shah,arvind.shah31@erp.com,9998364826,1988-08-21,TAX1150,BILL1150,REG1,2025-05-12,ERP,NAT2150,56 Chandni Chowk,Above Central Bank,Surat,Gujarat,India,533266
ERP1180,Sunita,Malhotra,sunita.malhotra11@erp.com,9922992961,1988-11-25,TAX1180,BILL1180,REG31,2025-02-28,ERP,NAT2180,23 Brigade Rd,Near City Center,Chennai,Tamil Nadu,India,416162
ERP1537,Meera,Mishra,meera.mishra65@erp.com,9699693813,1994-10-06,TAX1537,BILL1537,REG38,2024-05-29,ERP,NAT2537,88 Worli Sea Face,Above Central Bank,Hyderabad,Telangana,India,924987
ERP1928,Sanjay,Reddy,sanjay.reddy83@erp.com,9833160730,1985-01-01,TAX1928,BILL1928,REG29,2025-12-23,ERP,NAT2928,67 Law Garden Rd,Near Metro Station,Delhi,Delhi,India,560131
ERP1131,Sunita,Bajaj,sunita.bajaj42@erp.com,9492576265,1980-01-10,TAX1131,BILL1131,REG32,2025-05-12,ERP,NAT2131,67 Law Garden Rd,Opposite Mall,Ahmedabad,Gujarat,India,687339
ERP1851,Rajiv,Kapoor,rajiv.kapoor85@erp.com,9578718161,1973-07-11,TAX1851,BILL1851,REG2,2025-03-25,ERP,NAT2851,34 JM Road,,Chennai,Tamil Nadu,India,146233
ERP1311,Sunil,Bajaj,sunil.bajaj85@erp.com,9213889889,1975-06-23,TAX1311,BILL1311,REG12,2025-05-26,ERP,NAT2311,88 Worli Sea Face,,Pune,Maharashtra,India,367097
ERP1554,Rekha,Agarwal,rekha.agarwal43@erp.com,9240941831,1990-03-06,TAX1554,BILL1554,REG5,2025-08-05,ERP,NAT2554,67 Law Garden Rd,Near City Center,Kolkata,West Bengal,India,908354
ERP1487,John,Malhotra,john.malhotra50@erp.com,9278074147,1972-07-14,TAX1487,BILL1487,REG38,2025-04-01,ERP,NAT2487,23 Brigade Rd,Next to Market,Mumbai,Maharashtra,India,876959
ERP1147,Sunil,Shah,sunil.shah48@erp.com,9313398899,1982-08-15,TAX1147,BILL1147,REG48,2024-03-29,ERP,NAT2147,23 Brigade Rd,Above Central Bank,Kolkata,West Bengal,India,416000
ERP1225,Meera,Malhotra,meera.malhotra53@erp.com,9036869789,1993-10-27,TAX1225,BILL1225,REG26,2025-05-19,ERP,NAT2225,23 Brigade Rd,,Pune,Maharashtra,India,559633
ERP1441,Deepak,Dubey,deepak.dubey23@erp.com,9423355611,1970-10-20,TAX1441,BILL1441,REG42,2026-03-22,ERP,NAT2441,45 Marine Dr,Above Central Bank,Kolkata,West Bengal,India,672792
ERP1840,Shalini,Malhotra,shalini.malhotra54@erp.com,9812684383,1974-12-02,TAX1840,BILL1840,REG41,2026-03-10,ERP,NAT2840,56 Chandni Chowk,Near Old Town,Kolkata,West Bengal,India,615927
ERP1572,Vinay,Bajaj,vinay.bajaj40@erp.com,9651742023,1983-10-22,TAX1572,BILL1572,REG23,2025-09-30,ERP,NAT2572,101 FC Rd,Opposite Mall,Chennai,Tamil Nadu,India,558327
ERP1574,Ramesh,Chopra,ramesh.chopra52@erp.com,9314478887,1991-11-09,TAX1574,BILL1574,REG25,2024-05-23,ERP,NAT2574,67 Law Garden Rd,Near Metro Station,Pune,Maharashtra,India,419187
ERP1674,Kavita,Dubey,kavita.dubey10@erp.com,9132040406,1988-11-22,TAX1674,BILL1674,REG25,2024-10-13,ERP,NAT2674,101 FC Rd,Opposite Mall,Jaipur,Rajasthan,India,899331
ERP1740,Meera,Shah,meera.shah43@erp.com,9896013934,1976-01-12,TAX1740,BILL1740,REG41,2025-08-12,ERP,NAT2740,34 JM Road,Near City Center,Chennai,Tamil Nadu,India,125247
ERP1346,Anita,Kumar,anita.kumar40@erp.com,9391479802,1987-06-20,TAX1346,BILL1346,REG47,2024-12-10,ERP,NAT2346,90 Karol Bagh Market,Next to Market,Surat,Gujarat,India,572613
ERP1274,Ravi,Kumar,ravi.kumar44@erp.com,9775743430,1991-02-08,TAX1274,BILL1274,REG25,2025-06-27,ERP,NAT2274,34 JM Road,Near Metro Station,Ahmedabad,Gujarat,India,521976
ERP1890,Ramesh,Dubey,ramesh.dubey96@erp.com,9742629237,1975-05-27,TAX1890,BILL1890,REG41,2025-06-27,ERP,NAT2890,34 JM Road,Opposite Mall,Surat,Gujarat,India,192057
ERP1053,Deepak,Yadav,deepak.yadav53@erp.com,9791191901,1976-02-02,TAX1053,BILL1053,REG4,2025-09-04,ERP,NAT2053,12 Residency Rd,Near Metro Station,Kolkata,West Bengal,India,435396
ERP1211,Deepak,Yadav,deepak.yadav17@erp.com,9752702510,1987-11-09,TAX1211,BILL1211,REG12,2024-12-03,ERP,NAT2211,78 Connaught Pl,Opposite Mall,Mumbai,Maharashtra,India,990466
ERP1499,Seema,Sharma,seema.sharma97@erp.com,9091239548,1991-03-20,TAX1499,BILL1499,REG50,2025-03-22,ERP,NAT2499,34 JM Road,Opposite Mall,Chennai,Tamil Nadu,India,452317
ERP1101,Vikas,Desai,vikas.desai7@erp.com,9364647391,1990-11-19,TAX1101,BILL1101,REG2,2025-07-25,ERP,NAT2101,78 Connaught Pl,Opposite Mall,Pune,Maharashtra,India,440034
ERP1656,Jane,Patel,jane.patel12@erp.com,9506637123,1989-05-22,TAX1656,BILL1656,REG7,2024-09-01,ERP,NAT2656,44 Ashram Rd,Near Metro Station,Ahmedabad,Gujarat,India,376544
ERP1610,Neha,Tiwari,neha.tiwari74@erp.com,9310879140,1982-01-16,TAX1610,BILL1610,REG11,2025-09-13,ERP,NAT2610,90 Karol Bagh Market,Near Metro Station,Delhi,Delhi,India,925612
ERP1047,Meena,Desai,meena.desai22@erp.com,9121607652,1987-01-25,TAX1047,BILL1047,REG48,2025-11-13,ERP,NAT2047,34 JM Road,,Pune,Maharashtra,India,126221
ERP1238,Rajiv,Dubey,rajiv.dubey38@erp.com,9414577504,1975-06-25,TAX1238,BILL1238,REG39,2024-11-19,ERP,NAT2238,90 Karol Bagh Market,Near Old Town,Mumbai,Maharashtra,India,589523
ERP1401,Ravi,Reddy,ravi.reddy86@erp.com,9071014440,1998-01-04,TAX1401,BILL1401,REG2,2025-05-19,ERP,NAT2401,77 Linking Rd,Above Central Bank,Bangalore,Karnataka,India,267251
ERP1205,Arvind,Mishra,arvind.mishra21@erp.com,9444685658,1984-08-22,TAX1205,BILL1205,REG6,2025-08-18,ERP,NAT2205,23 Brigade Rd,Opposite Mall,Pune,Maharashtra,India,452622
ERP1283,Sachin,Bajaj,sachin.bajaj47@erp.com,9294822303,1985-04-30,TAX1283,BILL1283,REG34,2025-01-11,ERP,NAT2283,55 MI Rd,,Kolkata,West Bengal,India,984277
ERP1475,Vinay,Agarwal,vinay.agarwal51@erp.com,9422019748,1988-06-30,TAX1475,BILL1475,REG26,2025-09-10,ERP,NAT2475,88 Worli Sea Face,Next to Market,Jaipur,Rajasthan,India,972965
ERP1663,Karan,Patel,karan.patel52@erp.com,9875820939,1994-11-05,TAX1663,BILL1663,REG14,2024-09-12,ERP,NAT2663,45 Marine Dr,Next to Market,Mumbai,Maharashtra,India,211033
ERP1460,Prakash,Malhotra,prakash.malhotra73@erp.com,9092228638,1991-06-22,TAX1460,BILL1460,REG11,2025-07-21,ERP,NAT2460,34 JM Road,Above Central Bank,Hyderabad,Telangana,India,261167
ERP1550,Ravi,Patel,ravi.patel19@erp.com,9469631784,1993-05-25,TAX1550,BILL1550,REG1,2024-08-10,ERP,NAT2550,67 Law Garden Rd,Near City Center,Hyderabad,Telangana,India,488977
ERP1418,Sunil,Kumar,sunil.kumar96@erp.com,9464646203,1986-07-28,TAX1418,BILL1418,REG19,2025-03-03,ERP,NAT2418,34 JM Road,Opposite Mall,Jaipur,Rajasthan,India,619502
ERP1083,Arjun,Singh,arjun.singh37@erp.com,9573072617,1982-10-30,TAX1083,BILL1083,REG34,2024-09-29,ERP,NAT2083,78 Connaught Pl,Above Central Bank,Chennai,Tamil Nadu,India,577010
ERP1140,Anita,Gupta,anita.gupta91@erp.com,9216591265,2000-04-23,TAX1140,BILL1140,REG41,2025-09-14,ERP,NAT2140,67 Law Garden Rd,Next to Market,Mumbai,Maharashtra,India,493337
ERP1159,Meena,Guptha,meena.guptha40@erp.com,9875063595,1992-09-29,TAX1159,BILL1159,REG10,2025-05-03,ERP,NAT2159,77 Linking Rd,Near Metro Station,Jaipur,Rajasthan,India,212577
ERP1400,Arvind,Pandey,arvind.pandey59@erp.com,9861801631,1978-11-17,TAX1400,BILL1400,REG1,2024-09-30,ERP,NAT2400,88 Worli Sea Face,Near Old Town,Delhi,Delhi,India,363379
ERP1938,Arjun,Mehta,arjun.mehta43@erp.com,9603675402,1988-12-04,TAX1938,BILL1938,REG39,2025-02-15,ERP,NAT2938,12 MG Rd,Near Metro Station,Jaipur,Rajasthan,India,739770
ERP1280,Sunita,Reddy,sunita.reddy74@erp.com,9931808479,1978-06-28,TAX1280,BILL1280,REG31,2024-05-05,ERP,NAT2280,88 Worli Sea Face,Near City Center,Mumbai,Maharashtra,India,262547
ERP1489,Pooja,Dubey,pooja.dubey96@erp.com,9678381516,2000-02-03,TAX1489,BILL1489,REG40,2025-10-08,ERP,NAT2489,101 FC Rd,Near City Center,Hyderabad,Telangana,India,535804
ERP1658,Lakshmi,Rao,lakshmi.rao51@erp.com,9444758038,1984-08-24,TAX1658,BILL1658,REG9,2026-01-30,ERP,NAT2658,77 Linking Rd,,Bangalore,Karnataka,India,276718
ERP1445,Deepak,Verma,deepak.verma58@erp.com,9724188178,1985-03-18,TAX1445,BILL1445,REG46,2024-02-19,ERP,NAT2445,78 Connaught Pl,,Ahmedabad,Gujarat,India,790350
ERP1870,Sunita,Mehta,sunita.mehta52@erp.com,9940554971,1985-07-29,TAX1870,BILL1870,REG21,2025-07-08,ERP,NAT2870,67 Law Garden Rd,Next to Market,Surat,Gujarat,India,882458
ERP1088,Manish,Iyer,manish.iyer35@erp.com,9837029466,1972-08-26,TAX1088,BILL1088,REG39,2024-04-29,ERP,NAT2088,55 MI Rd,Above Central Bank,Pune,Maharashtra,India,239662
ERP1008,Ajay,Kaur,ajay.kaur51@erp.com,9443683774,1972-01-09,TAX1008,BILL1008,REG9,2024-10-06,ERP,NAT2008,45 Marine Dr,Opposite Mall,Hyderabad,Telangana,India,250912
ERP1256,Sunil,Pandey,sunil.pandey10@erp.com,9872638583,1991-01-29,TAX1256,BILL1256,REG7,2025-06-05,ERP,NAT2256,77 Linking Rd,,Mumbai,Maharashtra,India,457690
ERP1664,Meera,Dubey,meera.dubey12@erp.com,9071609225,1981-07-30,TAX1664,BILL1664,REG15,2024-06-15,ERP,NAT2664,56 Chandni Chowk,Opposite Mall,Mumbai,Maharashtra,India,221644
ERP1240,Ramesh,Reddy,ramesh.reddy41@erp.com,9276631501,1987-08-10,TAX1240,BILL1240,REG41,2025-03-27,ERP,NAT2240,88 Worli Sea Face,Above Central Bank,Kolkata,West Bengal,India,343052
ERP1243,Karan,Gupta,karan.gupta49@erp.com,9534520326,1973-01-13,TAX1243,BILL1243,REG44,2025-06-20,ERP,NAT2243,101 FC Rd,Near Metro Station,Surat,Gujarat,India,214515
ERP1784,Rohit,Patil,rohit.patil69@erp.com,9344358419,1990-07-23,TAX1784,BILL1784,REG35,2024-11-27,ERP,NAT2784,78 Connaught Pl,Opposite Mall,Surat,Gujarat,India,508360
ERP1224,Neha,Kumar,neha.kumar82@erp.com,9493571841,1971-05-18,TAX1224,BILL1224,REG25,2025-03-01,ERP,NAT2224,77 Linking Rd,,Delhi,Delhi,India,689216
ERP1881,Meera,Guptha,meera.guptha32@erp.com,9061938897,1981-10-15,TAX1881,BILL1881,REG32,2025-04-26,ERP,NAT2881,12 Residency Rd,Near Metro Station,Kolkata,West Bengal,India,612306
ERP1454,Arvind,Reddy,arvind.reddy67@erp.com,9845460433,1989-06-29,TAX1454,BILL1454,REG5,2024-08-08,ERP,NAT2454,56 Chandni Chowk,Next to Market,Surat,Gujarat,India,882544
ERP1039,Sachin,Malhotra,sachin.malhotra63@erp.com,9682474515,1984-05-13,TAX1039,BILL1039,REG40,2025-02-12,ERP,NAT2039,90 Karol Bagh Market,Above Central Bank,Hyderabad,Telangana,India,822739
ERP1350,Prakash,Srivastava,prakash.srivastava55@erp.com,9670980759,1998-09-02,TAX1350,BILL1350,REG1,2024-10-11,ERP,NAT2350,101 FC Rd,,Ahmedabad,Gujarat,India,596816
ERP1323,Sunita,Mishra,sunita.mishra13@erp.com,9308681686,1994-12-20,TAX1323,BILL1323,REG24,2025-02-25,ERP,NAT2323,34 JM Road,Near Metro Station,Jaipur,Rajasthan,India,969781
ERP1548,Deepak,Malhotra,deepak.malhotra65@erp.com,9720756025,1992-06-19,TAX1548,BILL1548,REG49,2024-11-07,ERP,NAT2548,12 Residency Rd,Next to Market,Bangalore,Karnataka,India,445328
ERP1376,Vikas,Patil,vikas.patil14@erp.com,9471457010,1989-04-15,TAX1376,BILL1376,REG27,2024-08-06,ERP,NAT2376,56 Chandni Chowk,Opposite Mall,Hyderabad,Telangana,India,109720
ERP1332,Sunil,Nair,sunil.nair94@erp.com,9062331753,1983-02-09,TAX1332,BILL1332,REG33,2026-03-25,ERP,NAT2332,12 MG Rd,Opposite Mall,Chennai,Tamil Nadu,India,208566
ERP1566,Neha,Rao,neha.rao37@erp.com,9091962917,1986-08-04,TAX1566,BILL1566,REG17,2024-03-01,ERP,NAT2566,88 Worli Sea Face,Next to Market,Bangalore,Karnataka,India,870852
ERP1255,Lakshmi,Rao,lakshmi.rao40@erp.com,9600479856,1973-08-01,TAX1255,BILL1255,REG6,2025-07-18,ERP,NAT2255,44 Ashram Rd,,Ahmedabad,Gujarat,India,333268
ERP1174,Manish,Shah,manish.shah14@erp.com,9444105425,1974-05-21,TAX1174,BILL1174,REG25,2024-08-14,ERP,NAT2174,34 JM Road,Opposite Mall,Pune,Maharashtra,India,113187
ERP1721,Arvind,Bajaj,arvind.bajaj70@erp.com,9323836353,1982-02-09,TAX1721,BILL1721,REG22,2026-01-01,ERP,NAT2721,90 Karol Bagh Market,Near City Center,Hyderabad,Telangana,India,686271
ERP1483,Ramesh,Malhotra,ramesh.malhotra86@erp.com,9253977708,1974-10-25,TAX1483,BILL1483,REG34,2026-02-28,ERP,NAT2483,90 Karol Bagh Market,Next to Market,Chennai,Tamil Nadu,India,284606
ERP1075,Arjun,Gupta,arjun.gupta62@erp.com,9934157190,1990-12-08,TAX1075,BILL1075,REG26,2026-02-15,ERP,NAT2075,88 Worli Sea Face,,Mumbai,Maharashtra,India,235199
ERP1807,Manish,Mishra,manish.mishra33@erp.com,9165552744,1979-09-23,TAX1807,BILL1807,REG8,2025-08-10,ERP,NAT2807,55 MI Rd,Near Old Town,Surat,Gujarat,India,298060
ERP1692,Sanjay,Verma,sanjay.verma95@erp.com,9665884723,1986-01-30,TAX1692,BILL1692,REG43,2024-06-22,ERP,NAT2692,90 Karol Bagh Market,,Bangalore,Karnataka,India,443461
ERP1109,Suresh,Gupta,suresh.gupta18@erp.com,9780768358,1978-07-27,TAX1109,BILL1109,REG10,2024-03-24,ERP,NAT2109,77 Linking Rd,,Bangalore,Karnataka,India,101727
ERP1242,Vikas,Mishra,vikas.mishra71@erp.com,9648950804,1982-05-24,TAX1242,BILL1242,REG43,2024-04-17,ERP,NAT2242,101 FC Rd,,Bangalore,Karnataka,India,702278
ERP1421,Amit,Joshi,amit.joshi51@erp.com,9290629728,1985-10-11,TAX1421,BILL1421,REG22,2024-02-10,ERP,NAT2421,23 Brigade Rd,Next to Market,Mumbai,Maharashtra,India,251171
ERP1110,Shalini,Singh,shalini.singh24@erp.com,9977496413,1991-07-24,TAX1110,BILL1110,REG11,2024-06-18,ERP,NAT2110,23 Brigade Rd,Near Old Town,Bangalore,Karnataka,India,751148
ERP1646,Seema,Patil,seema.patil1@erp.com,9303603708,1978-08-28,TAX1646,BILL1646,REG47,2024-08-02,ERP,NAT2646,101 FC Rd,,Kolkata,West Bengal,India,945346
ERP1562,Ajay,Sharma,ajay.sharma38@erp.com,9041982465,1978-01-09,TAX1562,BILL1562,REG13,2024-12-02,ERP,NAT2562,56 Chandni Chowk,Near Old Town,Bangalore,Karnataka,India,942080
ERP1218,Ajay,Tiwari,ajay.tiwari72@erp.com,9918963848,1981-10-27,TAX1218,BILL1218,REG19,2025-08-17,ERP,NAT2218,88 Worli Sea Face,Opposite Mall,Jaipur,Rajasthan,India,298927
ERP1014,Seema,Yadav,seema.yadav26@erp.com,9647957405,1972-06-10,TAX1014,BILL1014,REG15,2025-07-12,ERP,NAT2014,12 MG Rd,Near City Center,Ahmedabad,Gujarat,India,322736
ERP1443,Neha,Mehta,neha.mehta42@erp.com,9227357601,1996-07-13,TAX1443,BILL1443,REG44,2024-08-19,ERP,NAT2443,90 Karol Bagh Market,Near Metro Station,Delhi,Delhi,India,240438
ERP1137,Shreya,Pandey,shreya.pandey86@erp.com,9555132028,1985-03-24,TAX1137,BILL1137,REG38,2024-10-02,ERP,NAT2137,12 Residency Rd,Next to Market,Pune,Maharashtra,India,100966
ERP1800,Pooja,Iyer,pooja.iyer95@erp.com,9622251893,1970-10-29,TAX1800,BILL1800,REG1,2024-05-24,ERP,NAT2800,101 FC Rd,Near Old Town,Jaipur,Rajasthan,India,603657
ERP1647,Jane,Malhotra,jane.malhotra75@erp.com,9451534634,1981-11-14,TAX1647,BILL1647,REG48,2024-01-19,ERP,NAT2647,45 Marine Dr,,Chennai,Tamil Nadu,India,187447
ERP1660,Arjun,Tiwari,arjun.tiwari48@erp.com,9505537709,1973-11-01,TAX1660,BILL1660,REG11,2025-05-25,ERP,NAT2660,44 Ashram Rd,Near Metro Station,Bangalore,Karnataka,India,258501
ERP1449,Neha,Kapoor,neha.kapoor89@erp.com,9672005977,1996-05-15,TAX1449,BILL1449,REG50,2026-03-01,ERP,NAT2449,23 Brigade Rd,Near Metro Station,Ahmedabad,Gujarat,India,486406
ERP1949,Seema,Yadav,seema.yadav10@erp.com,9305740574,1997-02-18,TAX1949,BILL1949,REG50,2026-03-12,ERP,NAT2949,12 Residency Rd,Near City Center,Chennai,Tamil Nadu,India,998782
ERP1841,Ravi,Dubey,ravi.dubey14@erp.com,9793205393,1993-03-31,TAX1841,BILL1841,REG42,2024-06-12,ERP,NAT2841,12 MG Rd,Near Old Town,Jaipur,Rajasthan,India,623238
ERP1480,Rajiv,Agarwal,rajiv.agarwal98@erp.com,9100520067,1972-06-26,TAX1480,BILL1480,REG31,2025-11-08,ERP,NAT2480,12 MG Rd,Near Metro Station,Kolkata,West Bengal,India,647977
ERP1024,Shalini,Srivastava,shalini.srivastava54@erp.com,9427088953,1974-09-23,TAX1024,BILL1024,REG25,2024-02-17,ERP,NAT2024,44 Ashram Rd,,Chennai,Tamil Nadu,India,412750
ERP1560,Jane,Bajaj,jane.bajaj73@erp.com,9381958359,1990-02-19,TAX1560,BILL1560,REG11,2026-03-14,ERP,NAT2560,101 FC Rd,Above Central Bank,Ahmedabad,Gujarat,India,890001
ERP1911,Prakash,Iyer,prakash.iyer8@erp.com,9905309545,1994-11-20,TAX1911,BILL1911,REG12,2026-03-04,ERP,NAT2911,23 Brigade Rd,Near Metro Station,Kolkata,West Bengal,India,311023
ERP1744,Vinod,Singh,vinod.singh70@erp.com,9923094893,1981-10-19,TAX1744,BILL1744,REG45,2024-10-11,ERP,NAT2744,44 Ashram Rd,Next to Market,Chennai,Tamil Nadu,India,442508
ERP1485,Vinay,Tiwari,vinay.tiwari9@erp.com,9675971206,1997-02-22,TAX1485,BILL1485,REG36,2024-12-10,ERP,NAT2485,77 Linking Rd,Next to Market,Ahmedabad,Gujarat,India,328287
ERP1888,Meena,Iyer,meena.iyer21@erp.com,9271540755,1990-12-31,TAX1888,BILL1888,REG39,2024-03-23,ERP,NAT2888,45 Marine Dr,Near Old Town,Ahmedabad,Gujarat,India,558976
ERP1635,Meera,Srivastava,meera.srivastava80@erp.com,9562034747,1993-12-19,TAX1635,BILL1635,REG36,2025-06-26,ERP,NAT2635,90 Karol Bagh Market,Near Metro Station,Hyderabad,Telangana,India,166176
ERP1478,Ramesh,Mehta,ramesh.mehta97@erp.com,9211769392,1987-05-10,TAX1478,BILL1478,REG29,2025-08-09,ERP,NAT2478,44 Ashram Rd,Above Central Bank,Ahmedabad,Gujarat,India,251422
ERP1195,John,Agarwal,john.agarwal48@erp.com,9420469658,1997-10-29,TAX1195,BILL1195,REG46,2026-01-18,ERP,NAT2195,55 MI Rd,Near Metro Station,Hyderabad,Telangana,India,903577
ERP1448,Anita,Agarwal,anita.agarwal65@erp.com,9937571402,1983-05-11,TAX1448,BILL1448,REG49,2024-06-29,ERP,NAT2448,88 Worli Sea Face,Near Old Town,Kolkata,West Bengal,India,116582
ERP1473,Seema,Kapoor,seema.kapoor12@erp.com,9275694747,1970-01-17,TAX1473,BILL1473,REG24,2025-04-26,ERP,NAT2473,12 MG Rd,,Surat,Gujarat,India,760129
ERP1391,Rahul,Singh,rahul.singh72@erp.com,9813045901,1999-04-26,TAX1391,BILL1391,REG42,2025-07-27,ERP,NAT2391,77 Linking Rd,Opposite Mall,Hyderabad,Telangana,India,474234
ERP1701,John,Menon,john.menon67@erp.com,9914089952,1985-06-07,TAX1701,BILL1701,REG2,2026-02-13,ERP,NAT2701,77 Linking Rd,,Pune,Maharashtra,India,545244
ERP1486,Anjali,Shah,anjali.shah26@erp.com,9418832725,1976-07-05,TAX1486,BILL1486,REG37,2025-12-29,ERP,NAT2486,45 Marine Dr,Near Old Town,Chennai,Tamil Nadu,India,156431
ERP1569,Priya,Kaur,priya.kaur3@erp.com,9756588608,1982-05-11,TAX1569,BILL1569,REG20,2025-03-27,ERP,NAT2569,34 JM Road,Above Central Bank,Jaipur,Rajasthan,India,473601
ERP1089,Priya,Sharma,priya.sharma89@erp.com,9210716651,1981-06-16,TAX1089,BILL1089,REG40,2025-12-06,ERP,NAT2089,44 Ashram Rd,Near Metro Station,Chennai,Tamil Nadu,India,535790
ERP1544,Suresh,Sharma,suresh.sharma50@erp.com,9255122979,1970-09-15,TAX1544,BILL1544,REG45,2024-12-06,ERP,NAT2544,90 Karol Bagh Market,Opposite Mall,Jaipur,Rajasthan,India,803291
ERP1838,Shalini,Bajaj,shalini.bajaj43@erp.com,9403752679,1976-09-18,TAX1838,BILL1838,REG39,2024-11-20,ERP,NAT2838,12 MG Rd,Opposite Mall,Kolkata,West Bengal,India,108629
ERP1856,Rajiv,Srivastava,rajiv.srivastava61@erp.com,9594420243,1981-03-26,TAX1856,BILL1856,REG7,2024-07-02,ERP,NAT2856,23 Brigade Rd,Opposite Mall,Hyderabad,Telangana,India,485585
ERP1860,Seema,Yadav,seema.yadav15@erp.com,9389102920,1977-02-08,TAX1860,BILL1860,REG11,2025-04-08,ERP,NAT2860,78 Connaught Pl,Above Central Bank,Delhi,Delhi,India,481203
ERP1941,Sachin,Kaur,sachin.kaur21@erp.com,9470613542,1980-06-20,TAX1941,BILL1941,REG42,2025-07-24,ERP,NAT2941,77 Linking Rd,Above Central Bank,Kolkata,West Bengal,India,663658
ERP1309,Deepak,Singh,deepak.singh79@erp.com,9553846532,1986-10-25,TAX1309,BILL1309,REG10,2024-01-25,ERP,NAT2309,78 Connaught Pl,Near Metro Station,Delhi,Delhi,India,793342
ERP1188,Shreya,Sharma,shreya.sharma64@erp.com,9673208715,1972-04-14,TAX1188,BILL1188,REG39,2024-09-23,ERP,NAT2188,56 Chandni Chowk,Near Metro Station,Delhi,Delhi,India,507561
ERP1863,John,Tiwari,john.tiwari35@erp.com,9867726693,1982-11-09,TAX1863,BILL1863,REG14,2025-12-05,ERP,NAT2863,12 MG Rd,Above Central Bank,Surat,Gujarat,India,910814
ERP1909,Prakash,Mishra,prakash.mishra50@erp.com,9045982327,1977-03-09,TAX1909,BILL1909,REG10,2025-04-20,ERP,NAT2909,44 Ashram Rd,Next to Market,Delhi,Delhi,India,869331
ERP1013,Arjun,Tiwari,arjun.tiwari18@erp.com,9598065524,1981-09-04,TAX1013,BILL1013,REG14,2024-01-27,ERP,NAT2013,12 MG Rd,Near Old Town,Chennai,Tamil Nadu,India,553527
ERP1811,Sanjay,Agarwal,sanjay.agarwal88@erp.com,9851359132,1973-07-23,TAX1811,BILL1811,REG12,2025-04-09,ERP,NAT2811,90 Karol Bagh Market,Near Metro Station,Delhi,Delhi,India,953563
ERP1631,Vinay,Kapoor,vinay.kapoor61@erp.com,9210415538,1972-06-02,TAX1631,BILL1631,REG32,2025-06-22,ERP,NAT2631,34 JM Road,Next to Market,Pune,Maharashtra,India,186777
ERP1071,Arjun,Chopra,arjun.chopra32@erp.com,9582406935,1999-07-02,TAX1071,BILL1071,REG22,2025-06-17,ERP,NAT2071,45 Marine Dr,Near City Center,Mumbai,Maharashtra,India,165473
ERP1293,Amit,Iyer,amit.iyer3@erp.com,9914753014,1994-11-09,TAX1293,BILL1293,REG44,2024-10-27,ERP,NAT2293,77 Linking Rd,,Pune,Maharashtra,India,208137
ERP1814,Divya,Kaur,divya.kaur19@erp.com,9423671676,1995-01-18,TAX1814,BILL1814,REG15,2026-01-05,ERP,NAT2814,12 MG Rd,Near Old Town,Hyderabad,Telangana,India,841763
ERP1206,Rajiv,Iyer,rajiv.iyer88@erp.com,9527567592,1997-05-31,TAX1206,BILL1206,REG7,2024-02-20,ERP,NAT2206,56 Chandni Chowk,Near Metro Station,Pune,Maharashtra,India,800284
ERP1889,Sneha,Reddy,sneha.reddy87@erp.com,9816869799,1985-07-02,TAX1889,BILL1889,REG40,2024-01-14,ERP,NAT2889,56 Chandni Chowk,Opposite Mall,Hyderabad,Telangana,India,228015
ERP1304,Ravi,Iyer,ravi.iyer82@erp.com,9670293607,1974-10-02,TAX1304,BILL1304,REG5,2026-01-06,ERP,NAT2304,77 Linking Rd,Near Old Town,Kolkata,West Bengal,India,240611
ERP1576,Harish,Sharma,harish.sharma98@erp.com,9829779283,1983-04-25,TAX1576,BILL1576,REG27,2025-10-20,ERP,NAT2576,34 JM Road,Near Metro Station,Mumbai,Maharashtra,India,373295
ERP1927,Arjun,Kaur,arjun.kaur68@erp.com,9535474983,1994-12-06,TAX1927,BILL1927,REG28,2024-01-09,ERP,NAT2927,67 Law Garden Rd,Above Central Bank,Bangalore,Karnataka,India,321928
ERP1763,Jane,Joshi,jane.joshi13@erp.com,9443771939,1992-11-15,TAX1763,BILL1763,REG14,2024-09-17,ERP,NAT2763,55 MI Rd,Opposite Mall,Chennai,Tamil Nadu,India,498169
ERP1020,Vikas,Agarwal,vikas.agarwal49@erp.com,9408368454,1995-05-16,TAX1020,BILL1020,REG21,2026-02-07,ERP,NAT2020,67 Law Garden Rd,Near Metro Station,Delhi,Delhi,India,320950
ERP1736,Ramesh,Agarwal,ramesh.agarwal81@erp.com,9700219773,1979-06-23,TAX1736,BILL1736,REG37,2024-01-29,ERP,NAT2736,77 Linking Rd,,Surat,Gujarat,India,950133
ERP1288,Divya,Tiwari,divya.tiwari84@erp.com,9149552608,1974-02-22,TAX1288,BILL1288,REG39,2024-07-18,ERP,NAT2288,78 Connaught Pl,Near Old Town,Chennai,Tamil Nadu,India,875049
ERP1247,Neha,Kumar,neha.kumar41@erp.com,9606360296,1990-02-12,TAX1247,BILL1247,REG48,2025-09-28,ERP,NAT2247,90 Karol Bagh Market,Above Central Bank,Delhi,Delhi,India,960288
ERP1427,Jane,Verma,jane.verma19@erp.com,9725128891,1998-09-01,TAX1427,BILL1427,REG28,2025-04-30,ERP,NAT2427,23 Brigade Rd,Near City Center,Jaipur,Rajasthan,India,470011
ERP1801,Arjun,Kaur,arjun.kaur56@erp.com,9616562145,1977-11-16,TAX1801,BILL1801,REG2,2026-02-15,ERP,NAT2801,88 Worli Sea Face,Opposite Mall,Delhi,Delhi,India,753805
ERP1377,Sunita,Dubey,sunita.dubey23@erp.com,9747647140,1990-07-27,TAX1377,BILL1377,REG28,2024-06-10,ERP,NAT2377,90 Karol Bagh Market,Above Central Bank,Jaipur,Rajasthan,India,736998
ERP1685,Manish,Tiwari,manish.tiwari58@erp.com,9802828054,1986-11-09,TAX1685,BILL1685,REG36,2024-02-24,ERP,NAT2685,45 Marine Dr,Near City Center,Ahmedabad,Gujarat,India,939624
ERP1539,Seema,Mishra,seema.mishra93@erp.com,9265492461,1989-08-14,TAX1539,BILL1539,REG40,2025-01-29,ERP,NAT2539,77 Linking Rd,,Kolkata,West Bengal,India,696869
ERP1336,Anjali,Mehta,anjali.mehta78@erp.com,9831242687,1984-09-27,TAX1336,BILL1336,REG37,2025-05-09,ERP,NAT2336,12 MG Rd,Opposite Mall,Chennai,Tamil Nadu,India,238830
ERP1698,Shreya,Nair,shreya.nair26@erp.com,9095595141,1975-07-04,TAX1698,BILL1698,REG49,2024-06-02,ERP,NAT2698,34 JM Road,Near Old Town,Kolkata,West Bengal,India,223469
ERP1603,Lakshmi,Gupta,lakshmi.gupta48@erp.com,9431604622,1994-04-11,TAX1603,BILL1603,REG4,2025-05-30,ERP,NAT2603,34 JM Road,,Bangalore,Karnataka,India,635354
ERP1848,Arvind,Gupta,arvind.gupta30@erp.com,9470572656,2000-01-06,TAX1848,BILL1848,REG49,2025-06-08,ERP,NAT2848,34 JM Road,Next to Market,Mumbai,Maharashtra,India,908355
ERP1748,Prakash,Yadav,prakash.yadav77@erp.com,9790619890,1996-10-08,TAX1748,BILL1748,REG49,2025-11-26,ERP,NAT2748,101 FC Rd,,Ahmedabad,Gujarat,India,125204
ERP1355,Sanjay,Bajaj,sanjay.bajaj19@erp.com,9413428322,1984-09-12,TAX1355,BILL1355,REG6,2025-05-03,ERP,NAT2355,56 Chandni Chowk,Near Metro Station,Mumbai,Maharashtra,India,675895
ERP1913,Anita,Desai,anita.desai60@erp.com,9536855004,1972-04-05,TAX1913,BILL1913,REG14,2025-10-08,ERP,NAT2913,34 JM Road,Next to Market,Jaipur,Rajasthan,India,479518
ERP1320,Divya,Joshi,divya.joshi7@erp.com,9814629266,2000-06-19,TAX1320,BILL1320,REG21,2024-08-25,ERP,NAT2320,12 MG Rd,Above Central Bank,Jaipur,Rajasthan,India,512074
ERP1914,Sachin,Reddy,sachin.reddy18@erp.com,9112004824,1970-02-22,TAX1914,BILL1914,REG15,2025-07-30,ERP,NAT2914,23 Brigade Rd,Above Central Bank,Chennai,Tamil Nadu,India,755706
ERP1571,Seema,Mehta,seema.mehta81@erp.com,9512773667,1971-01-14,TAX1571,BILL1571,REG22,2025-02-19,ERP,NAT2571,67 Law Garden Rd,Near City Center,Delhi,Delhi,India,753231
ERP1649,Rekha,Menon,rekha.menon22@erp.com,9186991550,1987-03-11,TAX1649,BILL1649,REG50,2024-02-25,ERP,NAT2649,34 JM Road,Near City Center,Chennai,Tamil Nadu,India,317125
ERP1545,Priya,Guptha,priya.guptha55@erp.com,9536736897,1975-06-07,TAX1545,BILL1545,REG46,2024-03-10,ERP,NAT2545,12 MG Rd,Next to Market,Ahmedabad,Gujarat,India,435007
ERP1341,Vinod,Sharma,vinod.sharma95@erp.com,9749672408,1987-10-25,TAX1341,BILL1341,REG42,2024-02-12,ERP,NAT2341,23 Brigade Rd,Above Central Bank,Delhi,Delhi,India,663398
ERP1363,Rajiv,Shah,rajiv.shah5@erp.com,9842182801,1989-12-10,TAX1363,BILL1363,REG14,2025-01-13,ERP,NAT2363,77 Linking Rd,,Jaipur,Rajasthan,India,256234
ERP1387,Rajiv,Gupta,rajiv.gupta95@erp.com,9681745402,1978-01-07,TAX1387,BILL1387,REG38,2024-10-11,ERP,NAT2387,78 Connaught Pl,Above Central Bank,Pune,Maharashtra,India,783597
ERP1874,Sneha,Yadav,sneha.yadav27@erp.com,9882998956,1999-02-18,TAX1874,BILL1874,REG25,2025-07-26,ERP,NAT2874,12 MG Rd,,Hyderabad,Telangana,India,956921
ERP1691,Anjali,Kumar,anjali.kumar67@erp.com,9351622432,1997-11-15,TAX1691,BILL1691,REG42,2025-02-11,ERP,NAT2691,23 Brigade Rd,Near City Center,Mumbai,Maharashtra,India,830366
ERP1886,Suresh,Reddy,suresh.reddy1@erp.com,9477184005,1977-05-07,TAX1886,BILL1886,REG37,2024-12-18,ERP,NAT2886,44 Ashram Rd,Near Metro Station,Ahmedabad,Gujarat,India,292711
ERP1513,Sanjay,Kapoor,sanjay.kapoor96@erp.com,9616408899,1988-04-27,TAX1513,BILL1513,REG14,2024-08-22,ERP,NAT2513,101 FC Rd,Next to Market,Jaipur,Rajasthan,India,705193
ERP1450,Divya,Yadav,divya.yadav40@erp.com,9480041994,1991-04-20,TAX1450,BILL1450,REG1,2024-02-27,ERP,NAT2450,77 Linking Rd,Near City Center,Surat,Gujarat,India,835641
ERP1164,Anita,Desai,anita.desai34@erp.com,9569858151,1995-02-03,TAX1164,BILL1164,REG15,2025-09-09,ERP,NAT2164,45 Marine Dr,Near City Center,Kolkata,West Bengal,India,802437
ERP1707,Ravi,Shah,ravi.shah73@erp.com,9145966170,1999-09-30,TAX1707,BILL1707,REG8,2026-03-23,ERP,NAT2707,44 Ashram Rd,Near Metro Station,Ahmedabad,Gujarat,India,772133
ERP1492,Jane,Joshi,jane.joshi76@erp.com,9627892458,1971-08-29,TAX1492,BILL1492,REG43,2025-04-30,ERP,NAT2492,45 Marine Dr,Near Metro Station,Kolkata,West Bengal,India,827077
ERP1846,Alok,Guptha,alok.guptha80@erp.com,9992524648,1981-09-09,TAX1846,BILL1846,REG47,2026-02-23,ERP,NAT2846,78 Connaught Pl,Above Central Bank,Delhi,Delhi,India,524048
ERP1313,Suresh,Joshi,suresh.joshi23@erp.com,9168163162,1970-04-05,TAX1313,BILL1313,REG14,2026-03-12,ERP,NAT2313,78 Connaught Pl,Near City Center,Surat,Gujarat,India,804091
ERP1349,Sachin,Bajaj,sachin.bajaj67@erp.com,9929042033,1970-11-27,TAX1349,BILL1349,REG50,2024-10-27,ERP,NAT2349,88 Worli Sea Face,,Bangalore,Karnataka,India,840044
ERP1041,Priya,Kapoor,priya.kapoor44@erp.com,9905051850,1979-07-15,TAX1041,BILL1041,REG42,2026-02-14,ERP,NAT2041,78 Connaught Pl,Opposite Mall,Chennai,Tamil Nadu,India,991222
ERP1231,Meera,Agarwal,meera.agarwal25@erp.com,9632383729,1988-04-21,TAX1231,BILL1231,REG32,2025-05-15,ERP,NAT2231,12 MG Rd,,Jaipur,Rajasthan,India,433076
ERP1123,Ravi,Yadav,ravi.yadav95@erp.com,9027290906,1975-12-26,TAX1123,BILL1123,REG24,2025-06-27,ERP,NAT2123,44 Ashram Rd,Near Old Town,Chennai,Tamil Nadu,India,678330
ERP1885,Rajiv,Chopra,rajiv.chopra24@erp.com,9520458691,1983-10-17,TAX1885,BILL1885,REG36,2024-01-25,ERP,NAT2885,77 Linking Rd,Near Metro Station,Jaipur,Rajasthan,India,635320
ERP1645,Sanjay,Yadav,sanjay.yadav13@erp.com,9676617652,1973-06-28,TAX1645,BILL1645,REG46,2026-03-23,ERP,NAT2645,101 FC Rd,Near Old Town,Delhi,Delhi,India,480181
ERP1531,Jane,Joshi,jane.joshi42@erp.com,9783141085,1995-06-13,TAX1531,BILL1531,REG32,2024-03-09,ERP,NAT2531,90 Karol Bagh Market,Near Metro Station,Bangalore,Karnataka,India,390716
ERP1641,Vikas,Desai,vikas.desai97@erp.com,9460102071,1979-09-21,TAX1641,BILL1641,REG42,2025-02-13,ERP,NAT2641,77 Linking Rd,Near City Center,Jaipur,Rajasthan,India,976438
ERP1094,Suresh,Singh,suresh.singh81@erp.com,9595082244,1993-11-03,TAX1094,BILL1094,REG45,2026-01-05,ERP,NAT2094,55 MI Rd,Near Metro Station,Mumbai,Maharashtra,India,997888
ERP1699,Deepak,Bajaj,deepak.bajaj43@erp.com,9647118161,1976-04-05,TAX1699,BILL1699,REG50,2025-07-21,ERP,NAT2699,78 Connaught Pl,Near Old Town,Surat,Gujarat,India,966122
ERP1321,John,Verma,john.verma77@erp.com,9627099582,1996-07-20,TAX1321,BILL1321,REG22,2024-09-29,ERP,NAT2321,78 Connaught Pl,Near Old Town,Pune,Maharashtra,India,866867
ERP1142,Manish,Guptha,manish.guptha3@erp.com,9291112420,1972-09-02,TAX1142,BILL1142,REG43,2025-06-07,ERP,NAT2142,44 Ashram Rd,Near Metro Station,Delhi,Delhi,India,123511
ERP1301,Sachin,Mishra,sachin.mishra66@erp.com,9335220844,1993-08-23,TAX1301,BILL1301,REG2,2025-03-13,ERP,NAT2301,45 Marine Dr,,Bangalore,Karnataka,India,501237
ERP1789,Kavita,Agarwal,kavita.agarwal74@erp.com,9351097152,2000-02-27,TAX1789,BILL1789,REG40,2025-06-03,ERP,NAT2789,23 Brigade Rd,Next to Market,Chennai,Tamil Nadu,India,163115
ERP1298,Sunita,Kaur,sunita.kaur56@erp.com,9192117861,1976-06-12,TAX1298,BILL1298,REG49,2025-06-20,ERP,NAT2298,55 MI Rd,Opposite Mall,Chennai,Tamil Nadu,India,977748
ERP1781,Alok,Yadav,alok.yadav62@erp.com,9516811674,1974-12-24,TAX1781,BILL1781,REG32,2024-10-05,ERP,NAT2781,12 Residency Rd,Opposite Mall,Hyderabad,Telangana,India,944060
ERP1753,Rohit,Kapoor,rohit.kapoor68@erp.com,9850333540,1979-06-20,TAX1753,BILL1753,REG4,2024-10-29,ERP,NAT2753,56 Chandni Chowk,Near City Center,Chennai,Tamil Nadu,India,949062
ERP1876,Rajiv,Banerjee,rajiv.banerjee42@erp.com,9579726973,1983-02-20,TAX1876,BILL1876,REG27,2025-06-11,ERP,NAT2876,55 MI Rd,Near Metro Station,Chennai,Tamil Nadu,India,993019
ERP1597,Meera,Guptha,meera.guptha40@erp.com,9965244833,1977-10-15,TAX1597,BILL1597,REG48,2025-05-01,ERP,NAT2597,34 JM Road,Next to Market,Delhi,Delhi,India,102548
ERP1419,Meena,Singh,meena.singh51@erp.com,9380558627,1992-01-10,TAX1419,BILL1419,REG20,2025-06-08,ERP,NAT2419,34 JM Road,,Chennai,Tamil Nadu,India,321335
ERP1697,Rahul,Desai,rahul.desai66@erp.com,9693723988,1997-06-05,TAX1697,BILL1697,REG48,2024-01-27,ERP,NAT2697,23 Brigade Rd,Near City Center,Hyderabad,Telangana,India,871444
ERP1564,Meera,Yadav,meera.yadav68@erp.com,9480557529,1976-10-14,TAX1564,BILL1564,REG15,2024-08-04,ERP,NAT2564,44 Ashram Rd,Next to Market,Ahmedabad,Gujarat,India,628325
ERP1541,Shreya,Malhotra,shreya.malhotra36@erp.com,9390627096,1999-09-08,TAX1541,BILL1541,REG42,2024-02-17,ERP,NAT2541,12 MG Rd,Above Central Bank,Jaipur,Rajasthan,India,247320
ERP1939,Rekha,Tiwari,rekha.tiwari8@erp.com,9497382914,1977-04-08,TAX1939,BILL1939,REG40,2024-05-18,ERP,NAT2939,56 Chandni Chowk,Next to Market,Surat,Gujarat,India,595115
ERP1714,Vikas,Verma,vikas.verma37@erp.com,9763930774,1974-08-25,TAX1714,BILL1714,REG15,2024-06-23,ERP,NAT2714,101 FC Rd,Near Metro Station,Kolkata,West Bengal,India,962743
ERP1009,Manish,Joshi,manish.joshi8@erp.com,9198519273,1997-10-04,TAX1009,BILL1009,REG10,2025-04-28,ERP,NAT2009,12 Residency Rd,Near City Center,Pune,Maharashtra,India,181242
ERP1496,Sunita,Menon,sunita.menon9@erp.com,9268128094,1989-06-29,TAX1496,BILL1496,REG47,2026-02-15,ERP,NAT2496,23 Brigade Rd,Near Old Town,Delhi,Delhi,India,661768
ERP1472,Ravi,Chopra,ravi.chopra42@erp.com,9051634283,1979-04-12,TAX1472,BILL1472,REG23,2025-11-12,ERP,NAT2472,45 Marine Dr,,Hyderabad,Telangana,India,414107
ERP1250,Suresh,Pandey,suresh.pandey74@erp.com,9343791972,1973-03-09,TAX1250,BILL1250,REG1,2024-07-25,ERP,NAT2250,88 Worli Sea Face,Near Old Town,Kolkata,West Bengal,India,424788
ERP1730,Arvind,Sharma,arvind.sharma99@erp.com,9316525195,1974-07-02,TAX1730,BILL1730,REG31,2024-11-24,ERP,NAT2730,67 Law Garden Rd,Near Old Town,Chennai,Tamil Nadu,India,346266
ERP1426,Meera,Dubey,meera.dubey26@erp.com,9619128907,1981-01-03,TAX1426,BILL1426,REG27,2024-11-15,ERP,NAT2426,12 Residency Rd,Near City Center,Kolkata,West Bengal,India,329897
ERP1034,Divya,Singh,divya.singh24@erp.com,9033371244,1970-04-07,TAX1034,BILL1034,REG35,2025-10-04,ERP,NAT2034,78 Connaught Pl,Near Metro Station,Ahmedabad,Gujarat,India,708111
ERP1226,Ajay,Menon,ajay.menon4@erp.com,9968924520,1980-01-10,TAX1226,BILL1226,REG27,2025-10-11,ERP,NAT2226,56 Chandni Chowk,Near Metro Station,Delhi,Delhi,India,677325
ERP1639,Neha,Agarwal,neha.agarwal38@erp.com,9252033465,1998-10-01,TAX1639,BILL1639,REG40,2024-03-28,ERP,NAT2639,23 Brigade Rd,Near City Center,Ahmedabad,Gujarat,India,521337
ERP1447,Vinay,Kaur,vinay.kaur25@erp.com,9570419773,1980-05-01,TAX1447,BILL1447,REG48,2025-08-19,ERP,NAT2447,67 Law Garden Rd,Next to Market,Chennai,Tamil Nadu,India,846066
ERP1917,Amit,Dubey,amit.dubey88@erp.com,9975035843,1993-06-27,TAX1917,BILL1917,REG18,2024-03-05,ERP,NAT2917,78 Connaught Pl,Next to Market,Kolkata,West Bengal,India,716555
ERP1765,Shalini,Malhotra,shalini.malhotra11@erp.com,9713261852,1994-04-29,TAX1765,BILL1765,REG16,2024-08-21,ERP,NAT2765,78 Connaught Pl,Near City Center,Jaipur,Rajasthan,India,910176
ERP1644,Prakash,Guptha,prakash.guptha5@erp.com,9662576554,1996-01-25,TAX1644,BILL1644,REG45,2024-02-25,ERP,NAT2644,56 Chandni Chowk,Near Metro Station,Hyderabad,Telangana,India,221183
ERP1817,Shalini,Agarwal,shalini.agarwal50@erp.com,9987116110,1997-08-28,TAX1817,BILL1817,REG18,2024-03-26,ERP,NAT2817,12 Residency Rd,Opposite Mall,Kolkata,West Bengal,India,118886
ERP1779,Meera,Tiwari,meera.tiwari4@erp.com,9674686445,1986-10-24,TAX1779,BILL1779,REG30,2025-10-30,ERP,NAT2779,77 Linking Rd,Above Central Bank,Mumbai,Maharashtra,India,924426
ERP1005,Vikas,Pandey,vikas.pandey95@erp.com,9292108622,1993-02-20,TAX1005,BILL1005,REG6,2024-09-19,ERP,NAT2005,34 JM Road,Near Metro Station,Chennai,Tamil Nadu,India,192563
ERP1345,Deepak,Shah,deepak.shah98@erp.com,9631858053,1997-08-18,TAX1345,BILL1345,REG46,2024-02-10,ERP,NAT2345,90 Karol Bagh Market,Next to Market,Jaipur,Rajasthan,India,581108
ERP1751,Alok,Banerjee,alok.banerjee40@erp.com,9557430064,1981-07-18,TAX1751,BILL1751,REG2,2024-01-06,ERP,NAT2751,12 Residency Rd,,Ahmedabad,Gujarat,India,142153
ERP1754,Sanjay,Sharma,sanjay.sharma47@erp.com,9436248553,1970-11-07,TAX1754,BILL1754,REG5,2024-10-15,ERP,NAT2754,23 Brigade Rd,Near City Center,Delhi,Delhi,India,734400
ERP1776,Priya,Tiwari,priya.tiwari77@erp.com,9203717357,1986-05-13,TAX1776,BILL1776,REG27,2024-06-16,ERP,NAT2776,77 Linking Rd,Near Old Town,Mumbai,Maharashtra,India,365413
ERP1759,Vinod,Menon,vinod.menon31@erp.com,9116876235,1985-03-04,TAX1759,BILL1759,REG10,2024-01-23,ERP,NAT2759,12 MG Rd,Near Old Town,Jaipur,Rajasthan,India,978896
ERP1179,Arvind,Sharma,arvind.sharma96@erp.com,9502614283,1974-12-05,TAX1179,BILL1179,REG30,2025-12-10,ERP,NAT2179,44 Ashram Rd,Opposite Mall,Ahmedabad,Gujarat,India,976453
ERP1615,Rajiv,Gupta,rajiv.gupta39@erp.com,9044271234,1979-04-21,TAX1615,BILL1615,REG16,2025-07-21,ERP,NAT2615,34 JM Road,Near City Center,Pune,Maharashtra,India,332373
ERP1733,Arvind,Patil,arvind.patil90@erp.com,9100178903,1974-09-06,TAX1733,BILL1733,REG34,2025-08-27,ERP,NAT2733,44 Ashram Rd,Opposite Mall,Chennai,Tamil Nadu,India,879682
ERP1819,Neha,Rao,neha.rao63@erp.com,9236654518,1973-05-02,TAX1819,BILL1819,REG20,2025-11-12,ERP,NAT2819,23 Brigade Rd,,Ahmedabad,Gujarat,India,247561
ERP1555,Kavita,Rao,kavita.rao93@erp.com,9615795808,1977-08-27,TAX1555,BILL1555,REG6,2024-11-13,ERP,NAT2555,45 Marine Dr,Near Metro Station,Jaipur,Rajasthan,India,596116
ERP1259,Sanjay,Gupta,sanjay.gupta35@erp.com,9035966546,1986-01-14,TAX1259,BILL1259,REG10,2025-05-30,ERP,NAT2259,90 Karol Bagh Market,Near Old Town,Hyderabad,Telangana,India,294720
ERP1261,Lakshmi,Rao,lakshmi.rao83@erp.com,9182265188,1981-12-11,TAX1261,BILL1261,REG12,2026-02-16,ERP,NAT2261,90 Karol Bagh Market,Next to Market,Surat,Gujarat,India,794566
ERP1063,Suresh,Kapoor,suresh.kapoor57@erp.com,9260247776,1976-03-03,TAX1063,BILL1063,REG14,2025-07-15,ERP,NAT2063,78 Connaught Pl,Near City Center,Surat,Gujarat,India,127051
ERP1289,Jane,Shah,jane.shah54@erp.com,9185348324,1994-03-21,TAX1289,BILL1289,REG40,2025-02-21,ERP,NAT2289,23 Brigade Rd,Opposite Mall,Kolkata,West Bengal,India,504681
ERP1715,Ajay,Desai,ajay.desai22@erp.com,9973184633,1971-07-01,TAX1715,BILL1715,REG16,2025-07-25,ERP,NAT2715,12 MG Rd,Near Old Town,Pune,Maharashtra,India,361379
ERP1348,Shalini,Menon,shalini.menon61@erp.com,9220754819,1988-01-04,TAX1348,BILL1348,REG49,2025-07-08,ERP,NAT2348,67 Law Garden Rd,Above Central Bank,Ahmedabad,Gujarat,India,708758
ERP1407,Arjun,Chopra,arjun.chopra18@erp.com,9960184570,1988-01-10,TAX1407,BILL1407,REG8,2025-06-11,ERP,NAT2407,45 Marine Dr,Next to Market,Mumbai,Maharashtra,India,890706
ERP1265,Arjun,Malhotra,arjun.malhotra69@erp.com,9156998853,1984-06-30,TAX1265,BILL1265,REG16,2024-05-22,ERP,NAT2265,56 Chandni Chowk,Next to Market,Kolkata,West Bengal,India,786497
ERP1278,Sunita,Guptha,sunita.guptha28@erp.com,9679244048,1991-01-21,TAX1278,BILL1278,REG29,2024-01-26,ERP,NAT2278,101 FC Rd,Above Central Bank,Delhi,Delhi,India,683542
ERP1251,Anjali,Mishra,anjali.mishra73@erp.com,9657016245,1991-02-06,TAX1251,BILL1251,REG2,2025-07-17,ERP,NAT2251,101 FC Rd,Near City Center,Pune,Maharashtra,India,583535
ERP1726,Karan,Mehta,karan.mehta34@erp.com,9592458207,1974-07-15,TAX1726,BILL1726,REG27,2025-11-14,ERP,NAT2726,45 Marine Dr,Near Old Town,Pune,Maharashtra,India,636004
ERP1498,Arvind,Reddy,arvind.reddy23@erp.com,9752032335,1998-01-20,TAX1498,BILL1498,REG49,2025-10-23,ERP,NAT2498,44 Ashram Rd,,Jaipur,Rajasthan,India,857526
ERP1362,Shalini,Verma,shalini.verma91@erp.com,9989953457,1974-04-14,TAX1362,BILL1362,REG13,2024-10-04,ERP,NAT2362,56 Chandni Chowk,Opposite Mall,Kolkata,West Bengal,India,102376
ERP1682,Meera,Mishra,meera.mishra14@erp.com,9103217145,2000-12-30,TAX1682,BILL1682,REG33,2024-08-06,ERP,NAT2682,12 MG Rd,Above Central Bank,Jaipur,Rajasthan,India,209288
ERP1812,Arvind,Nair,arvind.nair46@erp.com,9050018133,1984-10-20,TAX1812,BILL1812,REG13,2024-12-26,ERP,NAT2812,101 FC Rd,Near Metro Station,Delhi,Delhi,India,545140
ERP1037,Suresh,Agarwal,suresh.agarwal24@erp.com,9262429241,1975-06-26,TAX1037,BILL1037,REG38,2025-07-16,ERP,NAT2037,90 Karol Bagh Market,Next to Market,Bangalore,Karnataka,India,607412
ERP1381,Divya,Joshi,divya.joshi35@erp.com,9951109890,1991-08-24,TAX1381,BILL1381,REG32,2024-05-09,ERP,NAT2381,44 Ashram Rd,Next to Market,Chennai,Tamil Nadu,India,156810
ERP1384,John,Shah,john.shah51@erp.com,9977412517,1972-11-25,TAX1384,BILL1384,REG35,2024-08-31,ERP,NAT2384,55 MI Rd,,Delhi,Delhi,India,835651
ERP1216,Ajay,Reddy,ajay.reddy18@erp.com,9754988992,1987-05-08,TAX1216,BILL1216,REG17,2024-04-21,ERP,NAT2216,67 Law Garden Rd,Near City Center,Delhi,Delhi,India,787354
ERP1632,Alok,Singh,alok.singh75@erp.com,9019209573,1978-10-01,TAX1632,BILL1632,REG33,2025-09-25,ERP,NAT2632,12 Residency Rd,Near City Center,Pune,Maharashtra,India,262585
ERP1900,Manish,Joshi,manish.joshi55@erp.com,9375749951,2000-05-31,TAX1900,BILL1900,REG1,2025-12-10,ERP,NAT2900,101 FC Rd,,Pune,Maharashtra,India,789739
ERP1397,Amit,Kaur,amit.kaur56@erp.com,9026795920,1971-07-28,TAX1397,BILL1397,REG48,2025-01-27,ERP,NAT2397,34 JM Road,Near Metro Station,Ahmedabad,Gujarat,India,450985
ERP1775,Manish,Yadav,manish.yadav56@erp.com,9456450768,1987-12-16,TAX1775,BILL1775,REG26,2026-02-10,ERP,NAT2775,12 Residency Rd,Above Central Bank,Hyderabad,Telangana,India,740276
ERP1025,Vinod,Guptha,vinod.guptha12@erp.com,9587171717,1972-02-29,TAX1025,BILL1025,REG26,2025-01-22,ERP,NAT2025,67 Law Garden Rd,Near City Center,Chennai,Tamil Nadu,India,515084
ERP1199,Ajay,Malhotra,ajay.malhotra44@erp.com,9900926051,1988-07-14,TAX1199,BILL1199,REG50,2024-03-23,ERP,NAT2199,45 Marine Dr,Near City Center,Pune,Maharashtra,India,639861
ERP1319,Suresh,Agarwal,suresh.agarwal77@erp.com,9426740659,1976-10-25,TAX1319,BILL1319,REG20,2026-03-18,ERP,NAT2319,101 FC Rd,Near City Center,Jaipur,Rajasthan,India,341543
ERP1628,Rohit,Srivastava,rohit.srivastava9@erp.com,9039911257,1995-04-26,TAX1628,BILL1628,REG29,2025-09-18,ERP,NAT2628,12 MG Rd,Above Central Bank,Kolkata,West Bengal,India,471005
ERP1017,Sneha,Kaur,sneha.kaur88@erp.com,9880018378,1970-03-21,TAX1017,BILL1017,REG18,2025-11-27,ERP,NAT2017,90 Karol Bagh Market,Above Central Bank,Chennai,Tamil Nadu,India,424321
ERP1150,Arvind,Shah,arvind.shah31@erp.com,9998364826,1988-08-21,TAX1150,BILL1150,REG1,2025-05-12,ERP,NAT2150,56 Chandni Chowk,Above Central Bank,Surat,Gujarat,India,533266
ERP1946,Prakash,Mishra,prakash.mishra91@erp.com,9327927725,1996-01-01,TAX1946,BILL1946,REG47,2024-06-13,ERP,NAT2946,77 Linking Rd,Near Metro Station,Mumbai,Maharashtra,India,604407
ERP1823,John,Gupta,john.gupta11@erp.com,9625389989,1979-05-26,TAX1823,BILL1823,REG24,2025-01-13,ERP,NAT2823,101 FC Rd,,Bangalore,Karnataka,India,793865
ERP1377,Sunita,Dubey,sunita.dubey23@erp.com,9747647140,1990-07-27,TAX1377,BILL1377,REG28,2024-06-10,ERP,NAT2377,90 Karol Bagh Market,Above Central Bank,Jaipur,Rajasthan,India,736998
ERP1305,Arjun,Verma,arjun.verma4@erp.com,9447120248,1987-06-12,TAX1305,BILL1305,REG6,2025-10-03,ERP,NAT2305,12 MG Rd,Near City Center,Mumbai,Maharashtra,India,670789
ERP1831,Rajiv,Menon,rajiv.menon10@erp.com,9224107194,1993-07-07,TAX1831,BILL1831,REG32,2025-01-25,ERP,NAT2831,44 Ashram Rd,Opposite Mall,Chennai,Tamil Nadu,India,987594
ERP1713,Ravi,Iyer,ravi.iyer98@erp.com,9726275523,1971-12-28,TAX1713,BILL1713,REG14,2024-07-01,ERP,NAT2713,67 Law Garden Rd,Opposite Mall,Ahmedabad,Gujarat,India,524679
ERP1835,Harish,Bajaj,harish.bajaj91@erp.com,9120801905,1995-09-01,TAX1835,BILL1835,REG36,2024-12-01,ERP,NAT2835,90 Karol Bagh Market,Near Old Town,Mumbai,Maharashtra,India,757601
ERP1312,Deepak,Tiwari,deepak.tiwari46@erp.com,9274306340,1972-12-17,TAX1312,BILL1312,REG13,2024-06-23,ERP,NAT2312,90 Karol Bagh Market,Near Old Town,Ahmedabad,Gujarat,India,679236
ERP1227,Sneha,Rao,sneha.rao21@erp.com,9012247696,1995-12-03,TAX1227,BILL1227,REG28,2025-09-24,ERP,NAT2227,77 Linking Rd,Next to Market,Mumbai,Maharashtra,India,993834
ERP1241,Arjun,Guptha,arjun.guptha37@erp.com,9262005456,1988-01-11,TAX1241,BILL1241,REG42,2026-02-10,ERP,NAT2241,90 Karol Bagh Market,Near Metro Station,Hyderabad,Telangana,India,960127
ERP1727,Anjali,Malhotra,anjali.malhotra23@erp.com,9606289121,1999-03-30,TAX1727,BILL1727,REG28,2026-02-02,ERP,NAT2727,101 FC Rd,Near City Center,Kolkata,West Bengal,India,437653
ERP1565,Neha,Singh,neha.singh61@erp.com,9675688162,1976-09-06,TAX1565,BILL1565,REG16,2024-02-17,ERP,NAT2565,23 Brigade Rd,,Ahmedabad,Gujarat,India,260344
ERP1669,Prakash,Nair,prakash.nair60@erp.com,9031060269,1987-05-11,TAX1669,BILL1669,REG20,2024-04-16,ERP,NAT2669,101 FC Rd,Above Central Bank,Mumbai,Maharashtra,India,138557
ERP1423,Anjali,Agarwal,anjali.agarwal35@erp.com,9959222492,1994-10-15,TAX1423,BILL1423,REG24,2025-05-15,ERP,NAT2423,77 Linking Rd,Opposite Mall,Delhi,Delhi,India,198592
ERP1062,Divya,Kaur,divya.kaur42@erp.com,9770824400,1970-05-08,TAX1062,BILL1062,REG13,2024-03-27,ERP,NAT2062,12 MG Rd,Near Metro Station,Ahmedabad,Gujarat,India,563330
ERP1616,Pooja,Iyer,pooja.iyer84@erp.com,9342414140,1999-10-27,TAX1616,BILL1616,REG17,2026-01-15,ERP,NAT2616,45 Marine Dr,Near City Center,Mumbai,Maharashtra,India,116487
ERP1549,Meera,Singh,meera.singh89@erp.com,9591224064,1970-02-06,TAX1549,BILL1549,REG50,2025-01-08,ERP,NAT2549,101 FC Rd,Above Central Bank,Pune,Maharashtra,India,510918
ERP1113,Vinay,Dubey,vinay.dubey80@erp.com,9424159697,1987-01-29,TAX1113,BILL1113,REG14,2025-09-24,ERP,NAT2113,90 Karol Bagh Market,Near Old Town,Hyderabad,Telangana,India,767576
ERP1296,Vikas,Kumar,vikas.kumar56@erp.com,9866525127,1980-09-29,TAX1296,BILL1296,REG47,2024-09-17,ERP,NAT2296,67 Law Garden Rd,Above Central Bank,Mumbai,Maharashtra,India,841725
ERP1630,Sunita,Chopra,sunita.chopra98@erp.com,9420190963,1994-12-29,TAX1630,BILL1630,REG31,2025-11-20,ERP,NAT2630,78 Connaught Pl,,Mumbai,Maharashtra,India,405041
ERP1030,Harish,Dubey,harish.dubey70@erp.com,9265830519,1994-06-04,TAX1030,BILL1030,REG31,2024-01-29,ERP,NAT2030,45 Marine Dr,Next to Market,Mumbai,Maharashtra,India,707442
ERP1568,Manish,Singh,manish.singh12@erp.com,9368590215,1998-06-30,TAX1568,BILL1568,REG19,2025-01-10,ERP,NAT2568,34 JM Road,Next to Market,Mumbai,Maharashtra,India,557940
ERP1942,Karan,Iyer,karan.iyer79@erp.com,9144910705,1979-02-07,TAX1942,BILL1942,REG43,2025-07-03,ERP,NAT2942,34 JM Road,Near Old Town,Pune,Maharashtra,India,735251
ERP1396,Anita,Tiwari,anita.tiwari84@erp.com,9186116904,1984-04-06,TAX1396,BILL1396,REG47,2025-07-28,ERP,NAT2396,77 Linking Rd,Near City Center,Chennai,Tamil Nadu,India,257778
ERP1416,Deepak,Pandey,deepak.pandey80@erp.com,9546801157,1995-02-14,TAX1416,BILL1416,REG17,2026-03-13,ERP,NAT2416,67 Law Garden Rd,Opposite Mall,Jaipur,Rajasthan,India,713194
ERP1310,Anjali,Sharma,anjali.sharma55@erp.com,9465704491,1989-12-09,TAX1310,BILL1310,REG11,2024-04-06,ERP,NAT2310,55 MI Rd,Near City Center,Bangalore,Karnataka,India,456325
ERP1470,Ramesh,Singh,ramesh.singh42@erp.com,9249122837,1989-05-19,TAX1470,BILL1470,REG21,2025-04-19,ERP,NAT2470,44 Ashram Rd,Above Central Bank,Pune,Maharashtra,India,569233
ERP1642,Karan,Kaur,karan.kaur45@erp.com,9385984212,1998-08-23,TAX1642,BILL1642,REG43,2025-10-27,ERP,NAT2642,44 Ashram Rd,Above Central Bank,Hyderabad,Telangana,India,117897
ERP1204,Amit,Kaur,amit.kaur84@erp.com,9773139231,1997-08-30,TAX1204,BILL1204,REG5,2024-11-07,ERP,NAT2204,12 MG Rd,Near Metro Station,Chennai,Tamil Nadu,India,631752
ERP1428,Vikas,Chopra,vikas.chopra16@erp.com,9632982808,1977-09-18,TAX1428,BILL1428,REG29,2024-01-16,ERP,NAT2428,77 Linking Rd,Near City Center,Kolkata,West Bengal,India,501681
ERP1879,Prakash,Srivastava,prakash.srivastava50@erp.com,9296266494,1995-05-10,TAX1879,BILL1879,REG30,2025-11-30,ERP,NAT2879,101 FC Rd,Next to Market,Bangalore,Karnataka,India,491080
ERP1374,Shreya,Shah,shreya.shah16@erp.com,9215798643,1974-06-20,TAX1374,BILL1374,REG25,2025-02-22,ERP,NAT2374,34 JM Road,Next to Market,Jaipur,Rajasthan,India,987852
ERP1828,Sanjay,Iyer,sanjay.iyer28@erp.com,9253454957,1996-09-18,TAX1828,BILL1828,REG29,2025-05-07,ERP,NAT2828,88 Worli Sea Face,Above Central Bank,Hyderabad,Telangana,India,790975
ERP1712,Sachin,Malhotra,sachin.malhotra31@erp.com,9703948134,1979-04-23,TAX1712,BILL1712,REG13,2024-02-21,ERP,NAT2712,45 Marine Dr,,Mumbai,Maharashtra,India,598518
ERP1533,Sachin,Mehta,sachin.mehta79@erp.com,9251570159,1981-01-29,TAX1533,BILL1533,REG34,2024-02-26,ERP,NAT2533,88 Worli Sea Face,Near Old Town,Pune,Maharashtra,India,526162
ERP1796,Meena,Nair,meena.nair88@erp.com,9459912576,1996-02-08,TAX1796,BILL1796,REG47,2024-12-07,ERP,NAT2796,12 Residency Rd,Near Old Town,Pune,Maharashtra,India,976981
ERP1323,Sunita,Mishra,sunita.mishra13@erp.com,9308681686,1994-12-20,TAX1323,BILL1323,REG24,2025-02-25,ERP,NAT2323,34 JM Road,Near Metro Station,Jaipur,Rajasthan,India,969781
ERP1546,Ramesh,Tiwari,ramesh.tiwari99@erp.com,9778559713,1989-11-03,TAX1546,BILL1546,REG47,2024-06-17,ERP,NAT2546,55 MI Rd,Near Old Town,Kolkata,West Bengal,India,768476
ERP1894,Lakshmi,Banerjee,lakshmi.banerjee19@erp.com,9842451264,1987-03-02,TAX1894,BILL1894,REG45,2025-07-29,ERP,NAT2894,90 Karol Bagh Market,Near City Center,Surat,Gujarat,India,378112
ERP1032,Ramesh,Agarwal,ramesh.agarwal78@erp.com,9842940210,1981-02-10,TAX1032,BILL1032,REG33,2025-10-08,ERP,NAT2032,90 Karol Bagh Market,Near City Center,Hyderabad,Telangana,India,946256
ERP1638,Shalini,Shah,shalini.shah38@erp.com,9636362638,2000-02-02,TAX1638,BILL1638,REG39,2025-11-23,ERP,NAT2638,101 FC Rd,Near City Center,Mumbai,Maharashtra,India,817157
ERP1495,Sachin,Iyer,sachin.iyer51@erp.com,9546872277,1995-08-28,TAX1495,BILL1495,REG46,2024-07-18,ERP,NAT2495,12 MG Rd,Near Old Town,Delhi,Delhi,India,374538
ERP1525,Rekha,Gupta,rekha.gupta33@erp.com,9512681276,1991-05-21,TAX1525,BILL1525,REG26,2025-05-09,ERP,NAT2525,55 MI Rd,Near Metro Station,Hyderabad,Telangana,India,559893
ERP1570,Vinay,Shah,vinay.shah40@erp.com,9360471406,1994-10-05,TAX1570,BILL1570,REG21,2024-11-04,ERP,NAT2570,12 Residency Rd,Above Central Bank,Bangalore,Karnataka,India,680628
ERP1404,Kavita,Mehta,kavita.mehta58@erp.com,9042011347,2000-05-06,TAX1404,BILL1404,REG5,2025-06-06,ERP,NAT2404,45 Marine Dr,,Jaipur,Rajasthan,India,212418
ERP1036,Ramesh,Malhotra,ramesh.malhotra38@erp.com,9824658763,1970-03-21,TAX1036,BILL1036,REG37,2025-08-30,ERP,NAT2036,23 Brigade Rd,Near Metro Station,Mumbai,Maharashtra,India,183413
ERP1787,Ravi,Patil,ravi.patil24@erp.com,9003461826,1984-12-24,TAX1787,BILL1787,REG38,2024-01-28,ERP,NAT2787,90 Karol Bagh Market,Opposite Mall,Jaipur,Rajasthan,India,326299
ERP1729,Sneha,Singh,sneha.singh44@erp.com,9553455076,1991-10-25,TAX1729,BILL1729,REG30,2026-01-23,ERP,NAT2729,44 Ashram Rd,Near Metro Station,Delhi,Delhi,India,587060
ERP1506,Deepak,Malhotra,deepak.malhotra67@erp.com,9263485028,1974-08-10,TAX1506,BILL1506,REG7,2026-02-15,ERP,NAT2506,12 Residency Rd,,Delhi,Delhi,India,677375
ERP1463,Amit,Desai,amit.desai11@erp.com,9345542477,1991-11-29,TAX1463,BILL1463,REG14,2024-11-27,ERP,NAT2463,90 Karol Bagh Market,Opposite Mall,Ahmedabad,Gujarat,India,212910
ERP1612,Amit,Banerjee,amit.banerjee34@erp.com,9761623083,1997-01-27,TAX1612,BILL1612,REG13,2024-01-05,ERP,NAT2612,34 JM Road,Opposite Mall,Kolkata,West Bengal,India,341077
ERP1279,John,Mishra,john.mishra61@erp.com,9601581445,1989-11-29,TAX1279,BILL1279,REG30,2026-02-09,ERP,NAT2279,67 Law Garden Rd,Above Central Bank,Jaipur,Rajasthan,India,294427
ERP1085,Harish,Patel,harish.patel71@erp.com,9787098620,1994-10-20,TAX1085,BILL1085,REG36,2025-03-02,ERP,NAT2085,34 JM Road,Next to Market,Mumbai,Maharashtra,India,524947
ERP1203,Priya,Kapoor,priya.kapoor78@erp.com,9032233746,1979-05-19,TAX1203,BILL1203,REG4,2025-10-14,ERP,NAT2203,77 Linking Rd,Next to Market,Hyderabad,Telangana,India,503636
ERP1105,Seema,Nair,seema.nair93@erp.com,9028438003,1986-12-09,TAX1105,BILL1105,REG6,2025-09-01,ERP,NAT2105,34 JM Road,Next to Market,Mumbai,Maharashtra,India,354117
ERP1165,Seema,Joshi,seema.joshi46@erp.com,9088637550,1987-03-25,TAX1165,BILL1165,REG16,2025-11-25,ERP,NAT2165,56 Chandni Chowk,Opposite Mall,Surat,Gujarat,India,755297
ERP1805,Sachin,Verma,sachin.verma46@erp.com,9633640260,1985-08-26,TAX1805,BILL1805,REG6,2024-04-08,ERP,NAT2805,45 Marine Dr,Above Central Bank,Chennai,Tamil Nadu,India,252132
ERP1398,John,Kumar,john.kumar12@erp.com,9518154085,1996-05-07,TAX1398,BILL1398,REG49,2026-02-12,ERP,NAT2398,12 MG Rd,Above Central Bank,Ahmedabad,Gujarat,India,480875
ERP1836,Sunita,Shah,sunita.shah62@erp.com,9436190999,1996-12-07,TAX1836,BILL1836,REG37,2026-03-10,ERP,NAT2836,101 FC Rd,Near Old Town,Delhi,Delhi,India,836921
ERP1818,Sanjay,Nair,sanjay.nair77@erp.com,9404966576,1997-10-31,TAX1818,BILL1818,REG19,2026-03-24,ERP,NAT2818,77 Linking Rd,Opposite Mall,Delhi,Delhi,India,291512
ERP1723,Sunil,Chopra,sunil.chopra13@erp.com,9239800971,1979-05-16,TAX1723,BILL1723,REG24,2025-04-01,ERP,NAT2723,12 Residency Rd,Above Central Bank,Mumbai,Maharashtra,India,362361
ERP1477,Sunil,Sharma,sunil.sharma55@erp.com,9537356239,1999-06-13,TAX1477,BILL1477,REG28,2024-09-07,ERP,NAT2477,88 Worli Sea Face,Above Central Bank,Chennai,Tamil Nadu,India,152866
ERP1915,Sunita,Pandey,sunita.pandey52@erp.com,9494344531,1993-08-28,TAX1915,BILL1915,REG16,2025-12-03,ERP,NAT2915,78 Connaught Pl,Near City Center,Pune,Maharashtra,India,780438
ERP1451,Harish,Malhotra,harish.malhotra23@erp.com,9565029277,1985-04-08,TAX1451,BILL1451,REG2,2024-09-04,ERP,NAT2451,78 Connaught Pl,Above Central Bank,Surat,Gujarat,India,770007
ERP1012,Kavita,Desai,kavita.desai82@erp.com,9396512102,1971-06-24,TAX1012,BILL1012,REG13,2024-03-30,ERP,NAT2012,56 Chandni Chowk,Above Central Bank,Surat,Gujarat,India,799450
ERP1326,Meera,Rao,meera.rao17@erp.com,9978506644,1979-06-26,TAX1326,BILL1326,REG27,2025-04-22,ERP,NAT2326,12 MG Rd,Near Metro Station,Kolkata,West Bengal,India,209862
ERP1249,Sanjay,Malhotra,sanjay.malhotra60@erp.com,9417888388,1989-04-19,TAX1249,BILL1249,REG50,2024-02-07,ERP,NAT2249,34 JM Road,Next to Market,Chennai,Tamil Nadu,India,971776
ERP1642,Karan,Kaur,karan.kaur45@erp.com,9385984212,1998-08-23,TAX1642,BILL1642,REG43,2025-10-27,ERP,NAT2642,44 Ashram Rd,Above Central Bank,Hyderabad,Telangana,India,117897
ERP1514,Kavita,Mehta,kavita.mehta22@erp.com,9539016917,1975-02-19,TAX1514,BILL1514,REG15,2025-09-22,ERP,NAT2514,45 Marine Dr,Opposite Mall,Chennai,Tamil Nadu,India,100543
ERP1509,Rajiv,Gupta,rajiv.gupta2@erp.com,9116900767,1970-01-25,TAX1509,BILL1509,REG10,2025-07-29,ERP,NAT2509,34 JM Road,Near City Center,Kolkata,West Bengal,India,813485
ERP1096,Meena,Bajaj,meena.bajaj35@erp.com,9807916740,1992-01-12,TAX1096,BILL1096,REG47,2025-10-19,ERP,NAT2096,90 Karol Bagh Market,Near Metro Station,Chennai,Tamil Nadu,India,363900
ERP1585,Meera,Verma,meera.verma50@erp.com,9164781461,1986-08-02,TAX1585,BILL1585,REG36,2025-03-25,ERP,NAT2585,101 FC Rd,,Chennai,Tamil Nadu,India,262306
ERP1390,Arvind,Kaur,arvind.kaur5@erp.com,9357482283,1990-04-29,TAX1390,BILL1390,REG41,2024-08-17,ERP,NAT2390,78 Connaught Pl,,Kolkata,West Bengal,India,334438
ERP1613,Amit,Mishra,amit.mishra57@erp.com,9693816589,1992-06-28,TAX1613,BILL1613,REG14,2024-08-02,ERP,NAT2613,88 Worli Sea Face,Near Metro Station,Chennai,Tamil Nadu,India,133290
ERP1153,Meena,Patel,meena.patel90@erp.com,9268562462,1979-01-24,TAX1153,BILL1153,REG4,2025-01-01,ERP,NAT2153,88 Worli Sea Face,Above Central Bank,Ahmedabad,Gujarat,India,856984
ERP1402,Meena,Iyer,meena.iyer54@erp.com,9819580930,1974-01-01,TAX1402,BILL1402,REG3,2025-02-10,ERP,NAT2402,55 MI Rd,Above Central Bank,Jaipur,Rajasthan,India,495005
ERP1856,Rajiv,Srivastava,rajiv.srivastava61@erp.com,9594420243,1981-03-26,TAX1856,BILL1856,REG7,2024-07-02,ERP,NAT2856,23 Brigade Rd,Opposite Mall,Hyderabad,Telangana,India,485585
ERP1471,Lakshmi,Agarwal,lakshmi.agarwal28@erp.com,9269177169,1975-11-02,TAX1471,BILL1471,REG22,2025-02-01,ERP,NAT2471,88 Worli Sea Face,Near Old Town,Hyderabad,Telangana,India,906396
ERP1820,Anjali,Joshi,anjali.joshi34@erp.com,9083207486,1970-05-11,TAX1820,BILL1820,REG21,2025-04-16,ERP,NAT2820,88 Worli Sea Face,,Bangalore,Karnataka,India,694310
ERP1827,Anjali,Yadav,anjali.yadav30@erp.com,9007314056,1978-04-18,TAX1827,BILL1827,REG28,2024-04-16,ERP,NAT2827,56 Chandni Chowk,Above Central Bank,Hyderabad,Telangana,India,991243
ERP1078,Kavita,Shah,kavita.shah46@erp.com,9683018958,1996-05-18,TAX1078,BILL1078,REG29,2025-10-21,ERP,NAT2078,56 Chandni Chowk,Near Metro Station,Surat,Gujarat,India,657963
ERP1440,Priya,Malhotra,priya.malhotra38@erp.com,9001650131,1994-09-24,TAX1440,BILL1440,REG41,2024-08-23,ERP,NAT2440,23 Brigade Rd,Opposite Mall,Bangalore,Karnataka,India,358893
ERP1411,Meena,Patil,meena.patil44@erp.com,9404430132,1979-12-06,TAX1411,BILL1411,REG12,2024-12-15,ERP,NAT2411,34 JM Road,Near City Center,Bangalore,Karnataka,India,855664
ERP1386,Shreya,Pandey,shreya.pandey50@erp.com,9471429124,1989-07-14,TAX1386,BILL1386,REG37,2025-02-19,ERP,NAT2386,44 Ashram Rd,Opposite Mall,Chennai,Tamil Nadu,India,787849
ERP1406,Alok,Shah,alok.shah77@erp.com,9944593990,1999-07-13,TAX1406,BILL1406,REG7,2024-09-14,ERP,NAT2406,101 FC Rd,Next to Market,Kolkata,West Bengal,India,905363
ERP1847,Prakash,Yadav,prakash.yadav68@erp.com,9578551776,1972-09-19,TAX1847,BILL1847,REG48,2025-12-17,ERP,NAT2847,44 Ashram Rd,Near Old Town,Bangalore,Karnataka,India,145746
ERP1315,John,Mehta,john.mehta57@erp.com,9937311608,1987-08-10,TAX1315,BILL1315,REG16,2025-07-14,ERP,NAT2315,12 Residency Rd,,Mumbai,Maharashtra,India,954952
ERP1766,Arvind,Dubey,arvind.dubey31@erp.com,9927655589,1989-11-30,TAX1766,BILL1766,REG17,2025-10-09,ERP,NAT2766,78 Connaught Pl,Opposite Mall,Mumbai,Maharashtra,India,882112
ERP1552,Vinay,Banerjee,vinay.banerjee54@erp.com,9481502666,1978-02-24,TAX1552,BILL1552,REG3,2024-03-07,ERP,NAT2552,88 Worli Sea Face,Near Metro Station,Surat,Gujarat,India,660704
ERP1765,Shalini,Malhotra,shalini.malhotra11@erp.com,9713261852,1994-04-29,TAX1765,BILL1765,REG16,2024-08-21,ERP,NAT2765,78 Connaught Pl,Near City Center,Jaipur,Rajasthan,India,910176
ERP1802,Neha,Rao,neha.rao1@erp.com,9096944848,1987-01-07,TAX1802,BILL1802,REG3,2025-11-19,ERP,NAT2802,90 Karol Bagh Market,Above Central Bank,Kolkata,West Bengal,India,469579
ERP1173,Arjun,Malhotra,arjun.malhotra60@erp.com,9519216225,1971-06-16,TAX1173,BILL1173,REG24,2025-10-12,ERP,NAT2173,12 MG Rd,Near Metro Station,Mumbai,Maharashtra,India,382957
ERP1031,Pooja,Verma,pooja.verma54@erp.com,9628801463,1973-01-21,TAX1031,BILL1031,REG32,2024-05-18,ERP,NAT2031,34 JM Road,Near Old Town,Hyderabad,Telangana,India,928360
ERP1392,Ravi,Pandey,ravi.pandey18@erp.com,9438904737,1974-12-11,TAX1392,BILL1392,REG43,2024-11-18,ERP,NAT2392,45 Marine Dr,,Ahmedabad,Gujarat,India,561863
ERP1043,Arvind,Gupta,arvind.gupta93@erp.com,9529153971,1983-08-29,TAX1043,BILL1043,REG44,2025-03-21,ERP,NAT2043,90 Karol Bagh Market,,Jaipur,Rajasthan,India,219083
ERP1155,Ramesh,Kaur,ramesh.kaur69@erp.com,9663861115,1976-01-26,TAX1155,BILL1155,REG6,2024-07-15,ERP,NAT2155,56 Chandni Chowk,Near Metro Station,Bangalore,Karnataka,India,297753
ERP1790,Sneha,Tiwari,sneha.tiwari21@erp.com,9789609423,1998-12-09,TAX1790,BILL1790,REG41,2025-03-12,ERP,NAT2790,67 Law Garden Rd,Next to Market,Jaipur,Rajasthan,India,123960
ERP1497,Neha,Kumar,neha.kumar64@erp.com,9517575335,1973-10-01,TAX1497,BILL1497,REG48,2025-12-10,ERP,NAT2497,78 Connaught Pl,Above Central Bank,Ahmedabad,Gujarat,India,737039
ERP1330,Alok,Bajaj,alok.bajaj51@erp.com,9353855809,2000-03-30,TAX1330,BILL1330,REG31,2025-05-13,ERP,NAT2330,88 Worli Sea Face,Near Metro Station,Kolkata,West Bengal,India,602124
ERP1897,Sunita,Yadav,sunita.yadav57@erp.com,9086923306,1976-09-02,TAX1897,BILL1897,REG48,2024-11-04,ERP,NAT2897,67 Law Garden Rd,Near Old Town,Bangalore,Karnataka,India,988831
ERP1929,Sachin,Mehta,sachin.mehta95@erp.com,9941517106,1993-08-04,TAX1929,BILL1929,REG30,2025-06-24,ERP,NAT2929,12 MG Rd,,Chennai,Tamil Nadu,India,401288
ERP1648,Arjun,Nair,arjun.nair12@erp.com,9952039383,1997-09-22,TAX1648,BILL1648,REG49,2025-11-24,ERP,NAT2648,101 FC Rd,Near Metro Station,Bangalore,Karnataka,India,442754
ERP1769,Anjali,Srivastava,anjali.srivastava74@erp.com,9709259702,1983-11-20,TAX1769,BILL1769,REG20,2025-01-28,ERP,NAT2769,44 Ashram Rd,Near Old Town,Bangalore,Karnataka,India,897694
ERP1522,Sanjay,Yadav,sanjay.yadav65@erp.com,9802630570,1996-09-19,TAX1522,BILL1522,REG23,2025-11-30,ERP,NAT2522,34 JM Road,Opposite Mall,Jaipur,Rajasthan,India,786376
ERP1382,Neha,Nair,neha.nair66@erp.com,9169195081,1999-04-23,TAX1382,BILL1382,REG33,2024-02-15,ERP,NAT2382,34 JM Road,Near Metro Station,Hyderabad,Telangana,India,557008
ERP1186,Rahul,Tiwari,rahul.tiwari71@erp.com,9326602769,1993-07-30,TAX1186,BILL1186,REG37,2025-05-08,ERP,NAT2186,90 Karol Bagh Market,Near Old Town,Hyderabad,Telangana,India,967463
ERP1203,Priya,Kapoor,priya.kapoor78@erp.com,9032233746,1979-05-19,TAX1203,BILL1203,REG4,2025-10-14,ERP,NAT2203,77 Linking Rd,Next to Market,Hyderabad,Telangana,India,503636
ERP1429,Jane,Nair,jane.nair26@erp.com,9190889736,1986-08-14,TAX1429,BILL1429,REG30,2025-11-11,ERP,NAT2429,90 Karol Bagh Market,Next to Market,Surat,Gujarat,India,949593
ERP1564,Meera,Yadav,meera.yadav68@erp.com,9480557529,1976-10-14,TAX1564,BILL1564,REG15,2024-08-04,ERP,NAT2564,44 Ashram Rd,Next to Market,Ahmedabad,Gujarat,India,628325
ERP1920,Suresh,Mishra,suresh.mishra13@erp.com,9714925592,1997-06-01,TAX1920,BILL1920,REG21,2025-09-16,ERP,NAT2920,88 Worli Sea Face,Next to Market,Jaipur,Rajasthan,India,733868
ERP1516,Meera,Shah,meera.shah22@erp.com,9123806649,1996-12-05,TAX1516,BILL1516,REG17,2024-10-23,ERP,NAT2516,12 Residency Rd,Opposite Mall,Ahmedabad,Gujarat,India,764162
ERP1433,Sneha,Pandey,sneha.pandey21@erp.com,9971827781,1976-01-08,TAX1433,BILL1433,REG34,2025-06-10,ERP,NAT2433,12 Residency Rd,,Bangalore,Karnataka,India,576420
ERP1746,Meera,Verma,meera.verma82@erp.com,9388225245,1973-10-23,TAX1746,BILL1746,REG47,2025-01-13,ERP,NAT2746,56 Chandni Chowk,Above Central Bank,Bangalore,Karnataka,India,441658
ERP1699,Deepak,Bajaj,deepak.bajaj43@erp.com,9647118161,1976-04-05,TAX1699,BILL1699,REG50,2025-07-21,ERP,NAT2699,78 Connaught Pl,Near Old Town,Surat,Gujarat,India,966122
ERP1908,Anita,Bajaj,anita.bajaj49@erp.com,9460357547,1993-02-08,TAX1908,BILL1908,REG9,2024-11-06,ERP,NAT2908,12 MG Rd,,Chennai,Tamil Nadu,India,951213
ERP1732,Prakash,Shah,prakash.shah28@erp.com,9822003710,1980-06-13,TAX1732,BILL1732,REG33,2024-04-02,ERP,NAT2732,45 Marine Dr,Near City Center,Chennai,Tamil Nadu,India,927082
ERP1356,Arvind,Chopra,arvind.chopra99@erp.com,9630121678,1975-04-12,TAX1356,BILL1356,REG7,2024-06-19,ERP,NAT2356,67 Law Garden Rd,Next to Market,Delhi,Delhi,India,894967
ERP1194,Rekha,Iyer,rekha.iyer53@erp.com,9202468113,1985-08-16,TAX1194,BILL1194,REG45,2025-03-03,ERP,NAT2194,12 MG Rd,Near Metro Station,Bangalore,Karnataka,India,772318
ERP1581,Meena,Guptha,meena.guptha7@erp.com,9606265676,1995-12-31,TAX1581,BILL1581,REG32,2025-05-29,ERP,NAT2581,12 MG Rd,Near Metro Station,Hyderabad,Telangana,India,177087
ERP1596,Anjali,Patel,anjali.patel71@erp.com,9867555904,1978-08-18,TAX1596,BILL1596,REG47,2025-03-30,ERP,NAT2596,101 FC Rd,Near City Center,Pune,Maharashtra,India,511227
ERP1191,Rajiv,Rao,rajiv.rao50@erp.com,9218828043,1974-11-04,TAX1191,BILL1191,REG42,2026-02-10,ERP,NAT2191,90 Karol Bagh Market,,Hyderabad,Telangana,India,698388
ERP1681,Sachin,Banerjee,sachin.banerjee75@erp.com,9850951733,1984-02-09,TAX1681,BILL1681,REG32,2024-01-10,ERP,NAT2681,77 Linking Rd,,Jaipur,Rajasthan,India,916975
ERP1201,Seema,Gupta,seema.gupta86@erp.com,9443539978,1976-03-23,TAX1201,BILL1201,REG2,2025-11-08,ERP,NAT2201,45 Marine Dr,Near City Center,Kolkata,West Bengal,India,451106
ERP1095,Arjun,Nair,arjun.nair65@erp.com,9117747229,1986-06-20,TAX1095,BILL1095,REG46,2024-03-17,ERP,NAT2095,78 Connaught Pl,Near City Center,Pune,Maharashtra,India,216647
ERP1284,Anita,Patel,anita.patel41@erp.com,9578502275,1993-10-07,TAX1284,BILL1284,REG35,2024-09-01,ERP,NAT2284,45 Marine Dr,Opposite Mall,Delhi,Delhi,India,903023
ERP1680,Arvind,Dubey,arvind.dubey37@erp.com,9456005365,1981-07-14,TAX1680,BILL1680,REG31,2024-11-28,ERP,NAT2680,101 FC Rd,Near Old Town,Hyderabad,Telangana,India,344968
ERP1534,Ravi,Kaur,ravi.kaur48@erp.com,9941974273,1978-09-26,TAX1534,BILL1534,REG35,2025-12-31,ERP,NAT2534,44 Ashram Rd,Near City Center,Pune,Maharashtra,India,595247
ERP1001,Sunita,Guptha,sunita.guptha43@erp.com,9130016655,1990-11-19,TAX1001,BILL1001,REG2,2024-11-16,ERP,NAT2001,12 MG Rd,Near Metro Station,Pune,Maharashtra,India,428814
ERP1140,Anita,Gupta,anita.gupta91@erp.com,9216591265,2000-04-23,TAX1140,BILL1140,REG41,2025-09-14,ERP,NAT2140,67 Law Garden Rd,Next to Market,Mumbai,Maharashtra,India,493337
ERP1121,Lakshmi,Joshi,lakshmi.joshi6@erp.com,9396180468,1996-04-25,TAX1121,BILL1121,REG22,2024-08-11,ERP,NAT2121,90 Karol Bagh Market,Opposite Mall,Mumbai,Maharashtra,India,865212
ERP1139,Neha,Mehta,neha.mehta73@erp.com,9794349577,1984-05-07,TAX1139,BILL1139,REG40,2025-04-26,ERP,NAT2139,44 Ashram Rd,Near Metro Station,Chennai,Tamil Nadu,India,977822
ERP1367,Alok,Verma,alok.verma92@erp.com,9521219380,1995-10-29,TAX1367,BILL1367,REG18,2026-01-28,ERP,NAT2367,90 Karol Bagh Market,Near Metro Station,Surat,Gujarat,India,493041
ERP1770,Anita,Verma,anita.verma31@erp.com,9947007337,1996-01-08,TAX1770,BILL1770,REG21,2024-06-07,ERP,NAT2770,34 JM Road,Above Central Bank,Chennai,Tamil Nadu,India,403244
ERP1171,Vinay,Guptha,vinay.guptha87@erp.com,9808983136,1980-04-01,TAX1171,BILL1171,REG22,2025-03-09,ERP,NAT2171,12 MG Rd,Near Metro Station,Surat,Gujarat,India,895628
ERP1369,Meera,Verma,meera.verma94@erp.com,9393231331,1992-10-27,TAX1369,BILL1369,REG20,2025-04-17,ERP,NAT2369,67 Law Garden Rd,Near City Center,Hyderabad,Telangana,India,836358
ERP1048,Jane,Dubey,jane.dubey91@erp.com,9230526974,1977-12-25,TAX1048,BILL1048,REG49,2024-09-28,ERP,NAT2048,56 Chandni Chowk,,Surat,Gujarat,India,672925
ERP1005,Vikas,Pandey,vikas.pandey95@erp.com,9292108622,1993-02-20,TAX1005,BILL1005,REG6,2024-09-19,ERP,NAT2005,34 JM Road,Near Metro Station,Chennai,Tamil Nadu,India,192563
ERP1408,Vinod,Kaur,vinod.kaur94@erp.com,9015252543,1993-05-19,TAX1408,BILL1408,REG9,2024-01-19,ERP,NAT2408,44 Ashram Rd,Near City Center,Bangalore,Karnataka,India,668160
ERP1193,Jane,Malhotra,jane.malhotra29@erp.com,9872204698,1987-06-03,TAX1193,BILL1193,REG44,2024-01-05,ERP,NAT2193,77 Linking Rd,Near Old Town,Ahmedabad,Gujarat,India,257187
ERP1943,Karan,Nair,karan.nair20@erp.com,9384562259,1999-01-07,TAX1943,BILL1943,REG44,2024-09-15,ERP,NAT2943,77 Linking Rd,Above Central Bank,Delhi,Delhi,India,625329
ERP1236,Seema,Yadav,seema.yadav55@erp.com,9900998476,1988-10-27,TAX1236,BILL1236,REG37,2024-05-10,ERP,NAT2236,44 Ashram Rd,Opposite Mall,Delhi,Delhi,India,619399
ERP1799,Divya,Mehta,divya.mehta7@erp.com,9513515808,2000-01-19,TAX1799,BILL1799,REG50,2024-02-17,ERP,NAT2799,12 Residency Rd,Near City Center,Pune,Maharashtra,India,166387
ERP1207,Vinod,Verma,vinod.verma29@erp.com,9526743235,1986-03-16,TAX1207,BILL1207,REG8,2024-08-11,ERP,NAT2207,44 Ashram Rd,Above Central Bank,Bangalore,Karnataka,India,821939
ERP1413,Arvind,Rao,arvind.rao90@erp.com,9445432281,1995-07-01,TAX1413,BILL1413,REG14,2024-11-06,ERP,NAT2413,77 Linking Rd,,Chennai,Tamil Nadu,India,243756
ERP1209,Ajay,Dubey,ajay.dubey89@erp.com,9354358799,1988-08-06,TAX1209,BILL1209,REG10,2025-04-07,ERP,NAT2209,67 Law Garden Rd,,Hyderabad,Telangana,India,710320
ERP1594,Jane,Verma,jane.verma85@erp.com,9722807753,1995-09-20,TAX1594,BILL1594,REG45,2026-03-28,ERP,NAT2594,45 Marine Dr,Near Old Town,Mumbai,Maharashtra,India,329842
ERP1040,Rajiv,Menon,rajiv.menon89@erp.com,9112956407,1999-06-08,TAX1040,BILL1040,REG41,2025-08-18,ERP,NAT2040,34 JM Road,Near Old Town,Bangalore,Karnataka,India,885048
ERP1717,Vikas,Joshi,vikas.joshi75@erp.com,9892243308,1974-09-14,TAX1717,BILL1717,REG18,2024-09-11,ERP,NAT2717,12 MG Rd,,Pune,Maharashtra,India,652381
ERP1220,Anita,Chopra,anita.chopra44@erp.com,9671447207,1985-04-01,TAX1220,BILL1220,REG21,2024-01-17,ERP,NAT2220,88 Worli Sea Face,Above Central Bank,Chennai,Tamil Nadu,India,135612
ERP1213,Vinod,Reddy,vinod.reddy65@erp.com,9539861217,1977-08-04,TAX1213,BILL1213,REG14,2024-01-05,ERP,NAT2213,56 Chandni Chowk,,Pune,Maharashtra,India,443939
ERP1947,Sunil,Mishra,sunil.mishra1@erp.com,9695276946,1987-11-21,TAX1947,BILL1947,REG48,2024-02-02,ERP,NAT2947,12 Residency Rd,Above Central Bank,Ahmedabad,Gujarat,India,180896
ERP1745,Sanjay,Guptha,sanjay.guptha11@erp.com,9885162340,1990-01-23,TAX1745,BILL1745,REG46,2024-09-26,ERP,NAT2745,55 MI Rd,Near Metro Station,Kolkata,West Bengal,India,135249
ERP1767,Alok,Singh,alok.singh92@erp.com,9639624497,1977-01-18,TAX1767,BILL1767,REG18,2026-03-10,ERP,NAT2767,90 Karol Bagh Market,Next to Market,Hyderabad,Telangana,India,884509
ERP1143,Amit,Yadav,amit.yadav27@erp.com,9282889428,1988-04-14,TAX1143,BILL1143,REG44,2024-03-19,ERP,NAT2143,45 Marine Dr,Near City Center,Pune,Maharashtra,India,727906
ERP1141,Harish,Gupta,harish.gupta79@erp.com,9305286512,1988-09-18,TAX1141,BILL1141,REG42,2024-03-13,ERP,NAT2141,55 MI Rd,Near Metro Station,Delhi,Delhi,India,858137
ERP1683,Sunil,Mishra,sunil.mishra83@erp.com,9456653715,1980-11-10,TAX1683,BILL1683,REG34,2025-10-09,ERP,NAT2683,45 Marine Dr,Near Old Town,Jaipur,Rajasthan,India,816802
ERP1297,Sunil,Dubey,sunil.dubey30@erp.com,9102024035,1972-09-27,TAX1297,BILL1297,REG48,2025-12-31,ERP,NAT2297,56 Chandni Chowk,,Bangalore,Karnataka,India,507045
ERP1182,Rajiv,Gupta,rajiv.gupta48@erp.com,9336707793,1975-05-11,TAX1182,BILL1182,REG33,2025-12-13,ERP,NAT2182,77 Linking Rd,,Surat,Gujarat,India,175236
ERP1921,Sanjay,Menon,sanjay.menon16@erp.com,9044332272,1995-01-05,TAX1921,BILL1921,REG22,2024-03-04,ERP,NAT2921,23 Brigade Rd,Near Metro Station,Pune,Maharashtra,India,377247
ERP1010,Sunil,Yadav,sunil.yadav20@erp.com,9192133052,1996-06-25,TAX1010,BILL1010,REG11,2025-07-26,ERP,NAT2010,78 Connaught Pl,,Hyderabad,Telangana,India,116925
ERP1067,Amit,Gupta,amit.gupta9@erp.com,9724140148,1991-01-16,TAX1067,BILL1067,REG18,2025-10-15,ERP,NAT2067,56 Chandni Chowk,Near Old Town,Mumbai,Maharashtra,India,386434
ERP1232,Shalini,Nair,shalini.nair26@erp.com,9645358188,1980-12-11,TAX1232,BILL1232,REG33,2024-03-18,ERP,NAT2232,77 Linking Rd,Opposite Mall,Hyderabad,Telangana,India,861059
ERP1700,Suresh,Iyer,suresh.iyer11@erp.com,9199047015,1984-10-09,TAX1700,BILL1700,REG1,2025-02-03,ERP,NAT2700,12 MG Rd,Next to Market,Pune,Maharashtra,India,243658
ERP1273,Harish,Joshi,harish.joshi47@erp.com,9148613067,1982-07-06,TAX1273,BILL1273,REG24,2026-02-26,ERP,NAT2273,44 Ashram Rd,Next to Market,Surat,Gujarat,India,156200
ERP1335,Neha,Menon,neha.menon28@erp.com,9623698076,1981-01-30,TAX1335,BILL1335,REG36,2026-03-03,ERP,NAT2335,44 Ashram Rd,,Jaipur,Rajasthan,India,521688
ERP1046,Karan,Menon,karan.menon94@erp.com,9217009099,1982-09-12,TAX1046,BILL1046,REG47,2025-10-04,ERP,NAT2046,56 Chandni Chowk,Near City Center,Kolkata,West Bengal,India,772674
ERP1099,Vikas,Yadav,vikas.yadav47@erp.com,9257553591,1970-02-04,TAX1099,BILL1099,REG50,2024-03-03,ERP,NAT2099,12 MG Rd,Opposite Mall,Mumbai,Maharashtra,India,948844
ERP1798,Vinod,Kumar,vinod.kumar55@erp.com,9658256405,1991-05-16,TAX1798,BILL1798,REG49,2025-06-26,ERP,NAT2798,12 Residency Rd,Next to Market,Ahmedabad,Gujarat,India,755236
ERP1826,Arvind,Malhotra,arvind.malhotra36@erp.com,9609055632,1978-07-20,TAX1826,BILL1826,REG27,2024-04-04,ERP,NAT2826,12 MG Rd,Opposite Mall,Hyderabad,Telangana,India,535004
ERP1561,Meera,Joshi,meera.joshi1@erp.com,9341934602,1998-08-28,TAX1561,BILL1561,REG12,2025-11-16,ERP,NAT2561,12 MG Rd,Next to Market,Mumbai,Maharashtra,India,790948
ERP1517,Rajiv,Verma,rajiv.verma17@erp.com,9806969408,1988-09-10,TAX1517,BILL1517,REG18,2024-01-28,ERP,NAT2517,90 Karol Bagh Market,Next to Market,Hyderabad,Telangana,India,772761
ERP1465,Sachin,Mishra,sachin.mishra85@erp.com,9548954023,1970-05-10,TAX1465,BILL1465,REG16,2024-01-02,ERP,NAT2465,56 Chandni Chowk,Opposite Mall,Bangalore,Karnataka,India,761821
ERP1755,Kavita,Dubey,kavita.dubey51@erp.com,9456339155,1976-01-14,TAX1755,BILL1755,REG6,2024-11-19,ERP,NAT2755,12 MG Rd,Next to Market,Jaipur,Rajasthan,India,163458
ERP1556,Sachin,Agarwal,sachin.agarwal1@erp.com,9935010172,1989-02-11,TAX1556,BILL1556,REG7,2025-12-06,ERP,NAT2556,101 FC Rd,Near City Center,Pune,Maharashtra,India,137056
ERP1813,Sanjay,Patel,sanjay.patel19@erp.com,9298415148,1999-05-14,TAX1813,BILL1813,REG14,2025-10-10,ERP,NAT2813,55 MI Rd,Above Central Bank,Surat,Gujarat,India,911624
ERP1743,Vinod,Menon,vinod.menon41@erp.com,9746597800,1984-05-23,TAX1743,BILL1743,REG44,2024-01-12,ERP,NAT2743,23 Brigade Rd,,Pune,Maharashtra,India,695979
ERP1113,Vinay,Dubey,vinay.dubey80@erp.com,9424159697,1987-01-29,TAX1113,BILL1113,REG14,2025-09-24,ERP,NAT2113,90 Karol Bagh Market,Near Old Town,Hyderabad,Telangana,India,767576
ERP1329,Rajiv,Menon,rajiv.menon91@erp.com,9275092760,1985-12-29,TAX1329,BILL1329,REG30,2025-02-07,ERP,NAT2329,23 Brigade Rd,Above Central Bank,Pune,Maharashtra,India,628613
ERP1932,Ravi,Nair,ravi.nair35@erp.com,9515904780,1996-08-27,TAX1932,BILL1932,REG33,2025-09-08,ERP,NAT2932,55 MI Rd,Above Central Bank,Delhi,Delhi,India,364273
ERP1547,Meera,Chopra,meera.chopra92@erp.com,9944109649,1996-06-24,TAX1547,BILL1547,REG48,2026-03-16,ERP,NAT2547,67 Law Garden Rd,Near Old Town,Mumbai,Maharashtra,India,679933
ERP1586,John,Kaur,john.kaur14@erp.com,9136612957,1989-10-19,TAX1586,BILL1586,REG37,2025-02-16,ERP,NAT2586,90 Karol Bagh Market,Near City Center,Chennai,Tamil Nadu,India,574405
ERP1622,Manish,Menon,manish.menon54@erp.com,9908419845,1978-03-24,TAX1622,BILL1622,REG23,2024-08-29,ERP,NAT2622,56 Chandni Chowk,Next to Market,Kolkata,West Bengal,India,470374
ERP1392,Ravi,Pandey,ravi.pandey18@erp.com,9438904737,1974-12-11,TAX1392,BILL1392,REG43,2024-11-18,ERP,NAT2392,45 Marine Dr,,Ahmedabad,Gujarat,India,561863
ERP1788,Rajiv,Malhotra,rajiv.malhotra21@erp.com,9505110555,1991-02-02,TAX1788,BILL1788,REG39,2024-05-13,ERP,NAT2788,23 Brigade Rd,Above Central Bank,Hyderabad,Telangana,India,841107
ERP1845,Rahul,Dubey,rahul.dubey6@erp.com,9282021722,1982-02-24,TAX1845,BILL1845,REG46,2026-01-21,ERP,NAT2845,55 MI Rd,,Ahmedabad,Gujarat,India,413522
ERP1364,Harish,Singh,harish.singh7@erp.com,9780164592,1988-12-19,TAX1364,BILL1364,REG15,2024-11-15,ERP,NAT2364,88 Worli Sea Face,,Mumbai,Maharashtra,India,566126
ERP1841,Ravi,Dubey,ravi.dubey14@erp.com,9793205393,1993-03-31,TAX1841,BILL1841,REG42,2024-06-12,ERP,NAT2841,12 MG Rd,Near Old Town,Jaipur,Rajasthan,India,623238
ERP1627,Lakshmi,Dubey,lakshmi.dubey75@erp.com,9533026260,1999-03-25,TAX1627,BILL1627,REG28,2024-01-19,ERP,NAT2627,77 Linking Rd,Near Metro Station,Surat,Gujarat,India,843541
ERP1505,Arjun,Dubey,arjun.dubey35@erp.com,9442768323,1982-06-05,TAX1505,BILL1505,REG6,2025-11-23,ERP,NAT2505,44 Ashram Rd,Opposite Mall,Hyderabad,Telangana,India,135471
ERP1145,John,Patel,john.patel85@erp.com,9234625528,1992-10-08,TAX1145,BILL1145,REG46,2024-02-12,ERP,NAT2145,55 MI Rd,,Pune,Maharashtra,India,846479
ERP1007,Ravi,Sharma,ravi.sharma76@erp.com,9680642336,1986-07-09,TAX1007,BILL1007,REG8,2026-01-07,ERP,NAT2007,101 FC Rd,Next to Market,Hyderabad,Telangana,India,772319
ERP1285,Rajiv,Shah,rajiv.shah45@erp.com,9432006136,1980-01-29,TAX1285,BILL1285,REG36,2024-01-29,ERP,NAT2285,101 FC Rd,Near Metro Station,Pune,Maharashtra,India,629621
ERP1693,John,Shah,john.shah45@erp.com,9518716756,1995-08-05,TAX1693,BILL1693,REG44,2024-06-05,ERP,NAT2693,23 Brigade Rd,,Surat,Gujarat,India,656413
ERP1467,Neha,Srivastava,neha.srivastava51@erp.com,9454771709,1985-09-06,TAX1467,BILL1467,REG18,2025-12-21,ERP,NAT2467,34 JM Road,Near Metro Station,Surat,Gujarat,India,749232
ERP1868,Amit,Patil,amit.patil59@erp.com,9066860542,1980-02-28,TAX1868,BILL1868,REG19,2025-01-15,ERP,NAT2868,44 Ashram Rd,Near City Center,Pune,Maharashtra,India,468828
ERP1394,Jane,Shah,jane.shah52@erp.com,9570803961,1992-02-07,TAX1394,BILL1394,REG45,2026-03-27,ERP,NAT2394,55 MI Rd,Opposite Mall,Kolkata,West Bengal,India,197108
ERP1634,Vinay,Agarwal,vinay.agarwal81@erp.com,9190343646,1999-03-31,TAX1634,BILL1634,REG35,2024-10-18,ERP,NAT2634,12 MG Rd,Opposite Mall,Bangalore,Karnataka,India,638617
ERP1001,Sunita,Guptha,sunita.guptha43@erp.com,9130016655,1990-11-19,TAX1001,BILL1001,REG2,2024-11-16,ERP,NAT2001,12 MG Rd,Near Metro Station,Pune,Maharashtra,India,428814
ERP1385,Rohit,Dubey,rohit.dubey29@erp.com,9100498664,1976-01-22,TAX1385,BILL1385,REG36,2024-06-07,ERP,NAT2385,88 Worli Sea Face,Near Old Town,Hyderabad,Telangana,India,804658
ERP1118,Alok,Kapoor,alok.kapoor85@erp.com,9505236319,1989-08-05,TAX1118,BILL1118,REG19,2024-08-06,ERP,NAT2118,88 Worli Sea Face,Next to Market,Ahmedabad,Gujarat,India,836443
ERP1705,Rajiv,Patel,rajiv.patel24@erp.com,9037243947,1989-09-15,TAX1705,BILL1705,REG6,2025-08-31,ERP,NAT2705,101 FC Rd,Next to Market,Jaipur,Rajasthan,India,373577
ERP1258,Sneha,Chopra,sneha.chopra18@erp.com,9819521989,1971-07-01,TAX1258,BILL1258,REG9,2024-08-21,ERP,NAT2258,12 Residency Rd,Near Metro Station,Surat,Gujarat,India,656443
ERP1307,Rekha,Bajaj,rekha.bajaj20@erp.com,9963049596,1979-06-27,TAX1307,BILL1307,REG8,2026-03-03,ERP,NAT2307,23 Brigade Rd,Near City Center,Jaipur,Rajasthan,India,304516
ERP1057,Pooja,Kumar,pooja.kumar67@erp.com,9301734219,1973-05-01,TAX1057,BILL1057,REG8,2024-03-03,ERP,NAT2057,34 JM Road,Opposite Mall,Surat,Gujarat,India,128802
ERP1100,Meena,Verma,meena.verma84@erp.com,9080846751,1993-09-24,TAX1100,BILL1100,REG1,2024-08-13,ERP,NAT2100,67 Law Garden Rd,Opposite Mall,Ahmedabad,Gujarat,India,603428
ERP1591,Priya,Verma,priya.verma58@erp.com,9094020561,1988-09-21,TAX1591,BILL1591,REG42,2024-12-06,ERP,NAT2591,12 Residency Rd,Near Old Town,Jaipur,Rajasthan,India,377777
ERP1617,Sachin,Nair,sachin.nair36@erp.com,9580412093,1970-07-05,TAX1617,BILL1617,REG18,2024-06-10,ERP,NAT2617,101 FC Rd,Next to Market,Chennai,Tamil Nadu,India,241738
ERP1333,Kavita,Menon,kavita.menon14@erp.com,9583290079,1970-01-26,TAX1333,BILL1333,REG34,2024-07-16,ERP,NAT2333,77 Linking Rd,Near City Center,Kolkata,West Bengal,India,723076
ERP1456,Meera,Yadav,meera.yadav18@erp.com,9756196774,1972-11-25,TAX1456,BILL1456,REG7,2024-04-27,ERP,NAT2456,56 Chandni Chowk,Near City Center,Surat,Gujarat,India,451604
ERP1027,Suresh,Verma,suresh.verma78@erp.com,9960068529,1981-06-06,TAX1027,BILL1027,REG28,2024-01-20,ERP,NAT2027,88 Worli Sea Face,Near Metro Station,Jaipur,Rajasthan,India,813221
ERP1926,Manish,Guptha,manish.guptha39@erp.com,9060250314,1984-05-12,TAX1926,BILL1926,REG27,2025-10-17,ERP,NAT2926,90 Karol Bagh Market,Near City Center,Chennai,Tamil Nadu,India,599683
ERP1504,Pooja,Sharma,pooja.sharma84@erp.com,9440170507,1983-06-22,TAX1504,BILL1504,REG5,2025-05-11,ERP,NAT2504,78 Connaught Pl,Next to Market,Surat,Gujarat,India,651811
ERP1212,Rohit,Joshi,rohit.joshi78@erp.com,9077576748,1992-06-14,TAX1212,BILL1212,REG13,2024-12-30,ERP,NAT2212,78 Connaught Pl,Near Old Town,Kolkata,West Bengal,India,858359
ERP1931,Sanjay,Iyer,sanjay.iyer37@erp.com,9878910126,1977-06-30,TAX1931,BILL1931,REG32,2024-05-02,ERP,NAT2931,67 Law Garden Rd,Next to Market,Mumbai,Maharashtra,India,801135
ERP1741,Ravi,Patil,ravi.patil50@erp.com,9866582928,1989-10-15,TAX1741,BILL1741,REG42,2025-10-01,ERP,NAT2741,34 JM Road,,Pune,Maharashtra,India,235670
ERP1357,Sneha,Patel,sneha.patel66@erp.com,9394097077,1999-02-03,TAX1357,BILL1357,REG8,2024-06-17,ERP,NAT2357,55 MI Rd,Near City Center,Kolkata,West Bengal,India,806499
ERP1079,Alok,Reddy,alok.reddy72@erp.com,9509277186,1980-07-29,TAX1079,BILL1079,REG30,2025-01-04,ERP,NAT2079,56 Chandni Chowk,Near City Center,Surat,Gujarat,India,623083
ERP1810,Sneha,Mishra,sneha.mishra7@erp.com,9789320225,1980-12-05,TAX1810,BILL1810,REG11,2024-01-10,ERP,NAT2810,67 Law Garden Rd,Above Central Bank,Ahmedabad,Gujarat,India,288020
ERP1542,Vinod,Nair,vinod.nair79@erp.com,9960693437,1971-03-22,TAX1542,BILL1542,REG43,2025-12-03,ERP,NAT2542,45 Marine Dr,,Delhi,Delhi,India,562886
ERP1936,Ravi,Kapoor,ravi.kapoor38@erp.com,9436242407,1987-04-29,TAX1936,BILL1936,REG37,2024-05-22,ERP,NAT2936,45 Marine Dr,Near City Center,Hyderabad,Telangana,India,744307
ERP1488,Shreya,Dubey,shreya.dubey65@erp.com,9116065255,1974-01-21,TAX1488,BILL1488,REG39,2024-07-28,ERP,NAT2488,56 Chandni Chowk,Above Central Bank,Jaipur,Rajasthan,India,481624
ERP1528,Lakshmi,Gupta,lakshmi.gupta64@erp.com,9636328823,2000-01-01,TAX1528,BILL1528,REG29,2025-07-04,ERP,NAT2528,67 Law Garden Rd,Near Metro Station,Ahmedabad,Gujarat,India,232993
ERP1405,Alok,Reddy,alok.reddy22@erp.com,9625839925,1989-11-10,TAX1405,BILL1405,REG6,2024-03-15,ERP,NAT2405,90 Karol Bagh Market,Near City Center,Mumbai,Maharashtra,India,661244
ERP1884,Rohit,Chopra,rohit.chopra63@erp.com,9352620316,1983-05-28,TAX1884,BILL1884,REG35,2025-05-08,ERP,NAT2884,101 FC Rd,Near City Center,Ahmedabad,Gujarat,India,632616
ERP1933,Harish,Iyer,harish.iyer64@erp.com,9584777982,1977-02-18,TAX1933,BILL1933,REG34,2025-04-05,ERP,NAT2933,101 FC Rd,Above Central Bank,Mumbai,Maharashtra,India,946410
ERP1702,Rekha,Patil,rekha.patil90@erp.com,9124690623,1981-09-19,TAX1702,BILL1702,REG3,2024-04-04,ERP,NAT2702,101 FC Rd,Opposite Mall,Hyderabad,Telangana,India,929588
ERP1778,Seema,Agarwal,seema.agarwal68@erp.com,9852067620,1985-12-04,TAX1778,BILL1778,REG29,2025-03-06,ERP,NAT2778,88 Worli Sea Face,Near Old Town,Bangalore,Karnataka,India,569237
ERP1510,Sunita,Agarwal,sunita.agarwal63@erp.com,9862983096,1981-08-30,TAX1510,BILL1510,REG11,2024-09-16,ERP,NAT2510,12 MG Rd,Next to Market,Surat,Gujarat,India,183235
ERP1172,Ravi,Srivastava,ravi.srivastava96@erp.com,9137626631,1992-08-02,TAX1172,BILL1172,REG23,2025-12-15,ERP,NAT2172,12 Residency Rd,,Bangalore,Karnataka,India,936194
ERP1772,Lakshmi,Nair,lakshmi.nair54@erp.com,9862006487,1981-06-04,TAX1772,BILL1772,REG23,2025-08-08,ERP,NAT2772,12 MG Rd,Near Metro Station,Hyderabad,Telangana,India,574757
ERP1175,Prakash,Tiwari,prakash.tiwari17@erp.com,9861024452,2000-09-26,TAX1175,BILL1175,REG26,2026-02-02,ERP,NAT2175,45 Marine Dr,Next to Market,Surat,Gujarat,India,381222
ERP1214,Meena,Verma,meena.verma60@erp.com,9474290288,1992-04-12,TAX1214,BILL1214,REG15,2025-02-27,ERP,NAT2214,55 MI Rd,Near City Center,Surat,Gujarat,India,193589
ERP1609,Meena,Tiwari,meena.tiwari98@erp.com,9413179626,1994-02-09,TAX1609,BILL1609,REG10,2025-04-02,ERP,NAT2609,34 JM Road,Above Central Bank,Jaipur,Rajasthan,India,580042
ERP1686,Karan,Kaur,karan.kaur36@erp.com,9114329603,2000-03-21,TAX1686,BILL1686,REG37,2024-11-26,ERP,NAT2686,34 JM Road,Near Old Town,Bangalore,Karnataka,India,391829
ERP1221,Seema,Dubey,seema.dubey90@erp.com,9394604456,1996-08-29,TAX1221,BILL1221,REG22,2024-12-20,ERP,NAT2221,56 Chandni Chowk,Next to Market,Mumbai,Maharashtra,India,880994
ERP1339,Sneha,Kumar,sneha.kumar44@erp.com,9262105356,1991-11-13,TAX1339,BILL1339,REG40,2025-01-29,ERP,NAT2339,55 MI Rd,Near Metro Station,Pune,Maharashtra,India,739436
ERP1003,John,Patil,john.patil47@erp.com,9980454197,1996-01-06,TAX1003,BILL1003,REG4,2025-02-22,ERP,NAT2003,44 Ashram Rd,Near Old Town,Surat,Gujarat,India,531846
ERP1761,Lakshmi,Dubey,lakshmi.dubey25@erp.com,9878920510,1974-07-22,TAX1761,BILL1761,REG12,2025-10-02,ERP,NAT2761,12 Residency Rd,Above Central Bank,Chennai,Tamil Nadu,India,339808
ERP1640,Arjun,Sharma,arjun.sharma35@erp.com,9488039022,1994-06-30,TAX1640,BILL1640,REG41,2024-02-23,ERP,NAT2640,12 Residency Rd,Next to Market,Surat,Gujarat,India,953531
ERP1432,Rohit,Guptha,rohit.guptha91@erp.com,9808091310,1985-06-13,TAX1432,BILL1432,REG33,2024-12-13,ERP,NAT2432,34 JM Road,Next to Market,Surat,Gujarat,India,975589
ERP1055,Sunil,Singh,sunil.singh22@erp.com,9183734916,1971-10-31,TAX1055,BILL1055,REG6,2025-09-21,ERP,NAT2055,90 Karol Bagh Market,Opposite Mall,Bangalore,Karnataka,India,187733
ERP1713,Ravi,Iyer,ravi.iyer98@erp.com,9726275523,1971-12-28,TAX1713,BILL1713,REG14,2024-07-01,ERP,NAT2713,67 Law Garden Rd,Opposite Mall,Ahmedabad,Gujarat,India,524679
ERP1893,Ravi,Banerjee,ravi.banerjee78@erp.com,9981614287,1979-07-20,TAX1893,BILL1893,REG44,2024-08-09,ERP,NAT2893,88 Worli Sea Face,Near Old Town,Surat,Gujarat,India,261506
ERP1877,Vikas,Kaur,vikas.kaur97@erp.com,9006244683,1982-05-30,TAX1877,BILL1877,REG28,2025-03-16,ERP,NAT2877,12 Residency Rd,Near Metro Station,Bangalore,Karnataka,India,835641
ERP1129,Sunil,Gupta,sunil.gupta48@erp.com,9258130458,1985-02-02,TAX1129,BILL1129,REG30,2024-06-10,ERP,NAT2129,88 Worli Sea Face,Opposite Mall,Chennai,Tamil Nadu,India,772042
ERP1124,Sunita,Patel,sunita.patel55@erp.com,9769537111,1970-09-05,TAX1124,BILL1124,REG25,2025-09-24,ERP,NAT2124,77 Linking Rd,Near Metro Station,Chennai,Tamil Nadu,India,474578
ERP1714,Vikas,Verma,vikas.verma37@erp.com,9763930774,1974-08-25,TAX1714,BILL1714,REG15,2024-06-23,ERP,NAT2714,101 FC Rd,Near Metro Station,Kolkata,West Bengal,India,962743
ERP1006,Rajiv,Tiwari,rajiv.tiwari24@erp.com,9952732987,1975-09-27,TAX1006,BILL1006,REG7,2024-11-29,ERP,NAT2006,45 Marine Dr,Above Central Bank,Delhi,Delhi,India,378465
ERP1774,Anita,Kapoor,anita.kapoor55@erp.com,9136146887,1994-02-22,TAX1774,BILL1774,REG25,2025-08-08,ERP,NAT2774,12 MG Rd,Opposite Mall,Mumbai,Maharashtra,India,562988
ERP1605,Kavita,Nair,kavita.nair27@erp.com,9329480946,1971-06-19,TAX1605,BILL1605,REG6,2025-12-09,ERP,NAT2605,34 JM Road,Near Metro Station,Pune,Maharashtra,India,788468
ERP1535,Meera,Bajaj,meera.bajaj86@erp.com,9581648347,1970-11-26,TAX1535,BILL1535,REG36,2025-08-07,ERP,NAT2535,77 Linking Rd,Near Old Town,Surat,Gujarat,India,264029
ERP1366,Sneha,Reddy,sneha.reddy96@erp.com,9850434956,1983-09-15,TAX1366,BILL1366,REG17,2024-06-06,ERP,NAT2366,12 MG Rd,Near Metro Station,Ahmedabad,Gujarat,India,878715
ERP1849,Rekha,Banerjee,rekha.banerjee33@erp.com,9942494161,1997-09-11,TAX1849,BILL1849,REG50,2025-03-30,ERP,NAT2849,12 Residency Rd,Opposite Mall,Kolkata,West Bengal,India,249924
ERP1773,Karan,Shah,karan.shah32@erp.com,9294404938,1976-08-22,TAX1773,BILL1773,REG24,2024-12-25,ERP,NAT2773,45 Marine Dr,Near City Center,Ahmedabad,Gujarat,India,204454
ERP1435,Ajay,Guptha,ajay.guptha85@erp.com,9814326328,1995-08-19,TAX1435,BILL1435,REG36,2024-10-20,ERP,NAT2435,55 MI Rd,Next to Market,Chennai,Tamil Nadu,India,334052
ERP1791,Harish,Banerjee,harish.banerjee79@erp.com,9580149351,1971-05-25,TAX1791,BILL1791,REG42,2026-03-17,ERP,NAT2791,34 JM Road,Near Metro Station,Chennai,Tamil Nadu,India,915653
ERP1671,Karan,Mishra,karan.mishra59@erp.com,9174303608,1971-05-01,TAX1671,BILL1671,REG22,2024-09-07,ERP,NAT2671,44 Ashram Rd,Next to Market,Mumbai,Maharashtra,India,715651
ERP1176,John,Agarwal,john.agarwal23@erp.com,9523766675,1985-06-28,TAX1176,BILL1176,REG27,2024-10-22,ERP,NAT2176,34 JM Road,Near Metro Station,Ahmedabad,Gujarat,India,852413
ERP1045,Kavita,Chopra,kavita.chopra5@erp.com,9905986946,1981-06-01,TAX1045,BILL1045,REG46,2024-02-24,ERP,NAT2045,12 Residency Rd,Near City Center,Delhi,Delhi,India,348948
ERP1599,Suresh,Banerjee,suresh.banerjee25@erp.com,9378283324,1978-07-31,TAX1599,BILL1599,REG50,2024-10-16,ERP,NAT2599,78 Connaught Pl,Opposite Mall,Mumbai,Maharashtra,India,470379
ERP1706,Meena,Sharma,meena.sharma59@erp.com,9070336049,1997-09-14,TAX1706,BILL1706,REG7,2025-12-26,ERP,NAT2706,90 Karol Bagh Market,Opposite Mall,Kolkata,West Bengal,India,250443
ERP1116,Prakash,Desai,prakash.desai91@erp.com,9906174467,1993-12-02,TAX1116,BILL1116,REG17,2025-03-09,ERP,NAT2116,45 Marine Dr,Above Central Bank,Pune,Maharashtra,India,471159
ERP1146,Rohit,Kumar,rohit.kumar11@erp.com,9863769807,1987-04-03,TAX1146,BILL1146,REG47,2024-02-19,ERP,NAT2146,101 FC Rd,Near Metro Station,Hyderabad,Telangana,India,968506
ERP1858,Vinay,Banerjee,vinay.banerjee63@erp.com,9140903879,2000-11-12,TAX1858,BILL1858,REG9,2024-04-04,ERP,NAT2858,90 Karol Bagh Market,Above Central Bank,Chennai,Tamil Nadu,India,267061
ERP1623,Shreya,Joshi,shreya.joshi5@erp.com,9151557085,1988-05-29,TAX1623,BILL1623,REG24,2025-10-30,ERP,NAT2623,78 Connaught Pl,Near Old Town,Chennai,Tamil Nadu,India,250524
ERP1824,Priya,Menon,priya.menon93@erp.com,9347140289,1992-12-05,TAX1824,BILL1824,REG25,2024-11-05,ERP,NAT2824,44 Ashram Rd,Next to Market,Mumbai,Maharashtra,India,564435
ERP1719,Meena,Banerjee,meena.banerjee24@erp.com,9150923904,1986-11-09,TAX1719,BILL1719,REG20,2025-10-27,ERP,NAT2719,12 Residency Rd,Near City Center,Kolkata,West Bengal,India,106840
ERP1098,Ramesh,Gupta,ramesh.gupta84@erp.com,9974329415,1997-11-22,TAX1098,BILL1098,REG49,2025-09-25,ERP,NAT2098,23 Brigade Rd,Next to Market,Pune,Maharashtra,India,492856
ERP1816,Vinod,Kumar,vinod.kumar68@erp.com,9468366156,1989-11-05,TAX1816,BILL1816,REG17,2024-06-18,ERP,NAT2816,23 Brigade Rd,Next to Market,Delhi,Delhi,India,603449
ERP1066,Anjali,Kumar,anjali.kumar77@erp.com,9042456031,1986-04-28,TAX1066,BILL1066,REG17,2024-01-31,ERP,NAT2066,78 Connaught Pl,Opposite Mall,Surat,Gujarat,India,143471
ERP1393,Rajiv,Guptha,rajiv.guptha86@erp.com,9392341535,1992-04-29,TAX1393,BILL1393,REG44,2024-01-09,ERP,NAT2393,44 Ashram Rd,Near Metro Station,Ahmedabad,Gujarat,India,753152
ERP1338,Manish,Iyer,manish.iyer61@erp.com,9561824408,1973-02-12,TAX1338,BILL1338,REG39,2025-04-15,ERP,NAT2338,44 Ashram Rd,Near Metro Station,Chennai,Tamil Nadu,India,374333
ERP1670,Meena,Rao,meena.rao58@erp.com,9228940205,1993-11-16,TAX1670,BILL1670,REG21,2024-08-14,ERP,NAT2670,67 Law Garden Rd,,Delhi,Delhi,India,796953
ERP1306,Neha,Gupta,neha.gupta29@erp.com,9910930338,1976-08-13,TAX1306,BILL1306,REG7,2024-03-18,ERP,NAT2306,77 Linking Rd,Opposite Mall,Hyderabad,Telangana,India,158697
ERP1219,Shalini,Guptha,shalini.guptha59@erp.com,9515673045,1988-05-11,TAX1219,BILL1219,REG20,2025-02-08,ERP,NAT2219,45 Marine Dr,Above Central Bank,Ahmedabad,Gujarat,India,349260
ERP1633,Anjali,Bajaj,anjali.bajaj44@erp.com,9907869142,1999-10-30,TAX1633,BILL1633,REG34,2025-02-04,ERP,NAT2633,78 Connaught Pl,Next to Market,Bangalore,Karnataka,India,934762
ERP1892,Rajiv,Agarwal,rajiv.agarwal81@erp.com,9993240532,1971-11-15,TAX1892,BILL1892,REG43,2024-10-08,ERP,NAT2892,56 Chandni Chowk,Opposite Mall,Jaipur,Rajasthan,India,171036
ERP1588,Seema,Joshi,seema.joshi36@erp.com,9390691663,1971-09-01,TAX1588,BILL1588,REG39,2025-07-22,ERP,NAT2588,12 Residency Rd,Above Central Bank,Hyderabad,Telangana,India,691469
ERP1457,Sanjay,Desai,sanjay.desai81@erp.com,9356684658,1998-04-11,TAX1457,BILL1457,REG8,2024-02-22,ERP,NAT2457,45 Marine Dr,Near City Center,Pune,Maharashtra,India,394423
ERP1764,Seema,Banerjee,seema.banerjee47@erp.com,9817203433,1998-11-15,TAX1764,BILL1764,REG15,2025-06-01,ERP,NAT2764,90 Karol Bagh Market,Near Old Town,Jaipur,Rajasthan,India,288757
ERP1777,Ajay,Gupta,ajay.gupta85@erp.com,9696475395,1997-06-02,TAX1777,BILL1777,REG28,2024-08-03,ERP,NAT2777,45 Marine Dr,Next to Market,Surat,Gujarat,India,556370
ERP1172,Ravi,Srivastava,ravi.srivastava96@erp.com,9137626631,1992-08-02,TAX1172,BILL1172,REG23,2025-12-15,ERP,NAT2172,12 Residency Rd,,Bangalore,Karnataka,India,936194
ERP1650,Arvind,Nair,arvind.nair17@erp.com,9816616001,1987-05-01,TAX1650,BILL1650,REG1,2025-02-12,ERP,NAT2650,67 Law Garden Rd,Near Metro Station,Jaipur,Rajasthan,India,342328
ERP1340,Divya,Kaur,divya.kaur29@erp.com,9012266495,1979-05-21,TAX1340,BILL1340,REG41,2025-10-01,ERP,NAT2340,88 Worli Sea Face,Opposite Mall,Surat,Gujarat,India,352003
ERP1370,Harish,Malhotra,harish.malhotra9@erp.com,9977382743,1972-09-07,TAX1370,BILL1370,REG21,2025-12-18,ERP,NAT2370,44 Ashram Rd,Near Metro Station,Hyderabad,Telangana,India,715481
ERP1912,Pooja,Srivastava,pooja.srivastava73@erp.com,9494344391,1971-04-30,TAX1912,BILL1912,REG13,2024-04-05,ERP,NAT2912,90 Karol Bagh Market,Near Old Town,Bangalore,Karnataka,India,709001
ERP1888,Meena,Iyer,meena.iyer21@erp.com,9271540755,1990-12-31,TAX1888,BILL1888,REG39,2024-03-23,ERP,NAT2888,45 Marine Dr,Near Old Town,Ahmedabad,Gujarat,India,558976
ERP1557,Karan,Sharma,karan.sharma28@erp.com,9035797614,1988-04-20,TAX1557,BILL1557,REG8,2025-07-26,ERP,NAT2557,55 MI Rd,Above Central Bank,Kolkata,West Bengal,India,626238
ERP1458,Deepak,Iyer,deepak.iyer63@erp.com,9613049999,1988-12-14,TAX1458,BILL1458,REG9,2024-05-20,ERP,NAT2458,77 Linking Rd,Above Central Bank,Hyderabad,Telangana,India,306257
ERP1291,Anita,Desai,anita.desai3@erp.com,9619140778,1977-08-17,TAX1291,BILL1291,REG42,2025-01-05,ERP,NAT2291,23 Brigade Rd,Next to Market,Pune,Maharashtra,India,285695
ERP1494,Sneha,Desai,sneha.desai2@erp.com,9053285495,1999-06-19,TAX1494,BILL1494,REG45,2024-05-10,ERP,NAT2494,90 Karol Bagh Market,Near Metro Station,Hyderabad,Telangana,India,327426
ERP1844,John,Bajaj,john.bajaj6@erp.com,9597706787,1977-08-23,TAX1844,BILL1844,REG45,2025-02-15,ERP,NAT2844,12 MG Rd,Above Central Bank,Hyderabad,Telangana,India,675041
ERP1322,Sneha,Singh,sneha.singh95@erp.com,9563226025,1970-11-10,TAX1322,BILL1322,REG23,2024-07-14,ERP,NAT2322,101 FC Rd,,Ahmedabad,Gujarat,India,648129
ERP1592,Shalini,Singh,shalini.singh48@erp.com,9199023606,1989-04-18,TAX1592,BILL1592,REG43,2024-09-24,ERP,NAT2592,55 MI Rd,Opposite Mall,Mumbai,Maharashtra,India,815325
ERP1902,Meena,Sharma,meena.sharma97@erp.com,9583094912,1996-03-07,TAX1902,BILL1902,REG3,2024-11-23,ERP,NAT2902,45 Marine Dr,Opposite Mall,Bangalore,Karnataka,India,500004
ERP1324,Ajay,Tiwari,ajay.tiwari66@erp.com,9342870855,1970-11-30,TAX1324,BILL1324,REG25,2024-12-06,ERP,NAT2324,12 Residency Rd,Near Old Town,Bangalore,Karnataka,India,970185
ERP1108,Manish,Kumar,manish.kumar57@erp.com,9089683855,1985-09-13,TAX1108,BILL1108,REG9,2025-08-18,ERP,NAT2108,12 Residency Rd,,Jaipur,Rajasthan,India,212702
ERP1307,Rekha,Bajaj,rekha.bajaj20@erp.com,9963049596,1979-06-27,TAX1307,BILL1307,REG8,2026-03-03,ERP,NAT2307,23 Brigade Rd,Near City Center,Jaipur,Rajasthan,India,304516
ERP1430,Kavita,Kapoor,kavita.kapoor89@erp.com,9175269651,1976-03-25,TAX1430,BILL1430,REG31,2024-09-02,ERP,NAT2430,77 Linking Rd,Near City Center,Chennai,Tamil Nadu,India,347418
ERP1738,Vinay,Agarwal,vinay.agarwal13@erp.com,9419998167,1978-03-10,TAX1738,BILL1738,REG39,2024-10-03,ERP,NAT2738,12 MG Rd,Above Central Bank,Delhi,Delhi,India,413072
ERP1019,Karan,Gupta,karan.gupta75@erp.com,9194097660,1984-12-28,TAX1019,BILL1019,REG20,2026-03-17,ERP,NAT2019,34 JM Road,Next to Market,Ahmedabad,Gujarat,India,273190
ERP1620,Harish,Tiwari,harish.tiwari70@erp.com,9976126429,1974-03-25,TAX1620,BILL1620,REG21,2025-01-03,ERP,NAT2620,12 MG Rd,Near Metro Station,Hyderabad,Telangana,India,372724
ERP1780,Ramesh,Yadav,ramesh.yadav84@erp.com,9720381571,1988-08-24,TAX1780,BILL1780,REG31,2025-05-11,ERP,NAT2780,12 Residency Rd,Above Central Bank,Surat,Gujarat,India,417730
ERP1410,Alok,Menon,alok.menon28@erp.com,9303460542,1971-02-17,TAX1410,BILL1410,REG11,2024-12-14,ERP,NAT2410,12 Residency Rd,Near City Center,Pune,Maharashtra,India,979596
ERP1829,Vinay,Kumar,vinay.kumar13@erp.com,9709237458,1982-12-25,TAX1829,BILL1829,REG30,2025-08-02,ERP,NAT2829,78 Connaught Pl,Next to Market,Bangalore,Karnataka,India,264086
ERP1540,Prakash,Malhotra,prakash.malhotra64@erp.com,9540354999,1984-08-14,TAX1540,BILL1540,REG41,2024-12-09,ERP,NAT2540,12 Residency Rd,Near Old Town,Surat,Gujarat,India,890710
ERP1158,Ajay,Yadav,ajay.yadav2@erp.com,9413935209,1989-09-27,TAX1158,BILL1158,REG9,2024-10-15,ERP,NAT2158,56 Chandni Chowk,,Chennai,Tamil Nadu,India,435362
ERP1583,Sachin,Kaur,sachin.kaur30@erp.com,9921196059,1998-02-10,TAX1583,BILL1583,REG34,2025-07-12,ERP,NAT2583,55 MI Rd,Next to Market,Bangalore,Karnataka,India,732016
ERP1722,Harish,Chopra,harish.chopra26@erp.com,9477023628,1998-08-14,TAX1722,BILL1722,REG23,2024-10-11,ERP,NAT2722,34 JM Road,Next to Market,Bangalore,Karnataka,India,876396
ERP1372,Meena,Chopra,meena.chopra25@erp.com,9767419756,1988-01-01,TAX1372,BILL1372,REG23,2024-01-03,ERP,NAT2372,88 Worli Sea Face,Above Central Bank,Ahmedabad,Gujarat,India,212007
ERP1520,Meena,Patel,meena.patel12@erp.com,9471462546,1983-05-16,TAX1520,BILL1520,REG21,2025-05-11,ERP,NAT2520,56 Chandni Chowk,Near Metro Station,Kolkata,West Bengal,India,507756
ERP1230,Deepak,Mishra,deepak.mishra75@erp.com,9675304749,1970-02-11,TAX1230,BILL1230,REG31,2024-12-21,ERP,NAT2230,77 Linking Rd,Above Central Bank,Mumbai,Maharashtra,India,998750
ERP1559,Anita,Nair,anita.nair44@erp.com,9715872750,1988-07-24,TAX1559,BILL1559,REG10,2024-02-17,ERP,NAT2559,77 Linking Rd,Next to Market,Chennai,Tamil Nadu,India,604101
ERP1601,Priya,Iyer,priya.iyer33@erp.com,9131942482,2000-11-10,TAX1601,BILL1601,REG2,2025-01-03,ERP,NAT2601,44 Ashram Rd,,Kolkata,West Bengal,India,983389
ERP1111,Anita,Banerjee,anita.banerjee30@erp.com,9685983266,1975-12-30,TAX1111,BILL1111,REG12,2024-04-25,ERP,NAT2111,78 Connaught Pl,,Kolkata,West Bengal,India,681104
ERP1275,Pooja,Chopra,pooja.chopra1@erp.com,9884642339,1998-09-14,TAX1275,BILL1275,REG26,2024-07-26,ERP,NAT2275,88 Worli Sea Face,Near Metro Station,Kolkata,West Bengal,India,382427
ERP1284,Anita,Patel,anita.patel41@erp.com,9578502275,1993-10-07,TAX1284,BILL1284,REG35,2024-09-01,ERP,NAT2284,45 Marine Dr,Opposite Mall,Delhi,Delhi,India,903023
ERP1852,Manish,Chopra,manish.chopra34@erp.com,9236183642,1989-02-08,TAX1852,BILL1852,REG3,2025-01-03,ERP,NAT2852,90 Karol Bagh Market,Next to Market,Mumbai,Maharashtra,India,261650
ERP1308,John,Verma,john.verma2@erp.com,9494903740,1973-06-03,TAX1308,BILL1308,REG9,2026-03-30,ERP,NAT2308,45 Marine Dr,Above Central Bank,Jaipur,Rajasthan,India,116055
ERP1532,Arjun,Bajaj,arjun.bajaj38@erp.com,9438891720,1975-08-22,TAX1532,BILL1532,REG33,2025-11-04,ERP,NAT2532,56 Chandni Chowk,Near Old Town,Delhi,Delhi,India,592147
ERP1112,Amit,Srivastava,amit.srivastava34@erp.com,9802657277,1997-09-06,TAX1112,BILL1112,REG13,2025-07-15,ERP,NAT2112,55 MI Rd,Near Metro Station,Mumbai,Maharashtra,India,489992
ERP1580,Sunita,Agarwal,sunita.agarwal41@erp.com,9112195050,1983-07-13,TAX1580,BILL1580,REG31,2024-01-11,ERP,NAT2580,34 JM Road,Near City Center,Delhi,Delhi,India,494767
ERP1399,Arvind,Dubey,arvind.dubey26@erp.com,9509621464,1993-05-15,TAX1399,BILL1399,REG50,2024-09-13,ERP,NAT2399,90 Karol Bagh Market,Opposite Mall,Surat,Gujarat,India,328463
ERP1200,Kavita,Menon,kavita.menon70@erp.com,9003549656,2000-10-21,TAX1200,BILL1200,REG1,2025-03-15,ERP,NAT2200,67 Law Garden Rd,Near Old Town,Pune,Maharashtra,India,805271
ERP1446,Karan,Reddy,karan.reddy24@erp.com,9100109749,1974-06-24,TAX1446,BILL1446,REG47,2024-10-15,ERP,NAT2446,23 Brigade Rd,Opposite Mall,Ahmedabad,Gujarat,India,552959
ERP1677,Manish,Srivastava,manish.srivastava17@erp.com,9797085533,1973-04-15,TAX1677,BILL1677,REG28,2026-03-26,ERP,NAT2677,45 Marine Dr,Next to Market,Jaipur,Rajasthan,India,636046
ERP1604,Alok,Mishra,alok.mishra23@erp.com,9748530945,1970-08-05,TAX1604,BILL1604,REG5,2025-03-25,ERP,NAT2604,78 Connaught Pl,Next to Market,Kolkata,West Bengal,India,175309
ERP1862,Shreya,Srivastava,shreya.srivastava87@erp.com,9618725373,1974-08-03,TAX1862,BILL1862,REG13,2024-06-23,ERP,NAT2862,34 JM Road,Near Old Town,Kolkata,West Bengal,India,147121
ERP1196,Vinod,Reddy,vinod.reddy9@erp.com,9002004858,1983-05-14,TAX1196,BILL1196,REG47,2024-01-09,ERP,NAT2196,67 Law Garden Rd,Above Central Bank,Jaipur,Rajasthan,India,137051
ERP1167,Shalini,Singh,shalini.singh19@erp.com,9255826031,1996-03-16,TAX1167,BILL1167,REG18,2024-01-07,ERP,NAT2167,12 Residency Rd,Opposite Mall,Ahmedabad,Gujarat,India,176074
ERP1760,Arvind,Singh,arvind.singh33@erp.com,9076403328,1998-05-07,TAX1760,BILL1760,REG11,2025-03-19,ERP,NAT2760,34 JM Road,Opposite Mall,Hyderabad,Telangana,India,604393
ERP1901,Arjun,Srivastava,arjun.srivastava89@erp.com,9640144038,1982-07-23,TAX1901,BILL1901,REG2,2025-01-16,ERP,NAT2901,77 Linking Rd,Near City Center,Ahmedabad,Gujarat,India,897577
ERP1880,Rohit,Yadav,rohit.yadav37@erp.com,9303496474,1990-12-21,TAX1880,BILL1880,REG31,2025-09-17,ERP,NAT2880,12 Residency Rd,Above Central Bank,Bangalore,Karnataka,India,970676
ERP1530,Meera,Joshi,meera.joshi95@erp.com,9121665643,1989-08-27,TAX1530,BILL1530,REG31,2024-08-23,ERP,NAT2530,77 Linking Rd,Opposite Mall,Ahmedabad,Gujarat,India,677271
ERP1843,Jane,Chopra,jane.chopra10@erp.com,9609372436,1992-05-24,TAX1843,BILL1843,REG44,2025-11-18,ERP,NAT2843,88 Worli Sea Face,Near Old Town,Bangalore,Karnataka,India,446364
ERP1452,Shreya,Mehta,shreya.mehta40@erp.com,9437337565,1973-08-23,TAX1452,BILL1452,REG3,2025-03-05,ERP,NAT2452,56 Chandni Chowk,Above Central Bank,Ahmedabad,Gujarat,India,838278
ERP1248,Seema,Shah,seema.shah98@erp.com,9828499166,1976-04-04,TAX1248,BILL1248,REG49,2024-09-09,ERP,NAT2248,23 Brigade Rd,Near City Center,Pune,Maharashtra,India,844185
ERP1657,Meena,Kaur,meena.kaur20@erp.com,9756479646,1978-05-01,TAX1657,BILL1657,REG8,2025-06-23,ERP,NAT2657,88 Worli Sea Face,Near Old Town,Bangalore,Karnataka,India,494655
ERP1771,Sneha,Guptha,sneha.guptha64@erp.com,9601456364,1970-10-27,TAX1771,BILL1771,REG22,2025-10-21,ERP,NAT2771,12 MG Rd,Near Old Town,Kolkata,West Bengal,India,355752
ERP1526,Suresh,Kumar,suresh.kumar29@erp.com,9545019680,1982-04-19,TAX1526,BILL1526,REG27,2025-06-11,ERP,NAT2526,12 MG Rd,Next to Market,Delhi,Delhi,India,487124
ERP1919,Divya,Bajaj,divya.bajaj55@erp.com,9586189549,1973-05-15,TAX1919,BILL1919,REG20,2025-11-24,ERP,NAT2919,12 MG Rd,Near City Center,Bangalore,Karnataka,India,240681
ERP1042,Arjun,Reddy,arjun.reddy33@erp.com,9234847209,1992-11-21,TAX1042,BILL1042,REG43,2026-03-07,ERP,NAT2042,12 MG Rd,,Pune,Maharashtra,India,490823
ERP1657,Meena,Kaur,meena.kaur20@erp.com,9756479646,1978-05-01,TAX1657,BILL1657,REG8,2025-06-23,ERP,NAT2657,88 Worli Sea Face,Near Old Town,Bangalore,Karnataka,India,494655
ERP1792,Deepak,Banerjee,deepak.banerjee34@erp.com,9580848583,1977-09-26,TAX1792,BILL1792,REG43,2025-10-18,ERP,NAT2792,88 Worli Sea Face,Near City Center,Jaipur,Rajasthan,India,963834
ERP1716,Karan,Singh,karan.singh91@erp.com,9923532253,1991-04-15,TAX1716,BILL1716,REG17,2024-03-01,ERP,NAT2716,88 Worli Sea Face,Near Old Town,Ahmedabad,Gujarat,India,901247
ERP1882,Karan,Tiwari,karan.tiwari21@erp.com,9911351571,1990-06-07,TAX1882,BILL1882,REG33,2025-03-11,ERP,NAT2882,55 MI Rd,Opposite Mall,Bangalore,Karnataka,India,219099
ERP1621,Priya,Dubey,priya.dubey75@erp.com,9862716615,1973-10-15,TAX1621,BILL1621,REG22,2024-01-23,ERP,NAT2621,34 JM Road,Next to Market,Ahmedabad,Gujarat,India,912541
ERP1724,Vikas,Verma,vikas.verma22@erp.com,9328778671,1986-06-06,TAX1724,BILL1724,REG25,2024-11-16,ERP,NAT2724,55 MI Rd,,Chennai,Tamil Nadu,India,560976
ERP1004,Rajiv,Shah,rajiv.shah91@erp.com,9235072050,1990-01-31,TAX1004,BILL1004,REG5,2026-01-31,ERP,NAT2004,44 Ashram Rd,Near Metro Station,Pune,Maharashtra,India,291195
ERP1157,Ravi,Guptha,ravi.guptha60@erp.com,9024522138,1976-06-05,TAX1157,BILL1157,REG8,2025-01-20,ERP,NAT2157,55 MI Rd,,Bangalore,Karnataka,India,553157
ERP1464,Shalini,Dubey,shalini.dubey99@erp.com,9810412625,1971-12-02,TAX1464,BILL1464,REG15,2025-08-01,ERP,NAT2464,56 Chandni Chowk,Next to Market,Surat,Gujarat,India,566935
ERP1343,Anjali,Kumar,anjali.kumar33@erp.com,9665077062,1997-01-08,TAX1343,BILL1343,REG44,2025-05-15,ERP,NAT2343,67 Law Garden Rd,Above Central Bank,Mumbai,Maharashtra,India,419375
ERP1438,Manish,Kapoor,manish.kapoor82@erp.com,9053619684,1989-01-16,TAX1438,BILL1438,REG39,2025-03-08,ERP,NAT2438,34 JM Road,Next to Market,Surat,Gujarat,India,880863
ERP1435,Ajay,Guptha,ajay.guptha85@erp.com,9814326328,1995-08-19,TAX1435,BILL1435,REG36,2024-10-20,ERP,NAT2435,55 MI Rd,Next to Market,Chennai,Tamil Nadu,India,334052
ERP1208,Pooja,Malhotra,pooja.malhotra85@erp.com,9215681417,1976-12-19,TAX1208,BILL1208,REG9,2025-12-28,ERP,NAT2208,55 MI Rd,Above Central Bank,Mumbai,Maharashtra,India,459609
ERP1673,Meera,Joshi,meera.joshi52@erp.com,9776098812,1972-07-26,TAX1673,BILL1673,REG24,2025-12-27,ERP,NAT2673,67 Law Garden Rd,Next to Market,Delhi,Delhi,India,679815
ERP1262,Rekha,Nair,rekha.nair44@erp.com,9806003505,1990-11-16,TAX1262,BILL1262,REG13,2024-03-06,ERP,NAT2262,101 FC Rd,Next to Market,Ahmedabad,Gujarat,India,395492
ERP1184,Arvind,Reddy,arvind.reddy48@erp.com,9424049116,1997-03-24,TAX1184,BILL1184,REG35,2025-02-17,ERP,NAT2184,45 Marine Dr,Near City Center,Delhi,Delhi,India,234909
ERP1415,Meena,Mehta,meena.mehta73@erp.com,9562302947,1978-07-13,TAX1415,BILL1415,REG16,2025-02-10,ERP,NAT2415,88 Worli Sea Face,Near Metro Station,Ahmedabad,Gujarat,India,154079
ERP1711,Sachin,Banerjee,sachin.banerjee17@erp.com,9625986466,1976-08-31,TAX1711,BILL1711,REG12,2024-03-28,ERP,NAT2711,101 FC Rd,Opposite Mall,Mumbai,Maharashtra,India,208704
ERP1190,Shalini,Mehta,shalini.mehta1@erp.com,9129387378,1976-01-07,TAX1190,BILL1190,REG41,2025-05-09,ERP,NAT2190,55 MI Rd,Next to Market,Pune,Maharashtra,India,714895
ERP1887,Rajiv,Sharma,rajiv.sharma69@erp.com,9387329196,1973-04-10,TAX1887,BILL1887,REG38,2024-11-23,ERP,NAT2887,67 Law Garden Rd,Opposite Mall,Delhi,Delhi,India,158810
ERP1685,Manish,Tiwari,manish.tiwari58@erp.com,9802828054,1986-11-09,TAX1685,BILL1685,REG36,2024-02-24,ERP,NAT2685,45 Marine Dr,Near City Center,Ahmedabad,Gujarat,India,939624
ERP1395,Ajay,Singh,ajay.singh44@erp.com,9996847179,2000-03-20,TAX1395,BILL1395,REG46,2025-08-23,ERP,NAT2395,90 Karol Bagh Market,Near Old Town,Pune,Maharashtra,India,992197
ERP1134,Prakash,Yadav,prakash.yadav99@erp.com,9182425980,1977-01-29,TAX1134,BILL1134,REG35,2025-05-06,ERP,NAT2134,90 Karol Bagh Market,Near Old Town,Ahmedabad,Gujarat,India,765359
ERP1412,Manish,Yadav,manish.yadav76@erp.com,9040841366,1998-06-22,TAX1412,BILL1412,REG13,2024-07-07,ERP,NAT2412,45 Marine Dr,Near Old Town,Surat,Gujarat,India,347373
ERP1654,Jane,Menon,jane.menon10@erp.com,9642115588,1970-07-10,TAX1654,BILL1654,REG5,2024-01-06,ERP,NAT2654,67 Law Garden Rd,Near Old Town,Kolkata,West Bengal,India,893861
ERP1768,Meera,Tiwari,meera.tiwari92@erp.com,9922554591,1981-12-09,TAX1768,BILL1768,REG19,2024-11-02,ERP,NAT2768,23 Brigade Rd,Near City Center,Mumbai,Maharashtra,India,420601
ERP1661,Ajay,Patil,ajay.patil88@erp.com,9670063054,1997-09-23,TAX1661,BILL1661,REG12,2025-05-20,ERP,NAT2661,56 Chandni Chowk,Near Old Town,Hyderabad,Telangana,India,810609
ERP1380,John,Joshi,john.joshi10@erp.com,9425488159,1998-09-22,TAX1380,BILL1380,REG31,2024-08-25,ERP,NAT2380,90 Karol Bagh Market,,Pune,Maharashtra,India,434042
ERP1637,Ramesh,Desai,ramesh.desai74@erp.com,9486956829,2000-01-31,TAX1637,BILL1637,REG38,2025-11-26,ERP,NAT2637,78 Connaught Pl,Near Old Town,Delhi,Delhi,India,443905
ERP1026,Suresh,Reddy,suresh.reddy50@erp.com,9813629336,1993-04-28,TAX1026,BILL1026,REG27,2025-12-13,ERP,NAT2026,23 Brigade Rd,Next to Market,Kolkata,West Bengal,India,746000
ERP1455,Priya,Dubey,priya.dubey74@erp.com,9349576140,1997-09-27,TAX1455,BILL1455,REG6,2026-01-05,ERP,NAT2455,55 MI Rd,Near Old Town,Pune,Maharashtra,India,768166
ERP1029,Priya,Kaur,priya.kaur35@erp.com,9050519523,1995-03-09,TAX1029,BILL1029,REG30,2025-07-07,ERP,NAT2029,101 FC Rd,Above Central Bank,Jaipur,Rajasthan,India,787628
ERP1379,Sunita,Kapoor,sunita.kapoor18@erp.com,9928366998,1977-07-14,TAX1379,BILL1379,REG30,2025-03-24,ERP,NAT2379,12 Residency Rd,Near Metro Station,Chennai,Tamil Nadu,India,874103
ERP1060,Manish,Kapoor,manish.kapoor63@erp.com,9053162078,1970-04-24,TAX1060,BILL1060,REG11,2025-07-26,ERP,NAT2060,34 JM Road,Above Central Bank,Surat,Gujarat,India,338259
ERP1500,Sneha,Patel,sneha.patel20@erp.com,9236346181,1986-07-15,TAX1500,BILL1500,REG1,2025-01-05,ERP,NAT2500,78 Connaught Pl,Above Central Bank,Delhi,Delhi,India,673356
ERP1054,Sachin,Gupta,sachin.gupta65@erp.com,9426250752,1981-07-05,TAX1054,BILL1054,REG5,2026-02-11,ERP,NAT2054,78 Connaught Pl,Next to Market,Pune,Maharashtra,India,563914
ERP1467,Neha,Srivastava,neha.srivastava51@erp.com,9454771709,1985-09-06,TAX1467,BILL1467,REG18,2025-12-21,ERP,NAT2467,34 JM Road,Near Metro Station,Surat,Gujarat,India,749232
ERP1651,Meena,Nair,meena.nair38@erp.com,9056355212,1994-08-29,TAX1651,BILL1651,REG2,2024-06-08,ERP,NAT2651,101 FC Rd,,Mumbai,Maharashtra,India,108180
ERP1476,Alok,Agarwal,alok.agarwal96@erp.com,9096746748,1990-08-11,TAX1476,BILL1476,REG27,2024-05-02,ERP,NAT2476,88 Worli Sea Face,Near Metro Station,Delhi,Delhi,India,403909
ERP1223,Jane,Bajaj,jane.bajaj97@erp.com,9202152713,1987-03-18,TAX1223,BILL1223,REG24,2024-01-16,ERP,NAT2223,45 Marine Dr,Near City Center,Surat,Gujarat,India,918096
ERP1598,Prakash,Joshi,prakash.joshi40@erp.com,9468750843,1981-09-24,TAX1598,BILL1598,REG49,2026-02-20,ERP,NAT2598,55 MI Rd,,Mumbai,Maharashtra,India,935460
ERP1518,Vikas,Banerjee,vikas.banerjee77@erp.com,9081642180,1982-02-05,TAX1518,BILL1518,REG19,2024-12-29,ERP,NAT2518,90 Karol Bagh Market,Next to Market,Delhi,Delhi,India,572799
ERP1567,Arjun,Tiwari,arjun.tiwari15@erp.com,9436011403,1987-01-01,TAX1567,BILL1567,REG18,2024-01-15,ERP,NAT2567,23 Brigade Rd,Above Central Bank,Pune,Maharashtra,India,224657
ERP1508,Arjun,Pandey,arjun.pandey97@erp.com,9027446668,2000-05-25,TAX1508,BILL1508,REG9,2024-12-12,ERP,NAT2508,23 Brigade Rd,,Ahmedabad,Gujarat,India,782109
ERP1869,Rohit,Rao,rohit.rao16@erp.com,9420289434,1989-08-27,TAX1869,BILL1869,REG20,2025-01-22,ERP,NAT2869,88 Worli Sea Face,,Ahmedabad,Gujarat,India,556752
ERP1263,Vikas,Pandey,vikas.pandey62@erp.com,9277845333,1986-04-22,TAX1263,BILL1263,REG14,2024-04-07,ERP,NAT2263,56 Chandni Chowk,Above Central Bank,Chennai,Tamil Nadu,India,424193
ERP1679,Ravi,Patel,ravi.patel31@erp.com,9299657363,2000-12-04,TAX1679,BILL1679,REG30,2025-03-08,ERP,NAT2679,77 Linking Rd,Opposite Mall,Delhi,Delhi,India,253996
ERP1081,Lakshmi,Srivastava,lakshmi.srivastava21@erp.com,9751649063,1981-06-08,TAX1081,BILL1081,REG32,2024-01-31,ERP,NAT2081,67 Law Garden Rd,Near City Center,Bangalore,Karnataka,India,354466
ERP1524,Shalini,Yadav,shalini.yadav50@erp.com,9069277953,1989-07-09,TAX1524,BILL1524,REG25,2024-09-05,ERP,NAT2524,67 Law Garden Rd,Near City Center,Surat,Gujarat,India,435683
ERP1676,Manish,Mehta,manish.mehta97@erp.com,9567117479,1976-07-17,TAX1676,BILL1676,REG27,2024-05-09,ERP,NAT2676,101 FC Rd,Near Old Town,Jaipur,Rajasthan,India,165480
ERP1097,Rahul,Joshi,rahul.joshi76@erp.com,9640199096,1992-06-24,TAX1097,BILL1097,REG48,2025-03-28,ERP,NAT2097,78 Connaught Pl,Opposite Mall,Delhi,Delhi,India,562345
ERP1156,Priya,Iyer,priya.iyer87@erp.com,9800159960,1973-02-18,TAX1156,BILL1156,REG7,2024-11-14,ERP,NAT2156,34 JM Road,Near City Center,Ahmedabad,Gujarat,India,430197
ERP1945,Amit,Sharma,amit.sharma35@erp.com,9688724925,1994-11-18,TAX1945,BILL1945,REG46,2024-02-23,ERP,NAT2945,23 Brigade Rd,Opposite Mall,Hyderabad,Telangana,India,310523
ERP1316,Suresh,Banerjee,suresh.banerjee56@erp.com,9178503728,1984-12-27,TAX1316,BILL1316,REG17,2024-02-16,ERP,NAT2316,67 Law Garden Rd,Opposite Mall,Surat,Gujarat,India,896124
ERP1865,Ravi,Singh,ravi.singh17@erp.com,9065313709,1993-11-14,TAX1865,BILL1865,REG16,2024-08-09,ERP,NAT2865,77 Linking Rd,,Chennai,Tamil Nadu,India,879079
ERP1187,Divya,Mishra,divya.mishra53@erp.com,9794059771,1978-11-22,TAX1187,BILL1187,REG38,2024-03-28,ERP,NAT2187,90 Karol Bagh Market,Next to Market,Surat,Gujarat,India,335370
ERP1803,Rohit,Patel,rohit.patel16@erp.com,9692414640,1977-10-30,TAX1803,BILL1803,REG4,2025-08-09,ERP,NAT2803,67 Law Garden Rd,Opposite Mall,Mumbai,Maharashtra,India,540957
ERP1104,Shreya,Pandey,shreya.pandey35@erp.com,9678502132,1988-08-25,TAX1104,BILL1104,REG5,2024-01-14,ERP,NAT2104,77 Linking Rd,Next to Market,Mumbai,Maharashtra,India,872151
ERP1653,Meera,Kapoor,meera.kapoor6@erp.com,9359111968,1974-12-10,TAX1653,BILL1653,REG4,2025-09-10,ERP,NAT2653,34 JM Road,Above Central Bank,Jaipur,Rajasthan,India,700474
ERP1076,Kavita,Malhotra,kavita.malhotra72@erp.com,9004505887,1981-04-14,TAX1076,BILL1076,REG27,2025-12-21,ERP,NAT2076,44 Ashram Rd,Near Metro Station,Pune,Maharashtra,India,420165
ERP1924,Sunita,Srivastava,sunita.srivastava70@erp.com,9404958156,1990-07-16,TAX1924,BILL1924,REG25,2026-01-23,ERP,NAT2924,34 JM Road,Near Metro Station,Ahmedabad,Gujarat,India,505683
ERP1536,Divya,Desai,divya.desai77@erp.com,9433082342,1970-01-02,TAX1536,BILL1536,REG37,2025-06-21,ERP,NAT2536,12 MG Rd,Near City Center,Mumbai,Maharashtra,India,612539
ERP1160,Sunita,Joshi,sunita.joshi32@erp.com,9788943134,1981-06-09,TAX1160,BILL1160,REG11,2025-11-07,ERP,NAT2160,78 Connaught Pl,Next to Market,Kolkata,West Bengal,India,831133
ERP1127,Ajay,Nair,ajay.nair84@erp.com,9306781191,1974-08-28,TAX1127,BILL1127,REG28,2025-06-23,ERP,NAT2127,12 Residency Rd,Near Old Town,Jaipur,Rajasthan,India,237002
ERP1708,Rajiv,Dubey,rajiv.dubey47@erp.com,9385359458,2000-11-29,TAX1708,BILL1708,REG9,2026-01-26,ERP,NAT2708,34 JM Road,Near City Center,Surat,Gujarat,India,615581
ERP1215,Harish,Nair,harish.nair53@erp.com,9920323878,1985-10-16,TAX1215,BILL1215,REG16,2025-03-27,ERP,NAT2215,77 Linking Rd,Near Old Town,Mumbai,Maharashtra,India,463204
ERP1872,Prakash,Iyer,prakash.iyer8@erp.com,9664463006,1976-08-24,TAX1872,BILL1872,REG23,2024-07-01,ERP,NAT2872,44 Ashram Rd,Near Old Town,Delhi,Delhi,India,389310
ERP1022,Sunita,Bajaj,sunita.bajaj92@erp.com,9650406748,1977-06-06,TAX1022,BILL1022,REG23,2025-04-29,ERP,NAT2022,12 Residency Rd,Above Central Bank,Kolkata,West Bengal,India,815153
ERP1635,Meera,Srivastava,meera.srivastava80@erp.com,9562034747,1993-12-19,TAX1635,BILL1635,REG36,2025-06-26,ERP,NAT2635,90 Karol Bagh Market,Near Metro Station,Hyderabad,Telangana,India,166176
ERP1334,Ramesh,Reddy,ramesh.reddy46@erp.com,9902151416,1975-12-16,TAX1334,BILL1334,REG35,2026-03-20,ERP,NAT2334,23 Brigade Rd,Above Central Bank,Delhi,Delhi,India,714077
ERP1276,Kavita,Kapoor,kavita.kapoor49@erp.com,9118220798,1999-11-01,TAX1276,BILL1276,REG27,2025-06-21,ERP,NAT2276,56 Chandni Chowk,Above Central Bank,Mumbai,Maharashtra,India,508612
ERP1672,Rahul,Sharma,rahul.sharma34@erp.com,9013116166,1971-05-18,TAX1672,BILL1672,REG23,2024-03-06,ERP,NAT2672,90 Karol Bagh Market,,Chennai,Tamil Nadu,India,798041
ERP1553,Sachin,Gupta,sachin.gupta71@erp.com,9260202014,1994-10-18,TAX1553,BILL1553,REG4,2025-04-05,ERP,NAT2553,88 Worli Sea Face,,Chennai,Tamil Nadu,India,968162
ERP1461,Ajay,Menon,ajay.menon71@erp.com,9771052837,1998-12-04,TAX1461,BILL1461,REG12,2024-05-06,ERP,NAT2461,12 Residency Rd,Near Old Town,Bangalore,Karnataka,India,131623
ERP1948,Kavita,Pandey,kavita.pandey53@erp.com,9925323385,1982-10-20,TAX1948,BILL1948,REG49,2025-02-03,ERP,NAT2948,34 JM Road,Near Old Town,Chennai,Tamil Nadu,India,138142
ERP1245,Rekha,Sharma,rekha.sharma14@erp.com,9092971592,1996-02-24,TAX1245,BILL1245,REG46,2025-11-02,ERP,NAT2245,12 Residency Rd,Near Metro Station,Mumbai,Maharashtra,India,892404
ERP1300,Rohit,Bajaj,rohit.bajaj20@erp.com,9174849533,1995-10-16,TAX1300,BILL1300,REG1,2024-12-26,ERP,NAT2300,45 Marine Dr,Near Old Town,Chennai,Tamil Nadu,India,978218
ERP1665,Suresh,Joshi,suresh.joshi40@erp.com,9391122166,1983-09-12,TAX1665,BILL1665,REG16,2025-03-02,ERP,NAT2665,12 MG Rd,Near Metro Station,Kolkata,West Bengal,India,177975
ERP1625,Sneha,Patil,sneha.patil55@erp.com,9688508912,1974-06-15,TAX1625,BILL1625,REG26,2026-03-22,ERP,NAT2625,88 Worli Sea Face,Near Metro Station,Delhi,Delhi,India,453737
ERP1337,Manish,Banerjee,manish.banerjee38@erp.com,9600135298,1972-04-20,TAX1337,BILL1337,REG38,2024-08-10,ERP,NAT2337,34 JM Road,Above Central Bank,Kolkata,West Bengal,India,203439
ERP1606,Rohit,Iyer,rohit.iyer68@erp.com,9113086740,1981-02-19,TAX1606,BILL1606,REG7,2024-06-04,ERP,NAT2606,77 Linking Rd,Next to Market,Hyderabad,Telangana,India,266049
ERP1246,John,Patel,john.patel96@erp.com,9015462409,1995-12-03,TAX1246,BILL1246,REG47,2024-10-27,ERP,NAT2246,78 Connaught Pl,Above Central Bank,Jaipur,Rajasthan,India,705461
ERP1752,Neha,Shah,neha.shah38@erp.com,9765803880,1988-06-30,TAX1752,BILL1752,REG3,2024-09-17,ERP,NAT2752,67 Law Garden Rd,Opposite Mall,Bangalore,Karnataka,India,364156
ERP1073,Deepak,Kapoor,deepak.kapoor10@erp.com,9627571428,1985-03-06,TAX1073,BILL1073,REG24,2024-05-12,ERP,NAT2073,55 MI Rd,Near City Center,Chennai,Tamil Nadu,India,518492
ERP1222,Sanjay,Reddy,sanjay.reddy19@erp.com,9223646521,1995-04-25,TAX1222,BILL1222,REG23,2025-12-14,ERP,NAT2222,34 JM Road,Above Central Bank,Pune,Maharashtra,India,922402
ERP1668,Lakshmi,Guptha,lakshmi.guptha25@erp.com,9272909004,1970-05-02,TAX1668,BILL1668,REG19,2024-05-05,ERP,NAT2668,34 JM Road,Near Old Town,Bangalore,Karnataka,India,195170
ERP1425,Jane,Agarwal,jane.agarwal42@erp.com,9584210065,1987-10-21,TAX1425,BILL1425,REG26,2024-05-01,ERP,NAT2425,23 Brigade Rd,Above Central Bank,Jaipur,Rajasthan,India,113968
ERP1907,Kavita,Agarwal,kavita.agarwal34@erp.com,9006193065,1971-02-02,TAX1907,BILL1907,REG8,2026-03-07,ERP,NAT2907,55 MI Rd,Near Metro Station,Bangalore,Karnataka,India,912418
ERP1527,Rahul,Srivastava,rahul.srivastava80@erp.com,9087384813,1994-08-06,TAX1527,BILL1527,REG28,2026-02-13,ERP,NAT2527,90 Karol Bagh Market,Near Old Town,Mumbai,Maharashtra,India,644368
ERP1028,Rohit,Sharma,rohit.sharma67@erp.com,9458749845,1997-11-19,TAX1028,BILL1028,REG29,2025-12-25,ERP,NAT2028,44 Ashram Rd,Next to Market,Mumbai,Maharashtra,India,938862
ERP1709,Prakash,Patel,prakash.patel29@erp.com,9424537308,1983-04-02,TAX1709,BILL1709,REG10,2025-11-18,ERP,NAT2709,88 Worli Sea Face,Near Metro Station,Surat,Gujarat,India,612295
ERP1479,Jane,Gupta,jane.gupta58@erp.com,9781304875,1987-01-13,TAX1479,BILL1479,REG30,2025-05-16,ERP,NAT2479,101 FC Rd,Opposite Mall,Kolkata,West Bengal,India,864721
ERP1734,Sunil,Menon,sunil.menon32@erp.com,9526213459,1979-03-22,TAX1734,BILL1734,REG35,2026-01-13,ERP,NAT2734,45 Marine Dr,Near Old Town,Surat,Gujarat,India,299557
ERP1058,Sanjay,Gupta,sanjay.gupta1@erp.com,9566525243,1981-08-21,TAX1058,BILL1058,REG9,2025-05-28,ERP,NAT2058,44 Ashram Rd,Near Metro Station,Ahmedabad,Gujarat,India,674355
ERP1282,Rajiv,Dubey,rajiv.dubey24@erp.com,9374217885,1980-10-17,TAX1282,BILL1282,REG33,2025-12-02,ERP,NAT2282,90 Karol Bagh Market,Opposite Mall,Chennai,Tamil Nadu,India,867918
ERP1272,John,Nair,john.nair89@erp.com,9258819973,1979-04-08,TAX1272,BILL1272,REG23,2026-03-07,ERP,NAT2272,23 Brigade Rd,Near City Center,Pune,Maharashtra,India,258051
ERP1210,Ravi,Shah,ravi.shah7@erp.com,9396375663,1988-01-26,TAX1210,BILL1210,REG11,2025-05-28,ERP,NAT2210,12 MG Rd,Near City Center,Pune,Maharashtra,India,164579
ERP1294,Lakshmi,Desai,lakshmi.desai20@erp.com,9552063838,1970-08-22,TAX1294,BILL1294,REG45,2024-08-29,ERP,NAT2294,101 FC Rd,Above Central Bank,Chennai,Tamil Nadu,India,524909
ERP1229,Neha,Singh,neha.singh65@erp.com,9240291377,1986-11-02,TAX1229,BILL1229,REG30,2025-01-05,ERP,NAT2229,77 Linking Rd,Next to Market,Jaipur,Rajasthan,India,101007
ERP1151,Prakash,Kapoor,prakash.kapoor59@erp.com,9257878529,1988-08-30,TAX1151,BILL1151,REG2,2024-12-16,ERP,NAT2151,88 Worli Sea Face,Next to Market,Hyderabad,Telangana,India,495811
ERP1667,Sunita,Nair,sunita.nair42@erp.com,9333144907,1984-03-29,TAX1667,BILL1667,REG18,2025-11-01,ERP,NAT2667,12 Residency Rd,Near City Center,Surat,Gujarat,India,468976
ERP1120,Vikas,Agarwal,vikas.agarwal83@erp.com,9574067643,1979-05-17,TAX1120,BILL1120,REG21,2025-02-03,ERP,NAT2120,12 MG Rd,Next to Market,Surat,Gujarat,India,116639
ERP1359,John,Malhotra,john.malhotra43@erp.com,9940241153,1986-07-03,TAX1359,BILL1359,REG10,2024-07-16,ERP,NAT2359,12 MG Rd,Above Central Bank,Kolkata,West Bengal,India,337932
ERP1388,Meena,Patil,meena.patil73@erp.com,9298007347,1979-12-05,TAX1388,BILL1388,REG39,2024-12-08,ERP,NAT2388,101 FC Rd,Above Central Bank,Chennai,Tamil Nadu,India,274760
ERP1360,Shreya,Patil,shreya.patil28@erp.com,9489339712,1988-09-04,TAX1360,BILL1360,REG11,2024-07-27,ERP,NAT2360,45 Marine Dr,Near City Center,Jaipur,Rajasthan,India,436451
ERP1695,Vinod,Patel,vinod.patel37@erp.com,9082640273,1989-02-09,TAX1695,BILL1695,REG46,2025-10-12,ERP,NAT2695,45 Marine Dr,,Delhi,Delhi,India,725818
ERP1271,Shreya,Desai,shreya.desai41@erp.com,9546690758,1989-03-19,TAX1271,BILL1271,REG22,2024-02-22,ERP,NAT2271,101 FC Rd,Above Central Bank,Hyderabad,Telangana,India,413728
ERP1235,Manish,Chopra,manish.chopra8@erp.com,9912503271,1977-03-20,TAX1235,BILL1235,REG36,2024-12-04,ERP,NAT2235,101 FC Rd,,Mumbai,Maharashtra,India,243233
ERP1268,Arvind,Gupta,arvind.gupta55@erp.com,9308001949,1988-11-10,TAX1268,BILL1268,REG19,2025-05-21,ERP,NAT2268,12 Residency Rd,Above Central Bank,Hyderabad,Telangana,India,486158
ERP1762,Suresh,Patil,suresh.patil16@erp.com,9626999072,1990-07-28,TAX1762,BILL1762,REG13,2025-02-15,ERP,NAT2762,12 MG Rd,,Pune,Maharashtra,India,270038
ERP1542,Vinod,Nair,vinod.nair79@erp.com,9960693437,1971-03-22,TAX1542,BILL1542,REG43,2025-12-03,ERP,NAT2542,45 Marine Dr,,Delhi,Delhi,India,562886
ERP1786,Ravi,Patil,ravi.patil50@erp.com,9894905658,2000-03-12,TAX1786,BILL1786,REG37,2025-02-23,ERP,NAT2786,101 FC Rd,Near Metro Station,Hyderabad,Telangana,India,968300
ERP1371,Kavita,Sharma,kavita.sharma8@erp.com,9854800346,1989-04-18,TAX1371,BILL1371,REG22,2025-12-10,ERP,NAT2371,88 Worli Sea Face,Next to Market,Surat,Gujarat,India,581915
ERP1091,Deepak,Shah,deepak.shah36@erp.com,9285985237,1986-04-27,TAX1091,BILL1091,REG42,2025-01-06,ERP,NAT2091,88 Worli Sea Face,Above Central Bank,Jaipur,Rajasthan,India,222886
ERP1582,Prakash,Pandey,prakash.pandey76@erp.com,9538036087,1975-03-11,TAX1582,BILL1582,REG33,2025-02-11,ERP,NAT2582,77 Linking Rd,Near City Center,Bangalore,Karnataka,India,688199
ERP1837,Alok,Yadav,alok.yadav63@erp.com,9651709251,1989-08-09,TAX1837,BILL1837,REG38,2025-03-03,ERP,NAT2837,12 Residency Rd,Near Old Town,Hyderabad,Telangana,India,443235
ERP1935,Rajiv,Bajaj,rajiv.bajaj67@erp.com,9294464835,1987-12-27,TAX1935,BILL1935,REG36,2024-09-16,ERP,NAT2935,12 Residency Rd,Near Old Town,Hyderabad,Telangana,India,220512
ERP1481,Sunil,Mishra,sunil.mishra39@erp.com,9871547917,1990-09-10,TAX1481,BILL1481,REG32,2025-01-30,ERP,NAT2481,55 MI Rd,Above Central Bank,Surat,Gujarat,India,535367
ERP1373,Lakshmi,Joshi,lakshmi.joshi90@erp.com,9021496952,1981-07-15,TAX1373,BILL1373,REG24,2024-03-03,ERP,NAT2373,78 Connaught Pl,Opposite Mall,Pune,Maharashtra,India,495334
ERP1878,Meera,Pandey,meera.pandey1@erp.com,9761197372,1993-12-09,TAX1878,BILL1878,REG29,2025-09-15,ERP,NAT2878,56 Chandni Chowk,Near Old Town,Chennai,Tamil Nadu,India,759256
ERP1351,Suresh,Yadav,suresh.yadav88@erp.com,9539941673,1999-08-14,TAX1351,BILL1351,REG2,2026-03-23,ERP,NAT2351,23 Brigade Rd,Next to Market,Mumbai,Maharashtra,India,793900
ERP1002,Arvind,Pandey,arvind.pandey47@erp.com,9116206011,1992-06-01,TAX1002,BILL1002,REG3,2025-02-09,ERP,NAT2002,90 Karol Bagh Market,Above Central Bank,Kolkata,West Bengal,India,505384
ERP1074,Anjali,Rao,anjali.rao5@erp.com,9610147658,1976-11-16,TAX1074,BILL1074,REG25,2026-03-20,ERP,NAT2074,45 Marine Dr,Next to Market,Hyderabad,Telangana,India,542672
ERP1607,Sanjay,Kaur,sanjay.kaur20@erp.com,9943176929,1988-05-14,TAX1607,BILL1607,REG8,2024-05-08,ERP,NAT2607,12 MG Rd,Next to Market,Pune,Maharashtra,India,856024
ERP1529,Rekha,Pandey,rekha.pandey6@erp.com,9686389985,1971-04-12,TAX1529,BILL1529,REG30,2024-03-02,ERP,NAT2529,44 Ashram Rd,Near City Center,Surat,Gujarat,India,112892
ERP1615,Rajiv,Gupta,rajiv.gupta39@erp.com,9044271234,1979-04-21,TAX1615,BILL1615,REG16,2025-07-21,ERP,NAT2615,34 JM Road,Near City Center,Pune,Maharashtra,India,332373
ERP1185,Priya,Mehta,priya.mehta73@erp.com,9484310700,1983-12-29,TAX1185,BILL1185,REG36,2025-07-25,ERP,NAT2185,67 Law Garden Rd,Near Old Town,Chennai,Tamil Nadu,India,833708
ERP1785,Ramesh,Agarwal,ramesh.agarwal35@erp.com,9801350761,1994-08-27,TAX1785,BILL1785,REG36,2024-10-02,ERP,NAT2785,44 Ashram Rd,Opposite Mall,Jaipur,Rajasthan,India,868147
ERP1052,Anjali,Rao,anjali.rao52@erp.com,9478818119,1992-09-04,TAX1052,BILL1052,REG3,2024-04-23,ERP,NAT2052,45 Marine Dr,Near Old Town,Mumbai,Maharashtra,India,554040
ERP1895,Sanjay,Kaur,sanjay.kaur60@erp.com,9899113763,1997-06-10,TAX1895,BILL1895,REG46,2024-07-26,ERP,NAT2895,12 Residency Rd,Near City Center,Kolkata,West Bengal,India,258181
ERP1482,Arvind,Desai,arvind.desai12@erp.com,9279503681,1997-05-03,TAX1482,BILL1482,REG33,2025-12-15,ERP,NAT2482,34 JM Road,Near Old Town,Chennai,Tamil Nadu,India,737003
ERP1619,Rohit,Mishra,rohit.mishra25@erp.com,9077269374,1974-12-13,TAX1619,BILL1619,REG20,2024-12-28,ERP,NAT2619,55 MI Rd,Near Old Town,Ahmedabad,Gujarat,India,800606
ERP1358,Seema,Kumar,seema.kumar52@erp.com,9027737981,1998-08-17,TAX1358,BILL1358,REG9,2025-06-26,ERP,NAT2358,55 MI Rd,,Surat,Gujarat,India,853970
ERP1519,Harish,Banerjee,harish.banerjee3@erp.com,9614331086,1993-11-22,TAX1519,BILL1519,REG20,2026-02-08,ERP,NAT2519,56 Chandni Chowk,Opposite Mall,Chennai,Tamil Nadu,India,708803
ERP1543,Rohit,Kaur,rohit.kaur89@erp.com,9158446894,1988-02-27,TAX1543,BILL1543,REG44,2024-12-30,ERP,NAT2543,78 Connaught Pl,Next to Market,Delhi,Delhi,India,641897
ERP1434,Prakash,Kumar,prakash.kumar54@erp.com,9139526469,1995-04-21,TAX1434,BILL1434,REG35,2024-10-30,ERP,NAT2434,44 Ashram Rd,Near Old Town,Bangalore,Karnataka,India,118591
ERP1130,Harish,Agarwal,harish.agarwal98@erp.com,9783719984,1996-07-01,TAX1130,BILL1130,REG31,2024-12-04,ERP,NAT2130,12 Residency Rd,Near Old Town,Hyderabad,Telangana,India,568988
ERP1515,Rekha,Iyer,rekha.iyer38@erp.com,9221981106,1994-08-24,TAX1515,BILL1515,REG16,2025-10-16,ERP,NAT2515,12 MG Rd,Near Metro Station,Hyderabad,Telangana,India,402303
ERP1132,John,Guptha,john.guptha43@erp.com,9081656495,1977-08-24,TAX1132,BILL1132,REG33,2024-06-23,ERP,NAT2132,44 Ashram Rd,Near Old Town,Delhi,Delhi,India,880633
ERP1125,Arjun,Malhotra,arjun.malhotra51@erp.com,9018351442,1991-10-23,TAX1125,BILL1125,REG26,2024-11-30,ERP,NAT2125,67 Law Garden Rd,,Hyderabad,Telangana,India,935923
ERP1135,Rekha,Patel,rekha.patel73@erp.com,9736213745,1989-03-16,TAX1135,BILL1135,REG36,2024-12-01,ERP,NAT2135,78 Connaught Pl,Near Metro Station,Jaipur,Rajasthan,India,924745
ERP1266,Vinod,Tiwari,vinod.tiwari91@erp.com,9120797975,1993-05-09,TAX1266,BILL1266,REG17,2025-01-09,ERP,NAT2266,45 Marine Dr,Near Old Town,Bangalore,Karnataka,India,208030
ERP1867,Vinay,Yadav,vinay.yadav52@erp.com,9939518332,1999-02-10,TAX1867,BILL1867,REG18,2024-06-21,ERP,NAT2867,56 Chandni Chowk,,Mumbai,Maharashtra,India,870938
ERP1389,Divya,Guptha,divya.guptha10@erp.com,9500752195,1994-09-05,TAX1389,BILL1389,REG40,2025-11-12,ERP,NAT2389,12 Residency Rd,Opposite Mall,Chennai,Tamil Nadu,India,680932
ERP1068,Lakshmi,Yadav,lakshmi.yadav93@erp.com,9095257520,1990-09-04,TAX1068,BILL1068,REG19,2024-02-20,ERP,NAT2068,34 JM Road,Next to Market,Mumbai,Maharashtra,India,384705
ERP1254,Sanjay,Patil,sanjay.patil24@erp.com,9413206522,1987-02-17,TAX1254,BILL1254,REG5,2024-09-05,ERP,NAT2254,23 Brigade Rd,Near Metro Station,Bangalore,Karnataka,India,104629
ERP1584,Sachin,Malhotra,sachin.malhotra71@erp.com,9103004207,1986-05-14,TAX1584,BILL1584,REG35,2024-02-25,ERP,NAT2584,45 Marine Dr,Next to Market,Delhi,Delhi,India,364642
ERP1593,Divya,Guptha,divya.guptha77@erp.com,9969509453,1988-07-29,TAX1593,BILL1593,REG44,2026-01-26,ERP,NAT2593,90 Karol Bagh Market,Opposite Mall,Delhi,Delhi,India,863783
ERP1170,Prakash,Patel,prakash.patel98@erp.com,9048374150,1975-08-09,TAX1170,BILL1170,REG21,2025-12-02,ERP,NAT2170,55 MI Rd,Next to Market,Ahmedabad,Gujarat,India,573355
ERP1092,Arjun,Iyer,arjun.iyer38@erp.com,9158160210,1973-10-09,TAX1092,BILL1092,REG43,2024-03-20,ERP,NAT2092,45 Marine Dr,Next to Market,Jaipur,Rajasthan,India,456027
ERP1629,Rekha,Dubey,rekha.dubey68@erp.com,9424836994,1988-10-08,TAX1629,BILL1629,REG30,2025-01-18,ERP,NAT2629,12 Residency Rd,Near City Center,Chennai,Tamil Nadu,India,324839
ERP1178,Divya,Gupta,divya.gupta46@erp.com,9730203668,1972-05-05,TAX1178,BILL1178,REG29,2025-03-09,ERP,NAT2178,77 Linking Rd,Near City Center,Mumbai,Maharashtra,India,632771
ERP1834,Sneha,Patil,sneha.patil5@erp.com,9325164420,1985-03-16,TAX1834,BILL1834,REG35,2024-02-23,ERP,NAT2834,45 Marine Dr,Opposite Mall,Bangalore,Karnataka,India,882615
ERP1299,Meera,Joshi,meera.joshi38@erp.com,9805446415,1970-02-13,TAX1299,BILL1299,REG50,2025-06-30,ERP,NAT2299,34 JM Road,Opposite Mall,Mumbai,Maharashtra,India,575754
ERP1573,John,Guptha,john.guptha6@erp.com,9988179980,2000-05-27,TAX1573,BILL1573,REG24,2024-08-18,ERP,NAT2573,88 Worli Sea Face,Above Central Bank,Kolkata,West Bengal,India,512867
ERP1453,Lakshmi,Tiwari,lakshmi.tiwari53@erp.com,9801151451,1989-12-19,TAX1453,BILL1453,REG4,2025-10-22,ERP,NAT2453,12 MG Rd,Near City Center,Jaipur,Rajasthan,India,796785
ERP1296,Vikas,Kumar,vikas.kumar56@erp.com,9866525127,1980-09-29,TAX1296,BILL1296,REG47,2024-09-17,ERP,NAT2296,67 Law Garden Rd,Above Central Bank,Mumbai,Maharashtra,India,841725
ERP1611,Arvind,Iyer,arvind.iyer63@erp.com,9372135301,1998-08-01,TAX1611,BILL1611,REG12,2025-05-21,ERP,NAT2611,78 Connaught Pl,Near Old Town,Chennai,Tamil Nadu,India,969535
ERP1033,Rajiv,Kumar,rajiv.kumar21@erp.com,9998987795,1971-04-01,TAX1033,BILL1033,REG34,2024-03-19,ERP,NAT2033,77 Linking Rd,Near Metro Station,Delhi,Delhi,India,200453
ERP1032,Ramesh,Agarwal,ramesh.agarwal78@erp.com,9842940210,1981-02-10,TAX1032,BILL1032,REG33,2025-10-08,ERP,NAT2032,90 Karol Bagh Market,Near City Center,Hyderabad,Telangana,India,946256
ERP1077,Sanjay,Reddy,sanjay.reddy57@erp.com,9494403158,1999-06-24,TAX1077,BILL1077,REG28,2024-05-19,ERP,NAT2077,44 Ashram Rd,Near Old Town,Delhi,Delhi,India,298806
ERP1906,Vikas,Nair,vikas.nair99@erp.com,9155881256,1984-07-20,TAX1906,BILL1906,REG7,2024-01-28,ERP,NAT2906,90 Karol Bagh Market,Above Central Bank,Bangalore,Karnataka,India,848376
ERP1812,Arvind,Nair,arvind.nair46@erp.com,9050018133,1984-10-20,TAX1812,BILL1812,REG13,2024-12-26,ERP,NAT2812,101 FC Rd,Near Metro Station,Delhi,Delhi,India,545140
ERP1904,Sunil,Kaur,sunil.kaur17@erp.com,9213111461,1970-05-09,TAX1904,BILL1904,REG5,2024-10-14,ERP,NAT2904,78 Connaught Pl,Near Old Town,Bangalore,Karnataka,India,964751
ERP1462,Sachin,Guptha,sachin.guptha23@erp.com,9541820578,1988-04-17,TAX1462,BILL1462,REG13,2025-11-14,ERP,NAT2462,77 Linking Rd,Near City Center,Jaipur,Rajasthan,India,160511
ERP1420,Anjali,Joshi,anjali.joshi80@erp.com,9370831335,1972-07-28,TAX1420,BILL1420,REG21,2024-11-06,ERP,NAT2420,101 FC Rd,Near City Center,Surat,Gujarat,India,697488
ERP1011,Rohit,Singh,rohit.singh47@erp.com,9685449119,1976-08-31,TAX1011,BILL1011,REG12,2024-11-14,ERP,NAT2011,34 JM Road,Near Metro Station,Pune,Maharashtra,India,735553
ERP1815,Prakash,Tiwari,prakash.tiwari94@erp.com,9547823593,1999-11-16,TAX1815,BILL1815,REG16,2025-06-23,ERP,NAT2815,90 Karol Bagh Market,Near Old Town,Pune,Maharashtra,India,381438
ERP1577,Alok,Mishra,alok.mishra81@erp.com,9890992874,1988-04-03,TAX1577,BILL1577,REG28,2025-02-15,ERP,NAT2577,56 Chandni Chowk,Near Metro Station,Surat,Gujarat,India,803797
ERP1106,Sanjay,Bajaj,sanjay.bajaj78@erp.com,9109993944,1976-08-06,TAX1106,BILL1106,REG7,2026-03-29,ERP,NAT2106,67 Law Garden Rd,Near Old Town,Jaipur,Rajasthan,India,166963
ERP1873,Jane,Shah,jane.shah3@erp.com,9415763922,1997-07-25,TAX1873,BILL1873,REG24,2024-10-01,ERP,NAT2873,12 Residency Rd,Near City Center,Kolkata,West Bengal,India,560527
ERP1793,Neha,Iyer,neha.iyer6@erp.com,9060809127,1991-08-15,TAX1793,BILL1793,REG44,2025-09-09,ERP,NAT2793,67 Law Garden Rd,Next to Market,Ahmedabad,Gujarat,India,940924
ERP1678,Shalini,Nair,shalini.nair29@erp.com,9556755997,1996-10-22,TAX1678,BILL1678,REG29,2024-12-22,ERP,NAT2678,45 Marine Dr,Above Central Bank,Bangalore,Karnataka,India,835778
ERP1217,Meera,Malhotra,meera.malhotra91@erp.com,9997468355,1995-04-13,TAX1217,BILL1217,REG18,2025-11-13,ERP,NAT2217,67 Law Garden Rd,,Jaipur,Rajasthan,India,999067
ERP1523,Jane,Kapoor,jane.kapoor32@erp.com,9121581383,1998-05-04,TAX1523,BILL1523,REG24,2025-09-18,ERP,NAT2523,23 Brigade Rd,Opposite Mall,Mumbai,Maharashtra,India,375192
ERP1825,Sunil,Srivastava,sunil.srivastava29@erp.com,9512335419,1972-07-31,TAX1825,BILL1825,REG26,2025-12-12,ERP,NAT2825,12 Residency Rd,Above Central Bank,Mumbai,Maharashtra,India,831227
ERP1934,Vinay,Sharma,vinay.sharma62@erp.com,9438626152,1989-07-02,TAX1934,BILL1934,REG35,2024-05-18,ERP,NAT2934,12 Residency Rd,Near City Center,Surat,Gujarat,India,423913
ERP1923,Deepak,Chopra,deepak.chopra6@erp.com,9880388436,1982-03-10,TAX1923,BILL1923,REG24,2025-06-30,ERP,NAT2923,101 FC Rd,Near Metro Station,Surat,Gujarat,India,367363
ERP1806,Anjali,Yadav,anjali.yadav30@erp.com,9604390413,1972-09-02,TAX1806,BILL1806,REG7,2025-01-11,ERP,NAT2806,90 Karol Bagh Market,Next to Market,Pune,Maharashtra,India,553217
ERP1154,Meena,Rao,meena.rao18@erp.com,9409974696,1998-01-01,TAX1154,BILL1154,REG5,2024-07-28,ERP,NAT2154,90 Karol Bagh Market,Opposite Mall,Bangalore,Karnataka,India,489508
ERP1493,Seema,Bajaj,seema.bajaj50@erp.com,9653891670,1996-12-22,TAX1493,BILL1493,REG44,2024-04-08,ERP,NAT2493,44 Ashram Rd,Opposite Mall,Surat,Gujarat,India,837991
ERP1636,Sunil,Desai,sunil.desai30@erp.com,9572250107,1975-04-05,TAX1636,BILL1636,REG37,2024-12-04,ERP,NAT2636,78 Connaught Pl,Near Metro Station,Hyderabad,Telangana,India,725008
ERP1910,Divya,Patel,divya.patel55@erp.com,9217472718,1988-07-16,TAX1910,BILL1910,REG11,2025-05-30,ERP,NAT2910,12 Residency Rd,Opposite Mall,Chennai,Tamil Nadu,India,315124
ERP1737,Anita,Tiwari,anita.tiwari7@erp.com,9962240350,1970-08-27,TAX1737,BILL1737,REG38,2024-10-20,ERP,NAT2737,44 Ashram Rd,Near City Center,Delhi,Delhi,India,235885
ERP1403,Arvind,Gupta,arvind.gupta90@erp.com,9863859888,1989-05-11,TAX1403,BILL1403,REG4,2026-02-27,ERP,NAT2403,44 Ashram Rd,Near Metro Station,Delhi,Delhi,India,258511
ERP1783,Jane,Sharma,jane.sharma33@erp.com,9663252519,1982-08-29,TAX1783,BILL1783,REG34,2024-02-06,ERP,NAT2783,34 JM Road,Near Old Town,Jaipur,Rajasthan,India,922334
ERP1323,Sunita,Mishra,sunita.mishra13@erp.com,9308681686,1994-12-20,TAX1323,BILL1323,REG24,2025-02-25,ERP,NAT2323,34 JM Road,Near Metro Station,Jaipur,Rajasthan,India,969781
ERP1652,Arvind,Agarwal,arvind.agarwal89@erp.com,9481979159,1975-06-07,TAX1652,BILL1652,REG3,2025-09-08,ERP,NAT2652,88 Worli Sea Face,Near City Center,Mumbai,Maharashtra,India,409438
ERP1269,Shreya,Malhotra,shreya.malhotra97@erp.com,9929494368,1993-11-13,TAX1269,BILL1269,REG20,2024-01-10,ERP,NAT2269,90 Karol Bagh Market,Near City Center,Chennai,Tamil Nadu,India,312099
ERP1133,Sneha,Pandey,sneha.pandey54@erp.com,9491736375,1996-07-31,TAX1133,BILL1133,REG34,2025-10-17,ERP,NAT2133,12 Residency Rd,,Jaipur,Rajasthan,India,791715
ERP1466,John,Reddy,john.reddy24@erp.com,9293021170,1977-01-10,TAX1466,BILL1466,REG17,2025-11-05,ERP,NAT2466,78 Connaught Pl,Next to Market,Hyderabad,Telangana,India,999476
ERP1484,Sanjay,Gupta,sanjay.gupta90@erp.com,9320096580,1981-06-20,TAX1484,BILL1484,REG35,2024-08-16,ERP,NAT2484,90 Karol Bagh Market,Near Old Town,Chennai,Tamil Nadu,India,899071
ERP1303,Neha,Banerjee,neha.banerjee3@erp.com,9684126323,1974-08-30,TAX1303,BILL1303,REG4,2025-03-28,ERP,NAT2303,55 MI Rd,Near City Center,Surat,Gujarat,India,792188
ERP1056,Lakshmi,Malhotra,lakshmi.malhotra27@erp.com,9687964079,1971-01-15,TAX1056,BILL1056,REG7,2024-10-16,ERP,NAT2056,34 JM Road,,Ahmedabad,Gujarat,India,478550
ERP1725,Prakash,Srivastava,prakash.srivastava2@erp.com,9344534784,1980-06-08,TAX1725,BILL1725,REG26,2024-12-30,ERP,NAT2725,44 Ashram Rd,Above Central Bank,Bangalore,Karnataka,India,632367
ERP1290,Neha,Mishra,neha.mishra39@erp.com,9470571598,1987-05-06,TAX1290,BILL1290,REG41,2024-02-21,ERP,NAT2290,34 JM Road,Above Central Bank,Pune,Maharashtra,India,649298
ERP1750,Anita,Shah,anita.shah81@erp.com,9514059369,1970-11-10,TAX1750,BILL1750,REG1,2025-08-07,ERP,NAT2750,45 Marine Dr,Near Old Town,Chennai,Tamil Nadu,India,367222
ERP1896,Jane,Desai,jane.desai78@erp.com,9052008880,1986-11-04,TAX1896,BILL1896,REG47,2024-02-22,ERP,NAT2896,44 Ashram Rd,Next to Market,Pune,Maharashtra,India,308346
ERP1710,Ramesh,Kapoor,ramesh.kapoor45@erp.com,9487297892,1976-09-06,TAX1710,BILL1710,REG11,2024-08-15,ERP,NAT2710,23 Brigade Rd,Above Central Bank,Surat,Gujarat,India,757287
ERP1944,Sunita,Desai,sunita.desai53@erp.com,9959323804,1989-04-28,TAX1944,BILL1944,REG45,2024-03-29,ERP,NAT2944,12 Residency Rd,Near Metro Station,Surat,Gujarat,India,477909
ERP1439,Shalini,Agarwal,shalini.agarwal83@erp.com,9681557280,1976-02-03,TAX1439,BILL1439,REG40,2026-02-08,ERP,NAT2439,12 Residency Rd,Above Central Bank,Hyderabad,Telangana,India,202333
ERP1538,Lakshmi,Iyer,lakshmi.iyer55@erp.com,9265805815,1972-02-16,TAX1538,BILL1538,REG39,2025-08-25,ERP,NAT2538,12 MG Rd,Next to Market,Hyderabad,Telangana,India,330154
ERP1468,Arjun,Pandey,arjun.pandey26@erp.com,9916418068,1972-01-06,TAX1468,BILL1468,REG19,2024-12-19,ERP,NAT2468,45 Marine Dr,Next to Market,Kolkata,West Bengal,India,230335
ERP1696,John,Dubey,john.dubey5@erp.com,9872412993,2000-12-13,TAX1696,BILL1696,REG47,2026-01-08,ERP,NAT2696,56 Chandni Chowk,Above Central Bank,Jaipur,Rajasthan,India,969484
ERP1354,Meena,Shah,meena.shah69@erp.com,9922356621,1984-11-19,TAX1354,BILL1354,REG5,2025-03-26,ERP,NAT2354,23 Brigade Rd,Above Central Bank,Jaipur,Rajasthan,India,539960
ERP1317,Shreya,Agarwal,shreya.agarwal92@erp.com,9145890402,1982-06-30,TAX1317,BILL1317,REG18,2026-02-06,ERP,NAT2317,90 Karol Bagh Market,,Pune,Maharashtra,India,342938
ERP1720,Rohit,Yadav,rohit.yadav27@erp.com,9479289643,1973-01-12,TAX1720,BILL1720,REG21,2025-01-16,ERP,NAT2720,45 Marine Dr,Near City Center,Surat,Gujarat,India,343149
ERP1608,Manish,Kapoor,manish.kapoor56@erp.com,9947135189,1997-07-24,TAX1608,BILL1608,REG9,2024-12-09,ERP,NAT2608,23 Brigade Rd,Near Old Town,Jaipur,Rajasthan,India,633408
ERP1149,Pooja,Kumar,pooja.kumar61@erp.com,9977742965,1994-10-27,TAX1149,BILL1149,REG50,2025-07-07,ERP,NAT2149,12 Residency Rd,Above Central Bank,Pune,Maharashtra,India,266037
ERP1950,Priya,Menon,priya.menon77@erp.com,9114224289,1989-04-11,TAX1950,BILL1950,REG1,2025-02-05,ERP,NAT2950,44 Ashram Rd,Near Old Town,Bangalore,Karnataka,India,798358
ERP1795,Shalini,Mehta,shalini.mehta63@erp.com,9114000155,1988-11-04,TAX1795,BILL1795,REG46,2024-10-21,ERP,NAT2795,90 Karol Bagh Market,,Jaipur,Rajasthan,India,714904
ERP1916,Arvind,Srivastava,arvind.srivastava70@erp.com,9616306580,1987-05-16,TAX1916,BILL1916,REG17,2024-01-12,ERP,NAT2916,12 Residency Rd,Next to Market,Chennai,Tamil Nadu,India,912682
ERP1233,Vinod,Menon,vinod.menon96@erp.com,9366918330,1982-02-19,TAX1233,BILL1233,REG34,2025-03-11,ERP,NAT2233,23 Brigade Rd,Above Central Bank,Surat,Gujarat,India,658555
ERP1295,Arjun,Patel,arjun.patel66@erp.com,9886235770,1982-09-27,TAX1295,BILL1295,REG46,2026-03-12,ERP,NAT2295,34 JM Road,Next to Market,Bangalore,Karnataka,India,394951
ERP1794,Sachin,Banerjee,sachin.banerjee29@erp.com,9513462243,1992-03-28,TAX1794,BILL1794,REG45,2026-03-10,ERP,NAT2794,12 MG Rd,Above Central Bank,Ahmedabad,Gujarat,India,651029
ERP1659,Neha,Tiwari,neha.tiwari25@erp.com,9393346468,1989-12-30,TAX1659,BILL1659,REG10,2025-03-26,ERP,NAT2659,12 MG Rd,Opposite Mall,Delhi,Delhi,India,185095
ERP1302,Sunita,Guptha,sunita.guptha95@erp.com,9708480994,1972-09-12,TAX1302,BILL1302,REG3,2024-07-06,ERP,NAT2302,67 Law Garden Rd,Next to Market,Bangalore,Karnataka,India,106424
ERP1286,Kavita,Banerjee,kavita.banerjee25@erp.com,9350451596,1999-12-15,TAX1286,BILL1286,REG37,2024-11-06,ERP,NAT2286,67 Law Garden Rd,Near City Center,Hyderabad,Telangana,India,109512
ERP1722,Harish,Chopra,harish.chopra26@erp.com,9477023628,1998-08-14,TAX1722,BILL1722,REG23,2024-10-11,ERP,NAT2722,34 JM Road,Next to Market,Bangalore,Karnataka,India,876396
ERP1469,Seema,Kapoor,seema.kapoor96@erp.com,9356361382,1972-11-13,TAX1469,BILL1469,REG20,2024-07-03,ERP,NAT2469,34 JM Road,Near Metro Station,Delhi,Delhi,India,368455
ERP1507,John,Guptha,john.guptha68@erp.com,9586618344,1972-03-15,TAX1507,BILL1507,REG8,2025-07-06,ERP,NAT2507,12 MG Rd,Opposite Mall,Bangalore,Karnataka,India,522703
ERP1618,Anita,Shah,anita.shah77@erp.com,9238458249,1992-06-18,TAX1618,BILL1618,REG19,2025-06-25,ERP,NAT2618,67 Law Garden Rd,Above Central Bank,Mumbai,Maharashtra,India,873432
ERP1138,Shreya,Chopra,shreya.chopra98@erp.com,9096289131,1985-05-13,TAX1138,BILL1138,REG39,2025-08-07,ERP,NAT2138,56 Chandni Chowk,,Jaipur,Rajasthan,India,235164
ERP1643,Alok,Pandey,alok.pandey70@erp.com,9262002399,1994-03-17,TAX1643,BILL1643,REG44,2025-05-19,ERP,NAT2643,44 Ashram Rd,,Ahmedabad,Gujarat,India,114272
ERP1253,Suresh,Patil,suresh.patil86@erp.com,9219610860,1998-06-04,TAX1253,BILL1253,REG4,2025-09-30,ERP,NAT2253,67 Law Garden Rd,Above Central Bank,Surat,Gujarat,India,958725
ERP1675,Rekha,Joshi,rekha.joshi16@erp.com,9272170889,1991-03-22,TAX1675,BILL1675,REG26,2024-11-20,ERP,NAT2675,55 MI Rd,Above Central Bank,Mumbai,Maharashtra,India,514979
ERP1021,Kavita,Gupta,kavita.gupta95@erp.com,9874689045,1977-02-15,TAX1021,BILL1021,REG22,2025-05-14,ERP,NAT2021,101 FC Rd,Above Central Bank,Hyderabad,Telangana,India,418945
ERP1237,Divya,Srivastava,divya.srivastava88@erp.com,9035074124,1995-04-13,TAX1237,BILL1237,REG38,2024-12-01,ERP,NAT2237,23 Brigade Rd,,Bangalore,Karnataka,India,420712
ERP1747,Sunita,Agarwal,sunita.agarwal2@erp.com,9605565195,1977-10-26,TAX1747,BILL1747,REG48,2024-02-19,ERP,NAT2747,45 Marine Dr,Above Central Bank,Jaipur,Rajasthan,India,512675
ERP1281,Rekha,Guptha,rekha.guptha36@erp.com,9096933548,1977-11-18,TAX1281,BILL1281,REG32,2025-12-19,ERP,NAT2281,101 FC Rd,Near Metro Station,Surat,Gujarat,India,635223
ERP1409,Seema,Patel,seema.patel43@erp.com,9915648044,1999-05-10,TAX1409,BILL1409,REG10,2025-06-04,ERP,NAT2409,12 Residency Rd,Near City Center,Bangalore,Karnataka,India,226603
ERP1102,Pooja,Kumar,pooja.kumar93@erp.com,9540276970,1974-02-12,TAX1102,BILL1102,REG3,2024-05-23,ERP,NAT2102,55 MI Rd,Next to Market,Bangalore,Karnataka,India,414426
ERP1883,Pooja,Menon,pooja.menon42@erp.com,9989058241,1998-04-15,TAX1883,BILL1883,REG34,2026-03-25,ERP,NAT2883,12 Residency Rd,Near Old Town,Bangalore,Karnataka,India,224013
ERP1826,Arvind,Malhotra,arvind.malhotra36@erp.com,9609055632,1978-07-20,TAX1826,BILL1826,REG27,2024-04-04,ERP,NAT2826,12 MG Rd,Opposite Mall,Hyderabad,Telangana,India,535004
ERP1051,John,Guptha,john.guptha22@erp.com,9568151327,1979-08-26,TAX1051,BILL1051,REG2,2024-06-20,ERP,NAT2051,77 Linking Rd,Next to Market,Jaipur,Rajasthan,India,812647
ERP1234,Prakash,Guptha,prakash.guptha92@erp.com,9709830729,1972-03-31,TAX1234,BILL1234,REG35,2026-02-12,ERP,NAT2234,44 Ashram Rd,Near City Center,Pune,Maharashtra,India,627028
ERP1780,Ramesh,Yadav,ramesh.yadav84@erp.com,9720381571,1988-08-24,TAX1780,BILL1780,REG31,2025-05-11,ERP,NAT2780,12 Residency Rd,Above Central Bank,Surat,Gujarat,India,417730
ERP1169,Ravi,Verma,ravi.verma2@erp.com,9845531967,1973-02-06,TAX1169,BILL1169,REG20,2025-05-29,ERP,NAT2169,90 Karol Bagh Market,Next to Market,Hyderabad,Telangana,India,899111
ERP1861,Rohit,Agarwal,rohit.agarwal29@erp.com,9210752996,1988-12-19,TAX1861,BILL1861,REG12,2025-04-19,ERP,NAT2861,55 MI Rd,Near Old Town,Kolkata,West Bengal,India,821542
ERP1804,Shalini,Shah,shalini.shah9@erp.com,9114867612,1994-05-01,TAX1804,BILL1804,REG5,2024-06-08,ERP,NAT2804,23 Brigade Rd,Next to Market,Pune,Maharashtra,India,728676
ERP1756,Priya,Iyer,priya.iyer6@erp.com,9748054851,1991-02-08,TAX1756,BILL1756,REG7,2025-09-08,ERP,NAT2756,44 Ashram Rd,Above Central Bank,Kolkata,West Bengal,India,182963
ERP1543,Rohit,Kaur,rohit.kaur89@erp.com,9158446894,1988-02-27,TAX1543,BILL1543,REG44,2024-12-30,ERP,NAT2543,78 Connaught Pl,Next to Market,Delhi,Delhi,India,641897
ERP1809,Karan,Reddy,karan.reddy50@erp.com,9260206828,1991-04-07,TAX1809,BILL1809,REG10,2026-01-06,ERP,NAT2809,12 MG Rd,Near Metro Station,Jaipur,Rajasthan,India,421379
ERP1168,Jane,Desai,jane.desai20@erp.com,9940647494,1993-08-11,TAX1168,BILL1168,REG19,2025-01-19,ERP,NAT2168,12 MG Rd,Near City Center,Jaipur,Rajasthan,India,483231
ERP1331,Neha,Singh,neha.singh77@erp.com,9406261578,1988-02-29,TAX1331,BILL1331,REG32,2025-01-21,ERP,NAT2331,12 Residency Rd,Next to Market,Jaipur,Rajasthan,India,241663
ERP1903,Sunil,Yadav,sunil.yadav69@erp.com,9480763908,1997-09-10,TAX1903,BILL1903,REG4,2025-07-17,ERP,NAT2903,90 Karol Bagh Market,Next to Market,Mumbai,Maharashtra,India,530808
ERP1353,Meera,Reddy,meera.reddy24@erp.com,9248677782,1988-05-26,TAX1353,BILL1353,REG4,2024-09-10,ERP,NAT2353,55 MI Rd,Near Old Town,Hyderabad,Telangana,India,173551
ERP1885,Rajiv,Chopra,rajiv.chopra24@erp.com,9520458691,1983-10-17,TAX1885,BILL1885,REG36,2024-01-25,ERP,NAT2885,77 Linking Rd,Near Metro Station,Jaipur,Rajasthan,India,635320
ERP1072,Meena,Rao,meena.rao43@erp.com,9750224491,1988-04-02,TAX1072,BILL1072,REG23,2025-05-26,ERP,NAT2072,88 Worli Sea Face,Above Central Bank,Jaipur,Rajasthan,India,521650
ERP1742,Anjali,Pandey,anjali.pandey21@erp.com,9973374127,1971-07-15,TAX1742,BILL1742,REG43,2025-09-28,ERP,NAT2742,44 Ashram Rd,Next to Market,Hyderabad,Telangana,India,675388
ERP1267,Meena,Gupta,meena.gupta61@erp.com,9959017585,1981-03-14,TAX1267,BILL1267,REG18,2026-03-17,ERP,NAT2267,101 FC Rd,Near City Center,Chennai,Tamil Nadu,India,461044
ERP1061,Anjali,Mishra,anjali.mishra51@erp.com,9292703826,1999-08-08,TAX1061,BILL1061,REG12,2024-10-28,ERP,NAT2061,67 Law Garden Rd,,Hyderabad,Telangana,India,456245
ERP1192,Divya,Dubey,divya.dubey32@erp.com,9501105566,2000-08-07,TAX1192,BILL1192,REG43,2025-10-29,ERP,NAT2192,12 Residency Rd,Near Old Town,Chennai,Tamil Nadu,India,649627
ERP1757,Priya,Reddy,priya.reddy22@erp.com,9716816673,1974-10-16,TAX1757,BILL1757,REG8,2026-03-22,ERP,NAT2757,67 Law Garden Rd,Next to Market,Mumbai,Maharashtra,India,470046
ERP1578,Vinod,Shah,vinod.shah94@erp.com,9037437350,1981-08-28,TAX1578,BILL1578,REG29,2024-12-31,ERP,NAT2578,101 FC Rd,Near City Center,Bangalore,Karnataka,India,844546
ERP1325,Alok,Bajaj,alok.bajaj64@erp.com,9709518843,1974-09-30,TAX1325,BILL1325,REG26,2024-12-08,ERP,NAT2325,90 Karol Bagh Market,,Kolkata,West Bengal,India,976890
ERP1506,Deepak,Malhotra,deepak.malhotra67@erp.com,9263485028,1974-08-10,TAX1506,BILL1506,REG7,2026-02-15,ERP,NAT2506,12 Residency Rd,,Delhi,Delhi,India,677375
ERP1575,Jane,Gupta,jane.gupta96@erp.com,9104452218,1991-09-26,TAX1575,BILL1575,REG26,2024-02-09,ERP,NAT2575,23 Brigade Rd,Above Central Bank,Kolkata,West Bengal,India,331663
ERP1922,Sneha,Guptha,sneha.guptha80@erp.com,9586336453,1985-07-05,TAX1922,BILL1922,REG23,2026-01-12,ERP,NAT2922,55 MI Rd,Opposite Mall,Bangalore,Karnataka,India,656487
ERP1655,Ravi,Banerjee,ravi.banerjee30@erp.com,9684711924,1986-01-24,TAX1655,BILL1655,REG6,2024-06-10,ERP,NAT2655,88 Worli Sea Face,Next to Market,Hyderabad,Telangana,India,336800
ERP1614,Pooja,Kumar,pooja.kumar16@erp.com,9968452287,1979-04-05,TAX1614,BILL1614,REG15,2024-04-19,ERP,NAT2614,12 MG Rd,Next to Market,Chennai,Tamil Nadu,India,725866
ERP1368,Meena,Yadav,meena.yadav62@erp.com,9740509744,1978-09-29,TAX1368,BILL1368,REG19,2025-02-24,ERP,NAT2368,77 Linking Rd,Above Central Bank,Surat,Gujarat,India,964036
ERP1352,Deepak,Yadav,deepak.yadav87@erp.com,9771922563,1989-01-13,TAX1352,BILL1352,REG3,2025-08-13,ERP,NAT2352,90 Karol Bagh Market,,Mumbai,Maharashtra,India,506014
ERP1511,Seema,Iyer,seema.iyer69@erp.com,9871147221,1994-08-02,TAX1511,BILL1511,REG12,2025-03-13,ERP,NAT2511,77 Linking Rd,Near Metro Station,Hyderabad,Telangana,India,970397
ERP1739,Ajay,Joshi,ajay.joshi72@erp.com,9289927860,1991-06-14,TAX1739,BILL1739,REG40,2024-09-06,ERP,NAT2739,78 Connaught Pl,Opposite Mall,Chennai,Tamil Nadu,India,927683
ERP1551,Vinay,Singh,vinay.singh95@erp.com,9749702243,1971-01-29,TAX1551,BILL1551,REG2,2024-12-23,ERP,NAT2551,45 Marine Dr,Near Old Town,Hyderabad,Telangana,India,299105
ERP1563,Anita,Mishra,anita.mishra95@erp.com,9539226088,1994-08-03,TAX1563,BILL1563,REG14,2024-03-07,ERP,NAT2563,12 Residency Rd,Above Central Bank,Surat,Gujarat,India,666838
ERP1925,Shreya,Desai,shreya.desai28@erp.com,9075424192,2000-01-20,TAX1925,BILL1925,REG26,2025-05-31,ERP,NAT2925,56 Chandni Chowk,,Mumbai,Maharashtra,India,542873
ERP1859,Rekha,Chopra,rekha.chopra39@erp.com,9629421723,1975-04-07,TAX1859,BILL1859,REG10,2024-09-22,ERP,NAT2859,101 FC Rd,,Pune,Maharashtra,India,765940
ERP1735,Shalini,Malhotra,shalini.malhotra30@erp.com,9523627434,1992-02-10,TAX1735,BILL1735,REG36,2025-09-29,ERP,NAT2735,45 Marine Dr,Next to Market,Bangalore,Karnataka,India,108830
ERP1197,Ramesh,Dubey,ramesh.dubey61@erp.com,9218226666,1970-10-30,TAX1197,BILL1197,REG48,2024-08-11,ERP,NAT2197,88 Worli Sea Face,Near Metro Station,Delhi,Delhi,India,423525
ERP1361,Jane,Tiwari,jane.tiwari64@erp.com,9023406027,1992-02-13,TAX1361,BILL1361,REG12,2024-05-06,ERP,NAT2361,77 Linking Rd,Near Old Town,Chennai,Tamil Nadu,India,752480
ERP1899,Meera,Chopra,meera.chopra73@erp.com,9238186068,1989-04-20,TAX1899,BILL1899,REG50,2025-02-02,ERP,NAT2899,90 Karol Bagh Market,Opposite Mall,Mumbai,Maharashtra,India,298907
ERP1587,Amit,Desai,amit.desai97@erp.com,9951742457,1996-03-13,TAX1587,BILL1587,REG38,2024-12-29,ERP,NAT2587,12 MG Rd,Near Old Town,Delhi,Delhi,India,881824
ERP1718,John,Chopra,john.chopra67@erp.com,9220226435,1991-07-09,TAX1718,BILL1718,REG19,2025-09-24,ERP,NAT2718,78 Connaught Pl,,Hyderabad,Telangana,India,336130
ERP1383,Rohit,Menon,rohit.menon89@erp.com,9975008453,1974-10-28,TAX1383,BILL1383,REG34,2024-11-23,ERP,NAT2383,56 Chandni Chowk,Near Old Town,Chennai,Tamil Nadu,India,837082
ERP1521,Manish,Sharma,manish.sharma79@erp.com,9473756734,1998-12-16,TAX1521,BILL1521,REG22,2025-06-25,ERP,NAT2521,23 Brigade Rd,Opposite Mall,Pune,Maharashtra,India,649425
ERP1161,Seema,Kapoor,seema.kapoor7@erp.com,9187115503,1996-02-28,TAX1161,BILL1161,REG12,2024-10-15,ERP,NAT2161,12 Residency Rd,Next to Market,Pune,Maharashtra,India,694317
ERP1016,Divya,Mehta,divya.mehta39@erp.com,9428679172,1989-05-01,TAX1016,BILL1016,REG17,2025-02-05,ERP,NAT2016,77 Linking Rd,Near City Center,Jaipur,Rajasthan,India,423598
ERP1422,Vikas,Srivastava,vikas.srivastava25@erp.com,9852880432,1975-11-03,TAX1422,BILL1422,REG23,2026-02-26,ERP,NAT2422,78 Connaught Pl,Near Old Town,Ahmedabad,Gujarat,India,337093
ERP1084,Harish,Tiwari,harish.tiwari30@erp.com,9342625782,1987-08-17,TAX1084,BILL1084,REG35,2026-03-26,ERP,NAT2084,34 JM Road,Opposite Mall,Kolkata,West Bengal,India,237227
ERP1082,Vikas,Reddy,vikas.reddy86@erp.com,9454931515,1978-10-08,TAX1082,BILL1082,REG33,2026-01-01,ERP,NAT2082,90 Karol Bagh Market,Near Old Town,Chennai,Tamil Nadu,India,654181
ERP1270,Divya,Guptha,divya.guptha9@erp.com,9922860725,1996-02-24,TAX1270,BILL1270,REG21,2024-08-16,ERP,NAT2270,55 MI Rd,Next to Market,Pune,Maharashtra,India,439330
ERP1871,Pooja,Nair,pooja.nair17@erp.com,9838107417,1986-02-20,TAX1871,BILL1871,REG22,2024-09-06,ERP,NAT2871,67 Law Garden Rd,Next to Market,Bangalore,Karnataka,India,638372
ERP1689,Manish,Reddy,manish.reddy20@erp.com,9897756911,1986-04-11,TAX1689,BILL1689,REG40,2024-09-04,ERP,NAT2689,45 Marine Dr,Above Central Bank,Ahmedabad,Gujarat,India,947931
ERP1503,John,Mehta,john.mehta57@erp.com,9566028682,1997-06-22,TAX1503,BILL1503,REG4,2025-05-24,ERP,NAT2503,45 Marine Dr,Opposite Mall,Kolkata,West Bengal,India,861475
ERP1911,Prakash,Iyer,prakash.iyer8@erp.com,9905309545,1994-11-20,TAX1911,BILL1911,REG12,2026-03-04,ERP,NAT2911,23 Brigade Rd,Near Metro Station,Kolkata,West Bengal,India,311023
ERP1512,Rahul,Yadav,rahul.yadav50@erp.com,9819043670,1984-10-28,TAX1512,BILL1512,REG13,2024-09-05,ERP,NAT2512,101 FC Rd,Near Metro Station,Jaipur,Rajasthan,India,414938
ERP1292,Karan,Patel,karan.patel51@erp.com,9501255678,1999-10-21,TAX1292,BILL1292,REG43,2024-08-06,ERP,NAT2292,77 Linking Rd,Near Metro Station,Jaipur,Rajasthan,India,181824
ERP1198,Karan,Desai,karan.desai39@erp.com,9928650717,1987-02-02,TAX1198,BILL1198,REG49,2024-07-30,ERP,NAT2198,56 Chandni Chowk,Near Old Town,Hyderabad,Telangana,India,440658
ERP1328,Sunil,Tiwari,sunil.tiwari89@erp.com,9077011350,1991-02-27,TAX1328,BILL1328,REG29,2024-05-07,ERP,NAT2328,12 MG Rd,Opposite Mall,Mumbai,Maharashtra,India,995599
ERP1868,Amit,Patil,amit.patil59@erp.com,9066860542,1980-02-28,TAX1868,BILL1868,REG19,2025-01-15,ERP,NAT2868,44 Ashram Rd,Near City Center,Pune,Maharashtra,India,468828
ERP1063,Suresh,Kapoor,suresh.kapoor57@erp.com,9260247776,1976-03-03,TAX1063,BILL1063,REG14,2025-07-15,ERP,NAT2063,78 Connaught Pl,Near City Center,Surat,Gujarat,India,127051
ERP1365,Vinod,Agarwal,vinod.agarwal75@erp.com,9441441142,1993-07-05,TAX1365,BILL1365,REG16,2026-01-28,ERP,NAT2365,78 Connaught Pl,Near Metro Station,Delhi,Delhi,India,868581
ERP1937,Prakash,Reddy,prakash.reddy55@erp.com,9368234013,1998-04-24,TAX1937,BILL1937,REG38,2024-05-08,ERP,NAT2937,44 Ashram Rd,Opposite Mall,Ahmedabad,Gujarat,India,796242
ERP1703,Rekha,Agarwal,rekha.agarwal25@erp.com,9154590888,1979-01-16,TAX1703,BILL1703,REG4,2024-11-19,ERP,NAT2703,34 JM Road,Next to Market,Hyderabad,Telangana,India,343818
ERP1690,Lakshmi,Yadav,lakshmi.yadav7@erp.com,9272851842,1970-03-09,TAX1690,BILL1690,REG41,2026-03-25,ERP,NAT2690,90 Karol Bagh Market,Near Metro Station,Ahmedabad,Gujarat,India,596782
ERP1442,Sanjay,Agarwal,sanjay.agarwal80@erp.com,9808457944,1985-07-06,TAX1442,BILL1442,REG43,2025-10-21,ERP,NAT2442,101 FC Rd,Near Metro Station,Hyderabad,Telangana,India,883260
ERP1940,Rohit,Verma,rohit.verma56@erp.com,9715334552,1971-01-20,TAX1940,BILL1940,REG41,2024-04-11,ERP,NAT2940,44 Ashram Rd,Near Old Town,Bangalore,Karnataka,India,372403
ERP1144,Prakash,Reddy,prakash.reddy25@erp.com,9481920635,1976-06-16,TAX1144,BILL1144,REG45,2025-06-17,ERP,NAT2144,78 Connaught Pl,Above Central Bank,Hyderabad,Telangana,India,500972
ERP1347,Sunil,Patel,sunil.patel13@erp.com,9837298750,1971-05-29,TAX1347,BILL1347,REG48,2025-11-10,ERP,NAT2347,101 FC Rd,Near Old Town,Chennai,Tamil Nadu,India,820547
ERP1424,Rekha,Banerjee,rekha.banerjee28@erp.com,9718871508,1995-07-03,TAX1424,BILL1424,REG25,2025-01-07,ERP,NAT2424,67 Law Garden Rd,Near Old Town,Mumbai,Maharashtra,India,917134
ERP1688,Vinod,Agarwal,vinod.agarwal56@erp.com,9815030660,1997-01-18,TAX1688,BILL1688,REG39,2025-05-04,ERP,NAT2688,12 Residency Rd,,Pune,Maharashtra,India,797149
ERP1782,Sanjay,Dubey,sanjay.dubey8@erp.com,9144707321,1986-05-20,TAX1782,BILL1782,REG33,2026-02-06,ERP,NAT2782,12 Residency Rd,Above Central Bank,Hyderabad,Telangana,India,189707
ERP1314,Sneha,Kumar,sneha.kumar84@erp.com,9194344702,1972-02-19,TAX1314,BILL1314,REG15,2025-06-05,ERP,NAT2314,90 Karol Bagh Market,Near Old Town,Ahmedabad,Gujarat,India,813100
ERP1662,John,Desai,john.desai16@erp.com,9339204127,1993-08-21,TAX1662,BILL1662,REG13,2025-04-20,ERP,NAT2662,23 Brigade Rd,Near City Center,Chennai,Tamil Nadu,India,837296
ERP1590,Ravi,Singh,ravi.singh13@erp.com,9455590698,1971-08-27,TAX1590,BILL1590,REG41,2024-10-11,ERP,NAT2590,78 Connaught Pl,Next to Market,Hyderabad,Telangana,India,967149
ERP1853,Sunil,Patel,sunil.patel51@erp.com,9441432838,1974-09-13,TAX1853,BILL1853,REG4,2025-11-30,ERP,NAT2853,12 Residency Rd,Opposite Mall,Hyderabad,Telangana,India,363795
ERP1318,Vinod,Joshi,vinod.joshi7@erp.com,9265283868,2000-11-11,TAX1318,BILL1318,REG19,2026-02-07,ERP,NAT2318,78 Connaught Pl,Opposite Mall,Pune,Maharashtra,India,148053
ERP1252,Neha,Joshi,neha.joshi3@erp.com,9566986602,1974-06-26,TAX1252,BILL1252,REG3,2025-06-06,ERP,NAT2252,101 FC Rd,Next to Market,Pune,Maharashtra,India,350419
ERP1264,Meera,Kaur,meera.kaur46@erp.com,9821968115,1977-12-21,TAX1264,BILL1264,REG15,2024-12-29,ERP,NAT2264,12 MG Rd,Above Central Bank,Hyderabad,Telangana,India,415042
ERP1808,Sneha,Malhotra,sneha.malhotra93@erp.com,9517190485,1986-01-10,TAX1808,BILL1808,REG9,2025-11-23,ERP,NAT2808,56 Chandni Chowk,Opposite Mall,Pune,Maharashtra,India,266742
ERP1930,Priya,Gupta,priya.gupta63@erp.com,9580370755,1998-07-23,TAX1930,BILL1930,REG31,2024-04-10,ERP,NAT2930,101 FC Rd,Above Central Bank,Ahmedabad,Gujarat,India,869652
ERP1431,Priya,Yadav,priya.yadav61@erp.com,9365562061,1980-05-07,TAX1431,BILL1431,REG32,2024-09-17,ERP,NAT2431,45 Marine Dr,Near City Center,Delhi,Delhi,India,315860
ERP1470,Ramesh,Singh,ramesh.singh42@erp.com,9249122837,1989-05-19,TAX1470,BILL1470,REG21,2025-04-19,ERP,NAT2470,44 Ashram Rd,Above Central Bank,Pune,Maharashtra,India,569233
ERP1152,Arjun,Sharma,arjun.sharma39@erp.com,9355219764,1997-09-12,TAX1152,BILL1152,REG3,2024-02-29,ERP,NAT2152,101 FC Rd,Opposite Mall,Ahmedabad,Gujarat,India,628759
ERP1181,Vinay,Tiwari,vinay.tiwari54@erp.com,9801300139,1980-09-20,TAX1181,BILL1181,REG32,2025-02-01,ERP,NAT2181,55 MI Rd,Next to Market,Pune,Maharashtra,India,770277
ERP1277,Suresh,Patil,suresh.patil81@erp.com,9405695747,1996-01-07,TAX1277,BILL1277,REG28,2025-04-18,ERP,NAT2277,56 Chandni Chowk,Opposite Mall,Kolkata,West Bengal,India,604786
ERP1417,Meera,Patel,meera.patel23@erp.com,9417463130,1970-03-15,TAX1417,BILL1417,REG18,2025-08-15,ERP,NAT2417,78 Connaught Pl,,Mumbai,Maharashtra,India,356577
ERP1023,Alok,Kapoor,alok.kapoor25@erp.com,9838546579,2000-02-22,TAX1023,BILL1023,REG24,2025-11-27,ERP,NAT2023,101 FC Rd,Opposite Mall,Delhi,Delhi,India,769026
