customer_id,first_name,last_name,email,phone,date_of_birth,lead_source,opportunity_stage,campaign_id,created_ts,source_system,national_id,address_line1,address_line2,city,state,country,postal_code
SF1414,Vinay,Mishra,vinay.mishra26@salesforce.com,9376570463,1997-07-18,Partner,Closed Lost,CAMP002,2025-01-10,Salesforce,NAT3414,12 MG Rd,Above Central Bank,Bangalore,Karnataka,India,135758
SF1296,Kavita,Patel,kavita.patel19@salesforce.com,9660711671,1983-08-16,Referral,Prospecting,CAMP013,2026-01-14,Salesforce,NAT3296,44 Ashram Rd,Near Old Town,Hyderabad,Telangana,India,530601
SF1622,Sneha,Shah,sneha.shah62@salesforce.com,9583428596,1977-10-09,Referral,Qualification,CAMP017,2025-01-21,Salesforce,NAT3622,12 MG Rd,Above Central Bank,Kolkata,West Bengal,India,100497
SF1388,Arvind,Agarwal,arvind.agarwal43@salesforce.com,9542306770,1991-02-12,Cold Call,Closed Lost,CAMP031,2024-07-29,Salesforce,NAT3388,55 MI Rd,,Kolkata,West Bengal,India,468301
SF1871,Sanjay,Desai,sanjay.desai8@salesforce.com,9902845337,1996-09-10,Partner,Qualification,CAMP041,2025-11-12,Salesforce,NAT3871,56 Chandni Chowk,Near Metro Station,Ahmedabad,Gujarat,India,926600
SF1689,Manish,Bajaj,manish.bajaj75@salesforce.com,9642349362,1986-05-28,Partner,Proposal,CAMP037,2025-01-19,Salesforce,NAT3689,12 Residency Rd,Next to Market,Chennai,Tamil Nadu,India,191722
SF1352,Lakshmi,Yadav,lakshmi.yadav21@salesforce.com,9843516238,1972-12-17,Web,Proposal,CAMP009,2024-04-14,Salesforce,NAT3352,88 Worli Sea Face,Above Central Bank,Jaipur,Rajasthan,India,930926
SF1098,Sanjay,Banerjee,sanjay.banerjee10@salesforce.com,9345210997,1985-10-12,Event,Closed Lost,CAMP043,2024-05-19,Salesforce,NAT3098,45 Marine Dr,Above Central Bank,Jaipur,Rajasthan,India,360084
SF1162,Pooja,Kaur,pooja.kaur59@salesforce.com,9977259108,1986-09-16,Web,Closed Won,CAMP043,2024-10-06,Salesforce,NAT3162,55 MI Rd,Near Old Town,Delhi,Delhi,India,372089
SF1655,Kavita,Singh,kavita.singh21@salesforce.com,9475977980,1973-10-27,Advertisement,Qualification,CAMP048,2026-03-23,Salesforce,NAT3655,23 Brigade Rd,Near City Center,Kolkata,West Bengal,India,284823
SF1930,Meera,Pandey,meera.pandey12@salesforce.com,9746474320,1990-11-29,Cold Call,Qualification,CAMP012,2024-03-31,Salesforce,NAT3930,45 Marine Dr,Near Metro Station,Jaipur,Rajasthan,India,498305
SF1290,John,Iyer,john.iyer73@salesforce.com,9855933351,1995-02-21,Advertisement,Qualification,CAMP032,2025-03-14,Salesforce,NAT3290,56 Chandni Chowk,Above Central Bank,Surat,Gujarat,India,758548
SF1164,Arvind,Nair,arvind.nair56@salesforce.com,9767547917,1992-12-27,Event,Closed Lost,CAMP046,2025-01-27,Salesforce,NAT3164,101 FC Rd,Above Central Bank,Mumbai,Maharashtra,India,132453
SF1945,Pooja,Kaur,pooja.kaur62@salesforce.com,9099254949,1990-02-01,Event,Closed Won,CAMP046,2025-01-03,Salesforce,NAT3945,101 FC Rd,Near City Center,Ahmedabad,Gujarat,India,964007
SF1577,Sunita,Banerjee,sunita.banerjee19@salesforce.com,9127187882,1987-02-01,Partner,Closed Lost,CAMP041,2025-10-07,Salesforce,NAT3577,55 MI Rd,Near City Center,Ahmedabad,Gujarat,India,599110
SF1183,Shreya,Iyer,shreya.iyer35@salesforce.com,9204946993,1979-01-03,Web,Negotiation,CAMP030,2025-08-01,Salesforce,NAT3183,67 Law Garden Rd,,Bangalore,Karnataka,India,857367
SF1187,Manish,Nair,manish.nair94@salesforce.com,9409504867,1982-02-25,Advertisement,Negotiation,CAMP009,2025-10-13,Salesforce,NAT3187,90 Karol Bagh Market,Near Old Town,Hyderabad,Telangana,India,816812
SF1752,Anjali,Singh,anjali.singh77@salesforce.com,9213414726,2000-08-13,Web,Closed Won,CAMP022,2025-05-30,Salesforce,NAT3752,12 MG Rd,Above Central Bank,Delhi,Delhi,India,291488
SF1232,Prakash,Kumar,prakash.kumar9@salesforce.com,9488123112,1976-01-18,Event,Negotiation,CAMP021,2024-08-27,Salesforce,NAT3232,34 JM Road,Near City Center,Chennai,Tamil Nadu,India,996989
SF1118,Anjali,Joshi,anjali.joshi86@salesforce.com,9255713371,1984-08-09,Event,Closed Won,CAMP008,2024-10-22,Salesforce,NAT3118,45 Marine Dr,Near Metro Station,Surat,Gujarat,India,594714
SF1371,John,Rao,john.rao46@salesforce.com,9977972422,1982-11-08,Advertisement,Closed Lost,CAMP026,2024-05-17,Salesforce,NAT3371,77 Linking Rd,,Jaipur,Rajasthan,India,438538
SF1311,Rahul,Sharma,rahul.sharma49@salesforce.com,9110964397,1983-05-28,Event,Closed Won,CAMP010,2025-11-03,Salesforce,NAT3311,67 Law Garden Rd,,Kolkata,West Bengal,India,825623
SF1029,Rekha,Mishra,rekha.mishra7@salesforce.com,9737501343,1989-09-12,Referral,Closed Lost,CAMP023,2025-04-29,Salesforce,NAT3029,67 Law Garden Rd,Near City Center,Pune,Maharashtra,India,526615
SF1653,Karan,Agarwal,karan.agarwal92@salesforce.com,9004861270,1998-01-17,Partner,Closed Won,CAMP027,2025-10-30,Salesforce,NAT3653,78 Connaught Pl,,Pune,Maharashtra,India,956050
SF1722,Rahul,Banerjee,rahul.banerjee16@salesforce.com,9918418429,1973-11-04,Event,Proposal,CAMP022,2025-06-22,Salesforce,NAT3722,77 Linking Rd,Opposite Mall,Bangalore,Karnataka,India,199239
SF1019,Ajay,Verma,ajay.verma9@salesforce.com,9006747908,1984-11-04,Advertisement,Closed Won,CAMP041,2025-09-06,Salesforce,NAT3019,34 JM Road,Near Metro Station,Chennai,Tamil Nadu,India,217105
SF1697,Manish,Srivastava,manish.srivastava28@salesforce.com,9469285828,1973-09-05,Cold Call,Closed Won,CAMP007,2024-08-31,Salesforce,NAT3697,44 Ashram Rd,Opposite Mall,Pune,Maharashtra,India,724927
SF1603,Prakash,Pandey,prakash.pandey61@salesforce.com,9148933988,1988-07-05,Event,Qualification,CAMP014,2024-11-07,Salesforce,NAT3603,67 Law Garden Rd,,Jaipur,Rajasthan,India,555174
SF1367,Ajay,Desai,ajay.desai39@salesforce.com,9626108502,1978-05-02,Partner,Qualification,CAMP029,2024-06-18,Salesforce,NAT3367,55 MI Rd,Above Central Bank,Chennai,Tamil Nadu,India,423143
SF1670,Harish,Srivastava,harish.srivastava46@salesforce.com,9405683298,1987-01-06,Partner,Closed Won,CAMP034,2025-11-18,Salesforce,NAT3670,88 Worli Sea Face,Near Metro Station,Pune,Maharashtra,India,634962
SF1337,Rahul,Menon,rahul.menon17@salesforce.com,9418492121,1988-03-15,Partner,Closed Lost,CAMP045,2024-12-14,Salesforce,NAT3337,56 Chandni Chowk,,Pune,Maharashtra,India,157405
SF1440,Sachin,Gupta,sachin.gupta77@salesforce.com,9658181028,1988-11-10,Web,Closed Won,CAMP040,2024-07-20,Salesforce,NAT3440,56 Chandni Chowk,Above Central Bank,Kolkata,West Bengal,India,761955
SF1737,Arjun,Agarwal,arjun.agarwal2@salesforce.com,9649701528,1998-05-23,Advertisement,Closed Won,CAMP007,2024-05-03,Salesforce,NAT3737,67 Law Garden Rd,,Pune,Maharashtra,India,980521
SF1730,Pooja,Gupta,pooja.gupta86@salesforce.com,9034245487,1970-12-01,Cold Call,Qualification,CAMP022,2025-06-04,Salesforce,NAT3730,12 MG Rd,,Hyderabad,Telangana,India,608358
SF1307,Shreya,Dubey,shreya.dubey99@salesforce.com,9209966988,1987-12-20,Referral,Proposal,CAMP048,2024-11-27,Salesforce,NAT3307,45 Marine Dr,Near City Center,Jaipur,Rajasthan,India,178226
SF1420,Anjali,Dubey,anjali.dubey94@salesforce.com,9101196107,1985-09-08,Partner,Prospecting,CAMP033,2024-01-16,Salesforce,NAT3420,88 Worli Sea Face,Opposite Mall,Delhi,Delhi,India,157994
SF1835,Jane,Mehta,jane.mehta87@salesforce.com,9779655794,1988-04-04,Cold Call,Qualification,CAMP049,2025-12-04,Salesforce,NAT3835,77 Linking Rd,,Jaipur,Rajasthan,India,372906
SF1334,Rahul,Mehta,rahul.mehta74@salesforce.com,9734206913,1982-09-27,Event,Negotiation,CAMP020,2025-02-22,Salesforce,NAT3334,67 Law Garden Rd,Above Central Bank,Pune,Maharashtra,India,746629
SF1187,Manish,Nair,manish.nair94@salesforce.com,9409504867,1982-02-25,Advertisement,Negotiation,CAMP009,2025-10-13,Salesforce,NAT3187,90 Karol Bagh Market,Near Old Town,Hyderabad,Telangana,India,816812
SF1084,Ravi,Patil,ravi.patil58@salesforce.com,9369582388,1994-04-06,Referral,Closed Won,CAMP013,2025-09-16,Salesforce,NAT3084,45 Marine Dr,Near Old Town,Bangalore,Karnataka,India,802626
SF1618,Rohit,Joshi,rohit.joshi89@salesforce.com,9937569563,1992-02-26,Partner,Negotiation,CAMP049,2024-08-19,Salesforce,NAT3618,56 Chandni Chowk,Above Central Bank,Mumbai,Maharashtra,India,473584
SF1783,Karan,Guptha,karan.guptha3@salesforce.com,9996390046,1989-06-11,Partner,Qualification,CAMP031,2025-10-06,Salesforce,NAT3783,23 Brigade Rd,Near Old Town,Hyderabad,Telangana,India,577940
SF1939,Rohit,Sharma,rohit.sharma79@salesforce.com,9745812383,1999-12-15,Event,Proposal,CAMP050,2025-07-06,Salesforce,NAT3939,12 Residency Rd,Near Metro Station,Delhi,Delhi,India,853229
SF1180,Karan,Kumar,karan.kumar63@salesforce.com,9138594111,2000-04-17,Referral,Qualification,CAMP049,2024-02-17,Salesforce,NAT3180,55 MI Rd,Next to Market,Pune,Maharashtra,India,884083
SF1195,Vinod,Mishra,vinod.mishra56@salesforce.com,9017440471,1990-02-18,Advertisement,Closed Won,CAMP001,2024-10-02,Salesforce,NAT3195,77 Linking Rd,Above Central Bank,Hyderabad,Telangana,India,552528
SF1357,Vinod,Nair,vinod.nair20@salesforce.com,9146781640,1986-06-21,Event,Qualification,CAMP033,2026-03-05,Salesforce,NAT3357,44 Ashram Rd,,Jaipur,Rajasthan,India,555799
SF1357,Vinod,Nair,vinod.nair20@salesforce.com,9146781640,1986-06-21,Event,Qualification,CAMP033,2026-03-05,Salesforce,NAT3357,44 Ashram Rd,,Jaipur,Rajasthan,India,555799
SF1805,Manish,Guptha,manish.guptha41@salesforce.com,9332399518,1991-07-16,Cold Call,Qualification,CAMP037,2026-02-02,Salesforce,NAT3805,34 JM Road,Near City Center,Jaipur,Rajasthan,India,979215
SF1394,Arjun,Joshi,arjun.joshi35@salesforce.com,9578527017,1991-04-01,Event,Negotiation,CAMP041,2024-10-27,Salesforce,NAT3394,44 Ashram Rd,Near City Center,Mumbai,Maharashtra,India,867956
SF1712,Divya,Yadav,divya.yadav91@salesforce.com,9559410018,1977-01-17,Event,Negotiation,CAMP024,2025-08-30,Salesforce,NAT3712,55 MI Rd,Near Old Town,Jaipur,Rajasthan,India,573703
SF1584,Vinod,Yadav,vinod.yadav56@salesforce.com,9754853044,1972-09-11,Event,Closed Lost,CAMP037,2025-09-16,Salesforce,NAT3584,101 FC Rd,Above Central Bank,Ahmedabad,Gujarat,India,289474
SF1442,Divya,Mehta,divya.mehta3@salesforce.com,9119643915,1985-07-31,Partner,Prospecting,CAMP029,2026-02-24,Salesforce,NAT3442,101 FC Rd,Near City Center,Jaipur,Rajasthan,India,215668
SF1756,John,Patel,john.patel17@salesforce.com,9524006959,1988-07-22,Partner,Prospecting,CAMP003,2026-01-23,Salesforce,NAT3756,90 Karol Bagh Market,Next to Market,Chennai,Tamil Nadu,India,500507
SF1813,Kavita,Nair,kavita.nair59@salesforce.com,9220785986,1981-01-02,Cold Call,Prospecting,CAMP025,2026-02-21,Salesforce,NAT3813,45 Marine Dr,Next to Market,Pune,Maharashtra,India,602026
SF1874,Sanjay,Bajaj,sanjay.bajaj20@salesforce.com,9902094595,1980-01-09,Partner,Negotiation,CAMP025,2024-03-28,Salesforce,NAT3874,12 Residency Rd,Near Metro Station,Ahmedabad,Gujarat,India,676680
SF1784,Shalini,Kapoor,shalini.kapoor91@salesforce.com,9442126632,1989-11-12,Advertisement,Qualification,CAMP011,2025-01-29,Salesforce,NAT3784,56 Chandni Chowk,Near City Center,Delhi,Delhi,India,214771
SF1839,Rekha,Gupta,rekha.gupta46@salesforce.com,9676812423,1973-05-21,Partner,Qualification,CAMP036,2025-02-16,Salesforce,NAT3839,88 Worli Sea Face,Near City Center,Surat,Gujarat,India,450021
SF1235,Meena,Reddy,meena.reddy74@salesforce.com,9193549332,1995-06-01,Partner,Prospecting,CAMP002,2024-10-29,Salesforce,NAT3235,34 JM Road,Opposite Mall,Ahmedabad,Gujarat,India,735706
SF1530,Manish,Mishra,manish.mishra75@salesforce.com,9022191437,1980-12-09,Event,Closed Lost,CAMP021,2025-04-06,Salesforce,NAT3530,45 Marine Dr,Next to Market,Jaipur,Rajasthan,India,653324
SF1917,Ajay,Tiwari,ajay.tiwari56@salesforce.com,9312078174,1977-04-12,Cold Call,Proposal,CAMP042,2026-02-08,Salesforce,NAT3917,77 Linking Rd,Near City Center,Hyderabad,Telangana,India,432604
SF1744,Rajiv,Kaur,rajiv.kaur85@salesforce.com,9698145516,1975-08-21,Event,Prospecting,CAMP011,2025-03-27,Salesforce,NAT3744,67 Law Garden Rd,Near Metro Station,Jaipur,Rajasthan,India,295610
SF1097,Sunita,Agarwal,sunita.agarwal21@salesforce.com,9884130794,1973-07-13,Advertisement,Qualification,CAMP020,2025-09-14,Salesforce,NAT3097,23 Brigade Rd,Above Central Bank,Mumbai,Maharashtra,India,991825
SF1299,Kavita,Banerjee,kavita.banerjee30@salesforce.com,9509843448,1984-06-17,Web,Proposal,CAMP048,2025-10-08,Salesforce,NAT3299,55 MI Rd,Near Metro Station,Delhi,Delhi,India,261512
SF1008,Neha,Menon,neha.menon89@salesforce.com,9319237841,1991-10-25,Referral,Proposal,CAMP013,2024-07-06,Salesforce,NAT3008,55 MI Rd,,Ahmedabad,Gujarat,India,311241
SF1089,Rajiv,Kapoor,rajiv.kapoor71@salesforce.com,9788111825,2000-09-21,Event,Proposal,CAMP019,2024-08-26,Salesforce,NAT3089,12 MG Rd,,Pune,Maharashtra,India,210673
SF1780,Seema,Banerjee,seema.banerjee42@salesforce.com,9461690476,1990-05-16,Event,Closed Lost,CAMP024,2025-08-21,Salesforce,NAT3780,55 MI Rd,Above Central Bank,Hyderabad,Telangana,India,683656
SF1702,Vikas,Tiwari,vikas.tiwari20@salesforce.com,9629237151,1999-08-25,Partner,Negotiation,CAMP013,2026-02-27,Salesforce,NAT3702,78 Connaught Pl,Near Metro Station,Mumbai,Maharashtra,India,643892
SF1773,Prakash,Joshi,prakash.joshi78@salesforce.com,9795007664,1972-11-05,Advertisement,Qualification,CAMP025,2024-01-31,Salesforce,NAT3773,78 Connaught Pl,Above Central Bank,Bangalore,Karnataka,India,631893
SF1902,Meena,Mehta,meena.mehta92@salesforce.com,9483700375,1991-12-13,Advertisement,Closed Lost,CAMP048,2024-10-16,Salesforce,NAT3902,56 Chandni Chowk,Opposite Mall,Mumbai,Maharashtra,India,425684
SF1047,Meena,Verma,meena.verma91@salesforce.com,9577753560,1992-07-03,Web,Negotiation,CAMP021,2026-02-08,Salesforce,NAT3047,77 Linking Rd,,Chennai,Tamil Nadu,India,144177
SF1080,Ramesh,Rao,ramesh.rao14@salesforce.com,9118213342,1970-05-11,Advertisement,Closed Won,CAMP006,2025-05-20,Salesforce,NAT3080,23 Brigade Rd,Near Metro Station,Ahmedabad,Gujarat,India,182135
SF1378,Shreya,Srivastava,shreya.srivastava37@salesforce.com,9860709245,1997-05-24,Cold Call,Closed Won,CAMP043,2025-10-31,Salesforce,NAT3378,23 Brigade Rd,Next to Market,Hyderabad,Telangana,India,179193
SF1395,Vikas,Verma,vikas.verma65@salesforce.com,9575788494,1980-03-15,Event,Closed Won,CAMP049,2026-01-09,Salesforce,NAT3395,12 Residency Rd,Near City Center,Mumbai,Maharashtra,India,708295
SF1458,Divya,Rao,divya.rao21@salesforce.com,9899997798,1970-05-08,Web,Proposal,CAMP027,2024-11-24,Salesforce,NAT3458,34 JM Road,Opposite Mall,Mumbai,Maharashtra,India,462742
SF1278,Sanjay,Reddy,sanjay.reddy49@salesforce.com,9185938674,1987-12-30,Event,Negotiation,CAMP007,2026-02-14,Salesforce,NAT3278,55 MI Rd,,Mumbai,Maharashtra,India,554621
SF1846,Jane,Yadav,jane.yadav79@salesforce.com,9117526700,1981-12-04,Advertisement,Qualification,CAMP050,2024-11-20,Salesforce,NAT3846,101 FC Rd,Near Old Town,Surat,Gujarat,India,699318
SF1774,Deepak,Bajaj,deepak.bajaj3@salesforce.com,9779288769,1990-01-27,Web,Prospecting,CAMP002,2025-03-15,Salesforce,NAT3774,55 MI Rd,Near City Center,Bangalore,Karnataka,India,155575
SF1110,Amit,Patil,amit.patil41@salesforce.com,9212639483,1975-09-15,Cold Call,Closed Won,CAMP037,2025-07-03,Salesforce,NAT3110,101 FC Rd,Near City Center,Hyderabad,Telangana,India,206046
SF1719,John,Singh,john.singh80@salesforce.com,9897956298,1998-03-02,Cold Call,Negotiation,CAMP041,2025-10-25,Salesforce,NAT3719,90 Karol Bagh Market,Above Central Bank,Pune,Maharashtra,India,879314
SF1100,Suresh,Yadav,suresh.yadav21@salesforce.com,9619289743,1990-03-29,Event,Negotiation,CAMP047,2024-06-29,Salesforce,NAT3100,78 Connaught Pl,Near Old Town,Kolkata,West Bengal,India,117149
SF1369,Seema,Gupta,seema.gupta91@salesforce.com,9964956966,1978-06-01,Partner,Proposal,CAMP013,2026-01-15,Salesforce,NAT3369,12 MG Rd,Next to Market,Delhi,Delhi,India,776975
SF1109,Vinay,Nair,vinay.nair24@salesforce.com,9289868553,1976-04-29,Partner,Closed Won,CAMP041,2025-09-06,Salesforce,NAT3109,12 MG Rd,Above Central Bank,Kolkata,West Bengal,India,559123
SF1553,Shreya,Mehta,shreya.mehta72@salesforce.com,9414905544,1999-09-04,Partner,Closed Lost,CAMP025,2024-07-25,Salesforce,NAT3553,67 Law Garden Rd,Above Central Bank,Hyderabad,Telangana,India,213445
SF1630,Rahul,Yadav,rahul.yadav6@salesforce.com,9323976181,1996-02-29,Web,Proposal,CAMP026,2024-04-21,Salesforce,NAT3630,12 Residency Rd,,Hyderabad,Telangana,India,610219
SF1280,Meena,Yadav,meena.yadav58@salesforce.com,9078585958,1999-12-15,Advertisement,Qualification,CAMP006,2024-12-28,Salesforce,NAT3280,45 Marine Dr,Near Old Town,Delhi,Delhi,India,751206
SF1455,Shreya,Banerjee,shreya.banerjee64@salesforce.com,9134221249,1981-08-06,Referral,Negotiation,CAMP001,2025-08-03,Salesforce,NAT3455,90 Karol Bagh Market,Near Old Town,Delhi,Delhi,India,549766
SF1176,Seema,Kapoor,seema.kapoor55@salesforce.com,9324388986,1989-03-11,Cold Call,Qualification,CAMP028,2025-01-11,Salesforce,NAT3176,90 Karol Bagh Market,Above Central Bank,Chennai,Tamil Nadu,India,769645
SF1328,Rekha,Dubey,rekha.dubey45@salesforce.com,9939083818,1991-12-09,Web,Prospecting,CAMP023,2025-02-24,Salesforce,NAT3328,78 Connaught Pl,Near City Center,Chennai,Tamil Nadu,India,833694
SF1205,Deepak,Joshi,deepak.joshi81@salesforce.com,9522611684,2000-12-30,Cold Call,Proposal,CAMP037,2024-04-07,Salesforce,NAT3205,12 MG Rd,Above Central Bank,Bangalore,Karnataka,India,827931
SF1231,Shreya,Malhotra,shreya.malhotra55@salesforce.com,9388338416,1986-08-13,Partner,Proposal,CAMP002,2024-02-21,Salesforce,NAT3231,88 Worli Sea Face,Near Metro Station,Ahmedabad,Gujarat,India,556600
SF1544,Manish,Joshi,manish.joshi18@salesforce.com,9143367731,1979-01-18,Web,Proposal,CAMP027,2025-11-28,Salesforce,NAT3544,55 MI Rd,Near Old Town,Hyderabad,Telangana,India,261749
SF1149,Priya,Guptha,priya.guptha38@salesforce.com,9890023407,2000-01-01,Referral,Negotiation,CAMP022,2025-09-11,Salesforce,NAT3149,67 Law Garden Rd,Near Metro Station,Chennai,Tamil Nadu,India,301196
SF1032,Prakash,Desai,prakash.desai65@salesforce.com,9258125058,1988-09-10,Web,Closed Won,CAMP041,2024-11-08,Salesforce,NAT3032,56 Chandni Chowk,,Surat,Gujarat,India,858714
SF1636,Sachin,Singh,sachin.singh27@salesforce.com,9982553686,1992-05-25,Referral,Closed Won,CAMP038,2026-03-01,Salesforce,NAT3636,101 FC Rd,Near Metro Station,Pune,Maharashtra,India,368060
SF1509,Shreya,Malhotra,shreya.malhotra57@salesforce.com,9435850041,1985-03-12,Cold Call,Proposal,CAMP019,2024-10-22,Salesforce,NAT3509,12 Residency Rd,Near City Center,Jaipur,Rajasthan,India,666582
SF1340,Sanjay,Guptha,sanjay.guptha55@salesforce.com,9315367199,1974-01-10,Web,Closed Won,CAMP004,2025-09-29,Salesforce,NAT3340,34 JM Road,,Bangalore,Karnataka,India,108049
SF1255,Sunita,Pandey,sunita.pandey68@salesforce.com,9925441898,1982-09-04,Cold Call,Qualification,CAMP029,2024-06-12,Salesforce,NAT3255,44 Ashram Rd,Opposite Mall,Chennai,Tamil Nadu,India,447048
SF1694,Meera,Shah,meera.shah89@salesforce.com,9831855446,1995-12-04,Event,Proposal,CAMP050,2024-05-28,Salesforce,NAT3694,78 Connaught Pl,Near Old Town,Hyderabad,Telangana,India,177637
SF1166,Amit,Iyer,amit.iyer16@salesforce.com,9476653104,1971-06-19,Web,Qualification,CAMP033,2025-09-21,Salesforce,NAT3166,23 Brigade Rd,Near City Center,Surat,Gujarat,India,206822
SF1276,Seema,Yadav,seema.yadav73@salesforce.com,9668940025,1973-07-27,Web,Prospecting,CAMP014,2024-01-27,Salesforce,NAT3276,12 MG Rd,Near Metro Station,Hyderabad,Telangana,India,540901
SF1083,Harish,Yadav,harish.yadav49@salesforce.com,9023073387,1988-11-18,Web,Closed Lost,CAMP045,2025-04-06,Salesforce,NAT3083,45 Marine Dr,Near Metro Station,Hyderabad,Telangana,India,472625
SF1262,Vinod,Kaur,vinod.kaur93@salesforce.com,9490956334,1998-11-14,Cold Call,Negotiation,CAMP030,2025-02-28,Salesforce,NAT3262,78 Connaught Pl,Near City Center,Jaipur,Rajasthan,India,595029
SF1030,Sachin,Nair,sachin.nair71@salesforce.com,9270762471,1974-07-02,Advertisement,Qualification,CAMP001,2024-02-07,Salesforce,NAT3030,56 Chandni Chowk,Near Old Town,Ahmedabad,Gujarat,India,750120
SF1318,Ajay,Guptha,ajay.guptha16@salesforce.com,9176692283,1989-01-08,Event,Negotiation,CAMP045,2024-07-01,Salesforce,NAT3318,34 JM Road,,Jaipur,Rajasthan,India,546407
SF1841,Rahul,Chopra,rahul.chopra18@salesforce.com,9105902372,2000-08-27,Web,Prospecting,CAMP046,2025-04-13,Salesforce,NAT3841,101 FC Rd,Opposite Mall,Ahmedabad,Gujarat,India,725532
SF1708,Vinay,Srivastava,vinay.srivastava38@salesforce.com,9461087497,1991-12-21,Web,Proposal,CAMP005,2024-03-25,Salesforce,NAT3708,34 JM Road,Near City Center,Mumbai,Maharashtra,India,809532
SF1824,Anita,Kapoor,anita.kapoor6@salesforce.com,9439375491,1997-08-31,Event,Proposal,CAMP050,2026-03-21,Salesforce,NAT3824,12 MG Rd,Next to Market,Delhi,Delhi,India,525901
SF1772,Amit,Shah,amit.shah91@salesforce.com,9537264624,1982-11-15,Referral,Negotiation,CAMP047,2025-11-28,Salesforce,NAT3772,12 Residency Rd,Next to Market,Chennai,Tamil Nadu,India,858586
SF1090,Meena,Mehta,meena.mehta77@salesforce.com,9628259967,1978-01-07,Cold Call,Closed Won,CAMP030,2025-10-25,Salesforce,NAT3090,78 Connaught Pl,Near Metro Station,Chennai,Tamil Nadu,India,374912
SF1452,Harish,Pandey,harish.pandey23@salesforce.com,9034147040,1974-08-04,Cold Call,Negotiation,CAMP032,2025-02-26,Salesforce,NAT3452,12 MG Rd,Above Central Bank,Kolkata,West Bengal,India,182977
SF1025,Ramesh,Kumar,ramesh.kumar47@salesforce.com,9791925595,1983-01-11,Referral,Closed Lost,CAMP005,2025-03-07,Salesforce,NAT3025,55 MI Rd,Near Metro Station,Mumbai,Maharashtra,India,881684
SF1523,Amit,Guptha,amit.guptha19@salesforce.com,9124899632,1989-11-02,Cold Call,Proposal,CAMP046,2025-11-07,Salesforce,NAT3523,12 MG Rd,Near Metro Station,Jaipur,Rajasthan,India,277499
SF1718,Meera,Gupta,meera.gupta21@salesforce.com,9682387347,1998-05-25,Advertisement,Negotiation,CAMP009,2024-10-12,Salesforce,NAT3718,55 MI Rd,Above Central Bank,Jaipur,Rajasthan,India,559192
SF1106,Rahul,Tiwari,rahul.tiwari37@salesforce.com,9291722256,1983-11-27,Partner,Closed Lost,CAMP036,2024-07-11,Salesforce,NAT3106,90 Karol Bagh Market,Next to Market,Surat,Gujarat,India,323542
SF1810,Amit,Menon,amit.menon45@salesforce.com,9305168658,1976-12-08,Cold Call,Negotiation,CAMP014,2024-12-21,Salesforce,NAT3810,12 MG Rd,Opposite Mall,Bangalore,Karnataka,India,140153
SF1315,Vinay,Chopra,vinay.chopra65@salesforce.com,9983503131,1988-04-17,Partner,Closed Lost,CAMP047,2025-06-17,Salesforce,NAT3315,88 Worli Sea Face,Near Old Town,Bangalore,Karnataka,India,849116
SF1306,Vikas,Desai,vikas.desai39@salesforce.com,9595851829,1975-05-21,Cold Call,Negotiation,CAMP020,2024-06-19,Salesforce,NAT3306,67 Law Garden Rd,Opposite Mall,Mumbai,Maharashtra,India,850630
SF1882,Manish,Nair,manish.nair85@salesforce.com,9115970450,1993-09-09,Event,Prospecting,CAMP001,2025-03-24,Salesforce,NAT3882,55 MI Rd,Near City Center,Mumbai,Maharashtra,India,910491
SF1815,Ramesh,Rao,ramesh.rao41@salesforce.com,9640148589,1998-05-13,Advertisement,Proposal,CAMP002,2025-04-17,Salesforce,NAT3815,88 Worli Sea Face,Next to Market,Bangalore,Karnataka,India,230465
SF1761,Deepak,Rao,deepak.rao76@salesforce.com,9274439427,1978-05-29,Cold Call,Proposal,CAMP001,2026-03-22,Salesforce,NAT3761,23 Brigade Rd,Above Central Bank,Kolkata,West Bengal,India,758248
SF1855,Shreya,Pandey,shreya.pandey5@salesforce.com,9670421115,1980-04-06,Partner,Negotiation,CAMP005,2025-09-27,Salesforce,NAT3855,23 Brigade Rd,Next to Market,Chennai,Tamil Nadu,India,470225
SF1178,Anita,Desai,anita.desai92@salesforce.com,9312405855,1984-01-23,Event,Negotiation,CAMP016,2024-10-28,Salesforce,NAT3178,55 MI Rd,Near Old Town,Ahmedabad,Gujarat,India,574140
SF1450,Jane,Sharma,jane.sharma59@salesforce.com,9941987321,1999-03-24,Partner,Prospecting,CAMP004,2026-01-07,Salesforce,NAT3450,44 Ashram Rd,Above Central Bank,Hyderabad,Telangana,India,345714
SF1273,Suresh,Agarwal,suresh.agarwal90@salesforce.com,9113777219,1973-03-31,Referral,Closed Lost,CAMP011,2025-05-20,Salesforce,NAT3273,44 Ashram Rd,Above Central Bank,Hyderabad,Telangana,India,114755
SF1909,Meera,Rao,meera.rao97@salesforce.com,9630083320,1981-06-14,Event,Qualification,CAMP037,2025-08-19,Salesforce,NAT3909,78 Connaught Pl,Next to Market,Delhi,Delhi,India,908260
SF1942,Arvind,Nair,arvind.nair67@salesforce.com,9912555060,1975-07-23,Referral,Proposal,CAMP021,2025-03-22,Salesforce,NAT3942,45 Marine Dr,Near Metro Station,Surat,Gujarat,India,930223
SF1515,Ramesh,Patil,ramesh.patil83@salesforce.com,9651457098,1996-11-20,Referral,Proposal,CAMP029,2024-12-28,Salesforce,NAT3515,44 Ashram Rd,Near Metro Station,Delhi,Delhi,India,927365
SF1435,Rajiv,Banerjee,rajiv.banerjee7@salesforce.com,9759435496,1976-02-20,Advertisement,Closed Won,CAMP050,2025-02-03,Salesforce,NAT3435,12 MG Rd,Opposite Mall,Mumbai,Maharashtra,India,538726
SF1518,Rajiv,Desai,rajiv.desai24@salesforce.com,9132543139,1976-06-25,Partner,Closed Lost,CAMP048,2025-04-08,Salesforce,NAT3518,34 JM Road,,Delhi,Delhi,India,789237
SF1820,Rahul,Bajaj,rahul.bajaj51@salesforce.com,9646363456,1970-07-02,Advertisement,Negotiation,CAMP041,2024-04-25,Salesforce,NAT3820,12 Residency Rd,Near City Center,Jaipur,Rajasthan,India,548120
SF1600,Karan,Kumar,karan.kumar40@salesforce.com,9700217516,1993-12-03,Cold Call,Qualification,CAMP041,2025-01-31,Salesforce,NAT3600,55 MI Rd,Opposite Mall,Kolkata,West Bengal,India,729928
SF1351,Arvind,Kumar,arvind.kumar61@salesforce.com,9126940334,1986-06-29,Referral,Closed Lost,CAMP013,2025-03-15,Salesforce,NAT3351,12 MG Rd,Near Metro Station,Hyderabad,Telangana,India,218119
SF1451,Sunita,Singh,sunita.singh68@salesforce.com,9773679329,1996-09-23,Web,Closed Won,CAMP037,2025-03-18,Salesforce,NAT3451,55 MI Rd,Near Metro Station,Kolkata,West Bengal,India,428702
SF1619,Ajay,Reddy,ajay.reddy18@salesforce.com,9940941258,1992-07-11,Web,Closed Lost,CAMP044,2025-06-26,Salesforce,NAT3619,78 Connaught Pl,Near Old Town,Kolkata,West Bengal,India,325148
SF1144,Vikas,Singh,vikas.singh74@salesforce.com,9838961853,1973-08-18,Web,Prospecting,CAMP009,2025-09-25,Salesforce,NAT3144,23 Brigade Rd,Opposite Mall,Ahmedabad,Gujarat,India,710117
SF1564,Pooja,Gupta,pooja.gupta47@salesforce.com,9077134516,1976-12-06,Web,Closed Won,CAMP034,2025-04-09,Salesforce,NAT3564,67 Law Garden Rd,Opposite Mall,Delhi,Delhi,India,457173
SF1268,Rahul,Agarwal,rahul.agarwal41@salesforce.com,9437837283,1983-01-17,Referral,Qualification,CAMP008,2024-07-29,Salesforce,NAT3268,78 Connaught Pl,Near City Center,Jaipur,Rajasthan,India,215802
SF1748,Vikas,Bajaj,vikas.bajaj81@salesforce.com,9407841045,1982-04-27,Advertisement,Proposal,CAMP039,2025-11-21,Salesforce,NAT3748,23 Brigade Rd,Above Central Bank,Ahmedabad,Gujarat,India,195878
SF1461,Rekha,Joshi,rekha.joshi25@salesforce.com,9599755523,1983-06-11,Referral,Closed Won,CAMP009,2024-09-09,Salesforce,NAT3461,56 Chandni Chowk,Near Metro Station,Delhi,Delhi,India,671224
SF1438,Sanjay,Joshi,sanjay.joshi11@salesforce.com,9527244670,1989-11-07,Web,Proposal,CAMP022,2025-02-23,Salesforce,NAT3438,55 MI Rd,Near City Center,Hyderabad,Telangana,India,703194
SF1200,Vinay,Banerjee,vinay.banerjee4@salesforce.com,9249254619,1988-08-22,Partner,Proposal,CAMP001,2025-08-19,Salesforce,NAT3200,34 JM Road,,Chennai,Tamil Nadu,India,844001
SF1491,Ravi,Reddy,ravi.reddy64@salesforce.com,9544281268,1974-04-02,Web,Proposal,CAMP010,2024-11-01,Salesforce,NAT3491,34 JM Road,Opposite Mall,Mumbai,Maharashtra,India,113046
SF1158,Vikas,Agarwal,vikas.agarwal37@salesforce.com,9723805040,1998-09-17,Partner,Closed Lost,CAMP003,2025-08-18,Salesforce,NAT3158,12 MG Rd,Above Central Bank,Bangalore,Karnataka,India,997146
SF1538,Shalini,Malhotra,shalini.malhotra63@salesforce.com,9302743410,1978-05-04,Partner,Proposal,CAMP014,2026-01-16,Salesforce,NAT3538,55 MI Rd,Near City Center,Kolkata,West Bengal,India,160152
SF1283,Priya,Pandey,priya.pandey65@salesforce.com,9906389516,1982-07-20,Web,Proposal,CAMP020,2025-07-08,Salesforce,NAT3283,44 Ashram Rd,Above Central Bank,Hyderabad,Telangana,India,218424
SF1543,Meena,Menon,meena.menon14@salesforce.com,9491793801,1993-01-01,Web,Negotiation,CAMP023,2024-11-27,Salesforce,NAT3543,67 Law Garden Rd,,Hyderabad,Telangana,India,280328
SF1589,Anjali,Patel,anjali.patel69@salesforce.com,9424157125,1980-12-18,Referral,Proposal,CAMP028,2025-08-22,Salesforce,NAT3589,78 Connaught Pl,Near Metro Station,Ahmedabad,Gujarat,India,920036
SF1412,Vinay,Kaur,vinay.kaur18@salesforce.com,9988860440,2000-07-02,Referral,Closed Lost,CAMP032,2024-03-01,Salesforce,NAT3412,56 Chandni Chowk,Above Central Bank,Hyderabad,Telangana,India,712999
SF1404,Manish,Bajaj,manish.bajaj89@salesforce.com,9633948485,1983-03-03,Advertisement,Negotiation,CAMP005,2025-07-01,Salesforce,NAT3404,88 Worli Sea Face,Near City Center,Bangalore,Karnataka,India,642184
SF1678,Rajiv,Desai,rajiv.desai12@salesforce.com,9348016725,1998-04-20,Advertisement,Qualification,CAMP007,2025-11-14,Salesforce,NAT3678,56 Chandni Chowk,Above Central Bank,Pune,Maharashtra,India,775518
SF1037,Manish,Kaur,manish.kaur68@salesforce.com,9114971145,1975-09-20,Partner,Prospecting,CAMP021,2025-12-08,Salesforce,NAT3037,101 FC Rd,Near Metro Station,Chennai,Tamil Nadu,India,982850
SF1224,Arvind,Bajaj,arvind.bajaj77@salesforce.com,9713579403,1995-04-15,Partner,Closed Won,CAMP030,2025-12-13,Salesforce,NAT3224,23 Brigade Rd,Near City Center,Delhi,Delhi,India,383481
SF1576,Rohit,Sharma,rohit.sharma69@salesforce.com,9559032295,1971-06-18,Advertisement,Closed Won,CAMP021,2026-01-26,Salesforce,NAT3576,56 Chandni Chowk,Near City Center,Chennai,Tamil Nadu,India,790681
SF1668,Prakash,Mishra,prakash.mishra13@salesforce.com,9224933462,1992-08-02,Advertisement,Qualification,CAMP049,2024-08-25,Salesforce,NAT3668,56 Chandni Chowk,Above Central Bank,Kolkata,West Bengal,India,209682
SF1862,Sunil,Banerjee,sunil.banerjee90@salesforce.com,9330928088,1998-10-07,Referral,Negotiation,CAMP002,2025-04-20,Salesforce,NAT3862,56 Chandni Chowk,Near Old Town,Bangalore,Karnataka,India,760570
SF1335,Arvind,Guptha,arvind.guptha44@salesforce.com,9490236519,1992-11-20,Referral,Closed Won,CAMP045,2025-11-10,Salesforce,NAT3335,56 Chandni Chowk,,Jaipur,Rajasthan,India,707707
SF1656,Sunita,Kaur,sunita.kaur3@salesforce.com,9786003590,1995-06-29,Event,Closed Won,CAMP030,2024-06-25,Salesforce,NAT3656,44 Ashram Rd,Opposite Mall,Mumbai,Maharashtra,India,148785
SF1172,Arjun,Kaur,arjun.kaur69@salesforce.com,9894102595,1992-12-18,Cold Call,Qualification,CAMP045,2025-08-03,Salesforce,NAT3172,12 Residency Rd,Near Metro Station,Surat,Gujarat,India,839294
SF1734,Suresh,Malhotra,suresh.malhotra23@salesforce.com,9692515207,1973-10-04,Partner,Closed Lost,CAMP020,2024-07-22,Salesforce,NAT3734,88 Worli Sea Face,,Pune,Maharashtra,India,247903
SF1679,Anita,Menon,anita.menon53@salesforce.com,9074990436,1977-01-02,Referral,Closed Won,CAMP010,2024-03-04,Salesforce,NAT3679,45 Marine Dr,Near City Center,Surat,Gujarat,India,855351
SF1552,Alok,Banerjee,alok.banerjee61@salesforce.com,9987070330,1997-04-20,Partner,Qualification,CAMP036,2024-08-30,Salesforce,NAT3552,90 Karol Bagh Market,Opposite Mall,Hyderabad,Telangana,India,925900
SF1453,Suresh,Dubey,suresh.dubey35@salesforce.com,9992197795,1999-04-02,Referral,Closed Lost,CAMP005,2024-03-12,Salesforce,NAT3453,44 Ashram Rd,Near Metro Station,Surat,Gujarat,India,762337
SF1502,Manish,Mishra,manish.mishra67@salesforce.com,9229836459,1998-04-11,Referral,Negotiation,CAMP008,2025-10-21,Salesforce,NAT3502,56 Chandni Chowk,Next to Market,Ahmedabad,Gujarat,India,646314
SF1291,Deepak,Kaur,deepak.kaur54@salesforce.com,9809957844,1983-10-11,Partner,Negotiation,CAMP043,2025-03-01,Salesforce,NAT3291,88 Worli Sea Face,Next to Market,Delhi,Delhi,India,564127
SF1738,Sanjay,Bajaj,sanjay.bajaj2@salesforce.com,9866745804,1995-01-19,Event,Negotiation,CAMP025,2025-05-07,Salesforce,NAT3738,23 Brigade Rd,Opposite Mall,Kolkata,West Bengal,India,456037
SF1208,Sanjay,Kumar,sanjay.kumar61@salesforce.com,9055216556,1988-05-19,Event,Proposal,CAMP039,2025-02-05,Salesforce,NAT3208,67 Law Garden Rd,Opposite Mall,Jaipur,Rajasthan,India,134518
SF1212,Kavita,Dubey,kavita.dubey9@salesforce.com,9453099271,1976-01-29,Cold Call,Closed Lost,CAMP041,2024-01-31,Salesforce,NAT3212,78 Connaught Pl,Next to Market,Ahmedabad,Gujarat,India,214528
SF1329,Neha,Joshi,neha.joshi19@salesforce.com,9667569745,1998-10-11,Web,Closed Lost,CAMP035,2024-03-31,Salesforce,NAT3329,56 Chandni Chowk,,Pune,Maharashtra,India,546789
SF1651,Rohit,Verma,rohit.verma83@salesforce.com,9174917502,1977-06-14,Event,Closed Lost,CAMP038,2026-03-25,Salesforce,NAT3651,45 Marine Dr,Near City Center,Ahmedabad,Gujarat,India,940057
SF1213,Alok,Desai,alok.desai68@salesforce.com,9989144336,1999-09-26,Referral,Negotiation,CAMP019,2025-01-28,Salesforce,NAT3213,90 Karol Bagh Market,Next to Market,Delhi,Delhi,India,646794
SF1567,Meena,Nair,meena.nair69@salesforce.com,9449697174,1973-04-25,Web,Prospecting,CAMP001,2025-06-26,Salesforce,NAT3567,101 FC Rd,,Pune,Maharashtra,India,208335
SF1317,Vinod,Kumar,vinod.kumar91@salesforce.com,9068570496,1976-10-03,Referral,Closed Lost,CAMP038,2024-12-09,Salesforce,NAT3317,101 FC Rd,Opposite Mall,Delhi,Delhi,India,324846
SF1742,Meera,Shah,meera.shah32@salesforce.com,9774764629,1986-10-12,Web,Prospecting,CAMP026,2024-08-29,Salesforce,NAT3742,88 Worli Sea Face,Above Central Bank,Pune,Maharashtra,India,792350
SF1039,Anjali,Agarwal,anjali.agarwal68@salesforce.com,9565092648,1995-03-10,Advertisement,Prospecting,CAMP005,2025-10-06,Salesforce,NAT3039,78 Connaught Pl,Near Metro Station,Pune,Maharashtra,India,191547
SF1910,Sunil,Iyer,sunil.iyer5@salesforce.com,9969266511,1999-05-14,Web,Closed Won,CAMP023,2024-05-04,Salesforce,NAT3910,45 Marine Dr,Near Metro Station,Hyderabad,Telangana,India,966904
SF1590,Ajay,Nair,ajay.nair18@salesforce.com,9276786664,1976-10-30,Cold Call,Closed Lost,CAMP038,2026-01-30,Salesforce,NAT3590,77 Linking Rd,Next to Market,Chennai,Tamil Nadu,India,959283
SF1639,Vinod,Mishra,vinod.mishra40@salesforce.com,9694309589,1990-06-19,Event,Closed Won,CAMP003,2025-04-28,Salesforce,NAT3639,78 Connaught Pl,Opposite Mall,Delhi,Delhi,India,591593
SF1259,Seema,Shah,seema.shah73@salesforce.com,9324964039,1971-10-26,Web,Negotiation,CAMP031,2026-01-14,Salesforce,NAT3259,55 MI Rd,Near City Center,Bangalore,Karnataka,India,764831
SF1581,Anita,Kaur,anita.kaur18@salesforce.com,9404156902,1977-10-06,Advertisement,Negotiation,CAMP016,2025-11-11,Salesforce,NAT3581,23 Brigade Rd,Near Metro Station,Ahmedabad,Gujarat,India,563357
SF1403,Harish,Kaur,harish.kaur18@salesforce.com,9790015513,1994-08-10,Advertisement,Closed Lost,CAMP008,2025-03-25,Salesforce,NAT3403,56 Chandni Chowk,Opposite Mall,Chennai,Tamil Nadu,India,106728
SF1368,John,Dubey,john.dubey29@salesforce.com,9540802772,1995-12-06,Partner,Proposal,CAMP031,2025-03-10,Salesforce,NAT3368,34 JM Road,Opposite Mall,Bangalore,Karnataka,India,752123
SF1860,Rajiv,Dubey,rajiv.dubey24@salesforce.com,9150767623,1984-06-19,Web,Prospecting,CAMP029,2025-05-20,Salesforce,NAT3860,44 Ashram Rd,Near City Center,Chennai,Tamil Nadu,India,181448
SF1014,Lakshmi,Guptha,lakshmi.guptha21@salesforce.com,9985074382,1977-02-18,Event,Closed Won,CAMP021,2024-03-15,Salesforce,NAT3014,55 MI Rd,Above Central Bank,Mumbai,Maharashtra,India,768084
SF1725,Rekha,Mishra,rekha.mishra25@salesforce.com,9468475950,1970-10-18,Web,Closed Won,CAMP018,2026-01-20,Salesforce,NAT3725,56 Chandni Chowk,Near Old Town,Mumbai,Maharashtra,India,324210
SF1663,Ravi,Iyer,ravi.iyer5@salesforce.com,9518557752,1998-12-09,Advertisement,Closed Lost,CAMP014,2024-07-03,Salesforce,NAT3663,23 Brigade Rd,Above Central Bank,Jaipur,Rajasthan,India,410603
SF1370,Neha,Singh,neha.singh21@salesforce.com,9687741230,1988-06-12,Event,Prospecting,CAMP025,2024-10-21,Salesforce,NAT3370,23 Brigade Rd,Opposite Mall,Delhi,Delhi,India,353025
SF1044,Ravi,Shah,ravi.shah15@salesforce.com,9178844622,1992-08-05,Event,Proposal,CAMP004,2025-06-17,Salesforce,NAT3044,78 Connaught Pl,Next to Market,Mumbai,Maharashtra,India,590237
SF1379,Rajiv,Sharma,rajiv.sharma67@salesforce.com,9313227607,1971-08-31,Referral,Qualification,CAMP036,2024-02-24,Salesforce,NAT3379,12 Residency Rd,Near City Center,Jaipur,Rajasthan,India,499016
SF1593,Sunita,Menon,sunita.menon88@salesforce.com,9209907286,1973-03-14,Referral,Prospecting,CAMP030,2025-11-16,Salesforce,NAT3593,101 FC Rd,Above Central Bank,Surat,Gujarat,India,361003
SF1289,Arvind,Menon,arvind.menon94@salesforce.com,9071106715,1976-01-22,Cold Call,Closed Lost,CAMP010,2025-05-05,Salesforce,NAT3289,12 MG Rd,Opposite Mall,Surat,Gujarat,India,495893
SF1693,Meera,Mishra,meera.mishra24@salesforce.com,9407853707,1972-09-09,Cold Call,Negotiation,CAMP048,2024-02-06,Salesforce,NAT3693,12 Residency Rd,Above Central Bank,Kolkata,West Bengal,India,576937
SF1015,Harish,Banerjee,harish.banerjee21@salesforce.com,9992702587,1972-02-02,Web,Closed Won,CAMP007,2026-03-06,Salesforce,NAT3015,78 Connaught Pl,Opposite Mall,Surat,Gujarat,India,853387
SF1181,Jane,Kaur,jane.kaur21@salesforce.com,9071405750,1999-05-26,Event,Closed Lost,CAMP004,2024-12-11,Salesforce,NAT3181,88 Worli Sea Face,Near Old Town,Ahmedabad,Gujarat,India,965618
SF1608,Anjali,Gupta,anjali.gupta52@salesforce.com,9539583346,1971-01-12,Event,Qualification,CAMP023,2024-06-24,Salesforce,NAT3608,77 Linking Rd,Next to Market,Chennai,Tamil Nadu,India,432582
SF1356,Sunil,Menon,sunil.menon46@salesforce.com,9406758921,1990-02-26,Referral,Proposal,CAMP016,2025-04-21,Salesforce,NAT3356,56 Chandni Chowk,Next to Market,Hyderabad,Telangana,India,137802
SF1669,Sachin,Patel,sachin.patel92@salesforce.com,9536532391,1987-10-30,Advertisement,Proposal,CAMP029,2024-11-18,Salesforce,NAT3669,34 JM Road,Near City Center,Chennai,Tamil Nadu,India,876714
SF1768,Rahul,Iyer,rahul.iyer19@salesforce.com,9153355927,1982-02-15,Advertisement,Proposal,CAMP028,2026-02-28,Salesforce,NAT3768,78 Connaught Pl,Next to Market,Chennai,Tamil Nadu,India,449762
SF1812,Anita,Pandey,anita.pandey41@salesforce.com,9580864720,1999-02-07,Partner,Closed Lost,CAMP016,2026-03-05,Salesforce,NAT3812,34 JM Road,Opposite Mall,Delhi,Delhi,India,460005
SF1146,Rahul,Patel,rahul.patel65@salesforce.com,9799195543,1987-10-12,Partner,Closed Lost,CAMP043,2024-05-08,Salesforce,NAT3146,12 Residency Rd,Above Central Bank,Jaipur,Rajasthan,India,185729
SF1478,Prakash,Patel,prakash.patel60@salesforce.com,9022919305,1984-11-18,Event,Closed Won,CAMP044,2025-04-03,Salesforce,NAT3478,101 FC Rd,,Surat,Gujarat,India,121449
SF1123,Ramesh,Gupta,ramesh.gupta61@salesforce.com,9148807994,1996-08-04,Referral,Proposal,CAMP010,2024-10-19,Salesforce,NAT3123,67 Law Garden Rd,Next to Market,Chennai,Tamil Nadu,India,280602
SF1944,Neha,Desai,neha.desai18@salesforce.com,9344050685,1994-12-18,Referral,Negotiation,CAMP024,2025-06-14,Salesforce,NAT3944,90 Karol Bagh Market,Near City Center,Jaipur,Rajasthan,India,319339
SF1873,Divya,Joshi,divya.joshi21@salesforce.com,9596667108,1975-01-01,Partner,Proposal,CAMP037,2025-04-24,Salesforce,NAT3873,23 Brigade Rd,Opposite Mall,Ahmedabad,Gujarat,India,963050
SF1648,Meera,Dubey,meera.dubey47@salesforce.com,9145190272,1996-10-27,Partner,Qualification,CAMP009,2025-04-18,Salesforce,NAT3648,77 Linking Rd,Near City Center,Pune,Maharashtra,India,834063
SF1717,Neha,Mehta,neha.mehta14@salesforce.com,9459573230,1996-01-12,Referral,Proposal,CAMP016,2025-12-19,Salesforce,NAT3717,56 Chandni Chowk,Near City Center,Kolkata,West Bengal,India,371474
SF1557,Ravi,Gupta,ravi.gupta94@salesforce.com,9303895198,1996-03-15,Advertisement,Negotiation,CAMP050,2024-07-14,Salesforce,NAT3557,23 Brigade Rd,Near Old Town,Kolkata,West Bengal,India,418171
SF1610,Pooja,Nair,pooja.nair2@salesforce.com,9873238377,1970-09-28,Referral,Closed Lost,CAMP028,2025-10-09,Salesforce,NAT3610,12 Residency Rd,Near Old Town,Mumbai,Maharashtra,India,868890
SF1861,Deepak,Malhotra,deepak.malhotra70@salesforce.com,9692540983,1996-08-14,Web,Closed Won,CAMP012,2024-07-22,Salesforce,NAT3861,67 Law Garden Rd,Near City Center,Jaipur,Rajasthan,India,923838
SF1938,Rekha,Shah,rekha.shah54@salesforce.com,9102182651,1975-01-25,Advertisement,Closed Lost,CAMP040,2026-03-18,Salesforce,NAT3938,101 FC Rd,Next to Market,Bangalore,Karnataka,India,680598
SF1588,Sachin,Patel,sachin.patel29@salesforce.com,9588108796,1995-07-06,Partner,Closed Lost,CAMP029,2024-09-05,Salesforce,NAT3588,101 FC Rd,Opposite Mall,Surat,Gujarat,India,962007
SF1893,Sunil,Rao,sunil.rao73@salesforce.com,9209520255,1987-02-08,Advertisement,Prospecting,CAMP023,2025-12-15,Salesforce,NAT3893,12 MG Rd,Near Metro Station,Pune,Maharashtra,India,866723
SF1475,Sachin,Patel,sachin.patel80@salesforce.com,9313020799,1998-03-27,Referral,Negotiation,CAMP028,2024-08-07,Salesforce,NAT3475,101 FC Rd,Above Central Bank,Delhi,Delhi,India,790621
SF1671,Suresh,Desai,suresh.desai2@salesforce.com,9428509803,2000-06-10,Advertisement,Closed Won,CAMP031,2025-05-26,Salesforce,NAT3671,12 MG Rd,Next to Market,Hyderabad,Telangana,India,347651
SF1020,Anita,Bajaj,anita.bajaj38@salesforce.com,9716416360,1983-06-19,Event,Closed Won,CAMP019,2024-01-27,Salesforce,NAT3020,44 Ashram Rd,,Bangalore,Karnataka,India,936050
SF1825,Prakash,Guptha,prakash.guptha70@salesforce.com,9980852822,1992-08-17,Event,Prospecting,CAMP013,2024-01-11,Salesforce,NAT3825,23 Brigade Rd,Above Central Bank,Hyderabad,Telangana,India,366517
SF1677,Sunita,Bajaj,sunita.bajaj87@salesforce.com,9111261594,1975-04-20,Cold Call,Proposal,CAMP045,2025-05-31,Salesforce,NAT3677,12 Residency Rd,Near Old Town,Ahmedabad,Gujarat,India,285672
SF1765,Ajay,Bajaj,ajay.bajaj67@salesforce.com,9497376460,1970-09-02,Partner,Closed Won,CAMP024,2026-01-15,Salesforce,NAT3765,12 Residency Rd,Above Central Bank,Mumbai,Maharashtra,India,799186
SF1781,Amit,Kaur,amit.kaur72@salesforce.com,9507163691,1998-10-12,Advertisement,Closed Won,CAMP023,2024-12-08,Salesforce,NAT3781,90 Karol Bagh Market,Above Central Bank,Hyderabad,Telangana,India,566253
SF1437,Vinod,Iyer,vinod.iyer70@salesforce.com,9252756284,1986-06-09,Referral,Negotiation,CAMP020,2025-08-13,Salesforce,NAT3437,12 Residency Rd,Near City Center,Jaipur,Rajasthan,India,458217
SF1314,Lakshmi,Yadav,lakshmi.yadav69@salesforce.com,9415585887,1995-05-02,Referral,Closed Lost,CAMP005,2024-08-20,Salesforce,NAT3314,90 Karol Bagh Market,,Mumbai,Maharashtra,India,366286
SF1629,Arvind,Malhotra,arvind.malhotra97@salesforce.com,9234542313,1973-04-28,Partner,Qualification,CAMP007,2025-12-02,Salesforce,NAT3629,23 Brigade Rd,,Kolkata,West Bengal,India,833679
SF1018,Alok,Chopra,alok.chopra51@salesforce.com,9894758014,1992-06-02,Cold Call,Qualification,CAMP028,2024-08-15,Salesforce,NAT3018,12 MG Rd,Next to Market,Surat,Gujarat,India,738161
SF1285,Alok,Patel,alok.patel59@salesforce.com,9519733635,1974-07-17,Advertisement,Closed Lost,CAMP024,2025-06-22,Salesforce,NAT3285,34 JM Road,Near Old Town,Kolkata,West Bengal,India,737430
SF1795,Vinay,Kaur,vinay.kaur40@salesforce.com,9185990612,1978-03-04,Partner,Proposal,CAMP005,2025-04-15,Salesforce,NAT3795,34 JM Road,Next to Market,Delhi,Delhi,India,715765
SF1298,Manish,Mishra,manish.mishra76@salesforce.com,9894283429,1986-05-08,Advertisement,Prospecting,CAMP014,2025-10-18,Salesforce,NAT3298,77 Linking Rd,Near Old Town,Ahmedabad,Gujarat,India,327993
SF1863,Anjali,Banerjee,anjali.banerjee7@salesforce.com,9780980665,1986-02-04,Event,Closed Won,CAMP025,2024-11-24,Salesforce,NAT3863,78 Connaught Pl,Next to Market,Chennai,Tamil Nadu,India,315681
SF1785,Sunil,Banerjee,sunil.banerjee44@salesforce.com,9706010687,1997-08-11,Partner,Negotiation,CAMP020,2024-02-18,Salesforce,NAT3785,12 MG Rd,Above Central Bank,Mumbai,Maharashtra,India,510838
SF1294,Prakash,Nair,prakash.nair34@salesforce.com,9516283719,1993-09-16,Advertisement,Closed Lost,CAMP020,2025-06-18,Salesforce,NAT3294,77 Linking Rd,,Chennai,Tamil Nadu,India,771959
SF1009,Sunita,Pandey,sunita.pandey6@salesforce.com,9872364389,1991-05-23,Web,Qualification,CAMP047,2025-10-18,Salesforce,NAT3009,55 MI Rd,Near City Center,Surat,Gujarat,India,743887
SF1336,Ravi,Rao,ravi.rao93@salesforce.com,9591392494,1971-04-20,Cold Call,Proposal,CAMP039,2025-09-25,Salesforce,NAT3336,88 Worli Sea Face,,Surat,Gujarat,India,475666
SF1634,Meena,Dubey,meena.dubey56@salesforce.com,9867084087,1982-09-23,Cold Call,Negotiation,CAMP011,2025-11-17,Salesforce,NAT3634,55 MI Rd,Near City Center,Chennai,Tamil Nadu,India,883355
SF1199,Ravi,Kapoor,ravi.kapoor14@salesforce.com,9665687952,1981-09-14,Advertisement,Proposal,CAMP041,2024-02-14,Salesforce,NAT3199,23 Brigade Rd,Above Central Bank,Jaipur,Rajasthan,India,742168
SF1834,Vikas,Reddy,vikas.reddy90@salesforce.com,9412747573,1996-10-02,Referral,Closed Lost,CAMP043,2026-02-11,Salesforce,NAT3834,101 FC Rd,Above Central Bank,Mumbai,Maharashtra,India,955775
SF1828,Harish,Nair,harish.nair82@salesforce.com,9019623634,1989-05-11,Advertisement,Prospecting,CAMP037,2025-12-18,Salesforce,NAT3828,67 Law Garden Rd,Above Central Bank,Hyderabad,Telangana,India,618275
SF1936,Shalini,Menon,shalini.menon35@salesforce.com,9780923263,1992-06-30,Event,Proposal,CAMP010,2025-02-26,Salesforce,NAT3936,45 Marine Dr,Opposite Mall,Kolkata,West Bengal,India,762802
SF1757,Sunil,Bajaj,sunil.bajaj42@salesforce.com,9147291120,1990-07-17,Advertisement,Qualification,CAMP039,2025-03-26,Salesforce,NAT3757,77 Linking Rd,Next to Market,Delhi,Delhi,India,907837
SF1883,Sneha,Patel,sneha.patel2@salesforce.com,9446189574,1974-02-06,Cold Call,Prospecting,CAMP010,2024-02-03,Salesforce,NAT3883,101 FC Rd,,Bangalore,Karnataka,India,491683
SF1373,Karan,Tiwari,karan.tiwari29@salesforce.com,9999667001,1982-01-05,Event,Negotiation,CAMP044,2024-09-15,Salesforce,NAT3373,55 MI Rd,Above Central Bank,Bangalore,Karnataka,India,746769
SF1229,Anita,Yadav,anita.yadav60@salesforce.com,9259744254,1977-09-15,Cold Call,Prospecting,CAMP037,2025-04-19,Salesforce,NAT3229,44 Ashram Rd,Above Central Bank,Bangalore,Karnataka,India,777021
SF1263,Alok,Guptha,alok.guptha57@salesforce.com,9651543327,1979-05-17,Web,Closed Lost,CAMP030,2024-05-30,Salesforce,NAT3263,45 Marine Dr,Near Old Town,Chennai,Tamil Nadu,India,870646
SF1242,Pooja,Sharma,pooja.sharma89@salesforce.com,9235185786,1975-06-06,Partner,Prospecting,CAMP045,2025-01-03,Salesforce,NAT3242,45 Marine Dr,Above Central Bank,Surat,Gujarat,India,148768
SF1753,Anjali,Desai,anjali.desai99@salesforce.com,9486415379,1985-12-13,Partner,Prospecting,CAMP002,2025-12-12,Salesforce,NAT3753,78 Connaught Pl,Opposite Mall,Bangalore,Karnataka,India,474545
SF1497,Suresh,Iyer,suresh.iyer7@salesforce.com,9325613818,1976-02-06,Web,Closed Lost,CAMP019,2024-06-12,Salesforce,NAT3497,78 Connaught Pl,Opposite Mall,Delhi,Delhi,India,587505
SF1093,Pooja,Kumar,pooja.kumar41@salesforce.com,9810081388,1992-02-03,Web,Closed Won,CAMP009,2026-03-01,Salesforce,NAT3093,77 Linking Rd,Opposite Mall,Mumbai,Maharashtra,India,240984
SF1494,Deepak,Tiwari,deepak.tiwari63@salesforce.com,9649125774,1994-08-11,Referral,Qualification,CAMP006,2024-12-15,Salesforce,NAT3494,78 Connaught Pl,Near Metro Station,Surat,Gujarat,India,608841
SF1376,Sanjay,Banerjee,sanjay.banerjee46@salesforce.com,9098230876,1995-10-12,Event,Qualification,CAMP044,2024-04-12,Salesforce,NAT3376,34 JM Road,,Delhi,Delhi,India,255193
SF1445,Lakshmi,Srivastava,lakshmi.srivastava79@salesforce.com,9064845225,1978-07-09,Web,Negotiation,CAMP037,2025-04-01,Salesforce,NAT3445,88 Worli Sea Face,Near Metro Station,Pune,Maharashtra,India,979652
SF1794,Arvind,Verma,arvind.verma62@salesforce.com,9425291855,1983-01-28,Partner,Qualification,CAMP026,2025-09-19,Salesforce,NAT3794,45 Marine Dr,Next to Market,Surat,Gujarat,India,976884
SF1743,Lakshmi,Chopra,lakshmi.chopra46@salesforce.com,9730613592,1990-03-26,Advertisement,Qualification,CAMP027,2024-06-21,Salesforce,NAT3743,44 Ashram Rd,Near Old Town,Jaipur,Rajasthan,India,352842
SF1528,Sunil,Dubey,sunil.dubey99@salesforce.com,9171943068,1995-03-10,Event,Proposal,CAMP006,2024-03-11,Salesforce,NAT3528,77 Linking Rd,Near City Center,Chennai,Tamil Nadu,India,232017
SF1240,Sunil,Chopra,sunil.chopra41@salesforce.com,9077105074,1990-10-24,Event,Negotiation,CAMP044,2025-11-05,Salesforce,NAT3240,34 JM Road,Above Central Bank,Chennai,Tamil Nadu,India,785362
SF1898,Prakash,Sharma,prakash.sharma10@salesforce.com,9357176410,1999-09-15,Event,Closed Won,CAMP034,2024-08-18,Salesforce,NAT3898,78 Connaught Pl,Near Metro Station,Ahmedabad,Gujarat,India,738612
SF1907,Manish,Bajaj,manish.bajaj19@salesforce.com,9535088064,1983-12-15,Web,Closed Lost,CAMP017,2024-12-30,Salesforce,NAT3907,77 Linking Rd,Opposite Mall,Ahmedabad,Gujarat,India,436559
SF1739,Ramesh,Bajaj,ramesh.bajaj38@salesforce.com,9684976532,1999-03-10,Partner,Closed Lost,CAMP016,2024-12-25,Salesforce,NAT3739,34 JM Road,Near Old Town,Pune,Maharashtra,India,582324
SF1622,Sneha,Shah,sneha.shah62@salesforce.com,9583428596,1977-10-09,Referral,Qualification,CAMP017,2025-01-21,Salesforce,NAT3622,12 MG Rd,Above Central Bank,Kolkata,West Bengal,India,100497
SF1415,Sneha,Iyer,sneha.iyer88@salesforce.com,9141142882,1999-07-19,Partner,Negotiation,CAMP016,2026-03-27,Salesforce,NAT3415,56 Chandni Chowk,,Surat,Gujarat,India,315774
SF1393,Anita,Kaur,anita.kaur7@salesforce.com,9466772790,1976-10-22,Event,Qualification,CAMP040,2025-01-12,Salesforce,NAT3393,34 JM Road,Near Metro Station,Jaipur,Rajasthan,India,515707
SF1611,Ravi,Rao,ravi.rao3@salesforce.com,9104371547,1995-04-19,Advertisement,Closed Won,CAMP022,2024-01-04,Salesforce,NAT3611,12 Residency Rd,Near City Center,Bangalore,Karnataka,India,942980
SF1685,Vikas,Banerjee,vikas.banerjee20@salesforce.com,9620963007,1978-05-02,Partner,Closed Lost,CAMP044,2024-10-16,Salesforce,NAT3685,56 Chandni Chowk,Near Old Town,Delhi,Delhi,India,532132
SF1869,Vikas,Rao,vikas.rao46@salesforce.com,9297865901,1984-02-18,Cold Call,Proposal,CAMP035,2024-01-25,Salesforce,NAT3869,77 Linking Rd,Near Metro Station,Chennai,Tamil Nadu,India,157446
SF1087,Deepak,Kapoor,deepak.kapoor63@salesforce.com,9336949990,1989-08-04,Event,Closed Lost,CAMP044,2024-09-09,Salesforce,NAT3087,44 Ashram Rd,Next to Market,Mumbai,Maharashtra,India,710095
SF1319,Sneha,Srivastava,sneha.srivastava51@salesforce.com,9442827648,1971-12-13,Cold Call,Prospecting,CAMP046,2024-06-04,Salesforce,NAT3319,23 Brigade Rd,Near City Center,Ahmedabad,Gujarat,India,447317
SF1681,Sunita,Gupta,sunita.gupta19@salesforce.com,9518296525,1978-06-16,Cold Call,Prospecting,CAMP007,2025-03-02,Salesforce,NAT3681,56 Chandni Chowk,Opposite Mall,Hyderabad,Telangana,India,679498
SF1059,Alok,Banerjee,alok.banerjee22@salesforce.com,9429374511,1987-11-22,Partner,Negotiation,CAMP050,2024-08-09,Salesforce,NAT3059,90 Karol Bagh Market,Opposite Mall,Surat,Gujarat,India,200426
SF1079,Ravi,Yadav,ravi.yadav58@salesforce.com,9861903117,1998-11-10,Advertisement,Closed Won,CAMP017,2025-08-26,Salesforce,NAT3079,56 Chandni Chowk,Near Metro Station,Kolkata,West Bengal,India,992969
SF1851,Anita,Dubey,anita.dubey38@salesforce.com,9053891053,1995-07-14,Web,Prospecting,CAMP011,2024-12-16,Salesforce,NAT3851,88 Worli Sea Face,Opposite Mall,Jaipur,Rajasthan,India,640964
SF1599,Sunil,Pandey,sunil.pandey89@salesforce.com,9143453862,1999-10-17,Event,Proposal,CAMP003,2025-09-20,Salesforce,NAT3599,12 Residency Rd,,Pune,Maharashtra,India,282905
SF1818,Meena,Verma,meena.verma93@salesforce.com,9564389145,1996-12-28,Partner,Prospecting,CAMP044,2025-01-26,Salesforce,NAT3818,23 Brigade Rd,Opposite Mall,Surat,Gujarat,India,123803
SF1193,Amit,Mehta,amit.mehta27@salesforce.com,9529839583,1988-07-09,Web,Qualification,CAMP041,2024-02-09,Salesforce,NAT3193,34 JM Road,Next to Market,Bangalore,Karnataka,India,133617
SF1132,Vinod,Joshi,vinod.joshi35@salesforce.com,9787238067,1983-09-22,Partner,Closed Won,CAMP042,2025-04-19,Salesforce,NAT3132,101 FC Rd,Next to Market,Jaipur,Rajasthan,India,253959
SF1932,Ravi,Banerjee,ravi.banerjee63@salesforce.com,9986379968,1991-10-01,Web,Prospecting,CAMP019,2025-01-11,Salesforce,NAT3932,34 JM Road,Next to Market,Surat,Gujarat,India,629386
SF1767,Ajay,Guptha,ajay.guptha53@salesforce.com,9617670981,1994-04-03,Advertisement,Prospecting,CAMP028,2025-07-19,Salesforce,NAT3767,45 Marine Dr,Near Metro Station,Mumbai,Maharashtra,India,459142
SF1595,Alok,Malhotra,alok.malhotra57@salesforce.com,9377178279,1973-08-23,Advertisement,Closed Lost,CAMP022,2024-06-10,Salesforce,NAT3595,101 FC Rd,Near Old Town,Surat,Gujarat,India,655775
SF1243,Anjali,Patel,anjali.patel78@salesforce.com,9116232405,1977-11-01,Cold Call,Closed Won,CAMP034,2024-07-05,Salesforce,NAT3243,56 Chandni Chowk,Near Old Town,Surat,Gujarat,India,386640
SF1797,Amit,Menon,amit.menon4@salesforce.com,9101563274,1977-02-22,Event,Prospecting,CAMP031,2024-06-23,Salesforce,NAT3797,67 Law Garden Rd,,Surat,Gujarat,India,690380
SF1272,Vinod,Agarwal,vinod.agarwal63@salesforce.com,9997071601,1997-02-19,Web,Closed Won,CAMP017,2025-07-24,Salesforce,NAT3272,45 Marine Dr,Opposite Mall,Mumbai,Maharashtra,India,832800
SF1877,Arjun,Desai,arjun.desai38@salesforce.com,9690305692,1997-06-27,Event,Negotiation,CAMP002,2025-05-01,Salesforce,NAT3877,12 Residency Rd,Near Metro Station,Chennai,Tamil Nadu,India,405776
SF1169,Ajay,Mehta,ajay.mehta39@salesforce.com,9081752101,1970-09-30,Web,Proposal,CAMP041,2024-10-08,Salesforce,NAT3169,88 Worli Sea Face,Near Metro Station,Chennai,Tamil Nadu,India,301644
SF1002,Kavita,Patil,kavita.patil65@salesforce.com,9423041122,1975-11-17,Cold Call,Prospecting,CAMP006,2025-07-18,Salesforce,NAT3002,12 Residency Rd,Near Metro Station,Surat,Gujarat,India,225490
SF1390,Pooja,Kapoor,pooja.kapoor52@salesforce.com,9510603854,1976-05-08,Cold Call,Prospecting,CAMP013,2025-02-22,Salesforce,NAT3390,12 MG Rd,,Surat,Gujarat,India,843682
SF1826,Divya,Iyer,divya.iyer64@salesforce.com,9140733151,1970-01-25,Web,Negotiation,CAMP046,2025-03-11,Salesforce,NAT3826,101 FC Rd,Near Metro Station,Surat,Gujarat,India,747228
SF1541,Rahul,Menon,rahul.menon77@salesforce.com,9242074840,1998-07-28,Event,Negotiation,CAMP011,2025-07-18,Salesforce,NAT3541,77 Linking Rd,Next to Market,Mumbai,Maharashtra,India,432360
SF1889,Sachin,Joshi,sachin.joshi24@salesforce.com,9259811274,1977-12-07,Partner,Qualification,CAMP049,2025-09-30,Salesforce,NAT3889,45 Marine Dr,Near Old Town,Ahmedabad,Gujarat,India,402156
SF1700,Amit,Pandey,amit.pandey8@salesforce.com,9840973672,1996-08-28,Referral,Negotiation,CAMP005,2025-07-24,Salesforce,NAT3700,77 Linking Rd,Next to Market,Hyderabad,Telangana,India,811231
SF1658,Ramesh,Desai,ramesh.desai12@salesforce.com,9144959635,1990-09-17,Event,Qualification,CAMP008,2026-02-13,Salesforce,NAT3658,12 MG Rd,Near Old Town,Kolkata,West Bengal,India,586362
SF1572,Pooja,Tiwari,pooja.tiwari62@salesforce.com,9445951790,1994-03-08,Referral,Qualification,CAMP034,2025-09-12,Salesforce,NAT3572,101 FC Rd,Near Metro Station,Ahmedabad,Gujarat,India,443107
SF1366,Shalini,Yadav,shalini.yadav8@salesforce.com,9064876269,1984-04-02,Referral,Closed Lost,CAMP016,2025-10-19,Salesforce,NAT3366,45 Marine Dr,Above Central Bank,Bangalore,Karnataka,India,269636
SF1011,Prakash,Singh,prakash.singh95@salesforce.com,9218744209,2000-11-18,Event,Prospecting,CAMP001,2024-10-09,Salesforce,NAT3011,67 Law Garden Rd,Near Old Town,Ahmedabad,Gujarat,India,428622
SF1545,Vinay,Mehta,vinay.mehta58@salesforce.com,9423626972,1986-01-27,Event,Closed Won,CAMP028,2025-02-08,Salesforce,NAT3545,88 Worli Sea Face,Next to Market,Bangalore,Karnataka,India,466009
SF1918,Meena,Tiwari,meena.tiwari52@salesforce.com,9070626580,1991-11-13,Advertisement,Closed Lost,CAMP050,2024-12-26,Salesforce,NAT3918,34 JM Road,Near City Center,Delhi,Delhi,India,953001
SF1264,Prakash,Pandey,prakash.pandey23@salesforce.com,9078695968,1999-01-24,Cold Call,Closed Lost,CAMP044,2024-05-19,Salesforce,NAT3264,12 MG Rd,Near City Center,Kolkata,West Bengal,India,923652
SF1836,Rekha,Gupta,rekha.gupta75@salesforce.com,9022898489,1981-07-31,Advertisement,Closed Lost,CAMP044,2025-12-28,Salesforce,NAT3836,12 Residency Rd,,Surat,Gujarat,India,744225
SF1710,Divya,Patel,divya.patel31@salesforce.com,9404373243,1971-10-01,Referral,Qualification,CAMP029,2024-10-01,Salesforce,NAT3710,44 Ashram Rd,Opposite Mall,Mumbai,Maharashtra,India,570861
SF1870,Vikas,Malhotra,vikas.malhotra17@salesforce.com,9791824170,1992-03-10,Cold Call,Proposal,CAMP033,2025-10-11,Salesforce,NAT3870,67 Law Garden Rd,Next to Market,Ahmedabad,Gujarat,India,162338
SF1513,Sachin,Sharma,sachin.sharma30@salesforce.com,9847416252,1983-04-21,Partner,Closed Won,CAMP046,2025-05-12,Salesforce,NAT3513,77 Linking Rd,Near Old Town,Chennai,Tamil Nadu,India,628279
SF1387,Divya,Desai,divya.desai19@salesforce.com,9514297747,1975-09-13,Advertisement,Proposal,CAMP033,2024-11-24,Salesforce,NAT3387,90 Karol Bagh Market,Near City Center,Delhi,Delhi,India,334703
SF1456,Lakshmi,Verma,lakshmi.verma2@salesforce.com,9486951701,1972-11-27,Event,Qualification,CAMP015,2025-08-28,Salesforce,NAT3456,78 Connaught Pl,Opposite Mall,Ahmedabad,Gujarat,India,239551
SF1152,Divya,Singh,divya.singh40@salesforce.com,9922159384,1999-08-12,Partner,Closed Won,CAMP006,2024-07-25,Salesforce,NAT3152,56 Chandni Chowk,Opposite Mall,Kolkata,West Bengal,India,749730
SF1885,Suresh,Mishra,suresh.mishra94@salesforce.com,9300921713,1983-07-06,Referral,Prospecting,CAMP029,2025-03-20,Salesforce,NAT3885,44 Ashram Rd,Opposite Mall,Jaipur,Rajasthan,India,578663
SF1275,Amit,Pandey,amit.pandey21@salesforce.com,9901539764,1977-08-29,Partner,Negotiation,CAMP012,2025-10-20,Salesforce,NAT3275,23 Brigade Rd,,Pune,Maharashtra,India,773389
SF1065,Vikas,Shah,vikas.shah61@salesforce.com,9151154633,1984-05-02,Cold Call,Proposal,CAMP004,2026-03-21,Salesforce,NAT3065,12 Residency Rd,Near City Center,Hyderabad,Telangana,India,772375
SF1526,Karan,Shah,karan.shah69@salesforce.com,9111627174,1991-04-15,Referral,Proposal,CAMP022,2025-12-19,Salesforce,NAT3526,78 Connaught Pl,Above Central Bank,Surat,Gujarat,India,571299
SF1143,Vinod,Guptha,vinod.guptha66@salesforce.com,9918037580,1990-04-28,Referral,Negotiation,CAMP036,2024-04-10,Salesforce,NAT3143,90 Karol Bagh Market,Near Metro Station,Surat,Gujarat,India,755345
SF1859,Lakshmi,Patel,lakshmi.patel92@salesforce.com,9474905288,1995-04-22,Referral,Prospecting,CAMP020,2025-04-22,Salesforce,NAT3859,34 JM Road,Above Central Bank,Kolkata,West Bengal,India,133257
SF1258,Vinay,Rao,vinay.rao20@salesforce.com,9900214301,2000-02-20,Partner,Closed Won,CAMP020,2024-04-28,Salesforce,NAT3258,55 MI Rd,Above Central Bank,Bangalore,Karnataka,India,236765
SF1487,Deepak,Pandey,deepak.pandey85@salesforce.com,9900979385,1984-06-17,Partner,Closed Lost,CAMP015,2025-09-21,Salesforce,NAT3487,77 Linking Rd,Near Metro Station,Jaipur,Rajasthan,India,432339
SF1350,Harish,Bajaj,harish.bajaj32@salesforce.com,9039634419,1972-10-20,Cold Call,Closed Lost,CAMP010,2025-11-29,Salesforce,NAT3350,78 Connaught Pl,Opposite Mall,Surat,Gujarat,India,912045
SF1355,Vikas,Chopra,vikas.chopra99@salesforce.com,9581115202,1993-05-05,Event,Qualification,CAMP022,2025-09-01,Salesforce,NAT3355,55 MI Rd,,Chennai,Tamil Nadu,India,247541
SF1026,Harish,Patil,harish.patil68@salesforce.com,9140021752,1993-04-22,Cold Call,Qualification,CAMP025,2026-03-19,Salesforce,NAT3026,67 Law Garden Rd,Next to Market,Surat,Gujarat,India,101658
SF1468,Harish,Joshi,harish.joshi4@salesforce.com,9724831076,1986-04-28,Advertisement,Closed Lost,CAMP037,2026-02-17,Salesforce,NAT3468,56 Chandni Chowk,Above Central Bank,Jaipur,Rajasthan,India,855021
SF1078,Manish,Srivastava,manish.srivastava58@salesforce.com,9151061860,1986-06-25,Web,Prospecting,CAMP028,2025-09-01,Salesforce,NAT3078,12 MG Rd,Near Metro Station,Surat,Gujarat,India,544401
SF1721,Rekha,Sharma,rekha.sharma94@salesforce.com,9940148056,2000-04-03,Cold Call,Negotiation,CAMP035,2025-02-24,Salesforce,NAT3721,34 JM Road,Opposite Mall,Surat,Gujarat,India,108726
SF1575,Divya,Agarwal,divya.agarwal50@salesforce.com,9952042047,1990-05-19,Advertisement,Qualification,CAMP030,2025-12-05,Salesforce,NAT3575,90 Karol Bagh Market,Above Central Bank,Surat,Gujarat,India,977623
SF1947,Rohit,Kapoor,rohit.kapoor66@salesforce.com,9026075582,1997-11-07,Partner,Negotiation,CAMP030,2026-02-01,Salesforce,NAT3947,45 Marine Dr,Opposite Mall,Delhi,Delhi,India,100450
SF1686,Lakshmi,Rao,lakshmi.rao39@salesforce.com,9292232910,1988-09-13,Web,Closed Lost,CAMP029,2024-07-13,Salesforce,NAT3686,78 Connaught Pl,Next to Market,Kolkata,West Bengal,India,412088
SF1489,Rekha,Dubey,rekha.dubey58@salesforce.com,9252046260,1991-08-11,Advertisement,Qualification,CAMP047,2024-05-22,Salesforce,NAT3489,77 Linking Rd,Near Metro Station,Delhi,Delhi,India,898955
SF1035,Arvind,Sharma,arvind.sharma81@salesforce.com,9955766021,1977-03-25,Partner,Closed Lost,CAMP028,2024-11-18,Salesforce,NAT3035,34 JM Road,Near Old Town,Mumbai,Maharashtra,India,651751
SF1362,Prakash,Reddy,prakash.reddy17@salesforce.com,9684595481,1992-08-12,Referral,Proposal,CAMP013,2025-06-17,Salesforce,NAT3362,45 Marine Dr,Near Old Town,Pune,Maharashtra,India,273553
SF1397,Neha,Joshi,neha.joshi98@salesforce.com,9931670281,1972-12-01,Event,Proposal,CAMP023,2024-05-12,Salesforce,NAT3397,67 Law Garden Rd,Opposite Mall,Kolkata,West Bengal,India,975484
SF1929,Ravi,Srivastava,ravi.srivastava64@salesforce.com,9957521272,1988-08-22,Event,Negotiation,CAMP016,2024-04-21,Salesforce,NAT3929,44 Ashram Rd,Opposite Mall,Delhi,Delhi,India,280303
SF1155,Kavita,Kaur,kavita.kaur16@salesforce.com,9463170051,1971-06-29,Web,Prospecting,CAMP043,2025-09-28,Salesforce,NAT3155,12 MG Rd,Near Metro Station,Chennai,Tamil Nadu,India,882341
SF1209,Anjali,Singh,anjali.singh24@salesforce.com,9904045417,1975-01-29,Advertisement,Closed Won,CAMP048,2025-04-06,Salesforce,NAT3209,90 Karol Bagh Market,Next to Market,Bangalore,Karnataka,India,909297
SF1201,Rahul,Srivastava,rahul.srivastava54@salesforce.com,9607469243,1979-10-16,Web,Qualification,CAMP013,2024-09-11,Salesforce,NAT3201,77 Linking Rd,Near Metro Station,Mumbai,Maharashtra,India,405641
SF1661,Meera,Pandey,meera.pandey93@salesforce.com,9355971338,1994-06-30,Web,Closed Lost,CAMP037,2025-10-15,Salesforce,NAT3661,44 Ashram Rd,Near Metro Station,Bangalore,Karnataka,India,212707
SF1568,Jane,Iyer,jane.iyer97@salesforce.com,9724134078,1998-06-22,Partner,Negotiation,CAMP036,2024-01-23,Salesforce,NAT3568,12 Residency Rd,Near Old Town,Ahmedabad,Gujarat,India,862180
SF1832,Rekha,Gupta,rekha.gupta51@salesforce.com,9073852249,1982-05-10,Web,Closed Lost,CAMP029,2025-06-17,Salesforce,NAT3832,55 MI Rd,Near Metro Station,Ahmedabad,Gujarat,India,938029
SF1413,Shalini,Rao,shalini.rao46@salesforce.com,9092693405,1978-10-10,Web,Negotiation,CAMP020,2024-12-01,Salesforce,NAT3413,44 Ashram Rd,Near Metro Station,Surat,Gujarat,India,728508
SF1895,Rekha,Bajaj,rekha.bajaj65@salesforce.com,9909762184,1989-03-05,Referral,Closed Won,CAMP009,2025-02-18,Salesforce,NAT3895,101 FC Rd,,Pune,Maharashtra,India,926272
SF1900,Deepak,Agarwal,deepak.agarwal11@salesforce.com,9617809788,2000-11-09,Cold Call,Qualification,CAMP032,2025-04-19,Salesforce,NAT3900,34 JM Road,Near Old Town,Bangalore,Karnataka,India,221265
SF1179,Sneha,Desai,sneha.desai7@salesforce.com,9117129842,1978-08-05,Event,Closed Lost,CAMP025,2025-06-07,Salesforce,NAT3179,101 FC Rd,Opposite Mall,Bangalore,Karnataka,India,266967
SF1901,Deepak,Tiwari,deepak.tiwari52@salesforce.com,9532936721,1993-04-09,Referral,Closed Lost,CAMP036,2025-03-24,Salesforce,NAT3901,67 Law Garden Rd,Next to Market,Ahmedabad,Gujarat,India,558070
SF1219,Divya,Kumar,divya.kumar21@salesforce.com,9669886520,1985-02-22,Partner,Prospecting,CAMP038,2025-11-09,Salesforce,NAT3219,101 FC Rd,Near City Center,Kolkata,West Bengal,India,459193
SF1866,Neha,Malhotra,neha.malhotra35@salesforce.com,9369189730,1973-03-01,Event,Closed Won,CAMP027,2024-03-25,Salesforce,NAT3866,101 FC Rd,Next to Market,Jaipur,Rajasthan,India,115230
SF1023,Vinod,Rao,vinod.rao14@salesforce.com,9665828418,1998-03-16,Referral,Qualification,CAMP029,2024-06-01,Salesforce,NAT3023,23 Brigade Rd,,Hyderabad,Telangana,India,583630
SF1811,Sneha,Reddy,sneha.reddy14@salesforce.com,9475897141,1983-10-13,Referral,Proposal,CAMP019,2024-03-17,Salesforce,NAT3811,101 FC Rd,Near Old Town,Ahmedabad,Gujarat,India,652658
SF1304,Ajay,Joshi,ajay.joshi82@salesforce.com,9576441629,1992-03-23,Advertisement,Proposal,CAMP007,2024-11-19,Salesforce,NAT3304,88 Worli Sea Face,Near Old Town,Bangalore,Karnataka,India,787926
SF1920,Sunil,Patel,sunil.patel51@salesforce.com,9130457529,1971-11-11,Partner,Closed Won,CAMP006,2024-04-20,Salesforce,NAT3920,45 Marine Dr,,Mumbai,Maharashtra,India,613704
SF1605,Vinod,Patil,vinod.patil91@salesforce.com,9059397844,1989-12-12,Partner,Closed Lost,CAMP020,2025-10-24,Salesforce,NAT3605,78 Connaught Pl,,Hyderabad,Telangana,India,663516
SF1218,Suresh,Nair,suresh.nair12@salesforce.com,9830946554,1979-12-10,Advertisement,Proposal,CAMP038,2024-09-18,Salesforce,NAT3218,77 Linking Rd,,Pune,Maharashtra,India,588785
SF1776,Anjali,Shah,anjali.shah69@salesforce.com,9906033655,1974-06-06,Referral,Closed Won,CAMP020,2025-07-08,Salesforce,NAT3776,34 JM Road,Near City Center,Kolkata,West Bengal,India,425932
SF1592,Rohit,Kumar,rohit.kumar19@salesforce.com,9566657115,1971-03-19,Web,Qualification,CAMP015,2025-10-19,Salesforce,NAT3592,12 MG Rd,,Delhi,Delhi,India,763069
SF1154,Sachin,Singh,sachin.singh80@salesforce.com,9755302488,1970-05-14,Referral,Closed Lost,CAMP018,2024-06-14,Salesforce,NAT3154,23 Brigade Rd,Near Old Town,Delhi,Delhi,India,958269
SF1140,Anjali,Bajaj,anjali.bajaj17@salesforce.com,9034436800,1973-09-22,Event,Qualification,CAMP035,2024-06-28,Salesforce,NAT3140,67 Law Garden Rd,Near Metro Station,Delhi,Delhi,India,761372
SF1488,Vikas,Tiwari,vikas.tiwari11@salesforce.com,9473217776,1994-09-06,Web,Closed Lost,CAMP046,2024-07-05,Salesforce,NAT3488,12 MG Rd,,Surat,Gujarat,India,432749
SF1698,Manish,Sharma,manish.sharma21@salesforce.com,9499687489,1976-06-29,Cold Call,Negotiation,CAMP036,2024-04-25,Salesforce,NAT3698,34 JM Road,Above Central Bank,Hyderabad,Telangana,India,628666
SF1159,Deepak,Pandey,deepak.pandey55@salesforce.com,9720156985,1980-10-24,Web,Prospecting,CAMP004,2025-09-09,Salesforce,NAT3159,55 MI Rd,Opposite Mall,Chennai,Tamil Nadu,India,310909
SF1477,Meena,Kaur,meena.kaur26@salesforce.com,9487145165,1989-04-13,Web,Proposal,CAMP038,2024-04-21,Salesforce,NAT3477,90 Karol Bagh Market,,Bangalore,Karnataka,India,873182
SF1517,Anjali,Srivastava,anjali.srivastava82@salesforce.com,9898843876,1982-04-19,Referral,Qualification,CAMP009,2025-08-07,Salesforce,NAT3517,12 MG Rd,Near City Center,Hyderabad,Telangana,India,238579
SF1345,Neha,Agarwal,neha.agarwal8@salesforce.com,9461302768,1979-05-03,Event,Closed Won,CAMP022,2024-08-01,Salesforce,NAT3345,90 Karol Bagh Market,Near City Center,Ahmedabad,Gujarat,India,822294
SF1512,Neha,Banerjee,neha.banerjee8@salesforce.com,9871952658,1994-09-09,Event,Qualification,CAMP036,2024-11-08,Salesforce,NAT3512,101 FC Rd,Near Metro Station,Delhi,Delhi,India,276109
SF1402,Manish,Kapoor,manish.kapoor29@salesforce.com,9675596102,1987-04-03,Web,Proposal,CAMP033,2025-12-02,Salesforce,NAT3402,90 Karol Bagh Market,Near City Center,Jaipur,Rajasthan,India,645936
SF1059,Alok,Banerjee,alok.banerjee22@salesforce.com,9429374511,1987-11-22,Partner,Negotiation,CAMP050,2024-08-09,Salesforce,NAT3059,90 Karol Bagh Market,Opposite Mall,Surat,Gujarat,India,200426
SF1025,Ramesh,Kumar,ramesh.kumar47@salesforce.com,9791925595,1983-01-11,Referral,Closed Lost,CAMP005,2025-03-07,Salesforce,NAT3025,55 MI Rd,Near Metro Station,Mumbai,Maharashtra,India,881684
SF1887,Prakash,Sharma,prakash.sharma40@salesforce.com,9143188601,1984-04-25,Advertisement,Closed Won,CAMP002,2025-05-24,Salesforce,NAT3887,56 Chandni Chowk,Opposite Mall,Mumbai,Maharashtra,India,252083
SF1409,Meera,Reddy,meera.reddy71@salesforce.com,9546369278,1975-11-09,Partner,Closed Won,CAMP005,2025-02-23,Salesforce,NAT3409,56 Chandni Chowk,Near Metro Station,Surat,Gujarat,India,606018
SF1833,Sanjay,Nair,sanjay.nair13@salesforce.com,9831144292,1993-05-27,Advertisement,Qualification,CAMP012,2026-03-08,Salesforce,NAT3833,44 Ashram Rd,Next to Market,Bangalore,Karnataka,India,812275
SF1094,Rekha,Dubey,rekha.dubey15@salesforce.com,9742858368,1970-06-02,Event,Closed Won,CAMP017,2025-02-23,Salesforce,NAT3094,77 Linking Rd,Near Old Town,Hyderabad,Telangana,India,557457
SF1287,Ramesh,Patil,ramesh.patil88@salesforce.com,9604279578,1973-06-10,Cold Call,Negotiation,CAMP047,2025-11-12,Salesforce,NAT3287,90 Karol Bagh Market,Near Metro Station,Surat,Gujarat,India,540151
SF1112,Arjun,Reddy,arjun.reddy36@salesforce.com,9448218084,1983-04-05,Advertisement,Prospecting,CAMP005,2025-06-25,Salesforce,NAT3112,23 Brigade Rd,,Delhi,Delhi,India,981888
SF1667,Anita,Kaur,anita.kaur66@salesforce.com,9591549696,1982-08-27,Referral,Proposal,CAMP038,2024-02-03,Salesforce,NAT3667,34 JM Road,Near City Center,Ahmedabad,Gujarat,India,530071
SF1711,Amit,Banerjee,amit.banerjee73@salesforce.com,9922890564,1983-08-10,Web,Closed Won,CAMP006,2025-08-07,Salesforce,NAT3711,78 Connaught Pl,Next to Market,Pune,Maharashtra,India,447650
SF1495,Rohit,Kumar,rohit.kumar2@salesforce.com,9728663084,1990-12-01,Referral,Negotiation,CAMP023,2024-12-15,Salesforce,NAT3495,12 Residency Rd,Next to Market,Mumbai,Maharashtra,India,487437
SF1484,Arjun,Menon,arjun.menon29@salesforce.com,9315575290,1992-04-16,Referral,Closed Won,CAMP012,2025-10-17,Salesforce,NAT3484,67 Law Garden Rd,Near Old Town,Ahmedabad,Gujarat,India,322460
SF1905,Jane,Sharma,jane.sharma35@salesforce.com,9716739461,1982-04-28,Referral,Negotiation,CAMP013,2024-11-28,Salesforce,NAT3905,78 Connaught Pl,Next to Market,Kolkata,West Bengal,India,376415
SF1533,Sunil,Srivastava,sunil.srivastava11@salesforce.com,9746531284,1992-04-18,Web,Negotiation,CAMP018,2025-05-10,Salesforce,NAT3533,55 MI Rd,Near City Center,Kolkata,West Bengal,India,123365
SF1640,Vikas,Kapoor,vikas.kapoor81@salesforce.com,9078157405,1978-07-06,Web,Proposal,CAMP048,2024-10-12,Salesforce,NAT3640,77 Linking Rd,Near Metro Station,Ahmedabad,Gujarat,India,543757
SF1301,Shreya,Nair,shreya.nair27@salesforce.com,9485250151,1985-01-24,Cold Call,Closed Lost,CAMP017,2026-01-04,Salesforce,NAT3301,44 Ashram Rd,Near City Center,Kolkata,West Bengal,India,606798
SF1134,John,Sharma,john.sharma82@salesforce.com,9679253362,1979-10-27,Event,Closed Won,CAMP022,2024-04-04,Salesforce,NAT3134,101 FC Rd,Near City Center,Hyderabad,Telangana,India,305413
SF1617,Ramesh,Desai,ramesh.desai85@salesforce.com,9594720094,1992-12-10,Cold Call,Proposal,CAMP043,2025-07-01,Salesforce,NAT3617,90 Karol Bagh Market,Next to Market,Kolkata,West Bengal,India,685152
SF1714,John,Patel,john.patel62@salesforce.com,9896488133,1997-08-18,Advertisement,Negotiation,CAMP014,2024-09-08,Salesforce,NAT3714,12 MG Rd,,Ahmedabad,Gujarat,India,822499
SF1505,Rohit,Menon,rohit.menon58@salesforce.com,9378169120,1972-09-26,Web,Negotiation,CAMP031,2024-12-22,Salesforce,NAT3505,55 MI Rd,Next to Market,Mumbai,Maharashtra,India,987539
SF1635,Harish,Yadav,harish.yadav41@salesforce.com,9855019090,1996-12-17,Referral,Negotiation,CAMP020,2025-12-16,Salesforce,NAT3635,23 Brigade Rd,Opposite Mall,Delhi,Delhi,India,752049
SF1656,Sunita,Kaur,sunita.kaur3@salesforce.com,9786003590,1995-06-29,Event,Closed Won,CAMP030,2024-06-25,Salesforce,NAT3656,44 Ashram Rd,Opposite Mall,Mumbai,Maharashtra,India,148785
SF1167,Rajiv,Mehta,rajiv.mehta42@salesforce.com,9884391704,1989-10-24,Cold Call,Closed Won,CAMP009,2024-06-26,Salesforce,NAT3167,34 JM Road,Near Metro Station,Surat,Gujarat,India,343345
SF1197,Alok,Verma,alok.verma91@salesforce.com,9652477933,1973-01-11,Advertisement,Closed Lost,CAMP025,2024-03-28,Salesforce,NAT3197,44 Ashram Rd,Near City Center,Surat,Gujarat,India,145767
SF1326,Arjun,Verma,arjun.verma69@salesforce.com,9435962297,1980-04-09,Event,Negotiation,CAMP033,2024-02-03,Salesforce,NAT3326,78 Connaught Pl,Near City Center,Kolkata,West Bengal,India,433054
SF1105,Amit,Shah,amit.shah9@salesforce.com,9987579032,1977-10-22,Cold Call,Prospecting,CAMP031,2025-05-26,Salesforce,NAT3105,45 Marine Dr,Next to Market,Jaipur,Rajasthan,India,194530
SF1798,Anita,Joshi,anita.joshi21@salesforce.com,9477582073,1971-07-21,Advertisement,Closed Won,CAMP018,2024-07-20,Salesforce,NAT3798,45 Marine Dr,Opposite Mall,Bangalore,Karnataka,India,278308
SF1058,Meera,Shah,meera.shah39@salesforce.com,9563599958,1974-06-18,Referral,Proposal,CAMP020,2024-08-30,Salesforce,NAT3058,88 Worli Sea Face,Near City Center,Hyderabad,Telangana,India,374891
SF1566,Vinay,Pandey,vinay.pandey17@salesforce.com,9845555566,1993-04-10,Web,Closed Won,CAMP030,2024-02-03,Salesforce,NAT3566,101 FC Rd,Opposite Mall,Mumbai,Maharashtra,India,204591
SF1758,Shalini,Chopra,shalini.chopra12@salesforce.com,9248589838,1995-12-08,Web,Proposal,CAMP010,2024-01-09,Salesforce,NAT3758,101 FC Rd,Next to Market,Kolkata,West Bengal,India,480034
SF1113,Sunil,Guptha,sunil.guptha52@salesforce.com,9485147275,1972-01-19,Advertisement,Prospecting,CAMP028,2024-04-19,Salesforce,NAT3113,88 Worli Sea Face,Next to Market,Jaipur,Rajasthan,India,731193
SF1161,Shalini,Srivastava,shalini.srivastava89@salesforce.com,9191821253,1998-11-16,Advertisement,Proposal,CAMP001,2025-05-08,Salesforce,NAT3161,77 Linking Rd,Near Old Town,Hyderabad,Telangana,India,259868
SF1779,Rohit,Gupta,rohit.gupta89@salesforce.com,9083161836,1995-01-18,Event,Negotiation,CAMP029,2025-06-13,Salesforce,NAT3779,67 Law Garden Rd,Near Metro Station,Delhi,Delhi,India,322178
SF1548,Meena,Desai,meena.desai34@salesforce.com,9379551010,1997-11-27,Event,Negotiation,CAMP050,2025-02-23,Salesforce,NAT3548,12 MG Rd,Near Old Town,Bangalore,Karnataka,India,856512
SF1398,Sunil,Patel,sunil.patel81@salesforce.com,9195936078,1985-10-04,Referral,Qualification,CAMP021,2024-01-29,Salesforce,NAT3398,12 Residency Rd,Near Old Town,Mumbai,Maharashtra,India,301804
SF1248,Shreya,Menon,shreya.menon57@salesforce.com,9250262541,1987-07-16,Partner,Negotiation,CAMP050,2025-11-29,Salesforce,NAT3248,67 Law Garden Rd,Opposite Mall,Pune,Maharashtra,India,601640
SF1750,Suresh,Rao,suresh.rao70@salesforce.com,9313956286,1979-02-23,Partner,Qualification,CAMP006,2026-02-28,Salesforce,NAT3750,101 FC Rd,Near Old Town,Pune,Maharashtra,India,341512
SF1252,Sneha,Patel,sneha.patel40@salesforce.com,9910820286,1978-03-12,Event,Proposal,CAMP029,2024-03-13,Salesforce,NAT3252,55 MI Rd,Near City Center,Hyderabad,Telangana,India,724276
SF1034,Rajiv,Desai,rajiv.desai40@salesforce.com,9813450334,1996-09-30,Advertisement,Closed Lost,CAMP010,2026-02-23,Salesforce,NAT3034,23 Brigade Rd,,Chennai,Tamil Nadu,India,342128
SF1457,Manish,Malhotra,manish.malhotra87@salesforce.com,9867008148,1986-05-09,Referral,Closed Lost,CAMP041,2025-03-30,Salesforce,NAT3457,44 Ashram Rd,Next to Market,Ahmedabad,Gujarat,India,527566
SF1649,Prakash,Iyer,prakash.iyer42@salesforce.com,9843432527,1990-05-29,Partner,Prospecting,CAMP033,2025-03-17,Salesforce,NAT3649,55 MI Rd,Opposite Mall,Bangalore,Karnataka,India,954760
SF1928,Neha,Dubey,neha.dubey29@salesforce.com,9539097747,1988-12-20,Cold Call,Closed Lost,CAMP019,2024-11-19,Salesforce,NAT3928,45 Marine Dr,Near Metro Station,Ahmedabad,Gujarat,India,537125
SF1503,Manish,Mehta,manish.mehta67@salesforce.com,9795112081,1996-09-05,Partner,Negotiation,CAMP038,2025-08-13,Salesforce,NAT3503,12 MG Rd,Near City Center,Bangalore,Karnataka,India,301258
SF1196,Anjali,Shah,anjali.shah43@salesforce.com,9635364725,1980-08-10,Advertisement,Prospecting,CAMP038,2025-08-16,Salesforce,NAT3196,55 MI Rd,Near City Center,Ahmedabad,Gujarat,India,297303
SF1344,Vinay,Gupta,vinay.gupta30@salesforce.com,9700602565,1979-11-02,Advertisement,Proposal,CAMP038,2024-10-14,Salesforce,NAT3344,101 FC Rd,Above Central Bank,Kolkata,West Bengal,India,611460
SF1322,Alok,Kumar,alok.kumar40@salesforce.com,9985046698,1986-01-19,Partner,Closed Won,CAMP035,2025-04-28,Salesforce,NAT3322,77 Linking Rd,Opposite Mall,Bangalore,Karnataka,India,866633
SF1683,Jane,Kaur,jane.kaur1@salesforce.com,9429241338,1984-09-04,Event,Closed Won,CAMP007,2026-02-09,Salesforce,NAT3683,44 Ashram Rd,Opposite Mall,Chennai,Tamil Nadu,India,756175
SF1699,Shalini,Malhotra,shalini.malhotra93@salesforce.com,9326709341,1990-10-24,Event,Qualification,CAMP044,2024-08-30,Salesforce,NAT3699,23 Brigade Rd,,Mumbai,Maharashtra,India,265477
SF1364,Anjali,Guptha,anjali.guptha72@salesforce.com,9627516063,1980-02-06,Advertisement,Negotiation,CAMP035,2026-01-21,Salesforce,NAT3364,12 MG Rd,,Surat,Gujarat,India,169484
SF1654,John,Guptha,john.guptha83@salesforce.com,9264446976,1980-06-07,Event,Proposal,CAMP004,2026-03-01,Salesforce,NAT3654,90 Karol Bagh Market,Next to Market,Chennai,Tamil Nadu,India,527967
SF1706,Rekha,Agarwal,rekha.agarwal80@salesforce.com,9639381590,1973-11-07,Referral,Qualification,CAMP035,2024-08-30,Salesforce,NAT3706,90 Karol Bagh Market,Next to Market,Jaipur,Rajasthan,India,806854
SF1148,Vinod,Kumar,vinod.kumar85@salesforce.com,9599243380,1986-12-04,Event,Proposal,CAMP044,2026-02-21,Salesforce,NAT3148,45 Marine Dr,,Mumbai,Maharashtra,India,455419
SF1788,Vinod,Bajaj,vinod.bajaj93@salesforce.com,9138510770,1980-10-09,Advertisement,Prospecting,CAMP019,2025-11-07,Salesforce,NAT3788,34 JM Road,,Mumbai,Maharashtra,India,382669
SF1906,Vinay,Yadav,vinay.yadav14@salesforce.com,9749416952,1983-08-31,Advertisement,Closed Won,CAMP006,2024-07-21,Salesforce,NAT3906,45 Marine Dr,,Hyderabad,Telangana,India,377553
SF1551,Kavita,Kapoor,kavita.kapoor16@salesforce.com,9676697503,1978-07-03,Event,Qualification,CAMP017,2025-11-28,Salesforce,NAT3551,23 Brigade Rd,,Kolkata,West Bengal,India,909579
SF1771,Vinay,Srivastava,vinay.srivastava75@salesforce.com,9642932553,1981-11-27,Referral,Negotiation,CAMP007,2025-04-05,Salesforce,NAT3771,101 FC Rd,Opposite Mall,Ahmedabad,Gujarat,India,337544
SF1642,Seema,Verma,seema.verma60@salesforce.com,9673847136,1978-03-21,Event,Qualification,CAMP020,2024-12-29,Salesforce,NAT3642,44 Ashram Rd,Above Central Bank,Jaipur,Rajasthan,India,610028
SF1574,Anita,Mishra,anita.mishra23@salesforce.com,9497029452,1993-04-02,Event,Closed Won,CAMP050,2025-07-26,Salesforce,NAT3574,34 JM Road,Opposite Mall,Surat,Gujarat,India,532420
SF1534,Lakshmi,Patel,lakshmi.patel32@salesforce.com,9153068947,1993-08-04,Referral,Qualification,CAMP016,2025-05-10,Salesforce,NAT3534,101 FC Rd,Next to Market,Delhi,Delhi,India,253520
SF1607,Pooja,Guptha,pooja.guptha74@salesforce.com,9829353483,1996-07-28,Advertisement,Proposal,CAMP016,2026-01-01,Salesforce,NAT3607,55 MI Rd,Near Metro Station,Hyderabad,Telangana,India,812899
SF1269,Jane,Bajaj,jane.bajaj10@salesforce.com,9217881771,1988-11-02,Cold Call,Qualification,CAMP015,2024-08-29,Salesforce,NAT3269,34 JM Road,Above Central Bank,Chennai,Tamil Nadu,India,252338
SF1713,Vinod,Desai,vinod.desai60@salesforce.com,9719664362,1972-05-04,Web,Closed Won,CAMP010,2024-09-18,Salesforce,NAT3713,34 JM Road,Next to Market,Delhi,Delhi,India,585817
SF1203,Shalini,Verma,shalini.verma48@salesforce.com,9841435018,1992-11-28,Web,Negotiation,CAMP020,2025-08-22,Salesforce,NAT3203,55 MI Rd,Next to Market,Jaipur,Rajasthan,India,200595
SF1434,Arvind,Rao,arvind.rao9@salesforce.com,9709291065,1975-11-09,Event,Prospecting,CAMP004,2025-08-27,Salesforce,NAT3434,34 JM Road,Above Central Bank,Delhi,Delhi,India,769799
SF1790,Shalini,Kaur,shalini.kaur28@salesforce.com,9581828232,1976-08-25,Referral,Prospecting,CAMP004,2025-06-23,Salesforce,NAT3790,56 Chandni Chowk,Next to Market,Jaipur,Rajasthan,India,805211
SF1481,Divya,Reddy,divya.reddy79@salesforce.com,9687920406,1973-01-19,Cold Call,Negotiation,CAMP028,2024-01-31,Salesforce,NAT3481,12 MG Rd,,Chennai,Tamil Nadu,India,745655
SF1627,Meera,Joshi,meera.joshi94@salesforce.com,9395149813,1990-07-24,Web,Closed Lost,CAMP006,2025-03-27,Salesforce,NAT3627,88 Worli Sea Face,,Surat,Gujarat,India,408856
SF1070,Sachin,Agarwal,sachin.agarwal18@salesforce.com,9204913797,1992-05-10,Cold Call,Closed Lost,CAMP029,2026-02-18,Salesforce,NAT3070,101 FC Rd,,Hyderabad,Telangana,India,695817
SF1615,Seema,Rao,seema.rao75@salesforce.com,9760151498,1984-03-03,Cold Call,Negotiation,CAMP049,2024-11-12,Salesforce,NAT3615,77 Linking Rd,Opposite Mall,Surat,Gujarat,India,193968
SF1865,Ajay,Bajaj,ajay.bajaj66@salesforce.com,9758406565,1996-10-25,Cold Call,Negotiation,CAMP001,2024-04-22,Salesforce,NAT3865,77 Linking Rd,Near Metro Station,Mumbai,Maharashtra,India,816661
SF1786,Ajay,Shah,ajay.shah87@salesforce.com,9578301323,1976-12-08,Advertisement,Prospecting,CAMP031,2024-11-10,Salesforce,NAT3786,34 JM Road,Near City Center,Delhi,Delhi,India,437546
SF1782,Meena,Srivastava,meena.srivastava99@salesforce.com,9560176271,1997-10-30,Event,Closed Lost,CAMP009,2024-10-16,Salesforce,NAT3782,56 Chandni Chowk,Near City Center,Mumbai,Maharashtra,India,219284
SF1555,Priya,Joshi,priya.joshi23@salesforce.com,9016969085,1972-12-31,Web,Closed Won,CAMP002,2025-01-29,Salesforce,NAT3555,12 MG Rd,Next to Market,Mumbai,Maharashtra,India,341296
SF1673,Ramesh,Banerjee,ramesh.banerjee12@salesforce.com,9721698702,1972-05-25,Advertisement,Closed Lost,CAMP017,2025-03-08,Salesforce,NAT3673,88 Worli Sea Face,Near Metro Station,Kolkata,West Bengal,India,506012
SF1227,Prakash,Shah,prakash.shah82@salesforce.com,9897050799,1996-11-05,Advertisement,Closed Lost,CAMP035,2024-07-20,Salesforce,NAT3227,78 Connaught Pl,Near Old Town,Chennai,Tamil Nadu,India,698469
SF1346,Rekha,Reddy,rekha.reddy93@salesforce.com,9220131418,1986-11-10,Cold Call,Closed Lost,CAMP044,2024-08-26,Salesforce,NAT3346,55 MI Rd,Above Central Bank,Chennai,Tamil Nadu,India,183876
SF1439,Rahul,Verma,rahul.verma20@salesforce.com,9162201563,1981-09-29,Event,Closed Won,CAMP025,2024-08-26,Salesforce,NAT3439,45 Marine Dr,Near Old Town,Pune,Maharashtra,India,660105
SF1443,Shreya,Kumar,shreya.kumar79@salesforce.com,9477482404,1980-09-11,Advertisement,Qualification,CAMP045,2025-10-02,Salesforce,NAT3443,78 Connaught Pl,Opposite Mall,Kolkata,West Bengal,India,927479
SF1163,Divya,Kaur,divya.kaur64@salesforce.com,9990638671,1999-11-15,Referral,Closed Lost,CAMP038,2024-08-07,Salesforce,NAT3163,77 Linking Rd,,Mumbai,Maharashtra,India,937354
SF1216,Ajay,Bajaj,ajay.bajaj18@salesforce.com,9655443048,1974-03-13,Event,Prospecting,CAMP018,2024-05-07,Salesforce,NAT3216,45 Marine Dr,Near Metro Station,Hyderabad,Telangana,India,214545
SF1471,Seema,Bajaj,seema.bajaj78@salesforce.com,9741696471,1985-03-26,Cold Call,Closed Lost,CAMP033,2024-03-10,Salesforce,NAT3471,55 MI Rd,Near City Center,Kolkata,West Bengal,India,662301
SF1293,Alok,Kaur,alok.kaur5@salesforce.com,9993894131,1990-07-14,Web,Closed Lost,CAMP048,2026-02-04,Salesforce,NAT3293,77 Linking Rd,Near Metro Station,Jaipur,Rajasthan,India,904659
SF1695,Deepak,Reddy,deepak.reddy53@salesforce.com,9439650917,1992-02-25,Event,Proposal,CAMP033,2024-03-12,Salesforce,NAT3695,23 Brigade Rd,Near City Center,Bangalore,Karnataka,India,309761
SF1382,Arjun,Banerjee,arjun.banerjee90@salesforce.com,9968504486,1995-04-05,Partner,Prospecting,CAMP024,2024-11-03,Salesforce,NAT3382,23 Brigade Rd,Near City Center,Ahmedabad,Gujarat,India,649499
SF1240,Sunil,Chopra,sunil.chopra41@salesforce.com,9077105074,1990-10-24,Event,Negotiation,CAMP044,2025-11-05,Salesforce,NAT3240,34 JM Road,Above Central Bank,Chennai,Tamil Nadu,India,785362
SF1305,Jane,Srivastava,jane.srivastava59@salesforce.com,9356468502,1992-01-24,Event,Proposal,CAMP020,2025-08-14,Salesforce,NAT3305,77 Linking Rd,Above Central Bank,Bangalore,Karnataka,India,359659
SF1816,Shalini,Menon,shalini.menon66@salesforce.com,9460628317,1992-09-13,Event,Prospecting,CAMP043,2025-03-20,Salesforce,NAT3816,90 Karol Bagh Market,,Jaipur,Rajasthan,India,604588
SF1727,Harish,Banerjee,harish.banerjee90@salesforce.com,9122473512,1970-08-08,Cold Call,Closed Lost,CAMP040,2026-01-12,Salesforce,NAT3727,12 MG Rd,Above Central Bank,Surat,Gujarat,India,652931
SF1602,Sunita,Chopra,sunita.chopra49@salesforce.com,9674203539,1971-03-28,Event,Proposal,CAMP026,2024-03-07,Salesforce,NAT3602,78 Connaught Pl,,Bangalore,Karnataka,India,805334
SF1623,Seema,Tiwari,seema.tiwari85@salesforce.com,9541534793,1984-10-06,Advertisement,Prospecting,CAMP049,2025-03-21,Salesforce,NAT3623,45 Marine Dr,Next to Market,Hyderabad,Telangana,India,170645
SF1374,Vikas,Sharma,vikas.sharma43@salesforce.com,9227179103,1997-04-05,Web,Prospecting,CAMP049,2026-03-26,Salesforce,NAT3374,67 Law Garden Rd,,Kolkata,West Bengal,India,333945
SF1447,Neha,Kaur,neha.kaur74@salesforce.com,9021927303,2000-07-29,Cold Call,Proposal,CAMP041,2025-04-03,Salesforce,NAT3447,56 Chandni Chowk,Near Metro Station,Mumbai,Maharashtra,India,389564
SF1764,Jane,Patil,jane.patil48@salesforce.com,9377907738,1995-06-15,Event,Proposal,CAMP035,2025-05-03,Salesforce,NAT3764,67 Law Garden Rd,,Mumbai,Maharashtra,India,297440
SF1578,Sneha,Pandey,sneha.pandey96@salesforce.com,9288779687,1993-05-21,Web,Prospecting,CAMP004,2024-12-03,Salesforce,NAT3578,45 Marine Dr,Above Central Bank,Chennai,Tamil Nadu,India,197315
SF1396,Karan,Bajaj,karan.bajaj91@salesforce.com,9803532822,1972-10-10,Cold Call,Qualification,CAMP011,2024-01-21,Salesforce,NAT3396,12 MG Rd,Near City Center,Kolkata,West Bengal,India,508949
SF1086,Alok,Shah,alok.shah67@salesforce.com,9560423191,1985-01-08,Advertisement,Proposal,CAMP038,2025-08-31,Salesforce,NAT3086,45 Marine Dr,,Delhi,Delhi,India,636054
SF1687,Harish,Menon,harish.menon51@salesforce.com,9779570007,2000-02-05,Advertisement,Closed Lost,CAMP046,2025-01-28,Salesforce,NAT3687,12 MG Rd,Near Old Town,Hyderabad,Telangana,India,785519
SF1245,Deepak,Kapoor,deepak.kapoor8@salesforce.com,9959612989,1996-06-18,Web,Qualification,CAMP004,2025-12-03,Salesforce,NAT3245,55 MI Rd,Above Central Bank,Mumbai,Maharashtra,India,458028
SF1850,Meena,Chopra,meena.chopra36@salesforce.com,9586547214,1992-03-07,Cold Call,Closed Won,CAMP002,2024-12-31,Salesforce,NAT3850,78 Connaught Pl,Near City Center,Jaipur,Rajasthan,India,205693
SF1142,Sunil,Menon,sunil.menon3@salesforce.com,9670706673,1997-12-03,Event,Proposal,CAMP035,2025-07-06,Salesforce,NAT3142,77 Linking Rd,Near Old Town,Hyderabad,Telangana,India,339442
SF1614,Suresh,Kaur,suresh.kaur64@salesforce.com,9279068596,1978-04-21,Referral,Negotiation,CAMP019,2024-06-01,Salesforce,NAT3614,34 JM Road,Opposite Mall,Surat,Gujarat,India,667099
SF1206,Rohit,Patil,rohit.patil55@salesforce.com,9017626370,2000-01-08,Advertisement,Closed Won,CAMP007,2024-05-22,Salesforce,NAT3206,44 Ashram Rd,Next to Market,Bangalore,Karnataka,India,997346
SF1436,Vinod,Agarwal,vinod.agarwal66@salesforce.com,9027098476,1978-09-10,Referral,Closed Won,CAMP013,2024-04-17,Salesforce,NAT3436,77 Linking Rd,Near Old Town,Hyderabad,Telangana,India,344167
SF1809,Meera,Agarwal,meera.agarwal55@salesforce.com,9905691540,1999-02-04,Web,Proposal,CAMP001,2025-01-27,Salesforce,NAT3809,90 Karol Bagh Market,Above Central Bank,Hyderabad,Telangana,India,260967
SF1361,Rajiv,Agarwal,rajiv.agarwal36@salesforce.com,9083970873,2000-02-03,Web,Proposal,CAMP044,2025-06-14,Salesforce,NAT3361,77 Linking Rd,Near Metro Station,Jaipur,Rajasthan,India,737751
SF1188,Vinay,Malhotra,vinay.malhotra42@salesforce.com,9067436293,1987-11-25,Referral,Prospecting,CAMP009,2025-02-14,Salesforce,NAT3188,44 Ashram Rd,Near Old Town,Chennai,Tamil Nadu,India,362219
SF1822,Rekha,Kaur,rekha.kaur28@salesforce.com,9492136611,1984-03-18,Referral,Closed Lost,CAMP032,2024-05-19,Salesforce,NAT3822,12 MG Rd,Above Central Bank,Ahmedabad,Gujarat,India,138940
SF1081,Sunil,Gupta,sunil.gupta10@salesforce.com,9973251327,1997-10-04,Web,Closed Won,CAMP045,2024-07-20,Salesforce,NAT3081,56 Chandni Chowk,Near Old Town,Hyderabad,Telangana,India,529758
SF1399,Shreya,Chopra,shreya.chopra89@salesforce.com,9853899893,1990-11-27,Partner,Closed Lost,CAMP031,2025-02-23,Salesforce,NAT3399,12 Residency Rd,Above Central Bank,Surat,Gujarat,India,282948
SF1080,Ramesh,Rao,ramesh.rao14@salesforce.com,9118213342,1970-05-11,Advertisement,Closed Won,CAMP006,2025-05-20,Salesforce,NAT3080,23 Brigade Rd,Near Metro Station,Ahmedabad,Gujarat,India,182135
SF1331,Manish,Kumar,manish.kumar49@salesforce.com,9099922889,1984-07-18,Web,Prospecting,CAMP050,2024-01-08,Salesforce,NAT3331,101 FC Rd,Next to Market,Pune,Maharashtra,India,370429
SF1766,Sneha,Yadav,sneha.yadav71@salesforce.com,9554872573,1982-07-15,Partner,Qualification,CAMP043,2025-01-06,Salesforce,NAT3766,90 Karol Bagh Market,Opposite Mall,Kolkata,West Bengal,India,109203
SF1377,Vinod,Reddy,vinod.reddy28@salesforce.com,9101168257,1976-06-08,Event,Proposal,CAMP010,2025-10-30,Salesforce,NAT3377,23 Brigade Rd,,Pune,Maharashtra,India,101785
SF1459,Harish,Shah,harish.shah3@salesforce.com,9517727960,1982-06-24,Partner,Closed Lost,CAMP039,2024-07-27,Salesforce,NAT3459,23 Brigade Rd,Next to Market,Jaipur,Rajasthan,India,265536
SF1069,Sanjay,Malhotra,sanjay.malhotra34@salesforce.com,9948711031,1975-02-28,Cold Call,Prospecting,CAMP012,2024-10-01,Salesforce,NAT3069,67 Law Garden Rd,,Bangalore,Karnataka,India,530242
SF1497,Suresh,Iyer,suresh.iyer7@salesforce.com,9325613818,1976-02-06,Web,Closed Lost,CAMP019,2024-06-12,Salesforce,NAT3497,78 Connaught Pl,Opposite Mall,Delhi,Delhi,India,587505
SF1536,Rahul,Bajaj,rahul.bajaj78@salesforce.com,9260420657,1975-06-25,Cold Call,Closed Lost,CAMP024,2026-03-29,Salesforce,NAT3536,23 Brigade Rd,Near Old Town,Chennai,Tamil Nadu,India,456077
SF1300,Rekha,Guptha,rekha.guptha2@salesforce.com,9170027974,1991-08-11,Cold Call,Proposal,CAMP025,2025-12-19,Salesforce,NAT3300,78 Connaught Pl,Opposite Mall,Chennai,Tamil Nadu,India,999099
SF1569,Meera,Banerjee,meera.banerjee66@salesforce.com,9572066902,1988-04-18,Partner,Closed Won,CAMP043,2026-03-30,Salesforce,NAT3569,55 MI Rd,,Bangalore,Karnataka,India,730327
SF1049,Suresh,Kapoor,suresh.kapoor30@salesforce.com,9447779588,1978-04-17,Referral,Negotiation,CAMP040,2025-09-24,Salesforce,NAT3049,56 Chandni Chowk,,Ahmedabad,Gujarat,India,471156
SF1432,Suresh,Rao,suresh.rao48@salesforce.com,9989730467,1985-09-15,Partner,Proposal,CAMP036,2025-08-13,Salesforce,NAT3432,90 Karol Bagh Market,Near Metro Station,Ahmedabad,Gujarat,India,101524
SF1539,Seema,Pandey,seema.pandey33@salesforce.com,9153062033,1987-04-28,Cold Call,Qualification,CAMP027,2024-08-14,Salesforce,NAT3539,55 MI Rd,Opposite Mall,Pune,Maharashtra,India,414061
SF1702,Vikas,Tiwari,vikas.tiwari20@salesforce.com,9629237151,1999-08-25,Partner,Negotiation,CAMP013,2026-02-27,Salesforce,NAT3702,78 Connaught Pl,Near Metro Station,Mumbai,Maharashtra,India,643892
SF1095,John,Dubey,john.dubey47@salesforce.com,9581683313,1981-03-23,Web,Proposal,CAMP012,2025-10-13,Salesforce,NAT3095,56 Chandni Chowk,Near Old Town,Chennai,Tamil Nadu,India,707421
SF1854,Sunil,Iyer,sunil.iyer1@salesforce.com,9861538335,1974-04-21,Event,Proposal,CAMP044,2025-04-16,Salesforce,NAT3854,23 Brigade Rd,Above Central Bank,Jaipur,Rajasthan,India,478685
SF1522,Deepak,Gupta,deepak.gupta18@salesforce.com,9260088937,1994-08-23,Event,Qualification,CAMP043,2025-10-17,Salesforce,NAT3522,12 MG Rd,Next to Market,Pune,Maharashtra,India,315527
SF1521,Karan,Joshi,karan.joshi4@salesforce.com,9869192141,1987-04-23,Cold Call,Closed Lost,CAMP045,2025-05-22,Salesforce,NAT3521,12 MG Rd,Above Central Bank,Mumbai,Maharashtra,India,773986
SF1040,Ajay,Verma,ajay.verma96@salesforce.com,9831972234,2000-08-08,Event,Proposal,CAMP009,2024-04-07,Salesforce,NAT3040,12 Residency Rd,,Pune,Maharashtra,India,133278
SF1535,Pooja,Menon,pooja.menon98@salesforce.com,9477492074,1988-01-01,Partner,Closed Lost,CAMP004,2025-12-20,Salesforce,NAT3535,67 Law Garden Rd,Next to Market,Ahmedabad,Gujarat,India,274700
SF1130,Rohit,Kaur,rohit.kaur63@salesforce.com,9824991342,1981-09-28,Cold Call,Closed Won,CAMP003,2024-01-28,Salesforce,NAT3130,67 Law Garden Rd,Near Old Town,Surat,Gujarat,India,735582
SF1118,Anjali,Joshi,anjali.joshi86@salesforce.com,9255713371,1984-08-09,Event,Closed Won,CAMP008,2024-10-22,Salesforce,NAT3118,45 Marine Dr,Near Metro Station,Surat,Gujarat,India,594714
SF1563,Jane,Agarwal,jane.agarwal69@salesforce.com,9592945669,1970-08-15,Partner,Negotiation,CAMP049,2024-05-23,Salesforce,NAT3563,12 Residency Rd,Near City Center,Surat,Gujarat,India,738950
SF1532,Anita,Sharma,anita.sharma35@salesforce.com,9012112369,1986-10-25,Event,Proposal,CAMP019,2025-06-12,Salesforce,NAT3532,12 MG Rd,Near Old Town,Ahmedabad,Gujarat,India,123956
SF1045,Vinay,Iyer,vinay.iyer8@salesforce.com,9632462201,1991-10-04,Partner,Closed Won,CAMP001,2025-03-25,Salesforce,NAT3045,90 Karol Bagh Market,Near City Center,Surat,Gujarat,India,199300
SF1424,Suresh,Agarwal,suresh.agarwal47@salesforce.com,9699478656,1989-05-15,Referral,Negotiation,CAMP002,2025-05-04,Salesforce,NAT3424,77 Linking Rd,Near Metro Station,Chennai,Tamil Nadu,India,170840
SF1840,Kavita,Tiwari,kavita.tiwari95@salesforce.com,9779693791,1998-04-05,Cold Call,Qualification,CAMP007,2024-02-20,Salesforce,NAT3840,77 Linking Rd,Near Metro Station,Pune,Maharashtra,India,664752
SF1198,Rekha,Yadav,rekha.yadav57@salesforce.com,9654452873,1995-03-08,Partner,Negotiation,CAMP042,2024-06-26,Salesforce,NAT3198,78 Connaught Pl,Opposite Mall,Kolkata,West Bengal,India,452661
SF1170,Rajiv,Sharma,rajiv.sharma50@salesforce.com,9841916874,1985-02-20,Event,Negotiation,CAMP027,2024-01-13,Salesforce,NAT3170,56 Chandni Chowk,Near Old Town,Chennai,Tamil Nadu,India,523453
SF1466,Rajiv,Verma,rajiv.verma95@salesforce.com,9941023855,1974-02-26,Cold Call,Qualification,CAMP008,2025-07-14,Salesforce,NAT3466,34 JM Road,Next to Market,Surat,Gujarat,India,329812
SF1662,Manish,Srivastava,manish.srivastava57@salesforce.com,9050958675,1986-10-08,Cold Call,Closed Lost,CAMP017,2025-07-17,Salesforce,NAT3662,88 Worli Sea Face,Near City Center,Jaipur,Rajasthan,India,588847
SF1380,Sunita,Banerjee,sunita.banerjee67@salesforce.com,9704032883,1973-06-19,Referral,Qualification,CAMP040,2024-09-11,Salesforce,NAT3380,77 Linking Rd,Near Metro Station,Ahmedabad,Gujarat,India,253095
SF1915,Priya,Verma,priya.verma48@salesforce.com,9331304549,1980-04-07,Event,Qualification,CAMP041,2026-03-04,Salesforce,NAT3915,12 MG Rd,Above Central Bank,Kolkata,West Bengal,India,379679
SF1601,Shreya,Kaur,shreya.kaur98@salesforce.com,9061458049,1987-05-20,Event,Closed Won,CAMP038,2024-03-10,Salesforce,NAT3601,34 JM Road,Near Metro Station,Bangalore,Karnataka,India,397809
SF1886,Karan,Srivastava,karan.srivastava74@salesforce.com,9104628890,1984-03-15,Referral,Closed Won,CAMP016,2025-09-29,Salesforce,NAT3886,23 Brigade Rd,Near City Center,Kolkata,West Bengal,India,588956
SF1631,Ajay,Banerjee,ajay.banerjee60@salesforce.com,9408808936,1992-12-27,Advertisement,Proposal,CAMP005,2025-03-07,Salesforce,NAT3631,55 MI Rd,Above Central Bank,Bangalore,Karnataka,India,159435
SF1857,Amit,Gupta,amit.gupta69@salesforce.com,9959096466,1974-09-24,Cold Call,Closed Lost,CAMP014,2024-06-26,Salesforce,NAT3857,88 Worli Sea Face,Near Metro Station,Jaipur,Rajasthan,India,123186
SF1707,Meera,Pandey,meera.pandey44@salesforce.com,9955313830,1979-11-06,Web,Closed Won,CAMP041,2024-07-15,Salesforce,NAT3707,101 FC Rd,Near Old Town,Bangalore,Karnataka,India,494063
SF1728,Sanjay,Desai,sanjay.desai74@salesforce.com,9106883868,1987-03-14,Partner,Closed Lost,CAMP001,2025-12-05,Salesforce,NAT3728,34 JM Road,Near Old Town,Mumbai,Maharashtra,India,743381
SF1421,Suresh,Kapoor,suresh.kapoor10@salesforce.com,9501164107,1991-12-05,Cold Call,Prospecting,CAMP011,2025-12-08,Salesforce,NAT3421,23 Brigade Rd,Near City Center,Chennai,Tamil Nadu,India,362028
SF1666,Shalini,Tiwari,shalini.tiwari59@salesforce.com,9385136514,1998-08-14,Advertisement,Closed Won,CAMP016,2024-08-04,Salesforce,NAT3666,77 Linking Rd,Next to Market,Hyderabad,Telangana,India,916526
SF1684,Rajiv,Pandey,rajiv.pandey67@salesforce.com,9834783226,1986-05-09,Advertisement,Qualification,CAMP007,2025-04-06,Salesforce,NAT3684,56 Chandni Chowk,Next to Market,Surat,Gujarat,India,290755
SF1511,Sneha,Yadav,sneha.yadav67@salesforce.com,9701431787,1983-05-22,Cold Call,Qualification,CAMP038,2026-02-27,Salesforce,NAT3511,77 Linking Rd,,Bangalore,Karnataka,India,847788
SF1709,Sneha,Reddy,sneha.reddy91@salesforce.com,9197588988,1991-11-23,Web,Qualification,CAMP011,2026-01-29,Salesforce,NAT3709,67 Law Garden Rd,Near Metro Station,Kolkata,West Bengal,India,411073
SF1150,Rohit,Banerjee,rohit.banerjee77@salesforce.com,9507237045,1995-03-09,Partner,Negotiation,CAMP038,2024-01-20,Salesforce,NAT3150,12 Residency Rd,Near City Center,Ahmedabad,Gujarat,India,115493
SF1375,Shreya,Yadav,shreya.yadav27@salesforce.com,9155573815,1973-09-05,Partner,Prospecting,CAMP050,2025-03-13,Salesforce,NAT3375,45 Marine Dr,Near Old Town,Kolkata,West Bengal,India,922076
SF1715,Arvind,Patel,arvind.patel41@salesforce.com,9127005896,1990-10-21,Web,Closed Won,CAMP030,2024-04-23,Salesforce,NAT3715,77 Linking Rd,Opposite Mall,Pune,Maharashtra,India,155431
SF1899,Seema,Kumar,seema.kumar9@salesforce.com,9174931248,1992-09-26,Advertisement,Prospecting,CAMP039,2024-03-10,Salesforce,NAT3899,88 Worli Sea Face,Near City Center,Kolkata,West Bengal,India,188582
SF1616,Vikas,Chopra,vikas.chopra55@salesforce.com,9731506908,1986-10-17,Event,Qualification,CAMP048,2024-04-22,Salesforce,NAT3616,88 Worli Sea Face,Next to Market,Jaipur,Rajasthan,India,131026
SF1657,Sanjay,Agarwal,sanjay.agarwal69@salesforce.com,9911238612,1993-10-09,Advertisement,Prospecting,CAMP027,2025-06-03,Salesforce,NAT3657,78 Connaught Pl,,Jaipur,Rajasthan,India,392436
SF1343,Sanjay,Yadav,sanjay.yadav85@salesforce.com,9053738331,1972-05-15,Partner,Closed Lost,CAMP041,2024-12-16,Salesforce,NAT3343,67 Law Garden Rd,Next to Market,Mumbai,Maharashtra,India,756374
SF1896,Sachin,Patil,sachin.patil10@salesforce.com,9541026391,1972-07-16,Partner,Prospecting,CAMP043,2024-08-08,Salesforce,NAT3896,23 Brigade Rd,Next to Market,Chennai,Tamil Nadu,India,950424
SF1022,Sunita,Mishra,sunita.mishra60@salesforce.com,9011451822,1987-04-13,Web,Prospecting,CAMP043,2025-01-05,Salesforce,NAT3022,12 Residency Rd,,Delhi,Delhi,India,908253
SF1324,Kavita,Nair,kavita.nair43@salesforce.com,9755465908,1974-11-26,Advertisement,Closed Lost,CAMP033,2025-01-12,Salesforce,NAT3324,67 Law Garden Rd,Opposite Mall,Bangalore,Karnataka,India,869348
SF1066,Rajiv,Dubey,rajiv.dubey24@salesforce.com,9680103213,1984-11-08,Web,Closed Won,CAMP050,2024-10-05,Salesforce,NAT3066,77 Linking Rd,Above Central Bank,Chennai,Tamil Nadu,India,502844
SF1647,Deepak,Kapoor,deepak.kapoor11@salesforce.com,9985926563,1992-10-19,Referral,Prospecting,CAMP010,2025-01-24,Salesforce,NAT3647,55 MI Rd,Near Old Town,Jaipur,Rajasthan,India,130259
SF1919,Amit,Pandey,amit.pandey20@salesforce.com,9483745594,1982-09-17,Partner,Closed Lost,CAMP040,2024-02-21,Salesforce,NAT3919,67 Law Garden Rd,Above Central Bank,Surat,Gujarat,India,155655
SF1078,Manish,Srivastava,manish.srivastava58@salesforce.com,9151061860,1986-06-25,Web,Prospecting,CAMP028,2025-09-01,Salesforce,NAT3078,12 MG Rd,Near Metro Station,Surat,Gujarat,India,544401
SF1385,Ajay,Shah,ajay.shah79@salesforce.com,9698870997,1988-02-28,Event,Qualification,CAMP029,2024-05-16,Salesforce,NAT3385,44 Ashram Rd,Near Old Town,Surat,Gujarat,India,135143
SF1001,Sachin,Kaur,sachin.kaur19@salesforce.com,9932669636,1974-07-25,Referral,Closed Lost,CAMP033,2025-05-26,Salesforce,NAT3001,77 Linking Rd,Near Metro Station,Jaipur,Rajasthan,India,132645
SF1174,Amit,Malhotra,amit.malhotra61@salesforce.com,9313492622,1995-02-03,Referral,Prospecting,CAMP041,2025-10-03,Salesforce,NAT3174,45 Marine Dr,Next to Market,Kolkata,West Bengal,India,967058
SF1558,Rajiv,Menon,rajiv.menon15@salesforce.com,9080503206,1972-10-14,Referral,Qualification,CAMP006,2024-06-20,Salesforce,NAT3558,55 MI Rd,,Kolkata,West Bengal,India,799206
SF1895,Rekha,Bajaj,rekha.bajaj65@salesforce.com,9909762184,1989-03-05,Referral,Closed Won,CAMP009,2025-02-18,Salesforce,NAT3895,101 FC Rd,,Pune,Maharashtra,India,926272
SF1151,Rajiv,Joshi,rajiv.joshi1@salesforce.com,9213791866,1978-05-28,Partner,Negotiation,CAMP003,2026-01-30,Salesforce,NAT3151,12 Residency Rd,Near Old Town,Hyderabad,Telangana,India,653901
SF1603,Prakash,Pandey,prakash.pandey61@salesforce.com,9148933988,1988-07-05,Event,Qualification,CAMP014,2024-11-07,Salesforce,NAT3603,67 Law Garden Rd,,Jaipur,Rajasthan,India,555174
SF1312,Arvind,Dubey,arvind.dubey29@salesforce.com,9878541061,2000-07-02,Event,Closed Won,CAMP030,2026-02-07,Salesforce,NAT3312,44 Ashram Rd,Next to Market,Surat,Gujarat,India,388634
SF1793,Kavita,Reddy,kavita.reddy46@salesforce.com,9892973480,1976-01-29,Event,Prospecting,CAMP027,2024-01-12,Salesforce,NAT3793,12 MG Rd,Next to Market,Pune,Maharashtra,India,778447
SF1892,Vinod,Menon,vinod.menon92@salesforce.com,9354730553,1974-12-09,Advertisement,Proposal,CAMP039,2024-02-22,Salesforce,NAT3892,34 JM Road,Near Metro Station,Pune,Maharashtra,India,329018
SF1916,Karan,Dubey,karan.dubey72@salesforce.com,9498857955,1978-07-03,Web,Negotiation,CAMP047,2025-07-20,Salesforce,NAT3916,67 Law Garden Rd,Near Old Town,Mumbai,Maharashtra,India,429569
SF1251,John,Sharma,john.sharma45@salesforce.com,9958168043,1979-12-19,Web,Prospecting,CAMP003,2024-05-19,Salesforce,NAT3251,77 Linking Rd,Near Old Town,Hyderabad,Telangana,India,548690
SF1284,Ajay,Menon,ajay.menon14@salesforce.com,9135991459,1986-12-08,Cold Call,Negotiation,CAMP016,2025-04-26,Salesforce,NAT3284,12 Residency Rd,,Chennai,Tamil Nadu,India,383645
SF1680,Arjun,Guptha,arjun.guptha42@salesforce.com,9788473725,1996-09-04,Event,Qualification,CAMP001,2026-03-01,Salesforce,NAT3680,90 Karol Bagh Market,Near City Center,Pune,Maharashtra,India,156584
SF1937,Arjun,Kapoor,arjun.kapoor22@salesforce.com,9073645567,1986-11-05,Partner,Negotiation,CAMP024,2025-04-10,Salesforce,NAT3937,34 JM Road,Near Metro Station,Mumbai,Maharashtra,India,352823
SF1021,Meera,Yadav,meera.yadav43@salesforce.com,9628587566,1982-04-04,Cold Call,Prospecting,CAMP027,2026-02-18,Salesforce,NAT3021,12 Residency Rd,Near Metro Station,Mumbai,Maharashtra,India,446130
SF1114,Ramesh,Chopra,ramesh.chopra63@salesforce.com,9256125928,1992-12-06,Web,Prospecting,CAMP049,2025-12-08,Salesforce,NAT3114,77 Linking Rd,Near Metro Station,Jaipur,Rajasthan,India,622468
SF1119,Prakash,Menon,prakash.menon94@salesforce.com,9387334356,1980-10-02,Partner,Closed Won,CAMP032,2025-09-03,Salesforce,NAT3119,78 Connaught Pl,Above Central Bank,Mumbai,Maharashtra,India,665005
SF1645,Alok,Agarwal,alok.agarwal47@salesforce.com,9735638781,1995-12-03,Cold Call,Closed Lost,CAMP030,2025-05-22,Salesforce,NAT3645,34 JM Road,Near Old Town,Mumbai,Maharashtra,India,178872
SF1410,Vinay,Joshi,vinay.joshi13@salesforce.com,9305695962,1998-10-02,Web,Closed Won,CAMP049,2025-01-06,Salesforce,NAT3410,77 Linking Rd,Near Old Town,Surat,Gujarat,India,234064
SF1652,Rajiv,Sharma,rajiv.sharma34@salesforce.com,9921551627,1992-01-16,Web,Prospecting,CAMP046,2025-03-01,Salesforce,NAT3652,67 Law Garden Rd,Near Old Town,Ahmedabad,Gujarat,India,685881
SF1849,John,Srivastava,john.srivastava61@salesforce.com,9984850804,1991-09-06,Partner,Negotiation,CAMP019,2026-01-04,Salesforce,NAT3849,23 Brigade Rd,Near Old Town,Delhi,Delhi,India,197542
SF1027,Vinay,Tiwari,vinay.tiwari33@salesforce.com,9911020230,1974-09-18,Cold Call,Closed Won,CAMP027,2025-07-18,Salesforce,NAT3027,88 Worli Sea Face,Near Metro Station,Hyderabad,Telangana,India,906730
SF1274,Deepak,Mishra,deepak.mishra97@salesforce.com,9457045516,1973-09-18,Partner,Qualification,CAMP003,2024-11-07,Salesforce,NAT3274,12 Residency Rd,Near Old Town,Pune,Maharashtra,India,979744
SF1043,Meena,Kumar,meena.kumar42@salesforce.com,9024964302,1999-10-17,Advertisement,Proposal,CAMP007,2024-06-18,Salesforce,NAT3043,67 Law Garden Rd,Near Metro Station,Mumbai,Maharashtra,India,860638
SF1281,Sanjay,Srivastava,sanjay.srivastava78@salesforce.com,9905952516,1988-01-31,Partner,Negotiation,CAMP015,2024-04-21,Salesforce,NAT3281,88 Worli Sea Face,Next to Market,Bangalore,Karnataka,India,597920
SF1422,Harish,Mehta,harish.mehta36@salesforce.com,9400581021,1981-07-05,Partner,Closed Lost,CAMP010,2026-02-15,Salesforce,NAT3422,56 Chandni Chowk,Near Metro Station,Pune,Maharashtra,India,801822
SF1073,Ramesh,Kumar,ramesh.kumar58@salesforce.com,9982377882,1983-03-06,Advertisement,Proposal,CAMP032,2024-05-03,Salesforce,NAT3073,67 Law Garden Rd,Opposite Mall,Pune,Maharashtra,India,496716
SF1549,Shalini,Shah,shalini.shah80@salesforce.com,9374327757,1971-05-15,Event,Closed Lost,CAMP039,2024-06-19,Salesforce,NAT3549,44 Ashram Rd,Near Old Town,Jaipur,Rajasthan,India,189208
SF1934,Karan,Dubey,karan.dubey82@salesforce.com,9509517778,1970-07-09,Web,Proposal,CAMP009,2024-12-23,Salesforce,NAT3934,45 Marine Dr,Near Old Town,Kolkata,West Bengal,India,319894
SF1884,Jane,Banerjee,jane.banerjee60@salesforce.com,9923769193,1984-03-21,Partner,Prospecting,CAMP027,2024-07-19,Salesforce,NAT3884,44 Ashram Rd,Near City Center,Hyderabad,Telangana,India,939050
SF1108,Alok,Agarwal,alok.agarwal22@salesforce.com,9053310356,1971-08-20,Event,Qualification,CAMP006,2025-01-27,Salesforce,NAT3108,23 Brigade Rd,,Mumbai,Maharashtra,India,662848
SF1341,Lakshmi,Mishra,lakshmi.mishra73@salesforce.com,9659354365,1989-06-18,Event,Qualification,CAMP012,2024-10-17,Salesforce,NAT3341,88 Worli Sea Face,Near City Center,Delhi,Delhi,India,455197
SF1676,Pooja,Rao,pooja.rao34@salesforce.com,9783549236,1975-06-01,Advertisement,Closed Lost,CAMP037,2024-09-19,Salesforce,NAT3676,67 Law Garden Rd,Near City Center,Surat,Gujarat,India,256297
SF1408,Sachin,Desai,sachin.desai59@salesforce.com,9912389163,1996-12-22,Referral,Closed Won,CAMP008,2025-04-27,Salesforce,NAT3408,77 Linking Rd,Opposite Mall,Hyderabad,Telangana,India,992827
SF1476,Deepak,Agarwal,deepak.agarwal74@salesforce.com,9948021646,1980-09-29,Cold Call,Prospecting,CAMP017,2026-03-09,Salesforce,NAT3476,12 MG Rd,Near Old Town,Surat,Gujarat,India,142718
SF1729,Meena,Banerjee,meena.banerjee12@salesforce.com,9449888769,1994-05-20,Web,Prospecting,CAMP018,2025-05-08,Salesforce,NAT3729,78 Connaught Pl,,Ahmedabad,Gujarat,India,442500
SF1769,Jane,Banerjee,jane.banerjee47@salesforce.com,9714587703,1992-01-11,Advertisement,Negotiation,CAMP009,2024-08-22,Salesforce,NAT3769,44 Ashram Rd,Above Central Bank,Mumbai,Maharashtra,India,461038
SF1046,Neha,Patel,neha.patel64@salesforce.com,9978352042,1974-10-27,Cold Call,Prospecting,CAMP003,2024-10-09,Salesforce,NAT3046,44 Ashram Rd,,Pune,Maharashtra,India,417709
SF1115,Rajiv,Bajaj,rajiv.bajaj22@salesforce.com,9075693622,1995-03-19,Referral,Prospecting,CAMP036,2024-05-10,Salesforce,NAT3115,78 Connaught Pl,Next to Market,Hyderabad,Telangana,India,168025
SF1949,Harish,Banerjee,harish.banerjee66@salesforce.com,9563714443,1985-02-13,Event,Closed Lost,CAMP022,2024-06-01,Salesforce,NAT3949,55 MI Rd,Opposite Mall,Mumbai,Maharashtra,India,269161
SF1202,Meera,Yadav,meera.yadav69@salesforce.com,9033345413,1982-01-21,Advertisement,Qualification,CAMP013,2024-07-01,Salesforce,NAT3202,56 Chandni Chowk,Near Old Town,Delhi,Delhi,India,505006
SF1310,Deepak,Yadav,deepak.yadav85@salesforce.com,9069846451,1983-07-20,Cold Call,Closed Lost,CAMP048,2024-02-13,Salesforce,NAT3310,23 Brigade Rd,Near City Center,Kolkata,West Bengal,India,839092
SF1754,Amit,Patel,amit.patel11@salesforce.com,9549156755,1989-05-23,Web,Negotiation,CAMP046,2024-06-14,Salesforce,NAT3754,101 FC Rd,Near Old Town,Pune,Maharashtra,India,768776
SF1332,Vikas,Malhotra,vikas.malhotra16@salesforce.com,9857140404,1976-09-26,Web,Closed Won,CAMP027,2025-09-21,Salesforce,NAT3332,23 Brigade Rd,Near Old Town,Delhi,Delhi,India,505089
SF1599,Sunil,Pandey,sunil.pandey89@salesforce.com,9143453862,1999-10-17,Event,Proposal,CAMP003,2025-09-20,Salesforce,NAT3599,12 Residency Rd,,Pune,Maharashtra,India,282905
SF1139,Shreya,Patil,shreya.patil94@salesforce.com,9279579388,1973-09-24,Web,Qualification,CAMP029,2024-07-16,Salesforce,NAT3139,67 Law Garden Rd,Above Central Bank,Pune,Maharashtra,India,245616
SF1704,Kavita,Guptha,kavita.guptha73@salesforce.com,9465991301,1991-12-25,Partner,Closed Won,CAMP047,2025-03-08,Salesforce,NAT3704,77 Linking Rd,Next to Market,Bangalore,Karnataka,India,461606
SF1204,Ravi,Srivastava,ravi.srivastava82@salesforce.com,9541532274,1988-05-25,Cold Call,Prospecting,CAMP021,2025-09-18,Salesforce,NAT3204,45 Marine Dr,Opposite Mall,Delhi,Delhi,India,532728
SF1894,Shreya,Malhotra,shreya.malhotra26@salesforce.com,9095281942,1973-03-10,Referral,Closed Lost,CAMP049,2026-01-04,Salesforce,NAT3894,77 Linking Rd,Next to Market,Hyderabad,Telangana,India,532577
SF1791,Vinod,Srivastava,vinod.srivastava17@salesforce.com,9038288781,1985-08-22,Web,Prospecting,CAMP013,2024-09-14,Salesforce,NAT3791,56 Chandni Chowk,Near Old Town,Surat,Gujarat,India,178512
SF1217,Rekha,Patel,rekha.patel45@salesforce.com,9560539508,1992-07-11,Advertisement,Closed Won,CAMP019,2024-03-10,Salesforce,NAT3217,90 Karol Bagh Market,Near Metro Station,Bangalore,Karnataka,India,509791
SF1076,Sachin,Bajaj,sachin.bajaj19@salesforce.com,9434358267,1977-10-14,Web,Negotiation,CAMP043,2025-11-26,Salesforce,NAT3076,88 Worli Sea Face,Next to Market,Ahmedabad,Gujarat,India,818538
SF1701,Lakshmi,Kumar,lakshmi.kumar98@salesforce.com,9298990449,1973-04-05,Cold Call,Prospecting,CAMP017,2025-03-06,Salesforce,NAT3701,12 Residency Rd,Opposite Mall,Chennai,Tamil Nadu,India,794127
SF1665,Priya,Pandey,priya.pandey71@salesforce.com,9200560399,1976-06-01,Cold Call,Prospecting,CAMP037,2024-10-01,Salesforce,NAT3665,12 Residency Rd,Near Metro Station,Bangalore,Karnataka,India,312749
SF1547,Suresh,Kaur,suresh.kaur91@salesforce.com,9749212564,1995-07-09,Event,Negotiation,CAMP044,2024-09-10,Salesforce,NAT3547,12 MG Rd,Near City Center,Chennai,Tamil Nadu,India,548254
SF1249,Vinay,Reddy,vinay.reddy43@salesforce.com,9068440829,1994-02-20,Advertisement,Prospecting,CAMP047,2026-03-18,Salesforce,NAT3249,12 MG Rd,Next to Market,Mumbai,Maharashtra,India,667117
SF1092,Rahul,Shah,rahul.shah29@salesforce.com,9109371386,1970-12-31,Advertisement,Closed Won,CAMP035,2025-03-14,Salesforce,NAT3092,78 Connaught Pl,Opposite Mall,Mumbai,Maharashtra,India,481239
SF1692,Karan,Reddy,karan.reddy81@salesforce.com,9902216320,1983-01-19,Advertisement,Qualification,CAMP030,2024-04-15,Salesforce,NAT3692,12 Residency Rd,Opposite Mall,Mumbai,Maharashtra,India,851701
SF1428,John,Rao,john.rao13@salesforce.com,9640427138,1983-10-14,Event,Proposal,CAMP016,2026-03-12,Salesforce,NAT3428,12 MG Rd,,Chennai,Tamil Nadu,India,754951
SF1060,Seema,Patil,seema.patil14@salesforce.com,9767272235,1980-03-28,Cold Call,Qualification,CAMP013,2024-10-13,Salesforce,NAT3060,56 Chandni Chowk,Near Old Town,Kolkata,West Bengal,India,745611
SF1660,Sneha,Agarwal,sneha.agarwal35@salesforce.com,9148785421,1990-09-09,Referral,Closed Won,CAMP006,2024-10-06,Salesforce,NAT3660,12 Residency Rd,Above Central Bank,Delhi,Delhi,India,500888
SF1099,Arvind,Patil,arvind.patil11@salesforce.com,9265809529,1996-02-20,Event,Closed Won,CAMP016,2025-08-28,Salesforce,NAT3099,67 Law Garden Rd,Above Central Bank,Surat,Gujarat,India,150175
SF1554,Shalini,Bajaj,shalini.bajaj30@salesforce.com,9340268212,1971-07-12,Partner,Closed Lost,CAMP039,2025-04-06,Salesforce,NAT3554,23 Brigade Rd,Near Old Town,Mumbai,Maharashtra,India,428622
SF1310,Deepak,Yadav,deepak.yadav85@salesforce.com,9069846451,1983-07-20,Cold Call,Closed Lost,CAMP048,2024-02-13,Salesforce,NAT3310,23 Brigade Rd,Near City Center,Kolkata,West Bengal,India,839092
SF1064,Anita,Agarwal,anita.agarwal60@salesforce.com,9715045890,1993-07-12,Advertisement,Closed Won,CAMP011,2025-08-08,Salesforce,NAT3064,67 Law Garden Rd,Near Metro Station,Surat,Gujarat,India,161271
SF1125,Harish,Desai,harish.desai6@salesforce.com,9830258316,2000-10-14,Advertisement,Qualification,CAMP012,2024-05-19,Salesforce,NAT3125,78 Connaught Pl,Above Central Bank,Chennai,Tamil Nadu,India,567141
SF1778,Shreya,Banerjee,shreya.banerjee11@salesforce.com,9268070953,1994-12-14,Partner,Closed Lost,CAMP008,2025-04-30,Salesforce,NAT3778,56 Chandni Chowk,Near Metro Station,Surat,Gujarat,India,877874
SF1325,Rahul,Verma,rahul.verma26@salesforce.com,9522116646,1976-07-08,Cold Call,Prospecting,CAMP007,2024-05-10,Salesforce,NAT3325,78 Connaught Pl,Near Metro Station,Mumbai,Maharashtra,India,181461
SF1672,Vinay,Chopra,vinay.chopra24@salesforce.com,9621724845,1992-09-07,Referral,Prospecting,CAMP029,2025-03-24,Salesforce,NAT3672,12 Residency Rd,Above Central Bank,Jaipur,Rajasthan,India,246750
SF1053,Anita,Sharma,anita.sharma58@salesforce.com,9510197476,1973-10-22,Event,Prospecting,CAMP029,2025-04-07,Salesforce,NAT3053,44 Ashram Rd,Next to Market,Ahmedabad,Gujarat,India,546929
SF1135,Arvind,Rao,arvind.rao43@salesforce.com,9231481261,1975-02-09,Partner,Negotiation,CAMP017,2024-12-20,Salesforce,NAT3135,77 Linking Rd,Above Central Bank,Chennai,Tamil Nadu,India,878493
SF1031,Ramesh,Bajaj,ramesh.bajaj22@salesforce.com,9023349893,1988-04-17,Referral,Negotiation,CAMP012,2024-01-23,Salesforce,NAT3031,77 Linking Rd,Above Central Bank,Delhi,Delhi,India,548978
SF1190,Kavita,Kaur,kavita.kaur58@salesforce.com,9470842539,1993-09-17,Event,Prospecting,CAMP050,2024-01-28,Salesforce,NAT3190,12 Residency Rd,Near City Center,Kolkata,West Bengal,India,655447
SF1504,Shalini,Chopra,shalini.chopra23@salesforce.com,9612331740,1981-04-25,Cold Call,Prospecting,CAMP032,2024-09-28,Salesforce,NAT3504,78 Connaught Pl,Next to Market,Pune,Maharashtra,India,627213
SF1893,Sunil,Rao,sunil.rao73@salesforce.com,9209520255,1987-02-08,Advertisement,Prospecting,CAMP023,2025-12-15,Salesforce,NAT3893,12 MG Rd,Near Metro Station,Pune,Maharashtra,India,866723
SF1720,Ajay,Malhotra,ajay.malhotra12@salesforce.com,9303171827,1993-03-27,Partner,Closed Won,CAMP011,2024-07-22,Salesforce,NAT3720,12 MG Rd,Near City Center,Bangalore,Karnataka,India,970546
SF1585,Harish,Mehta,harish.mehta56@salesforce.com,9526418105,1980-10-10,Event,Closed Lost,CAMP022,2025-12-04,Salesforce,NAT3585,55 MI Rd,Above Central Bank,Pune,Maharashtra,India,150031
SF1664,John,Nair,john.nair66@salesforce.com,9723732732,1995-09-30,Partner,Qualification,CAMP009,2025-06-21,Salesforce,NAT3664,45 Marine Dr,Above Central Bank,Kolkata,West Bengal,India,603098
SF1446,Karan,Rao,karan.rao66@salesforce.com,9396954328,1998-11-27,Cold Call,Proposal,CAMP003,2025-04-13,Salesforce,NAT3446,101 FC Rd,Near Old Town,Kolkata,West Bengal,India,999696
SF1221,Arjun,Agarwal,arjun.agarwal89@salesforce.com,9485459680,1998-04-04,Advertisement,Prospecting,CAMP017,2025-09-30,Salesforce,NAT3221,56 Chandni Chowk,Above Central Bank,Surat,Gujarat,India,820240
SF1690,Kavita,Verma,kavita.verma71@salesforce.com,9269812007,2000-02-08,Event,Negotiation,CAMP023,2025-12-18,Salesforce,NAT3690,78 Connaught Pl,,Bangalore,Karnataka,India,904115
SF1940,Pooja,Kaur,pooja.kaur21@salesforce.com,9257568375,1984-04-24,Cold Call,Closed Lost,CAMP017,2025-11-28,Salesforce,NAT3940,44 Ashram Rd,Near City Center,Ahmedabad,Gujarat,India,554215
SF1878,Ravi,Nair,ravi.nair10@salesforce.com,9382216846,1986-02-13,Referral,Qualification,CAMP032,2024-09-19,Salesforce,NAT3878,78 Connaught Pl,Near Old Town,Delhi,Delhi,India,215396
SF1853,Anjali,Kaur,anjali.kaur98@salesforce.com,9889439307,1981-01-11,Advertisement,Proposal,CAMP020,2024-02-13,Salesforce,NAT3853,67 Law Garden Rd,Near Old Town,Hyderabad,Telangana,India,483210
SF1848,Prakash,Patel,prakash.patel65@salesforce.com,9644187503,1979-02-16,Event,Qualification,CAMP025,2024-08-13,Salesforce,NAT3848,67 Law Garden Rd,,Kolkata,West Bengal,India,200869
SF1103,Ramesh,Banerjee,ramesh.banerjee62@salesforce.com,9299727877,1983-04-18,Event,Qualification,CAMP011,2024-10-23,Salesforce,NAT3103,44 Ashram Rd,Next to Market,Hyderabad,Telangana,India,219880
SF1297,Rajiv,Patel,rajiv.patel7@salesforce.com,9081778669,1999-06-25,Referral,Closed Won,CAMP001,2025-02-15,Salesforce,NAT3297,23 Brigade Rd,,Surat,Gujarat,India,161390
SF1519,Sunil,Mehta,sunil.mehta68@salesforce.com,9538509849,1993-12-10,Cold Call,Closed Lost,CAMP031,2026-03-25,Salesforce,NAT3519,12 Residency Rd,Above Central Bank,Delhi,Delhi,India,289770
SF1534,Lakshmi,Patel,lakshmi.patel32@salesforce.com,9153068947,1993-08-04,Referral,Qualification,CAMP016,2025-05-10,Salesforce,NAT3534,101 FC Rd,Next to Market,Delhi,Delhi,India,253520
SF1740,Divya,Joshi,divya.joshi59@salesforce.com,9042299511,1973-02-17,Advertisement,Prospecting,CAMP033,2026-02-17,Salesforce,NAT3740,34 JM Road,,Pune,Maharashtra,India,308882
SF1017,Harish,Reddy,harish.reddy61@salesforce.com,9023698439,1989-07-11,Advertisement,Proposal,CAMP003,2024-03-19,Salesforce,NAT3017,101 FC Rd,Near Old Town,Surat,Gujarat,India,618074
SF1556,Sunita,Chopra,sunita.chopra23@salesforce.com,9726658850,1980-07-25,Event,Closed Lost,CAMP020,2025-04-20,Salesforce,NAT3556,77 Linking Rd,,Ahmedabad,Gujarat,India,221215
SF1469,Harish,Dubey,harish.dubey94@salesforce.com,9660887274,1994-05-28,Partner,Qualification,CAMP013,2024-08-03,Salesforce,NAT3469,12 MG Rd,Above Central Bank,Kolkata,West Bengal,India,646570
SF1463,Meena,Chopra,meena.chopra67@salesforce.com,9869616308,1996-05-15,Partner,Closed Won,CAMP014,2025-08-21,Salesforce,NAT3463,34 JM Road,Above Central Bank,Chennai,Tamil Nadu,India,984325
SF1948,Anjali,Dubey,anjali.dubey49@salesforce.com,9991082975,1981-07-05,Web,Closed Won,CAMP032,2025-09-07,Salesforce,NAT3948,23 Brigade Rd,,Jaipur,Rajasthan,India,597442
SF1751,Vinay,Srivastava,vinay.srivastava83@salesforce.com,9054023002,1982-12-24,Advertisement,Qualification,CAMP040,2024-12-04,Salesforce,NAT3751,77 Linking Rd,,Bangalore,Karnataka,India,299110
SF1804,Neha,Iyer,neha.iyer30@salesforce.com,9261596074,1975-04-11,Web,Closed Lost,CAMP010,2025-12-04,Salesforce,NAT3804,12 MG Rd,Above Central Bank,Mumbai,Maharashtra,India,154534
SF1056,Arvind,Gupta,arvind.gupta60@salesforce.com,9575914688,1970-12-13,Web,Closed Lost,CAMP030,2025-10-29,Salesforce,NAT3056,67 Law Garden Rd,Near City Center,Surat,Gujarat,India,502792
SF1691,John,Nair,john.nair24@salesforce.com,9736863967,1983-05-12,Event,Prospecting,CAMP035,2024-03-01,Salesforce,NAT3691,101 FC Rd,Above Central Bank,Delhi,Delhi,India,922553
SF1236,Kavita,Desai,kavita.desai35@salesforce.com,9443131355,1994-09-27,Cold Call,Negotiation,CAMP026,2025-10-06,Salesforce,NAT3236,45 Marine Dr,Next to Market,Surat,Gujarat,India,962142
SF1074,John,Shah,john.shah61@salesforce.com,9106396223,1984-07-05,Advertisement,Closed Lost,CAMP002,2024-01-11,Salesforce,NAT3074,12 MG Rd,Opposite Mall,Pune,Maharashtra,India,681687
SF1363,Vikas,Guptha,vikas.guptha81@salesforce.com,9466034614,1989-06-18,Web,Proposal,CAMP045,2024-01-13,Salesforce,NAT3363,56 Chandni Chowk,Near Old Town,Mumbai,Maharashtra,India,903404
SF1935,Amit,Desai,amit.desai23@salesforce.com,9351644037,1993-12-17,Event,Prospecting,CAMP033,2024-07-07,Salesforce,NAT3935,45 Marine Dr,,Hyderabad,Telangana,India,757535
SF1838,Neha,Kaur,neha.kaur36@salesforce.com,9875679016,1983-10-18,Referral,Negotiation,CAMP046,2024-11-14,Salesforce,NAT3838,67 Law Garden Rd,Near Metro Station,Delhi,Delhi,India,427131
SF1088,Rajiv,Pandey,rajiv.pandey95@salesforce.com,9544980344,1973-01-27,Cold Call,Negotiation,CAMP049,2025-06-16,Salesforce,NAT3088,101 FC Rd,Near Metro Station,Pune,Maharashtra,India,163961
SF1506,John,Shah,john.shah83@salesforce.com,9081781989,1988-10-04,Advertisement,Closed Lost,CAMP049,2025-06-11,Salesforce,NAT3506,45 Marine Dr,Opposite Mall,Pune,Maharashtra,India,579952
SF1136,Rohit,Nair,rohit.nair46@salesforce.com,9901152741,1989-11-18,Web,Proposal,CAMP031,2024-04-19,Salesforce,NAT3136,67 Law Garden Rd,Near Old Town,Hyderabad,Telangana,India,602081
SF1914,Lakshmi,Sharma,lakshmi.sharma4@salesforce.com,9214559005,1983-01-26,Web,Closed Won,CAMP029,2024-04-30,Salesforce,NAT3914,56 Chandni Chowk,Near Old Town,Hyderabad,Telangana,India,661450
SF1492,Pooja,Gupta,pooja.gupta83@salesforce.com,9574655418,1979-06-30,Referral,Proposal,CAMP012,2024-03-14,Salesforce,NAT3492,88 Worli Sea Face,,Hyderabad,Telangana,India,838781
SF1789,Suresh,Kumar,suresh.kumar67@salesforce.com,9159118041,1985-05-16,Referral,Proposal,CAMP048,2026-03-08,Salesforce,NAT3789,34 JM Road,Near Old Town,Ahmedabad,Gujarat,India,222891
SF1612,Sneha,Guptha,sneha.guptha22@salesforce.com,9424421486,1982-03-06,Event,Qualification,CAMP029,2024-04-14,Salesforce,NAT3612,77 Linking Rd,Next to Market,Hyderabad,Telangana,India,468058
SF1314,Lakshmi,Yadav,lakshmi.yadav69@salesforce.com,9415585887,1995-05-02,Referral,Closed Lost,CAMP005,2024-08-20,Salesforce,NAT3314,90 Karol Bagh Market,,Mumbai,Maharashtra,India,366286
SF1508,Rekha,Menon,rekha.menon27@salesforce.com,9607973812,1970-12-06,Cold Call,Closed Lost,CAMP008,2025-12-19,Salesforce,NAT3508,90 Karol Bagh Market,Next to Market,Bangalore,Karnataka,India,864706
SF1309,Vinod,Patel,vinod.patel54@salesforce.com,9403117496,1976-01-12,Referral,Qualification,CAMP018,2026-01-04,Salesforce,NAT3309,56 Chandni Chowk,Above Central Bank,Delhi,Delhi,India,201965
SF1173,Sachin,Banerjee,sachin.banerjee53@salesforce.com,9280553226,1987-06-27,Event,Closed Won,CAMP001,2026-02-23,Salesforce,NAT3173,78 Connaught Pl,Near Old Town,Surat,Gujarat,India,970853
SF1827,Ravi,Banerjee,ravi.banerjee73@salesforce.com,9580718076,1986-11-12,Referral,Negotiation,CAMP020,2025-05-28,Salesforce,NAT3827,88 Worli Sea Face,Near City Center,Kolkata,West Bengal,India,898574
SF1145,Ramesh,Reddy,ramesh.reddy41@salesforce.com,9015269379,1995-07-04,Partner,Qualification,CAMP029,2025-01-12,Salesforce,NAT3145,101 FC Rd,Near Metro Station,Pune,Maharashtra,India,747696
SF1051,Vikas,Dubey,vikas.dubey62@salesforce.com,9591260834,1978-09-02,Referral,Closed Lost,CAMP027,2024-07-15,Salesforce,NAT3051,34 JM Road,Next to Market,Mumbai,Maharashtra,India,982070
SF1416,Shreya,Agarwal,shreya.agarwal97@salesforce.com,9251339804,1998-02-08,Event,Prospecting,CAMP042,2025-02-23,Salesforce,NAT3416,88 Worli Sea Face,Opposite Mall,Kolkata,West Bengal,India,254733
SF1323,Manish,Reddy,manish.reddy3@salesforce.com,9865652487,1997-09-26,Web,Closed Lost,CAMP044,2024-09-15,Salesforce,NAT3323,90 Karol Bagh Market,Above Central Bank,Kolkata,West Bengal,India,435875
SF1760,Karan,Chopra,karan.chopra90@salesforce.com,9602394817,1983-11-06,Partner,Closed Won,CAMP024,2024-09-03,Salesforce,NAT3760,56 Chandni Chowk,Near Old Town,Hyderabad,Telangana,India,311950
SF1160,Arvind,Patel,arvind.patel18@salesforce.com,9144378899,1979-08-19,Event,Proposal,CAMP048,2024-09-01,Salesforce,NAT3160,78 Connaught Pl,Next to Market,Jaipur,Rajasthan,India,183347
SF1353,Seema,Bajaj,seema.bajaj56@salesforce.com,9800768264,1996-12-25,Partner,Negotiation,CAMP001,2025-08-14,Salesforce,NAT3353,90 Karol Bagh Market,Next to Market,Delhi,Delhi,India,141352
SF1225,Pooja,Kumar,pooja.kumar57@salesforce.com,9314185972,1995-08-28,Web,Proposal,CAMP034,2025-04-06,Salesforce,NAT3225,77 Linking Rd,Near Old Town,Bangalore,Karnataka,India,394762
SF1920,Sunil,Patel,sunil.patel51@salesforce.com,9130457529,1971-11-11,Partner,Closed Won,CAMP006,2024-04-20,Salesforce,NAT3920,45 Marine Dr,,Mumbai,Maharashtra,India,613704
SF1133,Manish,Chopra,manish.chopra21@salesforce.com,9850548276,1980-05-14,Partner,Proposal,CAMP035,2024-08-06,Salesforce,NAT3133,101 FC Rd,Next to Market,Pune,Maharashtra,India,806128
SF1302,Shreya,Yadav,shreya.yadav28@salesforce.com,9807329892,1970-10-26,Event,Closed Lost,CAMP005,2024-02-14,Salesforce,NAT3302,56 Chandni Chowk,Opposite Mall,Delhi,Delhi,India,495259
SF1867,Harish,Verma,harish.verma70@salesforce.com,9718512118,1982-08-19,Cold Call,Negotiation,CAMP034,2024-11-26,Salesforce,NAT3867,101 FC Rd,,Bangalore,Karnataka,India,433176
SF1096,Priya,Mishra,priya.mishra28@salesforce.com,9886425205,1989-11-07,Referral,Closed Won,CAMP029,2024-07-17,Salesforce,NAT3096,77 Linking Rd,Opposite Mall,Bangalore,Karnataka,India,480760
SF1570,Rahul,Mehta,rahul.mehta40@salesforce.com,9870916463,1974-10-02,Cold Call,Proposal,CAMP017,2025-03-25,Salesforce,NAT3570,55 MI Rd,Next to Market,Kolkata,West Bengal,India,750534
SF1323,Manish,Reddy,manish.reddy3@salesforce.com,9865652487,1997-09-26,Web,Closed Lost,CAMP044,2024-09-15,Salesforce,NAT3323,90 Karol Bagh Market,Above Central Bank,Kolkata,West Bengal,India,435875
SF1342,John,Rao,john.rao81@salesforce.com,9481049028,1971-08-12,Partner,Proposal,CAMP013,2024-10-16,Salesforce,NAT3342,88 Worli Sea Face,Near City Center,Ahmedabad,Gujarat,India,197272
SF1480,Karan,Joshi,karan.joshi73@salesforce.com,9009937168,1981-03-07,Partner,Qualification,CAMP009,2024-03-16,Salesforce,NAT3480,45 Marine Dr,Near Metro Station,Mumbai,Maharashtra,India,964743
SF1068,Suresh,Dubey,suresh.dubey67@salesforce.com,9824966053,1996-10-13,Event,Qualification,CAMP030,2025-10-15,Salesforce,NAT3068,23 Brigade Rd,Opposite Mall,Kolkata,West Bengal,India,126797
SF1564,Pooja,Gupta,pooja.gupta47@salesforce.com,9077134516,1976-12-06,Web,Closed Won,CAMP034,2025-04-09,Salesforce,NAT3564,67 Law Garden Rd,Opposite Mall,Delhi,Delhi,India,457173
SF1426,Anjali,Nair,anjali.nair16@salesforce.com,9915092692,1981-10-27,Web,Prospecting,CAMP048,2025-02-03,Salesforce,NAT3426,55 MI Rd,Opposite Mall,Mumbai,Maharashtra,India,453795
SF1594,Rahul,Rao,rahul.rao30@salesforce.com,9632143202,1979-10-05,Partner,Closed Won,CAMP006,2025-07-15,Salesforce,NAT3594,90 Karol Bagh Market,Opposite Mall,Delhi,Delhi,India,459983
SF1613,Ajay,Dubey,ajay.dubey47@salesforce.com,9615902338,1980-12-22,Advertisement,Proposal,CAMP017,2024-03-21,Salesforce,NAT3613,44 Ashram Rd,Near Old Town,Bangalore,Karnataka,India,621498
SF1733,Shalini,Mehta,shalini.mehta17@salesforce.com,9381479637,1985-07-12,Advertisement,Proposal,CAMP013,2025-10-23,Salesforce,NAT3733,101 FC Rd,Opposite Mall,Pune,Maharashtra,India,738747
SF1741,Pooja,Guptha,pooja.guptha11@salesforce.com,9219695328,1987-07-28,Partner,Negotiation,CAMP046,2024-11-30,Salesforce,NAT3741,12 Residency Rd,Next to Market,Chennai,Tamil Nadu,India,123026
SF1807,Lakshmi,Tiwari,lakshmi.tiwari15@salesforce.com,9434464646,1973-03-08,Cold Call,Proposal,CAMP046,2024-01-02,Salesforce,NAT3807,78 Connaught Pl,Near City Center,Surat,Gujarat,India,585305
SF1770,Priya,Agarwal,priya.agarwal60@salesforce.com,9301239857,2000-11-21,Cold Call,Proposal,CAMP030,2025-09-01,Salesforce,NAT3770,34 JM Road,Near Metro Station,Delhi,Delhi,India,589878
SF1419,Rohit,Patel,rohit.patel87@salesforce.com,9809882760,2000-03-26,Referral,Negotiation,CAMP016,2025-11-23,Salesforce,NAT3419,45 Marine Dr,,Delhi,Delhi,India,406086
SF1127,Deepak,Kaur,deepak.kaur80@salesforce.com,9872677332,1992-10-02,Advertisement,Prospecting,CAMP047,2026-03-22,Salesforce,NAT3127,23 Brigade Rd,Near Old Town,Bangalore,Karnataka,India,187458
SF1226,Rekha,Kapoor,rekha.kapoor1@salesforce.com,9941788442,1970-04-11,Cold Call,Qualification,CAMP004,2026-02-10,Salesforce,NAT3226,45 Marine Dr,Near City Center,Pune,Maharashtra,India,688750
SF1796,Kavita,Singh,kavita.singh87@salesforce.com,9113003127,1990-07-17,Web,Prospecting,CAMP024,2024-06-15,Salesforce,NAT3796,55 MI Rd,Opposite Mall,Mumbai,Maharashtra,India,751863
SF1175,Manish,Malhotra,manish.malhotra15@salesforce.com,9158234983,1982-07-29,Event,Closed Lost,CAMP025,2025-10-19,Salesforce,NAT3175,23 Brigade Rd,Opposite Mall,Chennai,Tamil Nadu,India,923643
SF1548,Meena,Desai,meena.desai34@salesforce.com,9379551010,1997-11-27,Event,Negotiation,CAMP050,2025-02-23,Salesforce,NAT3548,12 MG Rd,Near Old Town,Bangalore,Karnataka,India,856512
SF1117,Meena,Agarwal,meena.agarwal22@salesforce.com,9881052696,1983-11-17,Web,Closed Lost,CAMP001,2024-03-14,Salesforce,NAT3117,12 MG Rd,Opposite Mall,Ahmedabad,Gujarat,India,479762
SF1660,Sneha,Agarwal,sneha.agarwal35@salesforce.com,9148785421,1990-09-09,Referral,Closed Won,CAMP006,2024-10-06,Salesforce,NAT3660,12 Residency Rd,Above Central Bank,Delhi,Delhi,India,500888
SF1464,Ravi,Singh,ravi.singh25@salesforce.com,9297504270,1998-02-23,Referral,Negotiation,CAMP045,2025-12-07,Salesforce,NAT3464,45 Marine Dr,Near Metro Station,Jaipur,Rajasthan,India,975120
SF1416,Shreya,Agarwal,shreya.agarwal97@salesforce.com,9251339804,1998-02-08,Event,Prospecting,CAMP042,2025-02-23,Salesforce,NAT3416,88 Worli Sea Face,Opposite Mall,Kolkata,West Bengal,India,254733
SF1211,Ravi,Nair,ravi.nair19@salesforce.com,9333292040,1989-07-30,Event,Qualification,CAMP022,2025-02-26,Salesforce,NAT3211,90 Karol Bagh Market,Opposite Mall,Mumbai,Maharashtra,India,167370
SF1891,Divya,Joshi,divya.joshi2@salesforce.com,9942068974,1991-09-08,Web,Closed Lost,CAMP033,2024-11-07,Salesforce,NAT3891,77 Linking Rd,Next to Market,Pune,Maharashtra,India,112187
SF1579,Divya,Joshi,divya.joshi85@salesforce.com,9799849208,1986-10-30,Referral,Prospecting,CAMP048,2024-01-05,Salesforce,NAT3579,78 Connaught Pl,Near Metro Station,Delhi,Delhi,India,950543
SF1239,Lakshmi,Srivastava,lakshmi.srivastava78@salesforce.com,9360740631,1984-11-11,Event,Qualification,CAMP037,2024-02-13,Salesforce,NAT3239,101 FC Rd,Opposite Mall,Mumbai,Maharashtra,India,172551
SF1735,Ravi,Reddy,ravi.reddy32@salesforce.com,9743439102,1970-09-29,Partner,Negotiation,CAMP041,2024-03-15,Salesforce,NAT3735,101 FC Rd,Near Metro Station,Pune,Maharashtra,India,246442
SF1474,Karan,Agarwal,karan.agarwal38@salesforce.com,9896262384,1976-04-21,Cold Call,Closed Lost,CAMP003,2024-10-04,Salesforce,NAT3474,34 JM Road,Near City Center,Bangalore,Karnataka,India,739033
SF1821,Vinay,Kaur,vinay.kaur67@salesforce.com,9780490545,1976-12-18,Partner,Closed Lost,CAMP014,2025-07-19,Salesforce,NAT3821,34 JM Road,Above Central Bank,Pune,Maharashtra,India,273867
SF1048,Vikas,Sharma,vikas.sharma30@salesforce.com,9852308014,1983-04-10,Cold Call,Closed Lost,CAMP016,2024-12-13,Salesforce,NAT3048,90 Karol Bagh Market,,Kolkata,West Bengal,India,956210
SF1038,Meera,Mehta,meera.mehta7@salesforce.com,9043774124,1973-01-26,Advertisement,Prospecting,CAMP035,2025-10-16,Salesforce,NAT3038,45 Marine Dr,Near Metro Station,Chennai,Tamil Nadu,India,356305
SF1897,Seema,Singh,seema.singh21@salesforce.com,9427200179,1979-06-22,Advertisement,Proposal,CAMP001,2026-01-19,Salesforce,NAT3897,44 Ashram Rd,Opposite Mall,Jaipur,Rajasthan,India,892774
SF1082,Manish,Guptha,manish.guptha62@salesforce.com,9439701507,1986-03-04,Cold Call,Closed Won,CAMP006,2025-06-22,Salesforce,NAT3082,88 Worli Sea Face,Near City Center,Mumbai,Maharashtra,India,935853
SF1381,Harish,Singh,harish.singh79@salesforce.com,9226376621,1987-04-09,Referral,Negotiation,CAMP037,2024-12-23,Salesforce,NAT3381,55 MI Rd,Near City Center,Pune,Maharashtra,India,812939
SF1041,Sanjay,Yadav,sanjay.yadav43@salesforce.com,9191635309,1972-02-11,Advertisement,Proposal,CAMP046,2024-02-22,Salesforce,NAT3041,12 Residency Rd,Near City Center,Jaipur,Rajasthan,India,704635
SF1880,Vikas,Guptha,vikas.guptha33@salesforce.com,9346551652,1981-11-07,Cold Call,Prospecting,CAMP028,2024-11-25,Salesforce,NAT3880,55 MI Rd,Above Central Bank,Bangalore,Karnataka,India,620990
SF1876,Meera,Kumar,meera.kumar7@salesforce.com,9944714889,1995-04-17,Advertisement,Closed Won,CAMP040,2025-02-05,Salesforce,NAT3876,67 Law Garden Rd,Near Metro Station,Pune,Maharashtra,India,738541
SF1423,Priya,Guptha,priya.guptha88@salesforce.com,9536183757,1993-03-09,Web,Negotiation,CAMP012,2026-03-29,Salesforce,NAT3423,45 Marine Dr,Above Central Bank,Hyderabad,Telangana,India,387590
SF1052,Alok,Pandey,alok.pandey81@salesforce.com,9677898434,2000-01-12,Referral,Closed Won,CAMP022,2025-06-02,Salesforce,NAT3052,23 Brigade Rd,,Bangalore,Karnataka,India,205231
SF1430,Harish,Patil,harish.patil57@salesforce.com,9471866843,1971-02-06,Cold Call,Closed Won,CAMP037,2025-01-14,Salesforce,NAT3430,101 FC Rd,Near Old Town,Chennai,Tamil Nadu,India,412635
SF1230,Vinay,Kapoor,vinay.kapoor20@salesforce.com,9079647430,1992-08-03,Cold Call,Closed Won,CAMP002,2025-03-17,Salesforce,NAT3230,77 Linking Rd,Opposite Mall,Hyderabad,Telangana,India,774250
SF1479,Divya,Shah,divya.shah63@salesforce.com,9798368336,1973-02-14,Partner,Negotiation,CAMP011,2024-07-05,Salesforce,NAT3479,44 Ashram Rd,Opposite Mall,Delhi,Delhi,India,609782
SF1542,Manish,Nair,manish.nair4@salesforce.com,9847753987,1992-01-16,Partner,Proposal,CAMP022,2025-12-14,Salesforce,NAT3542,56 Chandni Chowk,Above Central Bank,Kolkata,West Bengal,India,581567
SF1852,Deepak,Reddy,deepak.reddy42@salesforce.com,9931015698,1990-10-17,Partner,Prospecting,CAMP014,2024-01-23,Salesforce,NAT3852,78 Connaught Pl,Near Metro Station,Delhi,Delhi,India,949500
SF1598,Arjun,Joshi,arjun.joshi78@salesforce.com,9010722333,1973-10-01,Referral,Closed Lost,CAMP015,2024-08-14,Salesforce,NAT3598,90 Karol Bagh Market,Opposite Mall,Pune,Maharashtra,India,687731
SF1120,Harish,Pandey,harish.pandey22@salesforce.com,9638021580,1975-07-31,Partner,Qualification,CAMP033,2025-11-19,Salesforce,NAT3120,45 Marine Dr,Above Central Bank,Surat,Gujarat,India,184235
SF1072,Karan,Banerjee,karan.banerjee58@salesforce.com,9021000360,1981-08-04,Cold Call,Proposal,CAMP048,2026-03-06,Salesforce,NAT3072,44 Ashram Rd,,Jaipur,Rajasthan,India,278857
SF1292,Ramesh,Menon,ramesh.menon34@salesforce.com,9992586147,1975-12-19,Partner,Proposal,CAMP043,2024-05-20,Salesforce,NAT3292,12 MG Rd,Above Central Bank,Mumbai,Maharashtra,India,743239
SF1104,Vikas,Bajaj,vikas.bajaj47@salesforce.com,9291297577,1995-05-17,Event,Closed Won,CAMP017,2025-05-02,Salesforce,NAT3104,78 Connaught Pl,Next to Market,Ahmedabad,Gujarat,India,820294
SF1562,Harish,Kaur,harish.kaur53@salesforce.com,9283196620,1973-07-21,Referral,Proposal,CAMP006,2024-06-17,Salesforce,NAT3562,12 MG Rd,Near Old Town,Surat,Gujarat,India,899279
SF1460,Sanjay,Dubey,sanjay.dubey61@salesforce.com,9701636523,1986-03-20,Cold Call,Closed Lost,CAMP014,2024-08-20,Salesforce,NAT3460,44 Ashram Rd,Near City Center,Bangalore,Karnataka,India,785177
SF1574,Anita,Mishra,anita.mishra23@salesforce.com,9497029452,1993-04-02,Event,Closed Won,CAMP050,2025-07-26,Salesforce,NAT3574,34 JM Road,Opposite Mall,Surat,Gujarat,India,532420
SF1747,Harish,Patel,harish.patel2@salesforce.com,9617148652,1995-10-23,Event,Proposal,CAMP027,2025-04-24,Salesforce,NAT3747,67 Law Garden Rd,Near Old Town,Jaipur,Rajasthan,India,684685
SF1950,Meena,Nair,meena.nair22@salesforce.com,9696490952,1971-07-21,Advertisement,Prospecting,CAMP008,2026-01-22,Salesforce,NAT3950,23 Brigade Rd,,Jaipur,Rajasthan,India,650747
SF1296,Kavita,Patel,kavita.patel19@salesforce.com,9660711671,1983-08-16,Referral,Prospecting,CAMP013,2026-01-14,Salesforce,NAT3296,44 Ashram Rd,Near Old Town,Hyderabad,Telangana,India,530601
SF1633,Ajay,Reddy,ajay.reddy62@salesforce.com,9839058302,1976-04-14,Cold Call,Proposal,CAMP011,2025-07-02,Salesforce,NAT3633,90 Karol Bagh Market,Near City Center,Delhi,Delhi,India,179046
SF1005,Ravi,Malhotra,ravi.malhotra16@salesforce.com,9652660868,1993-05-11,Event,Closed Won,CAMP008,2026-01-11,Salesforce,NAT3005,101 FC Rd,Near Metro Station,Surat,Gujarat,India,695656
SF1010,Meena,Verma,meena.verma2@salesforce.com,9740944778,1991-01-27,Web,Negotiation,CAMP036,2025-04-15,Salesforce,NAT3010,23 Brigade Rd,Near City Center,Mumbai,Maharashtra,India,541142
SF1257,Seema,Srivastava,seema.srivastava18@salesforce.com,9174050062,1996-01-16,Referral,Qualification,CAMP040,2025-03-26,Salesforce,NAT3257,45 Marine Dr,Above Central Bank,Mumbai,Maharashtra,India,428162
SF1501,Rahul,Joshi,rahul.joshi13@salesforce.com,9021061818,1975-08-26,Cold Call,Prospecting,CAMP048,2024-05-17,Salesforce,NAT3501,12 Residency Rd,Near City Center,Pune,Maharashtra,India,613147
SF1418,Meena,Dubey,meena.dubey25@salesforce.com,9203886835,1975-04-08,Advertisement,Negotiation,CAMP002,2024-07-22,Salesforce,NAT3418,12 Residency Rd,Near City Center,Delhi,Delhi,India,847628
SF1800,Amit,Patil,amit.patil48@salesforce.com,9437609648,1980-10-19,Event,Closed Won,CAMP035,2025-02-12,Salesforce,NAT3800,55 MI Rd,Above Central Bank,Mumbai,Maharashtra,India,504614
SF1267,Pooja,Rao,pooja.rao11@salesforce.com,9934808601,1979-08-26,Referral,Proposal,CAMP047,2025-09-18,Salesforce,NAT3267,78 Connaught Pl,Opposite Mall,Mumbai,Maharashtra,India,688927
SF1147,Harish,Guptha,harish.guptha51@salesforce.com,9898602986,1984-06-26,Partner,Qualification,CAMP011,2024-08-30,Salesforce,NAT3147,90 Karol Bagh Market,Above Central Bank,Bangalore,Karnataka,India,511061
SF1847,Jane,Patel,jane.patel53@salesforce.com,9646474606,1975-06-17,Event,Qualification,CAMP001,2025-04-27,Salesforce,NAT3847,12 Residency Rd,Near Metro Station,Ahmedabad,Gujarat,India,556526
SF1215,Alok,Verma,alok.verma30@salesforce.com,9975144874,1985-02-06,Advertisement,Closed Won,CAMP003,2024-02-13,Salesforce,NAT3215,56 Chandni Chowk,Above Central Bank,Chennai,Tamil Nadu,India,780515
SF1218,Suresh,Nair,suresh.nair12@salesforce.com,9830946554,1979-12-10,Advertisement,Proposal,CAMP038,2024-09-18,Salesforce,NAT3218,77 Linking Rd,,Pune,Maharashtra,India,588785
SF1714,John,Patel,john.patel62@salesforce.com,9896488133,1997-08-18,Advertisement,Negotiation,CAMP014,2024-09-08,Salesforce,NAT3714,12 MG Rd,,Ahmedabad,Gujarat,India,822499
SF1330,Vinay,Patil,vinay.patil53@salesforce.com,9191132381,1997-08-01,Advertisement,Qualification,CAMP037,2026-01-11,Salesforce,NAT3330,44 Ashram Rd,Above Central Bank,Surat,Gujarat,India,921402
SF1644,Harish,Malhotra,harish.malhotra92@salesforce.com,9238914717,1987-10-31,Partner,Closed Won,CAMP037,2025-03-17,Salesforce,NAT3644,12 Residency Rd,,Pune,Maharashtra,India,427049
SF1890,Ajay,Mishra,ajay.mishra34@salesforce.com,9807990642,1974-07-06,Event,Closed Won,CAMP014,2026-01-05,Salesforce,NAT3890,90 Karol Bagh Market,Opposite Mall,Bangalore,Karnataka,India,330280
SF1856,Divya,Bajaj,divya.bajaj10@salesforce.com,9022698917,1975-11-11,Advertisement,Closed Lost,CAMP048,2024-03-12,Salesforce,NAT3856,67 Law Garden Rd,Above Central Bank,Ahmedabad,Gujarat,India,402920
SF1913,Suresh,Kaur,suresh.kaur72@salesforce.com,9352568462,1992-10-03,Partner,Prospecting,CAMP045,2026-02-13,Salesforce,NAT3913,101 FC Rd,Near Metro Station,Mumbai,Maharashtra,India,753374
SF1085,Lakshmi,Chopra,lakshmi.chopra54@salesforce.com,9285657445,1972-08-13,Cold Call,Qualification,CAMP018,2025-11-08,Salesforce,NAT3085,55 MI Rd,Opposite Mall,Delhi,Delhi,India,317187
SF1746,Vinod,Joshi,vinod.joshi3@salesforce.com,9630770891,1991-12-12,Referral,Prospecting,CAMP005,2024-01-04,Salesforce,NAT3746,88 Worli Sea Face,Near Metro Station,Bangalore,Karnataka,India,696175
SF1165,Prakash,Iyer,prakash.iyer21@salesforce.com,9163205136,1999-07-01,Referral,Negotiation,CAMP024,2025-07-12,Salesforce,NAT3165,55 MI Rd,Near City Center,Hyderabad,Telangana,India,352701
SF1696,Rajiv,Patil,rajiv.patil52@salesforce.com,9217809967,2000-12-08,Advertisement,Negotiation,CAMP033,2024-10-05,Salesforce,NAT3696,78 Connaught Pl,Near Old Town,Mumbai,Maharashtra,India,984792
SF1228,Kavita,Pandey,kavita.pandey8@salesforce.com,9085497547,1975-03-01,Event,Qualification,CAMP033,2024-01-21,Salesforce,NAT3228,45 Marine Dr,Near Old Town,Jaipur,Rajasthan,India,535652
SF1759,Amit,Patel,amit.patel9@salesforce.com,9853862592,1983-11-16,Partner,Prospecting,CAMP020,2024-01-30,Salesforce,NAT3759,45 Marine Dr,Near Metro Station,Jaipur,Rajasthan,India,717929
SF1102,Sunil,Iyer,sunil.iyer53@salesforce.com,9557650136,1996-06-24,Referral,Closed Won,CAMP019,2025-09-11,Salesforce,NAT3102,78 Connaught Pl,Next to Market,Chennai,Tamil Nadu,India,687762
SF1004,Rekha,Malhotra,rekha.malhotra32@salesforce.com,9534584578,1982-08-24,Event,Closed Won,CAMP034,2025-12-17,Salesforce,NAT3004,23 Brigade Rd,Near Metro Station,Chennai,Tamil Nadu,India,411442
SF1266,Harish,Joshi,harish.joshi85@salesforce.com,9474620542,1987-05-13,Partner,Closed Lost,CAMP024,2025-06-09,Salesforce,NAT3266,67 Law Garden Rd,Above Central Bank,Ahmedabad,Gujarat,India,581282
SF1168,Ravi,Reddy,ravi.reddy18@salesforce.com,9230141151,1982-04-10,Partner,Closed Lost,CAMP009,2024-08-21,Salesforce,NAT3168,67 Law Garden Rd,Opposite Mall,Chennai,Tamil Nadu,India,898530
SF1141,Manish,Singh,manish.singh51@salesforce.com,9578688761,1987-09-02,Advertisement,Closed Won,CAMP045,2026-02-02,Salesforce,NAT3141,34 JM Road,Next to Market,Bangalore,Karnataka,India,541660
SF1063,Shreya,Kumar,shreya.kumar14@salesforce.com,9125151460,1980-11-17,Advertisement,Closed Lost,CAMP032,2025-05-28,Salesforce,NAT3063,12 MG Rd,,Pune,Maharashtra,India,939718
SF1191,Ravi,Verma,ravi.verma8@salesforce.com,9436844044,1998-07-31,Cold Call,Qualification,CAMP022,2025-10-02,Salesforce,NAT3191,12 MG Rd,Next to Market,Ahmedabad,Gujarat,India,351863
SF1250,Sunil,Iyer,sunil.iyer68@salesforce.com,9198723533,1988-05-31,Web,Proposal,CAMP045,2026-01-01,Salesforce,NAT3250,55 MI Rd,Next to Market,Chennai,Tamil Nadu,India,377105
SF1013,Suresh,Srivastava,suresh.srivastava89@salesforce.com,9617930804,1985-06-28,Partner,Negotiation,CAMP010,2024-09-18,Salesforce,NAT3013,55 MI Rd,Opposite Mall,Chennai,Tamil Nadu,India,697071
SF1749,Sanjay,Kumar,sanjay.kumar5@salesforce.com,9238593812,1977-03-21,Cold Call,Qualification,CAMP036,2024-10-25,Salesforce,NAT3749,55 MI Rd,Near Metro Station,Pune,Maharashtra,India,855082
SF1571,Anjali,Guptha,anjali.guptha64@salesforce.com,9622044187,1977-06-18,Partner,Qualification,CAMP043,2026-01-19,Salesforce,NAT3571,45 Marine Dr,Near Old Town,Ahmedabad,Gujarat,India,668703
SF1724,Shreya,Malhotra,shreya.malhotra54@salesforce.com,9429373701,1999-05-10,Web,Proposal,CAMP028,2025-12-01,Salesforce,NAT3724,88 Worli Sea Face,Next to Market,Bangalore,Karnataka,India,603371
SF1886,Karan,Srivastava,karan.srivastava74@salesforce.com,9104628890,1984-03-15,Referral,Closed Won,CAMP016,2025-09-29,Salesforce,NAT3886,23 Brigade Rd,Near City Center,Kolkata,West Bengal,India,588956
SF1606,Anjali,Guptha,anjali.guptha79@salesforce.com,9729675696,1979-03-01,Web,Negotiation,CAMP039,2025-06-01,Salesforce,NAT3606,78 Connaught Pl,Near Old Town,Kolkata,West Bengal,India,920569
SF1462,Seema,Menon,seema.menon96@salesforce.com,9506253676,1972-10-21,Web,Negotiation,CAMP013,2025-05-13,Salesforce,NAT3462,23 Brigade Rd,,Mumbai,Maharashtra,India,822812
SF1923,Prakash,Bajaj,prakash.bajaj73@salesforce.com,9912379839,1991-09-02,Web,Closed Lost,CAMP006,2025-03-02,Salesforce,NAT3923,34 JM Road,Near Metro Station,Pune,Maharashtra,India,230683
SF1388,Arvind,Agarwal,arvind.agarwal43@salesforce.com,9542306770,1991-02-12,Cold Call,Closed Lost,CAMP031,2024-07-29,Salesforce,NAT3388,55 MI Rd,,Kolkata,West Bengal,India,468301
SF1573,Rahul,Mehta,rahul.mehta15@salesforce.com,9653127557,1985-07-23,Web,Negotiation,CAMP049,2025-07-22,Salesforce,NAT3573,77 Linking Rd,Near Metro Station,Jaipur,Rajasthan,India,203986
SF1875,Kavita,Rao,kavita.rao68@salesforce.com,9443314472,1977-10-07,Web,Proposal,CAMP049,2024-02-14,Salesforce,NAT3875,34 JM Road,Near Metro Station,Mumbai,Maharashtra,India,490135
SF1246,Seema,Kaur,seema.kaur61@salesforce.com,9652616203,1986-02-23,Cold Call,Negotiation,CAMP015,2025-06-18,Salesforce,NAT3246,34 JM Road,Opposite Mall,Kolkata,West Bengal,India,437875
SF1116,Amit,Kaur,amit.kaur6@salesforce.com,9369020312,1982-08-24,Event,Proposal,CAMP040,2025-06-03,Salesforce,NAT3116,44 Ashram Rd,Near City Center,Jaipur,Rajasthan,India,121267
SF1075,Divya,Kaur,divya.kaur20@salesforce.com,9468355680,1994-02-17,Partner,Prospecting,CAMP006,2024-05-26,Salesforce,NAT3075,12 Residency Rd,Near Metro Station,Kolkata,West Bengal,India,852328
SF1787,Rohit,Banerjee,rohit.banerjee95@salesforce.com,9906700177,1982-07-02,Web,Closed Lost,CAMP016,2026-03-10,Salesforce,NAT3787,78 Connaught Pl,Opposite Mall,Delhi,Delhi,India,460243
SF1467,Ajay,Kaur,ajay.kaur42@salesforce.com,9109374607,1995-06-08,Referral,Prospecting,CAMP040,2025-02-28,Salesforce,NAT3467,78 Connaught Pl,Near Metro Station,Pune,Maharashtra,India,982158
SF1033,Anjali,Desai,anjali.desai90@salesforce.com,9716310270,1977-12-19,Cold Call,Negotiation,CAMP013,2026-01-09,Salesforce,NAT3033,88 Worli Sea Face,Near City Center,Kolkata,West Bengal,India,820537
SF1138,Amit,Desai,amit.desai44@salesforce.com,9018375212,1975-06-29,Partner,Proposal,CAMP049,2025-07-18,Salesforce,NAT3138,55 MI Rd,,Ahmedabad,Gujarat,India,897811
SF1524,Divya,Guptha,divya.guptha93@salesforce.com,9286593668,1980-01-10,Event,Closed Won,CAMP006,2025-03-25,Salesforce,NAT3524,56 Chandni Chowk,Opposite Mall,Bangalore,Karnataka,India,973333
SF1210,Sunita,Joshi,sunita.joshi1@salesforce.com,9699457860,1983-12-02,Advertisement,Closed Won,CAMP027,2025-11-09,Salesforce,NAT3210,12 Residency Rd,,Hyderabad,Telangana,India,523112
SF1186,Meena,Shah,meena.shah26@salesforce.com,9076056524,1996-09-22,Cold Call,Proposal,CAMP019,2024-10-09,Salesforce,NAT3186,56 Chandni Chowk,Near City Center,Chennai,Tamil Nadu,India,156458
SF1465,Sneha,Joshi,sneha.joshi28@salesforce.com,9813802629,1992-10-02,Referral,Prospecting,CAMP024,2025-07-19,Salesforce,NAT3465,23 Brigade Rd,Next to Market,Bangalore,Karnataka,India,921110
SF1499,Neha,Gupta,neha.gupta72@salesforce.com,9660771562,1980-08-19,Partner,Closed Lost,CAMP004,2024-01-23,Salesforce,NAT3499,23 Brigade Rd,Opposite Mall,Bangalore,Karnataka,India,877533
SF1101,Prakash,Yadav,prakash.yadav99@salesforce.com,9989161286,1998-11-06,Web,Qualification,CAMP024,2024-01-29,Salesforce,NAT3101,67 Law Garden Rd,Above Central Bank,Mumbai,Maharashtra,India,846362
SF1411,Harish,Kaur,harish.kaur69@salesforce.com,9903716036,2000-03-26,Partner,Prospecting,CAMP026,2025-05-25,Salesforce,NAT3411,78 Connaught Pl,Near City Center,Pune,Maharashtra,India,149160
SF1007,Rekha,Patil,rekha.patil41@salesforce.com,9328767126,1974-02-27,Partner,Closed Won,CAMP031,2024-02-20,Salesforce,NAT3007,44 Ashram Rd,Opposite Mall,Hyderabad,Telangana,India,399487
SF1924,Manish,Mehta,manish.mehta41@salesforce.com,9552388534,1972-12-07,Web,Negotiation,CAMP031,2024-04-24,Salesforce,NAT3924,90 Karol Bagh Market,Next to Market,Surat,Gujarat,India,788457
SF1220,Suresh,Mehta,suresh.mehta79@salesforce.com,9234331693,1975-06-16,Web,Proposal,CAMP012,2024-08-18,Salesforce,NAT3220,45 Marine Dr,,Delhi,Delhi,India,480092
SF1922,Arjun,Reddy,arjun.reddy48@salesforce.com,9145683812,1975-04-18,Advertisement,Closed Lost,CAMP030,2026-01-15,Salesforce,NAT3922,12 Residency Rd,Near Metro Station,Bangalore,Karnataka,India,148751
SF1931,Anita,Rao,anita.rao53@salesforce.com,9555568692,1986-08-10,Web,Negotiation,CAMP014,2024-11-01,Salesforce,NAT3931,44 Ashram Rd,Near City Center,Kolkata,West Bengal,India,808338
SF1763,Ravi,Mehta,ravi.mehta20@salesforce.com,9815366364,1972-04-16,Web,Proposal,CAMP042,2024-04-02,Salesforce,NAT3763,77 Linking Rd,Opposite Mall,Mumbai,Maharashtra,India,681137
SF1587,Kavita,Dubey,kavita.dubey22@salesforce.com,9190969378,1975-02-04,Event,Qualification,CAMP005,2025-05-15,Salesforce,NAT3587,55 MI Rd,Above Central Bank,Hyderabad,Telangana,India,809775
SF1561,Arjun,Kapoor,arjun.kapoor4@salesforce.com,9207348211,1973-11-13,Web,Negotiation,CAMP029,2025-04-13,Salesforce,NAT3561,101 FC Rd,Above Central Bank,Chennai,Tamil Nadu,India,485324
SF1498,Rajiv,Verma,rajiv.verma67@salesforce.com,9317962088,1992-06-23,Referral,Prospecting,CAMP005,2024-07-24,Salesforce,NAT3498,77 Linking Rd,Next to Market,Delhi,Delhi,India,244498
SF1946,Alok,Tiwari,alok.tiwari35@salesforce.com,9023600205,1993-06-22,Advertisement,Proposal,CAMP048,2025-04-08,Salesforce,NAT3946,12 MG Rd,Near Metro Station,Surat,Gujarat,India,591639
SF1750,Suresh,Rao,suresh.rao70@salesforce.com,9313956286,1979-02-23,Partner,Qualification,CAMP006,2026-02-28,Salesforce,NAT3750,101 FC Rd,Near Old Town,Pune,Maharashtra,India,341512
SF1055,Vinay,Kaur,vinay.kaur61@salesforce.com,9222000821,1985-08-26,Partner,Closed Won,CAMP025,2025-06-25,Salesforce,NAT3055,78 Connaught Pl,Near Old Town,Bangalore,Karnataka,India,624926
SF1405,Rajiv,Malhotra,rajiv.malhotra87@salesforce.com,9670957937,1998-10-13,Advertisement,Proposal,CAMP005,2024-08-26,Salesforce,NAT3405,45 Marine Dr,Near City Center,Chennai,Tamil Nadu,India,227686
SF1817,Harish,Dubey,harish.dubey72@salesforce.com,9157020938,1974-10-15,Web,Closed Won,CAMP012,2024-02-24,Salesforce,NAT3817,12 Residency Rd,Near City Center,Pune,Maharashtra,India,212822
SF1625,Priya,Banerjee,priya.banerjee51@salesforce.com,9453516506,1988-01-22,Cold Call,Closed Won,CAMP031,2024-10-01,Salesforce,NAT3625,88 Worli Sea Face,Near Metro Station,Delhi,Delhi,India,267990
SF1256,Suresh,Dubey,suresh.dubey25@salesforce.com,9901645357,1976-09-07,Referral,Prospecting,CAMP009,2024-07-11,Salesforce,NAT3256,12 Residency Rd,Near City Center,Kolkata,West Bengal,India,870296
SF1732,Sachin,Guptha,sachin.guptha58@salesforce.com,9568008088,1995-12-21,Web,Prospecting,CAMP042,2024-11-28,Salesforce,NAT3732,78 Connaught Pl,Near City Center,Kolkata,West Bengal,India,735146
SF1621,Ajay,Singh,ajay.singh97@salesforce.com,9742258667,1993-03-06,Cold Call,Prospecting,CAMP019,2024-06-14,Salesforce,NAT3621,34 JM Road,Next to Market,Surat,Gujarat,India,701773
SF1643,Rahul,Patel,rahul.patel75@salesforce.com,9573657560,1992-05-28,Referral,Prospecting,CAMP007,2025-10-01,Salesforce,NAT3643,55 MI Rd,Near City Center,Surat,Gujarat,India,720885
SF1626,Harish,Srivastava,harish.srivastava68@salesforce.com,9992758737,1982-11-21,Referral,Proposal,CAMP026,2024-03-11,Salesforce,NAT3626,45 Marine Dr,Next to Market,Pune,Maharashtra,India,695501
SF1003,Seema,Nair,seema.nair70@salesforce.com,9354121601,1978-08-14,Referral,Closed Won,CAMP005,2024-07-15,Salesforce,NAT3003,56 Chandni Chowk,Opposite Mall,Kolkata,West Bengal,India,629081
SF1131,Rekha,Patel,rekha.patel53@salesforce.com,9475350648,1989-09-07,Cold Call,Proposal,CAMP006,2024-10-09,Salesforce,NAT3131,44 Ashram Rd,Opposite Mall,Pune,Maharashtra,India,382732
SF1036,Priya,Patil,priya.patil60@salesforce.com,9187480982,1996-02-02,Advertisement,Closed Lost,CAMP012,2024-12-19,Salesforce,NAT3036,12 MG Rd,Near City Center,Hyderabad,Telangana,India,306773
SF1177,Vinay,Desai,vinay.desai21@salesforce.com,9508023387,1990-05-29,Advertisement,Proposal,CAMP027,2025-09-21,Salesforce,NAT3177,88 Worli Sea Face,Opposite Mall,Kolkata,West Bengal,India,849989
SF1279,Anita,Desai,anita.desai85@salesforce.com,9740401499,1986-04-23,Cold Call,Negotiation,CAMP003,2024-02-25,Salesforce,NAT3279,12 MG Rd,Near Metro Station,Chennai,Tamil Nadu,India,269445
SF1360,Manish,Verma,manish.verma20@salesforce.com,9390798402,1986-08-03,Cold Call,Qualification,CAMP009,2025-05-26,Salesforce,NAT3360,45 Marine Dr,Near City Center,Delhi,Delhi,India,292183
SF1339,Alok,Banerjee,alok.banerjee62@salesforce.com,9449803726,1999-10-23,Cold Call,Closed Lost,CAMP027,2025-07-20,Salesforce,NAT3339,34 JM Road,Near City Center,Hyderabad,Telangana,India,998517
SF1540,Sneha,Iyer,sneha.iyer33@salesforce.com,9119722784,1970-10-26,Referral,Proposal,CAMP022,2025-11-02,Salesforce,NAT3540,67 Law Garden Rd,Near City Center,Bangalore,Karnataka,India,740761
SF1908,Alok,Yadav,alok.yadav9@salesforce.com,9680311927,1977-12-23,Cold Call,Prospecting,CAMP016,2025-06-24,Salesforce,NAT3908,67 Law Garden Rd,Near Metro Station,Pune,Maharashtra,India,542812
SF1823,Ravi,Patel,ravi.patel97@salesforce.com,9684842154,1984-03-21,Web,Closed Lost,CAMP005,2025-07-10,Salesforce,NAT3823,67 Law Garden Rd,Above Central Bank,Delhi,Delhi,India,979023
SF1641,Prakash,Mishra,prakash.mishra20@salesforce.com,9111597533,1979-09-27,Advertisement,Negotiation,CAMP001,2025-03-19,Salesforce,NAT3641,78 Connaught Pl,Near City Center,Chennai,Tamil Nadu,India,399002
SF1111,Sneha,Agarwal,sneha.agarwal78@salesforce.com,9615956629,1972-04-19,Referral,Closed Won,CAMP034,2024-11-03,Salesforce,NAT3111,45 Marine Dr,Near City Center,Ahmedabad,Gujarat,India,898556
SF1527,Meera,Mishra,meera.mishra64@salesforce.com,9923731998,1970-06-09,Web,Proposal,CAMP008,2024-02-04,Salesforce,NAT3527,78 Connaught Pl,Above Central Bank,Pune,Maharashtra,India,310238
SF1620,Sachin,Joshi,sachin.joshi85@salesforce.com,9936833461,1971-09-17,Advertisement,Qualification,CAMP023,2024-06-01,Salesforce,NAT3620,12 Residency Rd,,Pune,Maharashtra,India,784928
SF1233,Vikas,Bajaj,vikas.bajaj34@salesforce.com,9942344779,1979-06-04,Advertisement,Prospecting,CAMP045,2025-10-04,Salesforce,NAT3233,34 JM Road,Above Central Bank,Ahmedabad,Gujarat,India,548523
SF1387,Divya,Desai,divya.desai19@salesforce.com,9514297747,1975-09-13,Advertisement,Proposal,CAMP033,2024-11-24,Salesforce,NAT3387,90 Karol Bagh Market,Near City Center,Delhi,Delhi,India,334703
SF1872,Anjali,Mehta,anjali.mehta54@salesforce.com,9827233823,1994-07-14,Partner,Qualification,CAMP001,2024-11-24,Salesforce,NAT3872,101 FC Rd,Near Old Town,Bangalore,Karnataka,India,949314
SF1054,Manish,Bajaj,manish.bajaj60@salesforce.com,9076577026,1972-08-13,Advertisement,Negotiation,CAMP007,2024-02-04,Salesforce,NAT3054,55 MI Rd,Near Metro Station,Delhi,Delhi,India,915918
SF1943,Vinod,Banerjee,vinod.banerjee86@salesforce.com,9333767038,1991-03-12,Advertisement,Proposal,CAMP049,2024-04-29,Salesforce,NAT3943,67 Law Garden Rd,Above Central Bank,Bangalore,Karnataka,India,107096
SF1444,Lakshmi,Rao,lakshmi.rao85@salesforce.com,9174391279,1985-04-28,Cold Call,Closed Won,CAMP040,2025-09-13,Salesforce,NAT3444,56 Chandni Chowk,Above Central Bank,Ahmedabad,Gujarat,India,517897
SF1912,Sneha,Verma,sneha.verma45@salesforce.com,9749522788,1973-10-14,Web,Closed Won,CAMP049,2025-04-30,Salesforce,NAT3912,56 Chandni Chowk,Opposite Mall,Delhi,Delhi,India,290038
SF1184,Anjali,Mishra,anjali.mishra17@salesforce.com,9978325696,1973-12-28,Referral,Qualification,CAMP012,2024-09-09,Salesforce,NAT3184,23 Brigade Rd,Near City Center,Mumbai,Maharashtra,India,423854
SF1214,John,Srivastava,john.srivastava27@salesforce.com,9453377624,1993-08-31,Web,Closed Won,CAMP018,2026-03-05,Salesforce,NAT3214,23 Brigade Rd,,Mumbai,Maharashtra,India,772519
SF1400,Lakshmi,Reddy,lakshmi.reddy8@salesforce.com,9213590122,1981-03-18,Partner,Prospecting,CAMP042,2024-12-12,Salesforce,NAT3400,67 Law Garden Rd,Near City Center,Hyderabad,Telangana,India,910665
SF1358,Anjali,Iyer,anjali.iyer20@salesforce.com,9068318577,1997-10-09,Web,Proposal,CAMP017,2024-05-15,Salesforce,NAT3358,56 Chandni Chowk,Near Metro Station,Mumbai,Maharashtra,India,667359
SF1122,Suresh,Chopra,suresh.chopra28@salesforce.com,9179505270,1980-01-13,Advertisement,Negotiation,CAMP025,2024-02-12,Salesforce,NAT3122,56 Chandni Chowk,Above Central Bank,Jaipur,Rajasthan,India,991767
SF1531,Karan,Patel,karan.patel19@salesforce.com,9633381604,1999-03-08,Partner,Prospecting,CAMP039,2024-01-31,Salesforce,NAT3531,45 Marine Dr,,Hyderabad,Telangana,India,187357
SF1313,Priya,Desai,priya.desai92@salesforce.com,9545779999,1991-03-28,Event,Negotiation,CAMP001,2025-11-25,Salesforce,NAT3313,55 MI Rd,Opposite Mall,Delhi,Delhi,India,423285
SF1493,Pooja,Srivastava,pooja.srivastava61@salesforce.com,9663883312,1987-09-19,Web,Proposal,CAMP017,2024-10-30,Salesforce,NAT3493,12 Residency Rd,,Ahmedabad,Gujarat,India,444801
SF1333,Vinay,Shah,vinay.shah60@salesforce.com,9906276127,2000-09-10,Referral,Negotiation,CAMP006,2025-01-05,Salesforce,NAT3333,44 Ashram Rd,Near Old Town,Hyderabad,Telangana,India,446622
SF1179,Sneha,Desai,sneha.desai7@salesforce.com,9117129842,1978-08-05,Event,Closed Lost,CAMP025,2025-06-07,Salesforce,NAT3179,101 FC Rd,Opposite Mall,Bangalore,Karnataka,India,266967
SF1121,Sneha,Agarwal,sneha.agarwal84@salesforce.com,9854395166,1972-01-12,Web,Negotiation,CAMP017,2024-08-16,Salesforce,NAT3121,88 Worli Sea Face,Near Metro Station,Jaipur,Rajasthan,India,505447
SF1888,Suresh,Rao,suresh.rao1@salesforce.com,9838597517,1978-08-12,Event,Closed Lost,CAMP014,2026-03-28,Salesforce,NAT3888,77 Linking Rd,,Delhi,Delhi,India,111603
SF1153,Deepak,Kaur,deepak.kaur3@salesforce.com,9392057939,1979-07-17,Cold Call,Closed Won,CAMP034,2025-10-22,Salesforce,NAT3153,34 JM Road,Near City Center,Mumbai,Maharashtra,India,332421
SF1799,Meena,Kumar,meena.kumar97@salesforce.com,9663684881,1991-12-22,Web,Negotiation,CAMP034,2025-03-02,Salesforce,NAT3799,56 Chandni Chowk,Near Metro Station,Surat,Gujarat,India,461782
SF1792,Jane,Tiwari,jane.tiwari97@salesforce.com,9666804782,1999-06-30,Partner,Closed Lost,CAMP035,2024-07-11,Salesforce,NAT3792,55 MI Rd,Near City Center,Jaipur,Rajasthan,India,397138
SF1926,Ravi,Dubey,ravi.dubey88@salesforce.com,9880019011,1993-06-27,Cold Call,Closed Lost,CAMP019,2026-03-16,Salesforce,NAT3926,34 JM Road,Near Old Town,Kolkata,West Bengal,India,427210
SF1470,Prakash,Iyer,prakash.iyer42@salesforce.com,9800344170,1993-07-10,Web,Proposal,CAMP036,2024-06-14,Salesforce,NAT3470,90 Karol Bagh Market,Above Central Bank,Pune,Maharashtra,India,971639
SF1124,Ajay,Desai,ajay.desai37@salesforce.com,9514172464,1976-09-11,Cold Call,Qualification,CAMP042,2024-09-07,Salesforce,NAT3124,101 FC Rd,Opposite Mall,Chennai,Tamil Nadu,India,882894
SF1806,Anjali,Verma,anjali.verma61@salesforce.com,9651850272,1974-01-05,Web,Qualification,CAMP003,2026-01-18,Salesforce,NAT3806,101 FC Rd,Near Metro Station,Surat,Gujarat,India,969021
SF1843,Priya,Yadav,priya.yadav66@salesforce.com,9153813087,1976-08-30,Referral,Qualification,CAMP002,2024-07-06,Salesforce,NAT3843,44 Ashram Rd,Near City Center,Jaipur,Rajasthan,India,440019
SF1537,Rekha,Patil,rekha.patil67@salesforce.com,9467502028,1976-05-15,Referral,Qualification,CAMP039,2025-01-01,Salesforce,NAT3537,77 Linking Rd,Near Metro Station,Mumbai,Maharashtra,India,709212
SF1288,Divya,Banerjee,divya.banerjee21@salesforce.com,9126254945,1984-03-06,Web,Prospecting,CAMP047,2024-05-16,Salesforce,NAT3288,56 Chandni Chowk,Near Old Town,Jaipur,Rajasthan,India,509821
SF1514,Kavita,Mishra,kavita.mishra17@salesforce.com,9883309489,1980-12-11,Cold Call,Prospecting,CAMP022,2026-02-23,Salesforce,NAT3514,55 MI Rd,Next to Market,Ahmedabad,Gujarat,India,422003
SF1638,Seema,Verma,seema.verma96@salesforce.com,9471504039,1985-06-15,Event,Closed Won,CAMP050,2025-09-19,Salesforce,NAT3638,34 JM Road,Near Old Town,Chennai,Tamil Nadu,India,242585
SF1223,Vinay,Gupta,vinay.gupta75@salesforce.com,9367290214,1983-11-27,Partner,Closed Lost,CAMP011,2025-06-10,Salesforce,NAT3223,55 MI Rd,Opposite Mall,Pune,Maharashtra,India,982593
SF1386,Prakash,Menon,prakash.menon18@salesforce.com,9829793207,1971-09-03,Web,Closed Won,CAMP019,2024-02-16,Salesforce,NAT3386,12 MG Rd,Opposite Mall,Mumbai,Maharashtra,India,644090
SF1091,Vikas,Bajaj,vikas.bajaj53@salesforce.com,9096731553,1997-05-26,Advertisement,Qualification,CAMP020,2025-07-01,Salesforce,NAT3091,12 MG Rd,Next to Market,Hyderabad,Telangana,India,774865
SF1407,Rahul,Guptha,rahul.guptha69@salesforce.com,9405330328,1983-04-20,Event,Prospecting,CAMP004,2026-02-02,Salesforce,NAT3407,12 MG Rd,Near City Center,Pune,Maharashtra,India,823528
SF1401,Ramesh,Mishra,ramesh.mishra27@salesforce.com,9042646840,1978-11-04,Advertisement,Closed Won,CAMP009,2025-06-07,Salesforce,NAT3401,67 Law Garden Rd,Opposite Mall,Chennai,Tamil Nadu,India,650261
SF1496,Harish,Menon,harish.menon84@salesforce.com,9930268968,1970-04-21,Web,Negotiation,CAMP035,2026-02-05,Salesforce,NAT3496,77 Linking Rd,Near Old Town,Delhi,Delhi,India,463840
SF1879,Amit,Tiwari,amit.tiwari75@salesforce.com,9946397400,1986-01-01,Event,Proposal,CAMP037,2026-03-15,Salesforce,NAT3879,67 Law Garden Rd,Opposite Mall,Mumbai,Maharashtra,India,220211
SF1241,Sunil,Mishra,sunil.mishra20@salesforce.com,9855743495,1991-10-05,Partner,Proposal,CAMP038,2026-03-28,Salesforce,NAT3241,56 Chandni Chowk,,Hyderabad,Telangana,India,517663
SF1921,Vinay,Joshi,vinay.joshi38@salesforce.com,9763809501,1992-04-08,Cold Call,Closed Lost,CAMP043,2026-03-31,Salesforce,NAT3921,12 MG Rd,Near Metro Station,Bangalore,Karnataka,India,599185
SF1844,Divya,Reddy,divya.reddy47@salesforce.com,9945017627,1984-08-14,Event,Qualification,CAMP039,2024-08-13,Salesforce,NAT3844,90 Karol Bagh Market,Next to Market,Kolkata,West Bengal,India,380567
SF1801,Ravi,Mishra,ravi.mishra37@salesforce.com,9815373400,1984-07-14,Event,Closed Won,CAMP025,2024-01-06,Salesforce,NAT3801,88 Worli Sea Face,Above Central Bank,Bangalore,Karnataka,India,534813
SF1565,Arjun,Bajaj,arjun.bajaj64@salesforce.com,9934344431,1972-07-11,Web,Proposal,CAMP031,2024-12-28,Salesforce,NAT3565,34 JM Road,Near City Center,Chennai,Tamil Nadu,India,581887
SF1389,Sunil,Chopra,sunil.chopra62@salesforce.com,9744982593,1988-02-19,Event,Negotiation,CAMP001,2025-11-23,Salesforce,NAT3389,101 FC Rd,Near Old Town,Chennai,Tamil Nadu,India,604134
SF1270,Rohit,Patil,rohit.patil91@salesforce.com,9313334064,1989-04-25,Web,Closed Won,CAMP019,2025-01-30,Salesforce,NAT3270,34 JM Road,Above Central Bank,Bangalore,Karnataka,India,563504
SF1637,Jane,Yadav,jane.yadav24@salesforce.com,9836822634,1979-04-18,Cold Call,Closed Won,CAMP006,2025-05-29,Salesforce,NAT3637,12 MG Rd,,Kolkata,West Bengal,India,516603
SF1194,Sanjay,Kaur,sanjay.kaur31@salesforce.com,9966777177,1987-09-30,Event,Closed Won,CAMP003,2024-09-04,Salesforce,NAT3194,45 Marine Dr,Next to Market,Hyderabad,Telangana,India,975016
SF1107,Rekha,Verma,rekha.verma6@salesforce.com,9969593652,1970-07-01,Referral,Qualification,CAMP038,2025-11-28,Salesforce,NAT3107,34 JM Road,Opposite Mall,Hyderabad,Telangana,India,437861
SF1624,Harish,Rao,harish.rao16@salesforce.com,9493198248,1993-09-02,Cold Call,Closed Lost,CAMP047,2025-07-01,Salesforce,NAT3624,56 Chandni Chowk,Near City Center,Delhi,Delhi,India,806063
SF1659,Neha,Malhotra,neha.malhotra87@salesforce.com,9516910861,1994-01-18,Cold Call,Closed Lost,CAMP050,2024-09-28,Salesforce,NAT3659,101 FC Rd,Next to Market,Delhi,Delhi,India,671098
SF1933,Sneha,Desai,sneha.desai90@salesforce.com,9253679927,1983-07-31,Partner,Proposal,CAMP012,2024-07-29,Salesforce,NAT3933,44 Ashram Rd,Near City Center,Chennai,Tamil Nadu,India,293788
SF1067,Amit,Menon,amit.menon1@salesforce.com,9446974032,1993-03-09,Cold Call,Prospecting,CAMP012,2025-01-07,Salesforce,NAT3067,56 Chandni Chowk,Opposite Mall,Ahmedabad,Gujarat,India,869794
SF1612,Sneha,Guptha,sneha.guptha22@salesforce.com,9424421486,1982-03-06,Event,Qualification,CAMP029,2024-04-14,Salesforce,NAT3612,77 Linking Rd,Next to Market,Hyderabad,Telangana,India,468058
SF1234,Sachin,Pandey,sachin.pandey70@salesforce.com,9437185079,1996-06-27,Cold Call,Prospecting,CAMP018,2026-03-06,Salesforce,NAT3234,56 Chandni Chowk,Near Metro Station,Mumbai,Maharashtra,India,783682
SF1365,Lakshmi,Mehta,lakshmi.mehta48@salesforce.com,9745237941,1973-11-23,Cold Call,Proposal,CAMP042,2026-03-25,Salesforce,NAT3365,12 MG Rd,Near Old Town,Mumbai,Maharashtra,India,396776
SF1490,Karan,Banerjee,karan.banerjee60@salesforce.com,9118349880,1987-01-23,Cold Call,Prospecting,CAMP013,2026-02-13,Salesforce,NAT3490,23 Brigade Rd,Near Old Town,Mumbai,Maharashtra,India,298687
SF1384,Rohit,Malhotra,rohit.malhotra62@salesforce.com,9965943961,1991-05-20,Partner,Negotiation,CAMP039,2024-05-11,Salesforce,NAT3384,44 Ashram Rd,Near Metro Station,Bangalore,Karnataka,India,320213
SF1525,Rekha,Guptha,rekha.guptha71@salesforce.com,9975374694,1972-05-18,Advertisement,Closed Won,CAMP028,2025-09-09,Salesforce,NAT3525,45 Marine Dr,Near City Center,Pune,Maharashtra,India,186642
SF1427,Divya,Desai,divya.desai4@salesforce.com,9733265452,1995-09-10,Referral,Prospecting,CAMP045,2024-05-10,Salesforce,NAT3427,88 Worli Sea Face,Opposite Mall,Bangalore,Karnataka,India,365870
SF1829,John,Menon,john.menon28@salesforce.com,9562625899,1973-06-13,Advertisement,Proposal,CAMP042,2024-02-27,Salesforce,NAT3829,55 MI Rd,Near Metro Station,Bangalore,Karnataka,India,685462
SF1903,Sachin,Sharma,sachin.sharma47@salesforce.com,9482899076,1982-10-30,Partner,Negotiation,CAMP022,2025-09-06,Salesforce,NAT3903,23 Brigade Rd,Near Metro Station,Chennai,Tamil Nadu,India,407226
SF1402,Manish,Kapoor,manish.kapoor29@salesforce.com,9675596102,1987-04-03,Web,Proposal,CAMP033,2025-12-02,Salesforce,NAT3402,90 Karol Bagh Market,Near City Center,Jaipur,Rajasthan,India,645936
SF1444,Lakshmi,Rao,lakshmi.rao85@salesforce.com,9174391279,1985-04-28,Cold Call,Closed Won,CAMP040,2025-09-13,Salesforce,NAT3444,56 Chandni Chowk,Above Central Bank,Ahmedabad,Gujarat,India,517897
SF1361,Rajiv,Agarwal,rajiv.agarwal36@salesforce.com,9083970873,2000-02-03,Web,Proposal,CAMP044,2025-06-14,Salesforce,NAT3361,77 Linking Rd,Near Metro Station,Jaipur,Rajasthan,India,737751
SF1473,Rekha,Kapoor,rekha.kapoor7@salesforce.com,9039940862,1988-08-14,Partner,Negotiation,CAMP019,2025-04-19,Salesforce,NAT3473,12 Residency Rd,Opposite Mall,Pune,Maharashtra,India,943839
SF1868,Vinay,Yadav,vinay.yadav81@salesforce.com,9489012091,1998-07-15,Referral,Qualification,CAMP037,2024-09-06,Salesforce,NAT3868,90 Karol Bagh Market,Above Central Bank,Delhi,Delhi,India,221467
SF1024,Lakshmi,Guptha,lakshmi.guptha1@salesforce.com,9599141836,1997-08-06,Cold Call,Closed Won,CAMP020,2025-04-29,Salesforce,NAT3024,90 Karol Bagh Market,Next to Market,Jaipur,Rajasthan,India,481169
SF1482,Arjun,Kumar,arjun.kumar42@salesforce.com,9532495491,1977-02-25,Referral,Prospecting,CAMP027,2025-07-24,Salesforce,NAT3482,44 Ashram Rd,Above Central Bank,Surat,Gujarat,India,632254
SF1653,Karan,Agarwal,karan.agarwal92@salesforce.com,9004861270,1998-01-17,Partner,Closed Won,CAMP027,2025-10-30,Salesforce,NAT3653,78 Connaught Pl,,Pune,Maharashtra,India,956050
SF1244,Karan,Bajaj,karan.bajaj13@salesforce.com,9234084309,2000-09-08,Web,Prospecting,CAMP001,2024-07-13,Salesforce,NAT3244,44 Ashram Rd,Near City Center,Chennai,Tamil Nadu,India,127535
SF1842,Vinay,Kumar,vinay.kumar24@salesforce.com,9786727768,1998-09-07,Referral,Negotiation,CAMP002,2025-10-23,Salesforce,NAT3842,88 Worli Sea Face,Opposite Mall,Pune,Maharashtra,India,400981
SF1295,Meera,Nair,meera.nair16@salesforce.com,9246381640,1973-07-28,Advertisement,Prospecting,CAMP026,2025-02-15,Salesforce,NAT3295,77 Linking Rd,Near Old Town,Jaipur,Rajasthan,India,146514
SF1247,Harish,Gupta,harish.gupta51@salesforce.com,9587163689,1975-02-03,Cold Call,Negotiation,CAMP025,2024-06-26,Salesforce,NAT3247,67 Law Garden Rd,Near Metro Station,Jaipur,Rajasthan,India,955371
SF1927,Alok,Malhotra,alok.malhotra37@salesforce.com,9366403266,1972-08-12,Referral,Closed Lost,CAMP040,2026-02-03,Salesforce,NAT3927,23 Brigade Rd,Near City Center,Delhi,Delhi,India,523661
SF1559,Lakshmi,Banerjee,lakshmi.banerjee62@salesforce.com,9561402903,1986-12-19,Advertisement,Prospecting,CAMP040,2025-06-28,Salesforce,NAT3559,77 Linking Rd,Near Old Town,Chennai,Tamil Nadu,India,499808
SF1157,Jane,Singh,jane.singh1@salesforce.com,9982236936,1988-08-12,Web,Closed Lost,CAMP039,2025-05-16,Salesforce,NAT3157,88 Worli Sea Face,Near City Center,Mumbai,Maharashtra,India,417174
SF1864,Vikas,Dubey,vikas.dubey32@salesforce.com,9075804246,1974-04-14,Partner,Closed Lost,CAMP021,2025-08-29,Salesforce,NAT3864,23 Brigade Rd,Near Old Town,Kolkata,West Bengal,India,266527
SF1126,Ravi,Nair,ravi.nair64@salesforce.com,9698399042,1985-11-16,Cold Call,Qualification,CAMP020,2025-11-29,Salesforce,NAT3126,55 MI Rd,Above Central Bank,Mumbai,Maharashtra,India,175094
SF1675,Seema,Dubey,seema.dubey94@salesforce.com,9188681584,1998-09-14,Partner,Closed Won,CAMP042,2025-10-12,Salesforce,NAT3675,77 Linking Rd,Above Central Bank,Mumbai,Maharashtra,India,568156
SF1308,Manish,Shah,manish.shah82@salesforce.com,9190128695,1976-03-10,Partner,Negotiation,CAMP044,2024-12-04,Salesforce,NAT3308,56 Chandni Chowk,Next to Market,Bangalore,Karnataka,India,616919
SF1238,Vikas,Desai,vikas.desai61@salesforce.com,9247942259,1989-11-16,Cold Call,Closed Lost,CAMP028,2025-02-15,Salesforce,NAT3238,44 Ashram Rd,Opposite Mall,Bangalore,Karnataka,India,800919
SF1222,Vikas,Singh,vikas.singh85@salesforce.com,9547755947,1999-06-23,Partner,Prospecting,CAMP046,2024-06-27,Salesforce,NAT3222,12 Residency Rd,Next to Market,Kolkata,West Bengal,India,793154
SF1845,Suresh,Mishra,suresh.mishra1@salesforce.com,9583645486,1986-02-06,Referral,Prospecting,CAMP009,2025-11-10,Salesforce,NAT3845,77 Linking Rd,Near Metro Station,Chennai,Tamil Nadu,India,897868
SF1131,Rekha,Patel,rekha.patel53@salesforce.com,9475350648,1989-09-07,Cold Call,Proposal,CAMP006,2024-10-09,Salesforce,NAT3131,44 Ashram Rd,Opposite Mall,Pune,Maharashtra,India,382732
SF1271,Arjun,Shah,arjun.shah18@salesforce.com,9309001561,1993-09-17,Web,Closed Lost,CAMP007,2025-06-10,Salesforce,NAT3271,12 MG Rd,Near City Center,Hyderabad,Telangana,India,751566
SF1485,Vinay,Malhotra,vinay.malhotra9@salesforce.com,9825611391,1972-04-02,Event,Closed Lost,CAMP040,2025-08-20,Salesforce,NAT3485,88 Worli Sea Face,Near Old Town,Kolkata,West Bengal,India,343610
SF1646,Vikas,Verma,vikas.verma43@salesforce.com,9668650385,1986-04-27,Advertisement,Closed Won,CAMP026,2024-03-21,Salesforce,NAT3646,55 MI Rd,,Jaipur,Rajasthan,India,743157
SF1688,Shalini,Mishra,shalini.mishra2@salesforce.com,9106869398,1998-06-22,Cold Call,Closed Lost,CAMP046,2024-11-03,Salesforce,NAT3688,12 MG Rd,Near Old Town,Bangalore,Karnataka,India,801129
SF1703,Anjali,Srivastava,anjali.srivastava78@salesforce.com,9480957796,1996-12-15,Cold Call,Prospecting,CAMP005,2024-08-05,Salesforce,NAT3703,88 Worli Sea Face,Opposite Mall,Delhi,Delhi,India,609374
SF1137,Priya,Sharma,priya.sharma83@salesforce.com,9093257443,1999-04-05,Cold Call,Qualification,CAMP015,2026-03-19,Salesforce,NAT3137,101 FC Rd,Near Metro Station,Surat,Gujarat,India,483836
SF1429,Kavita,Iyer,kavita.iyer86@salesforce.com,9505684763,1997-04-11,Cold Call,Qualification,CAMP012,2025-10-02,Salesforce,NAT3429,101 FC Rd,Near Metro Station,Kolkata,West Bengal,India,889462
SF1580,Shreya,Sharma,shreya.sharma31@salesforce.com,9345827934,1995-12-08,Referral,Closed Lost,CAMP031,2026-03-01,Salesforce,NAT3580,23 Brigade Rd,Near City Center,Kolkata,West Bengal,India,122484
SF1347,Arvind,Yadav,arvind.yadav18@salesforce.com,9382318958,1988-10-10,Referral,Prospecting,CAMP042,2025-02-12,Salesforce,NAT3347,44 Ashram Rd,,Ahmedabad,Gujarat,India,552438
SF1632,Manish,Joshi,manish.joshi7@salesforce.com,9361332229,1994-09-23,Advertisement,Closed Lost,CAMP019,2024-10-28,Salesforce,NAT3632,44 Ashram Rd,,Bangalore,Karnataka,India,858300
SF1705,Arvind,Patel,arvind.patel48@salesforce.com,9225277393,1989-11-25,Event,Negotiation,CAMP002,2024-09-05,Salesforce,NAT3705,67 Law Garden Rd,Near City Center,Chennai,Tamil Nadu,India,856460
SF1383,Jane,Shah,jane.shah28@salesforce.com,9161356024,1986-07-08,Event,Closed Won,CAMP006,2025-02-22,Salesforce,NAT3383,78 Connaught Pl,Above Central Bank,Hyderabad,Telangana,India,774727
SF1904,Anita,Kumar,anita.kumar19@salesforce.com,9993576466,1994-03-01,Web,Closed Won,CAMP001,2026-03-13,Salesforce,NAT3904,45 Marine Dr,Near Metro Station,Pune,Maharashtra,India,745856
SF1510,Sneha,Reddy,sneha.reddy2@salesforce.com,9211710960,1992-01-03,Partner,Prospecting,CAMP037,2024-07-28,Salesforce,NAT3510,12 Residency Rd,Opposite Mall,Ahmedabad,Gujarat,India,196334
SF1745,Ajay,Nair,ajay.nair78@salesforce.com,9140230230,1990-03-14,Partner,Closed Lost,CAMP034,2025-04-20,Salesforce,NAT3745,12 Residency Rd,Near Metro Station,Surat,Gujarat,India,293394
SF1726,Anita,Shah,anita.shah94@salesforce.com,9456400313,1981-01-07,Advertisement,Closed Won,CAMP039,2024-08-27,Salesforce,NAT3726,12 MG Rd,Near City Center,Bangalore,Karnataka,India,244640
SF1071,Rajiv,Gupta,rajiv.gupta25@salesforce.com,9816190174,1972-07-07,Web,Closed Lost,CAMP038,2024-06-13,Salesforce,NAT3071,44 Ashram Rd,,Pune,Maharashtra,India,989126
SF1207,Shreya,Nair,shreya.nair20@salesforce.com,9747405548,1997-08-30,Cold Call,Closed Lost,CAMP011,2024-05-31,Salesforce,NAT3207,55 MI Rd,Near City Center,Bangalore,Karnataka,India,712891
SF1372,Ravi,Kaur,ravi.kaur47@salesforce.com,9959171301,1985-12-04,Referral,Closed Won,CAMP033,2024-12-12,Salesforce,NAT3372,90 Karol Bagh Market,Near City Center,Kolkata,West Bengal,India,202952
SF1400,Lakshmi,Reddy,lakshmi.reddy8@salesforce.com,9213590122,1981-03-18,Partner,Prospecting,CAMP042,2024-12-12,Salesforce,NAT3400,67 Law Garden Rd,Near City Center,Hyderabad,Telangana,India,910665
SF1637,Jane,Yadav,jane.yadav24@salesforce.com,9836822634,1979-04-18,Cold Call,Closed Won,CAMP006,2025-05-29,Salesforce,NAT3637,12 MG Rd,,Kolkata,West Bengal,India,516603
SF1433,Divya,Agarwal,divya.agarwal27@salesforce.com,9014099424,1974-08-01,Event,Prospecting,CAMP036,2025-06-19,Salesforce,NAT3433,12 Residency Rd,Opposite Mall,Mumbai,Maharashtra,India,907521
SF1454,Rajiv,Patel,rajiv.patel20@salesforce.com,9754388618,1992-02-23,Advertisement,Prospecting,CAMP029,2024-07-17,Salesforce,NAT3454,77 Linking Rd,Next to Market,Mumbai,Maharashtra,India,287300
SF1628,Rohit,Verma,rohit.verma84@salesforce.com,9681254992,1973-03-10,Referral,Qualification,CAMP025,2024-05-04,Salesforce,NAT3628,55 MI Rd,Opposite Mall,Jaipur,Rajasthan,India,996432
SF1682,Arjun,Dubey,arjun.dubey54@salesforce.com,9208596630,1978-03-07,Advertisement,Proposal,CAMP023,2024-10-22,Salesforce,NAT3682,56 Chandni Chowk,,Ahmedabad,Gujarat,India,873719
SF1161,Shalini,Srivastava,shalini.srivastava89@salesforce.com,9191821253,1998-11-16,Advertisement,Proposal,CAMP001,2025-05-08,Salesforce,NAT3161,77 Linking Rd,Near Old Town,Hyderabad,Telangana,India,259868
SF1182,Lakshmi,Mehta,lakshmi.mehta64@salesforce.com,9488071342,1995-09-04,Cold Call,Qualification,CAMP003,2024-02-18,Salesforce,NAT3182,78 Connaught Pl,Above Central Bank,Chennai,Tamil Nadu,India,883111
SF1129,John,Yadav,john.yadav64@salesforce.com,9397823573,1977-03-21,Partner,Closed Won,CAMP045,2025-06-04,Salesforce,NAT3129,101 FC Rd,Near Metro Station,Surat,Gujarat,India,132662
SF1006,Meena,Yadav,meena.yadav20@salesforce.com,9212265298,1975-11-02,Cold Call,Closed Won,CAMP011,2025-10-20,Salesforce,NAT3006,88 Worli Sea Face,Near Metro Station,Hyderabad,Telangana,India,748830
SF1062,Deepak,Kumar,deepak.kumar48@salesforce.com,9572724324,1997-09-12,Cold Call,Closed Lost,CAMP027,2024-04-30,Salesforce,NAT3062,88 Worli Sea Face,Next to Market,Pune,Maharashtra,India,124460
SF1560,Neha,Sharma,neha.sharma32@salesforce.com,9555009292,1978-12-12,Event,Qualification,CAMP014,2024-05-05,Salesforce,NAT3560,12 Residency Rd,Near Old Town,Pune,Maharashtra,India,560286
SF1417,Vinod,Verma,vinod.verma13@salesforce.com,9157309930,1998-04-18,Referral,Closed Lost,CAMP032,2025-09-16,Salesforce,NAT3417,23 Brigade Rd,Above Central Bank,Chennai,Tamil Nadu,India,792521
SF1316,Sunil,Gupta,sunil.gupta82@salesforce.com,9517134003,1974-07-13,Referral,Qualification,CAMP030,2024-02-02,Salesforce,NAT3316,90 Karol Bagh Market,Near Metro Station,Ahmedabad,Gujarat,India,187925
SF1043,Meena,Kumar,meena.kumar42@salesforce.com,9024964302,1999-10-17,Advertisement,Proposal,CAMP007,2024-06-18,Salesforce,NAT3043,67 Law Garden Rd,Near Metro Station,Mumbai,Maharashtra,India,860638
SF1582,Amit,Pandey,amit.pandey56@salesforce.com,9762481408,1990-06-14,Web,Negotiation,CAMP010,2025-01-09,Salesforce,NAT3582,12 Residency Rd,Near City Center,Bangalore,Karnataka,India,184427
SF1247,Harish,Gupta,harish.gupta51@salesforce.com,9587163689,1975-02-03,Cold Call,Negotiation,CAMP025,2024-06-26,Salesforce,NAT3247,67 Law Garden Rd,Near Metro Station,Jaipur,Rajasthan,India,955371
SF1516,Karan,Kaur,karan.kaur4@salesforce.com,9467700927,1985-06-14,Advertisement,Proposal,CAMP005,2024-07-12,Salesforce,NAT3516,88 Worli Sea Face,Near City Center,Ahmedabad,Gujarat,India,954266
SF1911,Vinod,Dubey,vinod.dubey87@salesforce.com,9867363516,1978-04-11,Partner,Qualification,CAMP029,2026-01-07,Salesforce,NAT3911,77 Linking Rd,,Mumbai,Maharashtra,India,468178
SF1546,Karan,Kumar,karan.kumar39@salesforce.com,9244878838,1983-04-17,Advertisement,Proposal,CAMP030,2025-03-28,Salesforce,NAT3546,67 Law Garden Rd,Above Central Bank,Pune,Maharashtra,India,498618
SF1260,Sachin,Tiwari,sachin.tiwari66@salesforce.com,9217565578,1976-04-20,Referral,Closed Won,CAMP024,2024-04-09,Salesforce,NAT3260,45 Marine Dr,,Delhi,Delhi,India,719260
SF1303,Arjun,Shah,arjun.shah53@salesforce.com,9483378843,1983-09-15,Web,Proposal,CAMP034,2025-01-29,Salesforce,NAT3303,12 MG Rd,Near City Center,Bangalore,Karnataka,India,433671
SF1237,Sunita,Singh,sunita.singh15@salesforce.com,9574976339,1986-09-11,Event,Prospecting,CAMP048,2024-02-20,Salesforce,NAT3237,45 Marine Dr,Near Old Town,Mumbai,Maharashtra,India,121325
SF1591,Sunil,Tiwari,sunil.tiwari58@salesforce.com,9297666339,1975-11-27,Advertisement,Negotiation,CAMP028,2024-07-27,Salesforce,NAT3591,101 FC Rd,Near City Center,Bangalore,Karnataka,India,758425
SF1348,Neha,Iyer,neha.iyer4@salesforce.com,9370723207,1983-03-26,Web,Closed Lost,CAMP026,2025-08-06,Salesforce,NAT3348,77 Linking Rd,Opposite Mall,Pune,Maharashtra,India,204762
SF1814,Rohit,Patel,rohit.patel73@salesforce.com,9048109702,1982-09-02,Partner,Closed Won,CAMP045,2024-03-29,Salesforce,NAT3814,12 Residency Rd,,Kolkata,West Bengal,India,515914
SF1321,Rahul,Srivastava,rahul.srivastava43@salesforce.com,9396701084,1981-05-29,Advertisement,Qualification,CAMP030,2025-12-08,Salesforce,NAT3321,12 MG Rd,Above Central Bank,Mumbai,Maharashtra,India,195554
SF1156,Sneha,Patel,sneha.patel92@salesforce.com,9570842783,1977-09-09,Web,Qualification,CAMP048,2025-10-17,Salesforce,NAT3156,45 Marine Dr,,Pune,Maharashtra,India,202100
SF1708,Vinay,Srivastava,vinay.srivastava38@salesforce.com,9461087497,1991-12-21,Web,Proposal,CAMP005,2024-03-25,Salesforce,NAT3708,34 JM Road,Near City Center,Mumbai,Maharashtra,India,809532
SF1609,Rahul,Sharma,rahul.sharma80@salesforce.com,9967697572,2000-05-28,Advertisement,Closed Won,CAMP001,2025-01-18,Salesforce,NAT3609,101 FC Rd,Above Central Bank,Delhi,Delhi,India,140204
SF1775,Kavita,Singh,kavita.singh19@salesforce.com,9383191463,2000-03-14,Cold Call,Negotiation,CAMP037,2025-09-28,Salesforce,NAT3775,88 Worli Sea Face,Above Central Bank,Pune,Maharashtra,India,634664
SF1857,Amit,Gupta,amit.gupta69@salesforce.com,9959096466,1974-09-24,Cold Call,Closed Lost,CAMP014,2024-06-26,Salesforce,NAT3857,88 Worli Sea Face,Near Metro Station,Jaipur,Rajasthan,India,123186
SF1265,Anjali,Patil,anjali.patil52@salesforce.com,9795296416,1993-01-04,Advertisement,Proposal,CAMP026,2024-10-24,Salesforce,NAT3265,78 Connaught Pl,Near City Center,Bangalore,Karnataka,India,623864
SF1277,Rahul,Kumar,rahul.kumar91@salesforce.com,9434781979,1990-07-11,Web,Closed Won,CAMP029,2025-08-26,Salesforce,NAT3277,77 Linking Rd,Near Old Town,Surat,Gujarat,India,722833
SF1392,Ravi,Agarwal,ravi.agarwal19@salesforce.com,9187214660,1978-11-02,Advertisement,Closed Won,CAMP018,2025-09-18,Salesforce,NAT3392,56 Chandni Chowk,Next to Market,Kolkata,West Bengal,India,138365
SF1777,Rahul,Malhotra,rahul.malhotra34@salesforce.com,9079137849,1973-01-20,Partner,Proposal,CAMP046,2024-06-27,Salesforce,NAT3777,78 Connaught Pl,Near City Center,Ahmedabad,Gujarat,India,531143
SF1359,Priya,Joshi,priya.joshi36@salesforce.com,9060889331,1980-12-25,Partner,Negotiation,CAMP046,2024-10-05,Salesforce,NAT3359,45 Marine Dr,Opposite Mall,Ahmedabad,Gujarat,India,367256
SF1529,Prakash,Agarwal,prakash.agarwal32@salesforce.com,9592519412,1996-09-02,Partner,Closed Lost,CAMP047,2024-03-13,Salesforce,NAT3529,34 JM Road,Near Metro Station,Bangalore,Karnataka,India,830476
SF1448,Amit,Patel,amit.patel91@salesforce.com,9467460143,1990-09-10,Referral,Closed Lost,CAMP036,2025-08-31,Salesforce,NAT3448,12 MG Rd,,Kolkata,West Bengal,India,197607
SF1837,Harish,Bajaj,harish.bajaj41@salesforce.com,9780402714,1995-02-15,Cold Call,Closed Won,CAMP006,2025-12-24,Salesforce,NAT3837,56 Chandni Chowk,Near City Center,Surat,Gujarat,India,863101
SF1808,Amit,Kapoor,amit.kapoor55@salesforce.com,9276357801,1982-09-04,Web,Closed Won,CAMP014,2026-02-16,Salesforce,NAT3808,12 Residency Rd,Above Central Bank,Bangalore,Karnataka,India,890787
SF1483,Shalini,Sharma,shalini.sharma93@salesforce.com,9418746722,1995-06-01,Cold Call,Closed Lost,CAMP005,2025-10-02,Salesforce,NAT3483,12 Residency Rd,Opposite Mall,Pune,Maharashtra,India,309329
SF1941,Harish,Yadav,harish.yadav28@salesforce.com,9715125163,1999-05-23,Cold Call,Proposal,CAMP026,2024-03-04,Salesforce,NAT3941,12 MG Rd,Opposite Mall,Kolkata,West Bengal,India,711542
SF1881,Karan,Guptha,karan.guptha78@salesforce.com,9157609087,1983-06-29,Web,Closed Lost,CAMP040,2025-05-28,Salesforce,NAT3881,23 Brigade Rd,Next to Market,Delhi,Delhi,India,938090
SF1650,Sunil,Mehta,sunil.mehta12@salesforce.com,9887921500,1988-01-14,Cold Call,Prospecting,CAMP030,2024-09-20,Salesforce,NAT3650,90 Karol Bagh Market,Near City Center,Chennai,Tamil Nadu,India,332803
SF1061,Arjun,Kumar,arjun.kumar44@salesforce.com,9968268497,1978-02-01,Cold Call,Closed Lost,CAMP040,2024-06-12,Salesforce,NAT3061,12 MG Rd,Next to Market,Ahmedabad,Gujarat,India,593867
SF1261,Manish,Srivastava,manish.srivastava4@salesforce.com,9733351299,1977-12-12,Referral,Closed Won,CAMP005,2024-03-16,Salesforce,NAT3261,88 Worli Sea Face,Next to Market,Hyderabad,Telangana,India,705816
SF1723,Priya,Sharma,priya.sharma31@salesforce.com,9347858113,1986-05-03,Referral,Closed Won,CAMP007,2026-03-31,Salesforce,NAT3723,67 Law Garden Rd,Near City Center,Bangalore,Karnataka,India,810413
SF1472,Rajiv,Gupta,rajiv.gupta43@salesforce.com,9071821167,1985-09-13,Referral,Negotiation,CAMP032,2024-10-07,Salesforce,NAT3472,77 Linking Rd,Opposite Mall,Surat,Gujarat,India,239826
SF1596,Ravi,Chopra,ravi.chopra57@salesforce.com,9162104390,1985-08-12,Web,Negotiation,CAMP030,2025-12-29,Salesforce,NAT3596,45 Marine Dr,Near Metro Station,Surat,Gujarat,India,248598
SF1500,Sneha,Malhotra,sneha.malhotra42@salesforce.com,9155505176,1972-11-29,Cold Call,Qualification,CAMP011,2025-01-27,Salesforce,NAT3500,90 Karol Bagh Market,Opposite Mall,Hyderabad,Telangana,India,390176
SF1762,Anita,Singh,anita.singh47@salesforce.com,9441942005,2000-03-12,Partner,Closed Won,CAMP001,2024-07-06,Salesforce,NAT3762,34 JM Road,Near City Center,Kolkata,West Bengal,India,915704
SF1016,Divya,Sharma,divya.sharma40@salesforce.com,9799364695,1972-04-17,Partner,Closed Won,CAMP032,2024-01-18,Salesforce,NAT3016,23 Brigade Rd,Near City Center,Pune,Maharashtra,India,471860
SF1050,Rekha,Singh,rekha.singh88@salesforce.com,9207138900,1999-08-18,Advertisement,Proposal,CAMP031,2024-12-11,Salesforce,NAT3050,12 Residency Rd,Near Old Town,Pune,Maharashtra,India,911121
SF1431,Kavita,Sharma,kavita.sharma64@salesforce.com,9064434233,1975-06-19,Partner,Closed Lost,CAMP021,2025-05-27,Salesforce,NAT3431,23 Brigade Rd,Near Old Town,Mumbai,Maharashtra,India,195689
SF1286,Ajay,Singh,ajay.singh72@salesforce.com,9856913450,1974-05-27,Advertisement,Qualification,CAMP044,2025-01-01,Salesforce,NAT3286,90 Karol Bagh Market,Near City Center,Hyderabad,Telangana,India,345046
SF1925,Prakash,Banerjee,prakash.banerjee96@salesforce.com,9275083433,1972-12-22,Advertisement,Negotiation,CAMP025,2024-02-22,Salesforce,NAT3925,77 Linking Rd,Opposite Mall,Hyderabad,Telangana,India,674780
SF1338,Sunil,Rao,sunil.rao32@salesforce.com,9027065531,1992-11-03,Event,Prospecting,CAMP016,2024-08-20,Salesforce,NAT3338,12 Residency Rd,Near Old Town,Ahmedabad,Gujarat,India,270105
SF1253,Arvind,Desai,arvind.desai45@salesforce.com,9141120083,1997-10-20,Web,Closed Lost,CAMP026,2024-12-19,Salesforce,NAT3253,101 FC Rd,Near Old Town,Ahmedabad,Gujarat,India,738561
SF1449,Ravi,Patil,ravi.patil20@salesforce.com,9955075664,1999-11-10,Partner,Closed Lost,CAMP041,2025-05-19,Salesforce,NAT3449,12 Residency Rd,Near City Center,Jaipur,Rajasthan,India,857353
SF1028,Sneha,Malhotra,sneha.malhotra94@salesforce.com,9378574411,1991-12-17,Web,Closed Won,CAMP044,2025-07-08,Salesforce,NAT3028,23 Brigade Rd,Next to Market,Hyderabad,Telangana,India,962951
SF1755,Meena,Verma,meena.verma68@salesforce.com,9515247240,1982-08-17,Referral,Qualification,CAMP032,2024-09-08,Salesforce,NAT3755,12 Residency Rd,Opposite Mall,Pune,Maharashtra,India,339046
SF1831,Anita,Iyer,anita.iyer86@salesforce.com,9204261210,1983-07-27,Advertisement,Closed Won,CAMP021,2025-10-30,Salesforce,NAT3831,23 Brigade Rd,Opposite Mall,Ahmedabad,Gujarat,India,924304
SF1254,Prakash,Tiwari,prakash.tiwari36@salesforce.com,9484760115,1981-04-13,Web,Prospecting,CAMP043,2026-01-07,Salesforce,NAT3254,44 Ashram Rd,Near City Center,Jaipur,Rajasthan,India,778037
SF1674,Harish,Mehta,harish.mehta12@salesforce.com,9951733799,1985-06-14,Referral,Negotiation,CAMP005,2024-05-13,Salesforce,NAT3674,45 Marine Dr,Opposite Mall,Bangalore,Karnataka,India,866849
SF1520,Manish,Menon,manish.menon82@salesforce.com,9378079476,1976-03-26,Web,Negotiation,CAMP049,2024-04-27,Salesforce,NAT3520,12 Residency Rd,Near Old Town,Bangalore,Karnataka,India,977321
SF1060,Seema,Patil,seema.patil14@salesforce.com,9767272235,1980-03-28,Cold Call,Qualification,CAMP013,2024-10-13,Salesforce,NAT3060,56 Chandni Chowk,Near Old Town,Kolkata,West Bengal,India,745611
SF1830,Anita,Menon,anita.menon46@salesforce.com,9913189549,1979-03-05,Web,Proposal,CAMP001,2024-01-11,Salesforce,NAT3830,88 Worli Sea Face,Opposite Mall,Mumbai,Maharashtra,India,827304
SF1425,Shalini,Srivastava,shalini.srivastava53@salesforce.com,9234693776,1984-01-17,Web,Closed Lost,CAMP009,2024-03-06,Salesforce,NAT3425,55 MI Rd,Near Metro Station,Mumbai,Maharashtra,India,186422
SF1507,Pooja,Banerjee,pooja.banerjee40@salesforce.com,9780026337,1970-08-18,Advertisement,Closed Won,CAMP048,2025-03-03,Salesforce,NAT3507,23 Brigade Rd,,Chennai,Tamil Nadu,India,221364
SF1819,Vikas,Srivastava,vikas.srivastava78@salesforce.com,9300050307,1990-10-06,Cold Call,Qualification,CAMP040,2025-06-17,Salesforce,NAT3819,67 Law Garden Rd,Above Central Bank,Kolkata,West Bengal,India,330432
SF1303,Arjun,Shah,arjun.shah53@salesforce.com,9483378843,1983-09-15,Web,Proposal,CAMP034,2025-01-29,Salesforce,NAT3303,12 MG Rd,Near City Center,Bangalore,Karnataka,India,433671
SF1012,Arjun,Gupta,arjun.gupta78@salesforce.com,9302755723,1976-04-07,Event,Proposal,CAMP015,2025-04-22,Salesforce,NAT3012,101 FC Rd,Next to Market,Hyderabad,Telangana,India,317724
SF1282,Ramesh,Pandey,ramesh.pandey73@salesforce.com,9666831634,1976-09-19,Cold Call,Proposal,CAMP010,2025-03-17,Salesforce,NAT3282,12 MG Rd,Near City Center,Jaipur,Rajasthan,India,534267
SF1915,Priya,Verma,priya.verma48@salesforce.com,9331304549,1980-04-07,Event,Qualification,CAMP041,2026-03-04,Salesforce,NAT3915,12 MG Rd,Above Central Bank,Kolkata,West Bengal,India,379679
SF1858,Amit,Bajaj,amit.bajaj46@salesforce.com,9183173881,2000-09-13,Referral,Prospecting,CAMP006,2025-09-06,Salesforce,NAT3858,88 Worli Sea Face,,Mumbai,Maharashtra,India,558915
SF1803,Arvind,Reddy,arvind.reddy10@salesforce.com,9870161783,1973-04-22,Advertisement,Qualification,CAMP046,2025-02-24,Salesforce,NAT3803,101 FC Rd,Opposite Mall,Hyderabad,Telangana,India,907684
SF1550,Vinod,Malhotra,vinod.malhotra12@salesforce.com,9372524447,1999-08-15,Referral,Negotiation,CAMP022,2026-03-25,Salesforce,NAT3550,88 Worli Sea Face,Near Metro Station,Mumbai,Maharashtra,India,746331
SF1327,Jane,Verma,jane.verma44@salesforce.com,9811069612,1995-04-14,Advertisement,Closed Lost,CAMP050,2025-10-10,Salesforce,NAT3327,90 Karol Bagh Market,Next to Market,Kolkata,West Bengal,India,445238
SF1192,Ramesh,Reddy,ramesh.reddy24@salesforce.com,9208471656,1984-07-13,Referral,Closed Lost,CAMP013,2025-10-30,Salesforce,NAT3192,101 FC Rd,Next to Market,Mumbai,Maharashtra,India,148950
SF1128,Vikas,Patil,vikas.patil37@salesforce.com,9785515372,1999-08-02,Partner,Proposal,CAMP008,2024-06-23,Salesforce,NAT3128,90 Karol Bagh Market,Next to Market,Delhi,Delhi,India,337418
SF1486,Alok,Sharma,alok.sharma46@salesforce.com,9076798936,1980-01-25,Cold Call,Closed Lost,CAMP002,2025-04-25,Salesforce,NAT3486,34 JM Road,Near Metro Station,Chennai,Tamil Nadu,India,507046
SF1406,Alok,Desai,alok.desai53@salesforce.com,9481084296,1978-12-29,Web,Negotiation,CAMP017,2025-02-04,Salesforce,NAT3406,88 Worli Sea Face,Near Old Town,Surat,Gujarat,India,674921
SF1171,Sachin,Mishra,sachin.mishra46@salesforce.com,9133429251,1991-10-20,Referral,Qualification,CAMP020,2024-06-25,Salesforce,NAT3171,45 Marine Dr,,Delhi,Delhi,India,667748
SF1597,Ajay,Dubey,ajay.dubey58@salesforce.com,9877789955,1970-09-21,Cold Call,Prospecting,CAMP016,2024-04-17,Salesforce,NAT3597,101 FC Rd,Opposite Mall,Pune,Maharashtra,India,510527
SF1802,Suresh,Reddy,suresh.reddy30@salesforce.com,9414644970,1998-05-04,Advertisement,Closed Lost,CAMP032,2024-11-12,Salesforce,NAT3802,90 Karol Bagh Market,Near Metro Station,Ahmedabad,Gujarat,India,685831
SF1042,Priya,Kumar,priya.kumar81@salesforce.com,9777122607,1990-09-14,Web,Proposal,CAMP033,2024-01-29,Salesforce,NAT3042,23 Brigade Rd,Near Old Town,Surat,Gujarat,India,489522
SF1604,Anita,Chopra,anita.chopra64@salesforce.com,9160131949,1991-08-06,Referral,Closed Lost,CAMP013,2025-07-15,Salesforce,NAT3604,77 Linking Rd,Next to Market,Hyderabad,Telangana,India,676076
SF1077,Lakshmi,Tiwari,lakshmi.tiwari92@salesforce.com,9870406040,1992-02-02,Referral,Closed Lost,CAMP030,2024-04-16,Salesforce,NAT3077,56 Chandni Chowk,Near Old Town,Ahmedabad,Gujarat,India,630117
SF1185,Shreya,Dubey,shreya.dubey79@salesforce.com,9363821729,1986-08-15,Referral,Prospecting,CAMP028,2024-06-14,Salesforce,NAT3185,12 MG Rd,,Surat,Gujarat,India,684229
SF1349,Alok,Reddy,alok.reddy50@salesforce.com,9917970820,1995-01-12,Partner,Negotiation,CAMP010,2024-12-13,Salesforce,NAT3349,77 Linking Rd,Near Old Town,Delhi,Delhi,India,983900
SF1736,Prakash,Srivastava,prakash.srivastava94@salesforce.com,9622381010,1970-08-29,Referral,Closed Lost,CAMP044,2025-12-15,Salesforce,NAT3736,12 MG Rd,Above Central Bank,Chennai,Tamil Nadu,India,376451
SF1320,Arjun,Kumar,arjun.kumar10@salesforce.com,9767870800,1975-05-04,Advertisement,Qualification,CAMP002,2024-04-02,Salesforce,NAT3320,44 Ashram Rd,,Mumbai,Maharashtra,India,262220
SF1354,Lakshmi,Iyer,lakshmi.iyer80@salesforce.com,9398210580,1986-04-30,Web,Qualification,CAMP006,2024-01-25,Salesforce,NAT3354,88 Worli Sea Face,Near Metro Station,Surat,Gujarat,India,760723
SF1057,Meena,Bajaj,meena.bajaj78@salesforce.com,9000722651,1972-10-14,Cold Call,Proposal,CAMP016,2024-09-23,Salesforce,NAT3057,56 Chandni Chowk,Next to Market,Chennai,Tamil Nadu,India,443164
SF1586,Priya,Singh,priya.singh94@salesforce.com,9511756627,1979-08-08,Web,Prospecting,CAMP006,2026-02-27,Salesforce,NAT3586,78 Connaught Pl,,Surat,Gujarat,India,985721
SF1716,Karan,Yadav,karan.yadav60@salesforce.com,9053163823,1979-02-22,Advertisement,Negotiation,CAMP026,2024-03-10,Salesforce,NAT3716,101 FC Rd,Opposite Mall,Mumbai,Maharashtra,India,270989
SF1731,Shreya,Srivastava,shreya.srivastava2@salesforce.com,9056491345,1999-08-14,Advertisement,Proposal,CAMP021,2025-11-07,Salesforce,NAT3731,44 Ashram Rd,,Delhi,Delhi,India,784347
SF1391,Vikas,Bajaj,vikas.bajaj74@salesforce.com,9269355044,2000-09-12,Event,Closed Lost,CAMP024,2024-02-03,Salesforce,NAT3391,45 Marine Dr,Near Metro Station,Surat,Gujarat,India,302548
SF1583,Lakshmi,Guptha,lakshmi.guptha22@salesforce.com,9935840261,1988-02-05,Web,Prospecting,CAMP040,2025-12-25,Salesforce,NAT3583,23 Brigade Rd,Above Central Bank,Surat,Gujarat,India,164116
SF1189,Lakshmi,Pandey,lakshmi.pandey62@salesforce.com,9039967670,1982-03-24,Partner,Closed Lost,CAMP005,2026-03-15,Salesforce,NAT3189,55 MI Rd,,Pune,Maharashtra,India,480969
SF1441,Suresh,Nair,suresh.nair33@salesforce.com,9210759880,1972-05-02,Cold Call,Qualification,CAMP028,2024-06-10,Salesforce,NAT3441,12 Residency Rd,Near Old Town,Pune,Maharashtra,India,396537
