address_id,customer_id,address_type,address_line1,address_line2,city,state,country,postal_code,campaign_id,region_code,created_ts,source_system
SFADDR5701,SF1701,Shipping,55 MI Rd,Next to Market,Ahmedabad,Gujarat,India,814847,CAMP030,North,2025-02-10 00:00:00,Salesforce
SFADDR5468,SF1468,Billing,90 Karol Bagh Market,Near Metro Station,Ahmedabad,Gujarat,India,563398,CAMP049,North,2026-03-23 00:00:00,Salesforce
SFADDR5437,SF1437,Billing,77 Linking Rd,Opposite Mall,Hyderabad,Telangana,India,921660,CAMP036,North,2024-04-14 00:00:00,Salesforce
SFADDR5717,SF1717,Billing,12 Residency Rd,Near Metro Station,Bangalore,Karnataka,India,275955,CAMP048,West,2025-02-12 00:00:00,Salesforce
SFADDR5340,SF1340,Billing,44 Ashram Rd,Near Metro Station,Pune,Maharashtra,India,469334,CAMP028,South,2025-12-29 00:00:00,Salesforce
SFADDR5864,SF1864,Shipping,34 JM Road,Near Old Town,Jaipur,Rajasthan,India,227280,CAMP008,West,2024-10-22 00:00:00,Salesforce
SFADDR5213,SF1213,Billing,88 Worli Sea Face,,Ahmedabad,Gujarat,India,610750,CAMP013,Central,2024-02-15 00:00:00,Salesforce
SFADDR5391,SF1391,Billing,34 JM Road,Next to Market,Delhi,Delhi,India,288261,CAMP013,East,2024-01-12 00:00:00,Salesforce
SFADDR5868,SF1868,Shipping,12 MG Rd,Above Central Bank,Pune,Maharashtra,India,389499,CAMP015,North,2025-07-23 00:00:00,Salesforce
SFADDR5663,SF1663,Billing,12 Residency Rd,Near Metro Station,Hyderabad,Telangana,India,202259,CAMP032,South,2025-09-03 00:00:00,Salesforce
SFADDR5097,SF1097,Billing,77 Linking Rd,Near Metro Station,Jaipur,Rajasthan,India,528415,CAMP038,West,2024-03-22 00:00:00,Salesforce
SFADDR5217,SF1217,Shipping,67 Law Garden Rd,Opposite Mall,Delhi,Delhi,India,116368,CAMP026,South,2024-05-09 00:00:00,Salesforce
SFADDR5016,SF1016,Shipping,34 JM Road,Near City Center,Kolkata,West Bengal,India,972832,CAMP022,North,2025-12-11 00:00:00,Salesforce
SFADDR5567,SF1567,Shipping,12 Residency Rd,Near City Center,Mumbai,Maharashtra,India,530172,CAMP045,South,2024-08-01 00:00:00,Salesforce
SFADDR5935,SF1935,Shipping,45 Marine Dr,,Mumbai,Maharashtra,India,857493,CAMP002,Central,2026-01-14 00:00:00,Salesforce
SFADDR5316,SF1316,Billing,12 Residency Rd,Next to Market,Ahmedabad,Gujarat,India,408867,CAMP017,South,2024-11-29 00:00:00,Salesforce
SFADDR5732,SF1732,Billing,55 MI Rd,,Ahmedabad,Gujarat,India,498216,CAMP018,Central,2026-01-20 00:00:00,Salesforce
SFADDR5421,SF1421,Shipping,12 Residency Rd,Above Central Bank,Mumbai,Maharashtra,India,955081,CAMP014,North,2025-05-17 00:00:00,Salesforce
SFADDR5672,SF1672,Shipping,56 Chandni Chowk,Near Old Town,Kolkata,West Bengal,India,737923,CAMP040,West,2024-06-17 00:00:00,Salesforce
SFADDR5301,SF1301,Shipping,101 FC Rd,Next to Market,Pune,Maharashtra,India,491810,CAMP047,North,2025-09-23 00:00:00,Salesforce
SFADDR5885,SF1885,Billing,90 Karol Bagh Market,Next to Market,Bangalore,Karnataka,India,367359,CAMP027,North,2024-09-30 00:00:00,Salesforce
SFADDR5087,SF1087,Billing,67 Law Garden Rd,Opposite Mall,Pune,Maharashtra,India,314071,CAMP018,South,2024-06-13 00:00:00,Salesforce
SFADDR5481,SF1481,Billing,23 Brigade Rd,Near City Center,Ahmedabad,Gujarat,India,204871,CAMP017,West,2024-08-29 00:00:00,Salesforce
SFADDR5571,SF1571,Shipping,55 MI Rd,,Kolkata,West Bengal,India,261098,CAMP029,Central,2024-07-23 00:00:00,Salesforce
SFADDR5310,SF1310,Billing,12 MG Rd,Near Metro Station,Mumbai,Maharashtra,India,409711,CAMP006,West,2025-12-24 00:00:00,Salesforce
SFADDR5595,SF1595,Billing,12 Residency Rd,Above Central Bank,Kolkata,West Bengal,India,576705,CAMP032,South,2025-03-21 00:00:00,Salesforce
SFADDR5617,SF1617,Billing,88 Worli Sea Face,Near City Center,Jaipur,Rajasthan,India,667401,CAMP032,East,2025-08-01 00:00:00,Salesforce
SFADDR5658,SF1658,Shipping,55 MI Rd,Near Metro Station,Kolkata,West Bengal,India,610945,CAMP044,South,2026-03-27 00:00:00,Salesforce
SFADDR5458,SF1458,Shipping,12 Residency Rd,Near Old Town,Pune,Maharashtra,India,783060,CAMP005,West,2025-08-11 00:00:00,Salesforce
SFADDR5556,SF1556,Shipping,45 Marine Dr,,Mumbai,Maharashtra,India,188959,CAMP006,South,2024-02-16 00:00:00,Salesforce
SFADDR5608,SF1608,Shipping,67 Law Garden Rd,Opposite Mall,Hyderabad,Telangana,India,373072,CAMP045,Central,2026-03-19 00:00:00,Salesforce
SFADDR5444,SF1444,Billing,101 FC Rd,Opposite Mall,Chennai,Tamil Nadu,India,787535,CAMP017,South,2025-04-08 00:00:00,Salesforce
SFADDR5346,SF1346,Shipping,12 Residency Rd,Near Metro Station,Surat,Gujarat,India,648599,CAMP028,East,2025-10-21 00:00:00,Salesforce
SFADDR5584,SF1584,Billing,55 MI Rd,Near Old Town,Pune,Maharashtra,India,669668,CAMP038,Central,2024-10-04 00:00:00,Salesforce
SFADDR5786,SF1786,Shipping,44 Ashram Rd,,Bangalore,Karnataka,India,432235,CAMP026,North,2024-04-11 00:00:00,Salesforce
SFADDR5168,SF1168,Shipping,55 MI Rd,Next to Market,Delhi,Delhi,India,990576,CAMP040,Central,2024-10-10 00:00:00,Salesforce
SFADDR5643,SF1643,Shipping,45 Marine Dr,Near City Center,Hyderabad,Telangana,India,666224,CAMP032,North,2024-07-31 00:00:00,Salesforce
SFADDR5924,SF1924,Shipping,23 Brigade Rd,Opposite Mall,Hyderabad,Telangana,India,598647,CAMP048,West,2024-02-14 00:00:00,Salesforce
SFADDR5696,SF1696,Shipping,23 Brigade Rd,Near Old Town,Ahmedabad,Gujarat,India,435574,CAMP013,West,2025-08-27 00:00:00,Salesforce
SFADDR5742,SF1742,Billing,34 JM Road,Near Old Town,Delhi,Delhi,India,314783,CAMP033,Central,2025-11-13 00:00:00,Salesforce
SFADDR5895,SF1895,Shipping,45 Marine Dr,Near City Center,Mumbai,Maharashtra,India,554358,CAMP021,Central,2025-07-11 00:00:00,Salesforce
SFADDR5888,SF1888,Shipping,88 Worli Sea Face,Next to Market,Chennai,Tamil Nadu,India,652301,CAMP039,East,2024-08-24 00:00:00,Salesforce
SFADDR5064,SF1064,Billing,77 Linking Rd,Above Central Bank,Chennai,Tamil Nadu,India,858470,CAMP026,Central,2026-01-21 00:00:00,Salesforce
SFADDR5635,SF1635,Shipping,12 Residency Rd,Opposite Mall,Jaipur,Rajasthan,India,297857,CAMP045,East,2025-02-07 00:00:00,Salesforce
SFADDR5678,SF1678,Billing,101 FC Rd,Near City Center,Hyderabad,Telangana,India,493386,CAMP029,West,2025-06-16 00:00:00,Salesforce
SFADDR5288,SF1288,Shipping,67 Law Garden Rd,Opposite Mall,Hyderabad,Telangana,India,570598,CAMP004,West,2024-09-08 00:00:00,Salesforce
SFADDR5263,SF1263,Shipping,34 JM Road,,Hyderabad,Telangana,India,224996,CAMP001,South,2024-10-18 00:00:00,Salesforce
SFADDR5036,SF1036,Billing,55 MI Rd,Near Old Town,Chennai,Tamil Nadu,India,161045,CAMP034,Central,2026-02-24 00:00:00,Salesforce
SFADDR5879,SF1879,Billing,101 FC Rd,Opposite Mall,Mumbai,Maharashtra,India,697149,CAMP025,North,2024-12-24 00:00:00,Salesforce
SFADDR5447,SF1447,Shipping,12 MG Rd,Above Central Bank,Jaipur,Rajasthan,India,423872,CAMP002,West,2024-04-06 00:00:00,Salesforce
SFADDR5511,SF1511,Billing,23 Brigade Rd,Near City Center,Pune,Maharashtra,India,645679,CAMP040,South,2024-01-25 00:00:00,Salesforce
SFADDR5057,SF1057,Billing,55 MI Rd,Above Central Bank,Jaipur,Rajasthan,India,997324,CAMP006,East,2026-01-25 00:00:00,Salesforce
SFADDR5131,SF1131,Billing,34 JM Road,Next to Market,Delhi,Delhi,India,605023,CAMP024,West,2025-05-18 00:00:00,Salesforce
SFADDR5595,SF1595,Billing,12 Residency Rd,Above Central Bank,Kolkata,West Bengal,India,576705,CAMP032,South,2025-03-21 00:00:00,Salesforce
SFADDR5702,SF1702,Shipping,56 Chandni Chowk,Opposite Mall,Bangalore,Karnataka,India,678934,CAMP047,Central,2025-11-16 00:00:00,Salesforce
SFADDR5265,SF1265,Shipping,12 MG Rd,Near Old Town,Jaipur,Rajasthan,India,374424,CAMP007,West,2025-10-03 00:00:00,Salesforce
SFADDR5718,SF1718,Billing,12 MG Rd,Near City Center,Chennai,Tamil Nadu,India,113714,CAMP033,Central,2025-02-19 00:00:00,Salesforce
SFADDR5457,SF1457,Billing,78 Connaught Pl,,Ahmedabad,Gujarat,India,671197,CAMP035,South,2025-12-10 00:00:00,Salesforce
SFADDR5679,SF1679,Billing,12 MG Rd,Opposite Mall,Pune,Maharashtra,India,184401,CAMP027,South,2025-07-10 00:00:00,Salesforce
SFADDR5326,SF1326,Billing,12 Residency Rd,Opposite Mall,Mumbai,Maharashtra,India,748263,CAMP042,Central,2024-04-16 00:00:00,Salesforce
SFADDR5162,SF1162,Billing,90 Karol Bagh Market,,Delhi,Delhi,India,297378,CAMP009,North,2025-07-16 00:00:00,Salesforce
SFADDR5158,SF1158,Billing,45 Marine Dr,Near Metro Station,Hyderabad,Telangana,India,784206,CAMP006,Central,2024-02-21 00:00:00,Salesforce
SFADDR5728,SF1728,Billing,12 MG Rd,Above Central Bank,Surat,Gujarat,India,439150,CAMP001,West,2025-07-14 00:00:00,Salesforce
SFADDR5648,SF1648,Shipping,88 Worli Sea Face,Next to Market,Jaipur,Rajasthan,India,956106,CAMP044,West,2024-03-18 00:00:00,Salesforce
SFADDR5858,SF1858,Shipping,101 FC Rd,Near Metro Station,Chennai,Tamil Nadu,India,103405,CAMP030,North,2025-06-28 00:00:00,Salesforce
SFADDR5756,SF1756,Billing,23 Brigade Rd,Near Metro Station,Ahmedabad,Gujarat,India,582394,CAMP047,East,2024-08-09 00:00:00,Salesforce
SFADDR5807,SF1807,Billing,101 FC Rd,Opposite Mall,Jaipur,Rajasthan,India,782925,CAMP002,East,2024-10-11 00:00:00,Salesforce
SFADDR5033,SF1033,Billing,67 Law Garden Rd,Near Old Town,Hyderabad,Telangana,India,719285,CAMP011,Central,2025-07-25 00:00:00,Salesforce
SFADDR5878,SF1878,Shipping,88 Worli Sea Face,Near City Center,Chennai,Tamil Nadu,India,827672,CAMP019,North,2024-06-28 00:00:00,Salesforce
SFADDR5291,SF1291,Shipping,34 JM Road,Near City Center,Ahmedabad,Gujarat,India,712145,CAMP011,Central,2025-06-21 00:00:00,Salesforce
SFADDR5188,SF1188,Billing,78 Connaught Pl,Opposite Mall,Delhi,Delhi,India,483453,CAMP033,Central,2025-09-20 00:00:00,Salesforce
SFADDR5080,SF1080,Billing,45 Marine Dr,Near Old Town,Hyderabad,Telangana,India,224651,CAMP009,North,2025-05-21 00:00:00,Salesforce
SFADDR5003,SF1003,Billing,101 FC Rd,Near Metro Station,Mumbai,Maharashtra,India,239032,CAMP032,Central,2026-03-04 00:00:00,Salesforce
SFADDR5085,SF1085,Shipping,23 Brigade Rd,,Ahmedabad,Gujarat,India,981304,CAMP034,West,2024-03-08 00:00:00,Salesforce
SFADDR5728,SF1728,Billing,12 MG Rd,Above Central Bank,Surat,Gujarat,India,439150,CAMP001,West,2025-07-14 00:00:00,Salesforce
SFADDR5720,SF1720,Shipping,56 Chandni Chowk,Next to Market,Delhi,Delhi,India,915958,CAMP027,East,2024-01-04 00:00:00,Salesforce
SFADDR5552,SF1552,Shipping,45 Marine Dr,Next to Market,Delhi,Delhi,India,223384,CAMP028,Central,2025-05-20 00:00:00,Salesforce
SFADDR5499,SF1499,Billing,23 Brigade Rd,Above Central Bank,Kolkata,West Bengal,India,691850,CAMP006,Central,2026-01-08 00:00:00,Salesforce
SFADDR5586,SF1586,Shipping,77 Linking Rd,Near Old Town,Delhi,Delhi,India,999458,CAMP026,North,2025-09-08 00:00:00,Salesforce
SFADDR5662,SF1662,Shipping,90 Karol Bagh Market,Next to Market,Jaipur,Rajasthan,India,790506,CAMP027,West,2026-03-28 00:00:00,Salesforce
SFADDR5570,SF1570,Shipping,56 Chandni Chowk,Near Old Town,Ahmedabad,Gujarat,India,724089,CAMP033,North,2024-05-21 00:00:00,Salesforce
SFADDR5883,SF1883,Shipping,12 MG Rd,,Bangalore,Karnataka,India,985443,CAMP028,South,2025-09-27 00:00:00,Salesforce
SFADDR5249,SF1249,Shipping,55 MI Rd,Near Metro Station,Ahmedabad,Gujarat,India,478583,CAMP036,South,2024-01-23 00:00:00,Salesforce
SFADDR5712,SF1712,Billing,56 Chandni Chowk,Near Old Town,Kolkata,West Bengal,India,335797,CAMP015,North,2024-09-26 00:00:00,Salesforce
SFADDR5347,SF1347,Billing,78 Connaught Pl,Above Central Bank,Hyderabad,Telangana,India,270266,CAMP014,South,2024-05-21 00:00:00,Salesforce
SFADDR5763,SF1763,Shipping,45 Marine Dr,Near Old Town,Surat,Gujarat,India,145734,CAMP008,North,2024-10-09 00:00:00,Salesforce
SFADDR5041,SF1041,Billing,23 Brigade Rd,Opposite Mall,Ahmedabad,Gujarat,India,187734,CAMP028,South,2024-11-18 00:00:00,Salesforce
SFADDR5431,SF1431,Billing,56 Chandni Chowk,Near City Center,Jaipur,Rajasthan,India,122511,CAMP022,East,2025-10-22 00:00:00,Salesforce
SFADDR5099,SF1099,Shipping,78 Connaught Pl,Near City Center,Hyderabad,Telangana,India,531015,CAMP046,Central,2025-12-24 00:00:00,Salesforce
SFADDR5857,SF1857,Shipping,12 MG Rd,Above Central Bank,Kolkata,West Bengal,India,376747,CAMP017,West,2025-06-20 00:00:00,Salesforce
SFADDR5873,SF1873,Shipping,77 Linking Rd,Next to Market,Bangalore,Karnataka,India,981581,CAMP004,East,2025-11-23 00:00:00,Salesforce
SFADDR5568,SF1568,Shipping,44 Ashram Rd,Near Metro Station,Jaipur,Rajasthan,India,710448,CAMP029,East,2024-02-17 00:00:00,Salesforce
SFADDR5028,SF1028,Billing,45 Marine Dr,Near Metro Station,Delhi,Delhi,India,110587,CAMP049,North,2025-06-14 00:00:00,Salesforce
SFADDR5577,SF1577,Billing,34 JM Road,Above Central Bank,Bangalore,Karnataka,India,280658,CAMP039,West,2025-07-03 00:00:00,Salesforce
SFADDR5698,SF1698,Billing,90 Karol Bagh Market,Next to Market,Chennai,Tamil Nadu,India,446061,CAMP005,North,2025-08-11 00:00:00,Salesforce
SFADDR5849,SF1849,Billing,78 Connaught Pl,Above Central Bank,Ahmedabad,Gujarat,India,324036,CAMP004,Central,2024-11-02 00:00:00,Salesforce
SFADDR5463,SF1463,Billing,34 JM Road,Next to Market,Jaipur,Rajasthan,India,457339,CAMP025,East,2025-09-25 00:00:00,Salesforce
SFADDR5290,SF1290,Shipping,101 FC Rd,Near Metro Station,Mumbai,Maharashtra,India,169950,CAMP016,South,2024-01-04 00:00:00,Salesforce
SFADDR5750,SF1750,Billing,56 Chandni Chowk,Near Old Town,Delhi,Delhi,India,947606,CAMP042,West,2026-02-11 00:00:00,Salesforce
SFADDR5796,SF1796,Shipping,45 Marine Dr,Near City Center,Jaipur,Rajasthan,India,869929,CAMP001,South,2025-11-13 00:00:00,Salesforce
SFADDR5016,SF1016,Shipping,34 JM Road,Near City Center,Kolkata,West Bengal,India,972832,CAMP022,North,2025-12-11 00:00:00,Salesforce
SFADDR5451,SF1451,Billing,101 FC Rd,Next to Market,Kolkata,West Bengal,India,401663,CAMP037,South,2024-04-23 00:00:00,Salesforce
SFADDR5290,SF1290,Shipping,101 FC Rd,Near Metro Station,Mumbai,Maharashtra,India,169950,CAMP016,South,2024-01-04 00:00:00,Salesforce
SFADDR5023,SF1023,Shipping,88 Worli Sea Face,Near Old Town,Delhi,Delhi,India,894787,CAMP027,East,2024-04-16 00:00:00,Salesforce
SFADDR5719,SF1719,Shipping,56 Chandni Chowk,Near City Center,Jaipur,Rajasthan,India,838363,CAMP038,North,2025-02-04 00:00:00,Salesforce
SFADDR5372,SF1372,Billing,67 Law Garden Rd,Opposite Mall,Surat,Gujarat,India,978208,CAMP030,Central,2026-03-19 00:00:00,Salesforce
SFADDR5460,SF1460,Shipping,90 Karol Bagh Market,Near Old Town,Chennai,Tamil Nadu,India,845900,CAMP025,South,2024-12-18 00:00:00,Salesforce
SFADDR5050,SF1050,Billing,88 Worli Sea Face,,Chennai,Tamil Nadu,India,518496,CAMP032,West,2025-02-08 00:00:00,Salesforce
SFADDR5554,SF1554,Billing,44 Ashram Rd,,Pune,Maharashtra,India,110557,CAMP008,North,2024-01-28 00:00:00,Salesforce
SFADDR5442,SF1442,Shipping,12 Residency Rd,,Delhi,Delhi,India,583511,CAMP041,West,2024-06-26 00:00:00,Salesforce
SFADDR5911,SF1911,Billing,101 FC Rd,Near City Center,Pune,Maharashtra,India,114561,CAMP045,North,2026-01-01 00:00:00,Salesforce
SFADDR5861,SF1861,Billing,56 Chandni Chowk,,Hyderabad,Telangana,India,459487,CAMP015,Central,2025-07-23 00:00:00,Salesforce
SFADDR5735,SF1735,Shipping,12 Residency Rd,Near Metro Station,Kolkata,West Bengal,India,951675,CAMP034,East,2025-12-13 00:00:00,Salesforce
SFADDR5216,SF1216,Billing,45 Marine Dr,Next to Market,Hyderabad,Telangana,India,120863,CAMP016,East,2024-02-24 00:00:00,Salesforce
SFADDR5348,SF1348,Billing,67 Law Garden Rd,Next to Market,Jaipur,Rajasthan,India,309664,CAMP029,Central,2026-01-12 00:00:00,Salesforce
SFADDR5271,SF1271,Shipping,88 Worli Sea Face,Next to Market,Delhi,Delhi,India,254408,CAMP018,East,2024-09-12 00:00:00,Salesforce
SFADDR5341,SF1341,Shipping,56 Chandni Chowk,Near Metro Station,Kolkata,West Bengal,India,853252,CAMP020,East,2025-12-15 00:00:00,Salesforce
SFADDR5177,SF1177,Shipping,45 Marine Dr,Near Metro Station,Kolkata,West Bengal,India,501900,CAMP033,East,2024-02-02 00:00:00,Salesforce
SFADDR5628,SF1628,Shipping,78 Connaught Pl,Opposite Mall,Bangalore,Karnataka,India,627602,CAMP020,South,2024-08-17 00:00:00,Salesforce
SFADDR5671,SF1671,Billing,45 Marine Dr,,Jaipur,Rajasthan,India,976253,CAMP030,East,2024-06-27 00:00:00,Salesforce
SFADDR5619,SF1619,Billing,90 Karol Bagh Market,Near City Center,Hyderabad,Telangana,India,250208,CAMP034,South,2026-03-31 00:00:00,Salesforce
SFADDR5943,SF1943,Shipping,44 Ashram Rd,Near Metro Station,Hyderabad,Telangana,India,505313,CAMP015,South,2024-06-18 00:00:00,Salesforce
SFADDR5264,SF1264,Billing,12 Residency Rd,Next to Market,Bangalore,Karnataka,India,329403,CAMP028,North,2025-05-25 00:00:00,Salesforce
SFADDR5070,SF1070,Shipping,67 Law Garden Rd,Near Metro Station,Pune,Maharashtra,India,781706,CAMP026,South,2024-01-27 00:00:00,Salesforce
SFADDR5323,SF1323,Billing,34 JM Road,Opposite Mall,Surat,Gujarat,India,305872,CAMP023,North,2025-06-17 00:00:00,Salesforce
SFADDR5512,SF1512,Billing,34 JM Road,Near Metro Station,Surat,Gujarat,India,258898,CAMP046,North,2024-06-17 00:00:00,Salesforce
SFADDR5090,SF1090,Billing,90 Karol Bagh Market,,Pune,Maharashtra,India,394197,CAMP001,North,2024-09-10 00:00:00,Salesforce
SFADDR5753,SF1753,Shipping,45 Marine Dr,Next to Market,Pune,Maharashtra,India,482047,CAMP041,South,2024-02-25 00:00:00,Salesforce
SFADDR5029,SF1029,Billing,34 JM Road,Near Metro Station,Jaipur,Rajasthan,India,713429,CAMP008,East,2024-03-27 00:00:00,Salesforce
SFADDR5241,SF1241,Shipping,12 MG Rd,,Jaipur,Rajasthan,India,168918,CAMP031,West,2024-09-12 00:00:00,Salesforce
SFADDR5065,SF1065,Shipping,55 MI Rd,Near Old Town,Jaipur,Rajasthan,India,823644,CAMP035,South,2026-03-26 00:00:00,Salesforce
SFADDR5253,SF1253,Shipping,101 FC Rd,Opposite Mall,Chennai,Tamil Nadu,India,432565,CAMP043,East,2026-03-28 00:00:00,Salesforce
SFADDR5411,SF1411,Shipping,44 Ashram Rd,,Bangalore,Karnataka,India,453131,CAMP037,Central,2025-08-03 00:00:00,Salesforce
SFADDR5037,SF1037,Billing,34 JM Road,Above Central Bank,Ahmedabad,Gujarat,India,548626,CAMP015,South,2024-09-03 00:00:00,Salesforce
SFADDR5324,SF1324,Billing,77 Linking Rd,Near Metro Station,Jaipur,Rajasthan,India,727649,CAMP010,Central,2025-12-29 00:00:00,Salesforce
SFADDR5802,SF1802,Billing,88 Worli Sea Face,,Pune,Maharashtra,India,650521,CAMP045,West,2026-02-19 00:00:00,Salesforce
SFADDR5416,SF1416,Shipping,56 Chandni Chowk,Opposite Mall,Jaipur,Rajasthan,India,847421,CAMP035,South,2025-08-31 00:00:00,Salesforce
SFADDR5926,SF1926,Billing,44 Ashram Rd,Next to Market,Bangalore,Karnataka,India,171844,CAMP039,North,2024-01-11 00:00:00,Salesforce
SFADDR5532,SF1532,Billing,55 MI Rd,Near Old Town,Chennai,Tamil Nadu,India,902546,CAMP007,West,2026-03-17 00:00:00,Salesforce
SFADDR5548,SF1548,Shipping,101 FC Rd,Near Old Town,Chennai,Tamil Nadu,India,566203,CAMP018,West,2026-01-22 00:00:00,Salesforce
SFADDR5339,SF1339,Shipping,90 Karol Bagh Market,,Pune,Maharashtra,India,360996,CAMP047,South,2025-01-05 00:00:00,Salesforce
SFADDR5809,SF1809,Shipping,56 Chandni Chowk,Near Metro Station,Kolkata,West Bengal,India,760537,CAMP038,East,2024-07-15 00:00:00,Salesforce
SFADDR5183,SF1183,Shipping,55 MI Rd,Above Central Bank,Jaipur,Rajasthan,India,329887,CAMP005,North,2024-08-01 00:00:00,Salesforce
SFADDR5686,SF1686,Shipping,45 Marine Dr,Above Central Bank,Kolkata,West Bengal,India,384466,CAMP037,South,2024-05-09 00:00:00,Salesforce
SFADDR5872,SF1872,Billing,45 Marine Dr,Above Central Bank,Chennai,Tamil Nadu,India,451217,CAMP004,Central,2024-03-14 00:00:00,Salesforce
SFADDR5869,SF1869,Billing,12 Residency Rd,,Surat,Gujarat,India,426514,CAMP042,Central,2024-07-02 00:00:00,Salesforce
SFADDR5015,SF1015,Billing,78 Connaught Pl,Next to Market,Delhi,Delhi,India,322897,CAMP002,South,2024-08-27 00:00:00,Salesforce
SFADDR5942,SF1942,Billing,88 Worli Sea Face,Opposite Mall,Delhi,Delhi,India,602653,CAMP014,North,2025-06-20 00:00:00,Salesforce
SFADDR5589,SF1589,Billing,45 Marine Dr,Near Old Town,Ahmedabad,Gujarat,India,372591,CAMP023,East,2024-11-05 00:00:00,Salesforce
SFADDR5665,SF1665,Shipping,77 Linking Rd,Above Central Bank,Pune,Maharashtra,India,661027,CAMP017,Central,2024-04-25 00:00:00,Salesforce
SFADDR5408,SF1408,Billing,90 Karol Bagh Market,Near City Center,Surat,Gujarat,India,835596,CAMP014,South,2024-07-14 00:00:00,Salesforce
SFADDR5424,SF1424,Billing,78 Connaught Pl,Above Central Bank,Surat,Gujarat,India,561242,CAMP030,West,2024-04-10 00:00:00,Salesforce
SFADDR5156,SF1156,Shipping,56 Chandni Chowk,Next to Market,Surat,Gujarat,India,688497,CAMP029,South,2024-11-20 00:00:00,Salesforce
SFADDR5043,SF1043,Shipping,67 Law Garden Rd,Near City Center,Chennai,Tamil Nadu,India,388042,CAMP031,North,2024-07-13 00:00:00,Salesforce
SFADDR5912,SF1912,Billing,23 Brigade Rd,Near Metro Station,Pune,Maharashtra,India,970943,CAMP016,West,2026-02-06 00:00:00,Salesforce
SFADDR5331,SF1331,Shipping,78 Connaught Pl,Opposite Mall,Pune,Maharashtra,India,710829,CAMP015,South,2025-07-19 00:00:00,Salesforce
SFADDR5329,SF1329,Billing,34 JM Road,,Surat,Gujarat,India,479974,CAMP004,Central,2024-04-07 00:00:00,Salesforce
SFADDR5681,SF1681,Billing,90 Karol Bagh Market,Above Central Bank,Jaipur,Rajasthan,India,706441,CAMP003,West,2024-08-01 00:00:00,Salesforce
SFADDR5812,SF1812,Shipping,88 Worli Sea Face,Near City Center,Bangalore,Karnataka,India,991516,CAMP017,East,2025-11-13 00:00:00,Salesforce
SFADDR5539,SF1539,Billing,55 MI Rd,,Jaipur,Rajasthan,India,905005,CAMP020,West,2024-04-16 00:00:00,Salesforce
SFADDR5603,SF1603,Shipping,78 Connaught Pl,Near Metro Station,Bangalore,Karnataka,India,374917,CAMP043,South,2026-02-11 00:00:00,Salesforce
SFADDR5386,SF1386,Shipping,34 JM Road,Next to Market,Hyderabad,Telangana,India,178022,CAMP022,East,2025-11-03 00:00:00,Salesforce
SFADDR5470,SF1470,Billing,12 Residency Rd,Above Central Bank,Jaipur,Rajasthan,India,848709,CAMP045,North,2026-01-15 00:00:00,Salesforce
SFADDR5349,SF1349,Shipping,23 Brigade Rd,Above Central Bank,Pune,Maharashtra,India,182415,CAMP011,East,2024-09-14 00:00:00,Salesforce
SFADDR5366,SF1366,Billing,90 Karol Bagh Market,Near City Center,Kolkata,West Bengal,India,639407,CAMP012,South,2024-02-06 00:00:00,Salesforce
SFADDR5847,SF1847,Billing,55 MI Rd,Opposite Mall,Kolkata,West Bengal,India,533302,CAMP011,Central,2024-08-09 00:00:00,Salesforce
SFADDR5398,SF1398,Shipping,34 JM Road,Next to Market,Pune,Maharashtra,India,543597,CAMP020,Central,2024-05-02 00:00:00,Salesforce
SFADDR5597,SF1597,Shipping,45 Marine Dr,Above Central Bank,Hyderabad,Telangana,India,869234,CAMP048,East,2025-04-24 00:00:00,Salesforce
SFADDR5555,SF1555,Billing,56 Chandni Chowk,,Delhi,Delhi,India,923076,CAMP018,Central,2025-11-13 00:00:00,Salesforce
SFADDR5160,SF1160,Shipping,12 MG Rd,Above Central Bank,Bangalore,Karnataka,India,430348,CAMP022,East,2025-04-02 00:00:00,Salesforce
SFADDR5209,SF1209,Billing,78 Connaught Pl,Near Metro Station,Bangalore,Karnataka,India,157733,CAMP023,South,2024-05-14 00:00:00,Salesforce
SFADDR5598,SF1598,Billing,101 FC Rd,Opposite Mall,Pune,Maharashtra,India,333185,CAMP033,South,2025-05-25 00:00:00,Salesforce
SFADDR5772,SF1772,Shipping,55 MI Rd,Near City Center,Chennai,Tamil Nadu,India,392887,CAMP009,South,2026-02-20 00:00:00,Salesforce
SFADDR5428,SF1428,Billing,78 Connaught Pl,Opposite Mall,Hyderabad,Telangana,India,369088,CAMP020,East,2025-07-12 00:00:00,Salesforce
SFADDR5178,SF1178,Shipping,67 Law Garden Rd,,Ahmedabad,Gujarat,India,849815,CAMP025,East,2024-06-18 00:00:00,Salesforce
SFADDR5224,SF1224,Billing,88 Worli Sea Face,Next to Market,Mumbai,Maharashtra,India,351921,CAMP033,South,2024-07-14 00:00:00,Salesforce
SFADDR5622,SF1622,Billing,88 Worli Sea Face,Near Metro Station,Pune,Maharashtra,India,669212,CAMP005,West,2025-08-15 00:00:00,Salesforce
SFADDR5388,SF1388,Shipping,12 MG Rd,Above Central Bank,Mumbai,Maharashtra,India,786842,CAMP032,North,2024-02-15 00:00:00,Salesforce
SFADDR5365,SF1365,Billing,23 Brigade Rd,Near Metro Station,Bangalore,Karnataka,India,122366,CAMP047,West,2025-10-18 00:00:00,Salesforce
SFADDR5950,SF1950,Billing,55 MI Rd,Near Metro Station,Chennai,Tamil Nadu,India,458290,CAMP018,South,2025-12-31 00:00:00,Salesforce
SFADDR5903,SF1903,Shipping,88 Worli Sea Face,Next to Market,Pune,Maharashtra,India,974003,CAMP045,Central,2026-02-01 00:00:00,Salesforce
SFADDR5327,SF1327,Shipping,88 Worli Sea Face,Near Old Town,Delhi,Delhi,India,393880,CAMP049,South,2025-06-12 00:00:00,Salesforce
SFADDR5359,SF1359,Shipping,34 JM Road,Next to Market,Mumbai,Maharashtra,India,128929,CAMP028,West,2024-07-01 00:00:00,Salesforce
SFADDR5841,SF1841,Billing,90 Karol Bagh Market,,Kolkata,West Bengal,India,202134,CAMP022,East,2026-01-19 00:00:00,Salesforce
SFADDR5583,SF1583,Billing,55 MI Rd,,Jaipur,Rajasthan,India,906662,CAMP026,North,2025-06-12 00:00:00,Salesforce
SFADDR5300,SF1300,Shipping,90 Karol Bagh Market,Near City Center,Delhi,Delhi,India,761903,CAMP021,Central,2025-01-21 00:00:00,Salesforce
SFADDR5104,SF1104,Shipping,77 Linking Rd,Near Metro Station,Bangalore,Karnataka,India,378410,CAMP019,Central,2024-03-23 00:00:00,Salesforce
SFADDR5848,SF1848,Shipping,34 JM Road,Near City Center,Pune,Maharashtra,India,441003,CAMP028,East,2024-04-21 00:00:00,Salesforce
SFADDR5680,SF1680,Shipping,77 Linking Rd,Near Metro Station,Bangalore,Karnataka,India,523982,CAMP049,West,2025-09-28 00:00:00,Salesforce
SFADDR5619,SF1619,Billing,90 Karol Bagh Market,Near City Center,Hyderabad,Telangana,India,250208,CAMP034,South,2026-03-31 00:00:00,Salesforce
SFADDR5948,SF1948,Shipping,34 JM Road,,Hyderabad,Telangana,India,877657,CAMP024,West,2024-02-24 00:00:00,Salesforce
SFADDR5784,SF1784,Billing,55 MI Rd,Above Central Bank,Kolkata,West Bengal,India,911288,CAMP044,East,2025-10-14 00:00:00,Salesforce
SFADDR5729,SF1729,Billing,78 Connaught Pl,Near Metro Station,Pune,Maharashtra,India,333444,CAMP008,East,2025-11-29 00:00:00,Salesforce
SFADDR5801,SF1801,Billing,88 Worli Sea Face,,Hyderabad,Telangana,India,872941,CAMP004,East,2025-02-08 00:00:00,Salesforce
SFADDR5122,SF1122,Shipping,12 MG Rd,Near Old Town,Bangalore,Karnataka,India,719009,CAMP045,East,2025-01-17 00:00:00,Salesforce
SFADDR5327,SF1327,Shipping,88 Worli Sea Face,Near Old Town,Delhi,Delhi,India,393880,CAMP049,South,2025-06-12 00:00:00,Salesforce
SFADDR5768,SF1768,Billing,78 Connaught Pl,Opposite Mall,Jaipur,Rajasthan,India,294051,CAMP030,West,2025-02-03 00:00:00,Salesforce
SFADDR5676,SF1676,Shipping,44 Ashram Rd,Above Central Bank,Surat,Gujarat,India,112463,CAMP016,North,2025-04-08 00:00:00,Salesforce
SFADDR5409,SF1409,Shipping,12 MG Rd,Near City Center,Mumbai,Maharashtra,India,895157,CAMP011,West,2026-03-29 00:00:00,Salesforce
SFADDR5698,SF1698,Billing,90 Karol Bagh Market,Next to Market,Chennai,Tamil Nadu,India,446061,CAMP005,North,2025-08-11 00:00:00,Salesforce
SFADDR5856,SF1856,Billing,45 Marine Dr,Near Old Town,Bangalore,Karnataka,India,869182,CAMP006,West,2025-12-05 00:00:00,Salesforce
SFADDR5787,SF1787,Shipping,44 Ashram Rd,Near Old Town,Ahmedabad,Gujarat,India,201583,CAMP003,West,2024-11-02 00:00:00,Salesforce
SFADDR5076,SF1076,Billing,88 Worli Sea Face,Near Old Town,Jaipur,Rajasthan,India,419527,CAMP031,North,2026-03-08 00:00:00,Salesforce
SFADDR5923,SF1923,Shipping,55 MI Rd,Near Metro Station,Pune,Maharashtra,India,379672,CAMP039,East,2024-04-04 00:00:00,Salesforce
SFADDR5174,SF1174,Billing,90 Karol Bagh Market,Near Metro Station,Delhi,Delhi,India,580805,CAMP020,Central,2024-09-08 00:00:00,Salesforce
SFADDR5403,SF1403,Billing,34 JM Road,Near City Center,Kolkata,West Bengal,India,610780,CAMP033,East,2024-11-29 00:00:00,Salesforce
SFADDR5631,SF1631,Billing,45 Marine Dr,Near Old Town,Delhi,Delhi,India,226419,CAMP045,East,2024-08-14 00:00:00,Salesforce
SFADDR5038,SF1038,Billing,101 FC Rd,Next to Market,Kolkata,West Bengal,India,114625,CAMP048,East,2025-05-09 00:00:00,Salesforce
SFADDR5007,SF1007,Shipping,44 Ashram Rd,Next to Market,Jaipur,Rajasthan,India,229166,CAMP027,North,2026-03-26 00:00:00,Salesforce
SFADDR5374,SF1374,Shipping,88 Worli Sea Face,,Delhi,Delhi,India,343303,CAMP012,South,2024-11-02 00:00:00,Salesforce
SFADDR5144,SF1144,Shipping,12 Residency Rd,Near Old Town,Surat,Gujarat,India,529717,CAMP043,Central,2025-06-01 00:00:00,Salesforce
SFADDR5839,SF1839,Billing,23 Brigade Rd,Above Central Bank,Pune,Maharashtra,India,670032,CAMP034,West,2024-04-21 00:00:00,Salesforce
SFADDR5281,SF1281,Shipping,34 JM Road,,Hyderabad,Telangana,India,807863,CAMP033,West,2025-12-13 00:00:00,Salesforce
SFADDR5261,SF1261,Shipping,12 Residency Rd,Next to Market,Pune,Maharashtra,India,711262,CAMP044,South,2024-05-20 00:00:00,Salesforce
SFADDR5044,SF1044,Billing,88 Worli Sea Face,,Delhi,Delhi,India,913747,CAMP004,South,2025-09-10 00:00:00,Salesforce
SFADDR5501,SF1501,Shipping,44 Ashram Rd,,Kolkata,West Bengal,India,480891,CAMP003,West,2025-06-05 00:00:00,Salesforce
SFADDR5688,SF1688,Billing,67 Law Garden Rd,Near City Center,Delhi,Delhi,India,345472,CAMP023,North,2024-03-24 00:00:00,Salesforce
SFADDR5110,SF1110,Shipping,78 Connaught Pl,Opposite Mall,Jaipur,Rajasthan,India,597817,CAMP035,West,2025-12-04 00:00:00,Salesforce
SFADDR5582,SF1582,Billing,101 FC Rd,Near Metro Station,Delhi,Delhi,India,618924,CAMP010,South,2024-11-08 00:00:00,Salesforce
SFADDR5018,SF1018,Billing,44 Ashram Rd,Above Central Bank,Pune,Maharashtra,India,680333,CAMP010,South,2024-08-17 00:00:00,Salesforce
SFADDR5311,SF1311,Billing,55 MI Rd,Next to Market,Jaipur,Rajasthan,India,975996,CAMP023,East,2024-11-03 00:00:00,Salesforce
SFADDR5344,SF1344,Billing,45 Marine Dr,Near City Center,Delhi,Delhi,India,782126,CAMP009,East,2024-10-19 00:00:00,Salesforce
SFADDR5393,SF1393,Shipping,101 FC Rd,Near Old Town,Chennai,Tamil Nadu,India,215574,CAMP043,East,2025-11-13 00:00:00,Salesforce
SFADDR5045,SF1045,Shipping,23 Brigade Rd,Near Old Town,Mumbai,Maharashtra,India,998677,CAMP044,East,2025-12-02 00:00:00,Salesforce
SFADDR5133,SF1133,Billing,88 Worli Sea Face,Opposite Mall,Jaipur,Rajasthan,India,629898,CAMP019,South,2025-03-04 00:00:00,Salesforce
SFADDR5514,SF1514,Shipping,67 Law Garden Rd,Near City Center,Bangalore,Karnataka,India,311101,CAMP045,Central,2024-06-11 00:00:00,Salesforce
SFADDR5474,SF1474,Shipping,67 Law Garden Rd,Next to Market,Surat,Gujarat,India,537884,CAMP035,West,2025-12-28 00:00:00,Salesforce
SFADDR5373,SF1373,Billing,44 Ashram Rd,Near Old Town,Surat,Gujarat,India,742103,CAMP045,East,2024-08-04 00:00:00,Salesforce
SFADDR5862,SF1862,Shipping,67 Law Garden Rd,,Hyderabad,Telangana,India,467778,CAMP049,East,2024-03-20 00:00:00,Salesforce
SFADDR5605,SF1605,Billing,45 Marine Dr,Next to Market,Delhi,Delhi,India,992430,CAMP047,North,2024-03-06 00:00:00,Salesforce
SFADDR5618,SF1618,Shipping,101 FC Rd,Near Metro Station,Surat,Gujarat,India,827923,CAMP012,Central,2024-05-16 00:00:00,Salesforce
SFADDR5129,SF1129,Shipping,56 Chandni Chowk,Above Central Bank,Hyderabad,Telangana,India,130274,CAMP043,West,2024-07-08 00:00:00,Salesforce
SFADDR5711,SF1711,Billing,101 FC Rd,Next to Market,Pune,Maharashtra,India,450990,CAMP022,Central,2024-08-03 00:00:00,Salesforce
SFADDR5693,SF1693,Shipping,44 Ashram Rd,Next to Market,Kolkata,West Bengal,India,310744,CAMP042,North,2026-02-12 00:00:00,Salesforce
SFADDR5610,SF1610,Billing,101 FC Rd,,Hyderabad,Telangana,India,949445,CAMP011,East,2026-02-08 00:00:00,Salesforce
SFADDR5289,SF1289,Shipping,55 MI Rd,Near Old Town,Kolkata,West Bengal,India,522197,CAMP001,East,2024-06-08 00:00:00,Salesforce
SFADDR5730,SF1730,Shipping,90 Karol Bagh Market,Next to Market,Pune,Maharashtra,India,495644,CAMP012,North,2025-05-16 00:00:00,Salesforce
SFADDR5128,SF1128,Shipping,101 FC Rd,Next to Market,Bangalore,Karnataka,India,130658,CAMP008,South,2025-10-19 00:00:00,Salesforce
SFADDR5004,SF1004,Billing,88 Worli Sea Face,,Kolkata,West Bengal,India,970172,CAMP029,North,2024-06-24 00:00:00,Salesforce
SFADDR5423,SF1423,Shipping,44 Ashram Rd,Near City Center,Delhi,Delhi,India,670710,CAMP008,North,2025-10-24 00:00:00,Salesforce
SFADDR5121,SF1121,Billing,56 Chandni Chowk,Above Central Bank,Mumbai,Maharashtra,India,723990,CAMP003,South,2025-06-23 00:00:00,Salesforce
SFADDR5165,SF1165,Shipping,90 Karol Bagh Market,Near City Center,Jaipur,Rajasthan,India,952475,CAMP049,West,2024-07-30 00:00:00,Salesforce
SFADDR5649,SF1649,Shipping,12 Residency Rd,Next to Market,Hyderabad,Telangana,India,510974,CAMP036,West,2025-04-05 00:00:00,Salesforce
SFADDR5896,SF1896,Shipping,55 MI Rd,Next to Market,Bangalore,Karnataka,India,920951,CAMP008,South,2024-02-10 00:00:00,Salesforce
SFADDR5303,SF1303,Shipping,12 Residency Rd,Near City Center,Delhi,Delhi,India,736334,CAMP025,South,2025-07-27 00:00:00,Salesforce
SFADDR5453,SF1453,Shipping,88 Worli Sea Face,,Kolkata,West Bengal,India,496578,CAMP025,South,2025-10-27 00:00:00,Salesforce
SFADDR5166,SF1166,Shipping,44 Ashram Rd,Near City Center,Delhi,Delhi,India,386132,CAMP049,East,2025-03-13 00:00:00,Salesforce
SFADDR5534,SF1534,Billing,12 Residency Rd,Near Old Town,Delhi,Delhi,India,790792,CAMP041,East,2024-02-24 00:00:00,Salesforce
SFADDR5789,SF1789,Billing,44 Ashram Rd,Near City Center,Mumbai,Maharashtra,India,653392,CAMP039,North,2024-03-06 00:00:00,Salesforce
SFADDR5706,SF1706,Shipping,67 Law Garden Rd,Next to Market,Mumbai,Maharashtra,India,269717,CAMP025,West,2026-02-13 00:00:00,Salesforce
SFADDR5387,SF1387,Shipping,34 JM Road,Near City Center,Delhi,Delhi,India,723819,CAMP049,East,2025-05-11 00:00:00,Salesforce
SFADDR5082,SF1082,Billing,88 Worli Sea Face,Opposite Mall,Kolkata,West Bengal,India,697351,CAMP028,West,2025-10-08 00:00:00,Salesforce
SFADDR5275,SF1275,Billing,34 JM Road,Near City Center,Hyderabad,Telangana,India,209332,CAMP019,Central,2025-04-17 00:00:00,Salesforce
SFADDR5017,SF1017,Billing,12 Residency Rd,Next to Market,Delhi,Delhi,India,259855,CAMP010,South,2024-02-16 00:00:00,Salesforce
SFADDR5042,SF1042,Billing,88 Worli Sea Face,,Hyderabad,Telangana,India,531350,CAMP019,East,2026-01-01 00:00:00,Salesforce
SFADDR5027,SF1027,Billing,90 Karol Bagh Market,Near City Center,Surat,Gujarat,India,837180,CAMP029,South,2024-02-21 00:00:00,Salesforce
SFADDR5337,SF1337,Billing,34 JM Road,Above Central Bank,Chennai,Tamil Nadu,India,700926,CAMP028,North,2025-05-18 00:00:00,Salesforce
SFADDR5278,SF1278,Billing,90 Karol Bagh Market,Next to Market,Chennai,Tamil Nadu,India,660665,CAMP041,Central,2025-01-22 00:00:00,Salesforce
SFADDR5434,SF1434,Billing,12 MG Rd,Next to Market,Pune,Maharashtra,India,509337,CAMP048,West,2025-05-12 00:00:00,Salesforce
SFADDR5059,SF1059,Shipping,78 Connaught Pl,Near Old Town,Hyderabad,Telangana,India,443562,CAMP037,West,2024-08-14 00:00:00,Salesforce
SFADDR5382,SF1382,Billing,101 FC Rd,Next to Market,Ahmedabad,Gujarat,India,410060,CAMP033,West,2024-09-11 00:00:00,Salesforce
SFADDR5005,SF1005,Shipping,45 Marine Dr,Near City Center,Chennai,Tamil Nadu,India,694199,CAMP025,North,2024-10-30 00:00:00,Salesforce
SFADDR5832,SF1832,Billing,45 Marine Dr,Opposite Mall,Bangalore,Karnataka,India,795535,CAMP047,West,2024-09-02 00:00:00,Salesforce
SFADDR5629,SF1629,Billing,78 Connaught Pl,Above Central Bank,Bangalore,Karnataka,India,867274,CAMP031,South,2025-05-11 00:00:00,Salesforce
SFADDR5693,SF1693,Shipping,44 Ashram Rd,Next to Market,Kolkata,West Bengal,India,310744,CAMP042,North,2026-02-12 00:00:00,Salesforce
SFADDR5542,SF1542,Billing,78 Connaught Pl,Near City Center,Surat,Gujarat,India,220205,CAMP042,South,2025-04-12 00:00:00,Salesforce
SFADDR5280,SF1280,Shipping,56 Chandni Chowk,Near Old Town,Mumbai,Maharashtra,India,701951,CAMP037,South,2026-01-16 00:00:00,Salesforce
SFADDR5631,SF1631,Billing,45 Marine Dr,Near Old Town,Delhi,Delhi,India,226419,CAMP045,East,2024-08-14 00:00:00,Salesforce
SFADDR5777,SF1777,Billing,55 MI Rd,Near City Center,Jaipur,Rajasthan,India,357303,CAMP034,West,2025-12-29 00:00:00,Salesforce
SFADDR5844,SF1844,Billing,67 Law Garden Rd,Next to Market,Jaipur,Rajasthan,India,489279,CAMP042,East,2025-05-20 00:00:00,Salesforce
SFADDR5843,SF1843,Shipping,34 JM Road,Opposite Mall,Bangalore,Karnataka,India,799263,CAMP037,North,2024-03-13 00:00:00,Salesforce
SFADDR5438,SF1438,Shipping,44 Ashram Rd,Near Old Town,Delhi,Delhi,India,161225,CAMP031,West,2025-07-17 00:00:00,Salesforce
SFADDR5066,SF1066,Shipping,78 Connaught Pl,Near City Center,Bangalore,Karnataka,India,424557,CAMP050,Central,2024-03-13 00:00:00,Salesforce
SFADDR5191,SF1191,Shipping,12 MG Rd,,Bangalore,Karnataka,India,579479,CAMP032,Central,2025-12-21 00:00:00,Salesforce
SFADDR5564,SF1564,Shipping,90 Karol Bagh Market,,Delhi,Delhi,India,759858,CAMP021,East,2025-02-12 00:00:00,Salesforce
SFADDR5198,SF1198,Billing,88 Worli Sea Face,Near City Center,Mumbai,Maharashtra,India,115270,CAMP013,East,2025-07-22 00:00:00,Salesforce
SFADDR5193,SF1193,Shipping,34 JM Road,Near City Center,Hyderabad,Telangana,India,559391,CAMP005,North,2024-08-24 00:00:00,Salesforce
SFADDR5283,SF1283,Shipping,12 MG Rd,Above Central Bank,Surat,Gujarat,India,435286,CAMP039,West,2025-05-17 00:00:00,Salesforce
SFADDR5537,SF1537,Shipping,90 Karol Bagh Market,,Jaipur,Rajasthan,India,464980,CAMP050,Central,2024-01-26 00:00:00,Salesforce
SFADDR5675,SF1675,Billing,12 MG Rd,Near Metro Station,Delhi,Delhi,India,490928,CAMP018,East,2025-11-24 00:00:00,Salesforce
SFADDR5251,SF1251,Shipping,90 Karol Bagh Market,Near Old Town,Mumbai,Maharashtra,India,241177,CAMP033,Central,2025-02-21 00:00:00,Salesforce
SFADDR5705,SF1705,Shipping,77 Linking Rd,Opposite Mall,Mumbai,Maharashtra,India,257638,CAMP031,West,2024-02-22 00:00:00,Salesforce
SFADDR5803,SF1803,Billing,34 JM Road,,Hyderabad,Telangana,India,693866,CAMP035,West,2025-07-01 00:00:00,Salesforce
SFADDR5904,SF1904,Shipping,34 JM Road,Next to Market,Pune,Maharashtra,India,842727,CAMP048,East,2025-09-03 00:00:00,Salesforce
SFADDR5495,SF1495,Shipping,34 JM Road,Near Old Town,Hyderabad,Telangana,India,799616,CAMP014,North,2025-09-27 00:00:00,Salesforce
SFADDR5472,SF1472,Billing,90 Karol Bagh Market,Near Old Town,Mumbai,Maharashtra,India,220300,CAMP002,East,2025-02-05 00:00:00,Salesforce
SFADDR5594,SF1594,Billing,88 Worli Sea Face,,Delhi,Delhi,India,519595,CAMP043,North,2025-10-25 00:00:00,Salesforce
SFADDR5731,SF1731,Billing,34 JM Road,,Jaipur,Rajasthan,India,980493,CAMP049,South,2025-04-08 00:00:00,Salesforce
SFADDR5764,SF1764,Billing,101 FC Rd,,Jaipur,Rajasthan,India,481228,CAMP049,North,2025-08-20 00:00:00,Salesforce
SFADDR5737,SF1737,Billing,34 JM Road,Near City Center,Delhi,Delhi,India,803377,CAMP037,North,2024-09-25 00:00:00,Salesforce
SFADDR5079,SF1079,Shipping,77 Linking Rd,Next to Market,Chennai,Tamil Nadu,India,539975,CAMP030,North,2024-12-09 00:00:00,Salesforce
SFADDR5306,SF1306,Shipping,45 Marine Dr,Next to Market,Kolkata,West Bengal,India,216601,CAMP001,East,2026-03-15 00:00:00,Salesforce
SFADDR5892,SF1892,Shipping,45 Marine Dr,Above Central Bank,Kolkata,West Bengal,India,489172,CAMP047,West,2025-10-19 00:00:00,Salesforce
SFADDR5467,SF1467,Shipping,34 JM Road,Above Central Bank,Surat,Gujarat,India,267615,CAMP005,North,2024-03-11 00:00:00,Salesforce
SFADDR5670,SF1670,Shipping,88 Worli Sea Face,Above Central Bank,Kolkata,West Bengal,India,463840,CAMP041,Central,2024-08-07 00:00:00,Salesforce
SFADDR5120,SF1120,Shipping,56 Chandni Chowk,Near Metro Station,Ahmedabad,Gujarat,India,433985,CAMP031,West,2024-05-16 00:00:00,Salesforce
SFADDR5771,SF1771,Billing,90 Karol Bagh Market,Near Metro Station,Bangalore,Karnataka,India,253540,CAMP024,South,2025-12-25 00:00:00,Salesforce
SFADDR5367,SF1367,Billing,44 Ashram Rd,Near Metro Station,Surat,Gujarat,India,756529,CAMP008,North,2025-10-24 00:00:00,Salesforce
SFADDR5134,SF1134,Billing,12 MG Rd,Next to Market,Kolkata,West Bengal,India,476440,CAMP031,East,2025-03-23 00:00:00,Salesforce
SFADDR5673,SF1673,Shipping,12 MG Rd,Near Old Town,Delhi,Delhi,India,864043,CAMP043,East,2024-02-18 00:00:00,Salesforce
SFADDR5151,SF1151,Shipping,34 JM Road,Near City Center,Bangalore,Karnataka,India,547961,CAMP021,North,2025-10-16 00:00:00,Salesforce
SFADDR5531,SF1531,Billing,12 Residency Rd,Opposite Mall,Jaipur,Rajasthan,India,283167,CAMP043,South,2026-02-03 00:00:00,Salesforce
SFADDR5905,SF1905,Billing,78 Connaught Pl,Near City Center,Bangalore,Karnataka,India,236145,CAMP038,Central,2024-05-12 00:00:00,Salesforce
SFADDR5176,SF1176,Billing,78 Connaught Pl,Near Old Town,Delhi,Delhi,India,177581,CAMP022,North,2024-05-21 00:00:00,Salesforce
SFADDR5642,SF1642,Billing,45 Marine Dr,Near Old Town,Hyderabad,Telangana,India,643597,CAMP011,West,2024-07-27 00:00:00,Salesforce
SFADDR5211,SF1211,Billing,55 MI Rd,Next to Market,Bangalore,Karnataka,India,501575,CAMP005,West,2024-04-29 00:00:00,Salesforce
SFADDR5308,SF1308,Billing,78 Connaught Pl,Near Metro Station,Kolkata,West Bengal,India,182596,CAMP016,North,2025-07-22 00:00:00,Salesforce
SFADDR5835,SF1835,Billing,90 Karol Bagh Market,Near City Center,Surat,Gujarat,India,602930,CAMP035,East,2025-12-11 00:00:00,Salesforce
SFADDR5450,SF1450,Shipping,44 Ashram Rd,Near Metro Station,Kolkata,West Bengal,India,819783,CAMP007,Central,2024-09-21 00:00:00,Salesforce
SFADDR5620,SF1620,Shipping,101 FC Rd,Near Old Town,Surat,Gujarat,India,706028,CAMP007,North,2025-03-05 00:00:00,Salesforce
SFADDR5607,SF1607,Shipping,12 MG Rd,Near Metro Station,Hyderabad,Telangana,India,486267,CAMP008,North,2025-03-04 00:00:00,Salesforce
SFADDR5614,SF1614,Billing,88 Worli Sea Face,Near Old Town,Pune,Maharashtra,India,340972,CAMP033,North,2024-07-13 00:00:00,Salesforce
SFADDR5060,SF1060,Billing,88 Worli Sea Face,,Jaipur,Rajasthan,India,195878,CAMP038,West,2025-03-05 00:00:00,Salesforce
SFADDR5936,SF1936,Shipping,90 Karol Bagh Market,Above Central Bank,Delhi,Delhi,India,287687,CAMP014,North,2025-01-31 00:00:00,Salesforce
SFADDR5394,SF1394,Shipping,12 Residency Rd,Next to Market,Pune,Maharashtra,India,215254,CAMP005,East,2024-11-07 00:00:00,Salesforce
SFADDR5498,SF1498,Billing,67 Law Garden Rd,Near City Center,Surat,Gujarat,India,191448,CAMP049,Central,2024-07-13 00:00:00,Salesforce
SFADDR5436,SF1436,Billing,67 Law Garden Rd,Near Old Town,Pune,Maharashtra,India,436346,CAMP031,Central,2025-08-30 00:00:00,Salesforce
SFADDR5418,SF1418,Shipping,90 Karol Bagh Market,Near Metro Station,Ahmedabad,Gujarat,India,368186,CAMP030,Central,2024-04-18 00:00:00,Salesforce
SFADDR5294,SF1294,Billing,23 Brigade Rd,Near City Center,Pune,Maharashtra,India,663588,CAMP014,West,2025-12-01 00:00:00,Salesforce
SFADDR5613,SF1613,Shipping,88 Worli Sea Face,Above Central Bank,Ahmedabad,Gujarat,India,119138,CAMP013,Central,2025-10-02 00:00:00,Salesforce
SFADDR5898,SF1898,Billing,56 Chandni Chowk,Next to Market,Chennai,Tamil Nadu,India,885599,CAMP049,South,2025-02-04 00:00:00,Salesforce
SFADDR5197,SF1197,Shipping,23 Brigade Rd,Opposite Mall,Jaipur,Rajasthan,India,489212,CAMP033,South,2025-12-26 00:00:00,Salesforce
SFADDR5053,SF1053,Billing,67 Law Garden Rd,Near City Center,Kolkata,West Bengal,India,308412,CAMP035,South,2024-11-10 00:00:00,Salesforce
SFADDR5284,SF1284,Shipping,101 FC Rd,Above Central Bank,Chennai,Tamil Nadu,India,797697,CAMP041,Central,2024-01-17 00:00:00,Salesforce
SFADDR5414,SF1414,Billing,12 Residency Rd,Near Old Town,Ahmedabad,Gujarat,India,943521,CAMP021,Central,2024-06-15 00:00:00,Salesforce
SFADDR5866,SF1866,Shipping,44 Ashram Rd,,Bangalore,Karnataka,India,275976,CAMP011,Central,2025-11-27 00:00:00,Salesforce
SFADDR5056,SF1056,Billing,45 Marine Dr,Near Metro Station,Kolkata,West Bengal,India,219261,CAMP046,North,2025-12-14 00:00:00,Salesforce
SFADDR5822,SF1822,Billing,44 Ashram Rd,Near Metro Station,Hyderabad,Telangana,India,821778,CAMP017,Central,2025-04-12 00:00:00,Salesforce
SFADDR5095,SF1095,Billing,55 MI Rd,Next to Market,Hyderabad,Telangana,India,302274,CAMP026,Central,2024-03-10 00:00:00,Salesforce
SFADDR5818,SF1818,Shipping,55 MI Rd,Above Central Bank,Hyderabad,Telangana,India,250722,CAMP005,North,2026-02-15 00:00:00,Salesforce
SFADDR5351,SF1351,Shipping,44 Ashram Rd,Near City Center,Jaipur,Rajasthan,India,107786,CAMP018,East,2025-04-21 00:00:00,Salesforce
SFADDR5653,SF1653,Shipping,23 Brigade Rd,Near Old Town,Bangalore,Karnataka,India,908910,CAMP032,Central,2024-01-30 00:00:00,Salesforce
SFADDR5433,SF1433,Shipping,44 Ashram Rd,Near Metro Station,Mumbai,Maharashtra,India,678453,CAMP040,West,2026-03-05 00:00:00,Salesforce
SFADDR5322,SF1322,Billing,34 JM Road,Near Old Town,Surat,Gujarat,India,431714,CAMP014,East,2024-01-26 00:00:00,Salesforce
SFADDR5819,SF1819,Billing,12 Residency Rd,Next to Market,Kolkata,West Bengal,India,318728,CAMP047,East,2024-10-29 00:00:00,Salesforce
SFADDR5471,SF1471,Shipping,88 Worli Sea Face,Near Old Town,Mumbai,Maharashtra,India,827073,CAMP016,North,2024-02-11 00:00:00,Salesforce
SFADDR5766,SF1766,Shipping,56 Chandni Chowk,,Surat,Gujarat,India,157507,CAMP047,Central,2025-05-07 00:00:00,Salesforce
SFADDR5243,SF1243,Shipping,12 Residency Rd,Opposite Mall,Pune,Maharashtra,India,408824,CAMP047,Central,2025-05-13 00:00:00,Salesforce
SFADDR5590,SF1590,Shipping,78 Connaught Pl,Near Metro Station,Jaipur,Rajasthan,India,601299,CAMP002,North,2024-09-27 00:00:00,Salesforce
SFADDR5694,SF1694,Shipping,34 JM Road,Near City Center,Jaipur,Rajasthan,India,516357,CAMP007,South,2025-03-07 00:00:00,Salesforce
SFADDR5540,SF1540,Billing,34 JM Road,Near City Center,Jaipur,Rajasthan,India,893969,CAMP034,West,2025-05-14 00:00:00,Salesforce
SFADDR5328,SF1328,Shipping,56 Chandni Chowk,,Jaipur,Rajasthan,India,868485,CAMP040,Central,2024-04-10 00:00:00,Salesforce
SFADDR5111,SF1111,Shipping,67 Law Garden Rd,Next to Market,Pune,Maharashtra,India,889137,CAMP012,South,2025-02-24 00:00:00,Salesforce
SFADDR5402,SF1402,Shipping,44 Ashram Rd,Near Old Town,Delhi,Delhi,India,378405,CAMP037,East,2024-03-23 00:00:00,Salesforce
SFADDR5089,SF1089,Billing,56 Chandni Chowk,Near Metro Station,Bangalore,Karnataka,India,329637,CAMP038,Central,2025-08-01 00:00:00,Salesforce
SFADDR5723,SF1723,Billing,12 MG Rd,,Surat,Gujarat,India,721115,CAMP030,West,2026-02-02 00:00:00,Salesforce
SFADDR5368,SF1368,Shipping,88 Worli Sea Face,Near Metro Station,Surat,Gujarat,India,305028,CAMP041,East,2025-11-26 00:00:00,Salesforce
SFADDR5685,SF1685,Shipping,44 Ashram Rd,,Ahmedabad,Gujarat,India,797611,CAMP021,Central,2024-10-14 00:00:00,Salesforce
SFADDR5778,SF1778,Shipping,78 Connaught Pl,Near Old Town,Pune,Maharashtra,India,340164,CAMP005,West,2024-12-12 00:00:00,Salesforce
SFADDR5020,SF1020,Shipping,88 Worli Sea Face,Above Central Bank,Surat,Gujarat,India,592406,CAMP016,Central,2025-11-08 00:00:00,Salesforce
SFADDR5906,SF1906,Billing,12 Residency Rd,,Surat,Gujarat,India,345756,CAMP014,West,2024-01-15 00:00:00,Salesforce
SFADDR5206,SF1206,Shipping,101 FC Rd,Above Central Bank,Chennai,Tamil Nadu,India,794251,CAMP046,South,2024-12-19 00:00:00,Salesforce
SFADDR5526,SF1526,Billing,44 Ashram Rd,Near City Center,Ahmedabad,Gujarat,India,956053,CAMP014,West,2024-02-25 00:00:00,Salesforce
SFADDR5338,SF1338,Billing,45 Marine Dr,Next to Market,Surat,Gujarat,India,247476,CAMP040,South,2024-08-30 00:00:00,Salesforce
SFADDR5407,SF1407,Billing,12 Residency Rd,,Bangalore,Karnataka,India,536626,CAMP038,East,2025-02-14 00:00:00,Salesforce
SFADDR5709,SF1709,Billing,77 Linking Rd,Above Central Bank,Pune,Maharashtra,India,898692,CAMP050,East,2025-12-31 00:00:00,Salesforce
SFADDR5126,SF1126,Billing,88 Worli Sea Face,Near Old Town,Chennai,Tamil Nadu,India,296487,CAMP002,South,2024-04-26 00:00:00,Salesforce
SFADDR5615,SF1615,Shipping,101 FC Rd,,Ahmedabad,Gujarat,India,967053,CAMP016,West,2026-01-23 00:00:00,Salesforce
SFADDR5420,SF1420,Shipping,56 Chandni Chowk,Above Central Bank,Hyderabad,Telangana,India,804248,CAMP016,South,2024-03-01 00:00:00,Salesforce
SFADDR5561,SF1561,Shipping,12 Residency Rd,Near City Center,Bangalore,Karnataka,India,289206,CAMP030,Central,2025-10-21 00:00:00,Salesforce
SFADDR5236,SF1236,Billing,45 Marine Dr,Near City Center,Mumbai,Maharashtra,India,899354,CAMP015,Central,2024-05-19 00:00:00,Salesforce
SFADDR5071,SF1071,Billing,77 Linking Rd,,Surat,Gujarat,India,793127,CAMP018,Central,2025-11-24 00:00:00,Salesforce
SFADDR5223,SF1223,Shipping,101 FC Rd,Next to Market,Hyderabad,Telangana,India,635381,CAMP018,West,2026-01-19 00:00:00,Salesforce
SFADDR5357,SF1357,Billing,88 Worli Sea Face,Near City Center,Ahmedabad,Gujarat,India,783768,CAMP045,Central,2025-04-05 00:00:00,Salesforce
SFADDR5626,SF1626,Shipping,34 JM Road,Near Metro Station,Ahmedabad,Gujarat,India,561741,CAMP050,South,2024-11-26 00:00:00,Salesforce
SFADDR5435,SF1435,Billing,67 Law Garden Rd,Opposite Mall,Ahmedabad,Gujarat,India,775560,CAMP020,South,2024-01-15 00:00:00,Salesforce
SFADDR5493,SF1493,Shipping,44 Ashram Rd,Above Central Bank,Ahmedabad,Gujarat,India,768438,CAMP010,East,2026-01-11 00:00:00,Salesforce
SFADDR5521,SF1521,Shipping,77 Linking Rd,Opposite Mall,Hyderabad,Telangana,India,404580,CAMP002,South,2025-10-06 00:00:00,Salesforce
SFADDR5396,SF1396,Shipping,90 Karol Bagh Market,Above Central Bank,Ahmedabad,Gujarat,India,220247,CAMP040,South,2026-01-12 00:00:00,Salesforce
SFADDR5891,SF1891,Billing,78 Connaught Pl,Next to Market,Surat,Gujarat,India,867060,CAMP002,South,2026-03-14 00:00:00,Salesforce
SFADDR5518,SF1518,Billing,78 Connaught Pl,,Bangalore,Karnataka,India,327946,CAMP024,East,2024-07-12 00:00:00,Salesforce
SFADDR5116,SF1116,Shipping,88 Worli Sea Face,Above Central Bank,Hyderabad,Telangana,India,797614,CAMP013,North,2026-03-11 00:00:00,Salesforce
SFADDR5175,SF1175,Billing,90 Karol Bagh Market,Near City Center,Surat,Gujarat,India,196519,CAMP044,North,2024-05-26 00:00:00,Salesforce
SFADDR5439,SF1439,Shipping,101 FC Rd,Opposite Mall,Pune,Maharashtra,India,144690,CAMP044,Central,2025-03-07 00:00:00,Salesforce
SFADDR5333,SF1333,Billing,56 Chandni Chowk,Opposite Mall,Surat,Gujarat,India,701768,CAMP048,North,2024-05-23 00:00:00,Salesforce
SFADDR5092,SF1092,Billing,55 MI Rd,,Bangalore,Karnataka,India,455618,CAMP028,East,2026-01-23 00:00:00,Salesforce
SFADDR5246,SF1246,Billing,77 Linking Rd,Above Central Bank,Chennai,Tamil Nadu,India,123105,CAMP020,North,2025-06-01 00:00:00,Salesforce
SFADDR5513,SF1513,Billing,88 Worli Sea Face,Next to Market,Jaipur,Rajasthan,India,547452,CAMP027,Central,2025-03-25 00:00:00,Salesforce
SFADDR5478,SF1478,Billing,55 MI Rd,Opposite Mall,Pune,Maharashtra,India,654491,CAMP035,Central,2024-01-23 00:00:00,Salesforce
SFADDR5462,SF1462,Billing,101 FC Rd,Opposite Mall,Delhi,Delhi,India,484606,CAMP045,West,2025-12-09 00:00:00,Salesforce
SFADDR5035,SF1035,Shipping,45 Marine Dr,Above Central Bank,Mumbai,Maharashtra,India,496115,CAMP038,South,2025-12-01 00:00:00,Salesforce
SFADDR5142,SF1142,Shipping,34 JM Road,Above Central Bank,Pune,Maharashtra,India,181105,CAMP002,South,2024-03-09 00:00:00,Salesforce
SFADDR5779,SF1779,Billing,101 FC Rd,Above Central Bank,Ahmedabad,Gujarat,India,589642,CAMP013,East,2025-05-09 00:00:00,Salesforce
SFADDR5179,SF1179,Shipping,12 Residency Rd,,Pune,Maharashtra,India,903627,CAMP035,West,2025-05-25 00:00:00,Salesforce
SFADDR5230,SF1230,Shipping,90 Karol Bagh Market,,Bangalore,Karnataka,India,993859,CAMP008,Central,2025-01-25 00:00:00,Salesforce
SFADDR5509,SF1509,Billing,45 Marine Dr,Near City Center,Delhi,Delhi,India,820097,CAMP034,Central,2024-10-31 00:00:00,Salesforce
SFADDR5695,SF1695,Billing,23 Brigade Rd,Near City Center,Ahmedabad,Gujarat,India,846025,CAMP039,Central,2025-05-13 00:00:00,Salesforce
SFADDR5409,SF1409,Shipping,12 MG Rd,Near City Center,Mumbai,Maharashtra,India,895157,CAMP011,West,2026-03-29 00:00:00,Salesforce
SFADDR5783,SF1783,Billing,34 JM Road,Near Metro Station,Pune,Maharashtra,India,847061,CAMP032,Central,2024-11-24 00:00:00,Salesforce
SFADDR5760,SF1760,Billing,55 MI Rd,Next to Market,Bangalore,Karnataka,India,369076,CAMP028,West,2025-01-07 00:00:00,Salesforce
SFADDR5917,SF1917,Billing,56 Chandni Chowk,Near City Center,Pune,Maharashtra,India,614254,CAMP048,Central,2025-08-16 00:00:00,Salesforce
SFADDR5073,SF1073,Billing,45 Marine Dr,Next to Market,Surat,Gujarat,India,158608,CAMP045,West,2025-03-09 00:00:00,Salesforce
SFADDR5612,SF1612,Billing,101 FC Rd,Opposite Mall,Kolkata,West Bengal,India,226520,CAMP035,West,2024-05-03 00:00:00,Salesforce
SFADDR5919,SF1919,Billing,12 Residency Rd,Next to Market,Bangalore,Karnataka,India,265999,CAMP015,South,2026-01-14 00:00:00,Salesforce
SFADDR5767,SF1767,Shipping,34 JM Road,Near City Center,Chennai,Tamil Nadu,India,511349,CAMP024,East,2025-06-17 00:00:00,Salesforce
SFADDR5199,SF1199,Shipping,78 Connaught Pl,Next to Market,Ahmedabad,Gujarat,India,299653,CAMP044,South,2025-12-12 00:00:00,Salesforce
SFADDR5429,SF1429,Shipping,90 Karol Bagh Market,Above Central Bank,Jaipur,Rajasthan,India,937601,CAMP023,North,2025-09-01 00:00:00,Salesforce
SFADDR5601,SF1601,Billing,12 MG Rd,Above Central Bank,Mumbai,Maharashtra,India,649969,CAMP008,South,2026-01-30 00:00:00,Salesforce
SFADDR5910,SF1910,Billing,23 Brigade Rd,Near Old Town,Jaipur,Rajasthan,India,254953,CAMP050,West,2025-07-28 00:00:00,Salesforce
SFADDR5488,SF1488,Shipping,44 Ashram Rd,,Jaipur,Rajasthan,India,833633,CAMP017,South,2024-04-30 00:00:00,Salesforce
SFADDR5856,SF1856,Billing,45 Marine Dr,Near Old Town,Bangalore,Karnataka,India,869182,CAMP006,West,2025-12-05 00:00:00,Salesforce
SFADDR5107,SF1107,Shipping,55 MI Rd,Near Old Town,Bangalore,Karnataka,India,850045,CAMP006,East,2024-06-21 00:00:00,Salesforce
SFADDR5941,SF1941,Shipping,34 JM Road,,Surat,Gujarat,India,597785,CAMP048,North,2024-09-22 00:00:00,Salesforce
SFADDR5914,SF1914,Shipping,45 Marine Dr,Near City Center,Hyderabad,Telangana,India,402567,CAMP024,West,2024-03-30 00:00:00,Salesforce
SFADDR5479,SF1479,Shipping,90 Karol Bagh Market,Near Old Town,Hyderabad,Telangana,India,860331,CAMP046,West,2024-12-31 00:00:00,Salesforce
SFADDR5893,SF1893,Billing,67 Law Garden Rd,Near Old Town,Jaipur,Rajasthan,India,875974,CAMP013,West,2025-07-01 00:00:00,Salesforce
SFADDR5210,SF1210,Billing,23 Brigade Rd,Near City Center,Delhi,Delhi,India,346453,CAMP037,East,2025-01-27 00:00:00,Salesforce
SFADDR5081,SF1081,Billing,23 Brigade Rd,Above Central Bank,Bangalore,Karnataka,India,789056,CAMP002,East,2025-10-03 00:00:00,Salesforce
SFADDR5689,SF1689,Shipping,23 Brigade Rd,Above Central Bank,Hyderabad,Telangana,India,525861,CAMP013,West,2025-09-28 00:00:00,Salesforce
SFADDR5562,SF1562,Shipping,55 MI Rd,Above Central Bank,Ahmedabad,Gujarat,India,302455,CAMP027,East,2024-06-16 00:00:00,Salesforce
SFADDR5276,SF1276,Billing,56 Chandni Chowk,Above Central Bank,Mumbai,Maharashtra,India,738553,CAMP049,North,2025-06-07 00:00:00,Salesforce
SFADDR5899,SF1899,Billing,101 FC Rd,Near City Center,Pune,Maharashtra,India,249904,CAMP043,South,2024-06-29 00:00:00,Salesforce
SFADDR5937,SF1937,Billing,45 Marine Dr,Next to Market,Ahmedabad,Gujarat,India,533659,CAMP036,South,2024-11-28 00:00:00,Salesforce
SFADDR5527,SF1527,Billing,78 Connaught Pl,Near City Center,Hyderabad,Telangana,India,627321,CAMP019,Central,2025-08-13 00:00:00,Salesforce
SFADDR5746,SF1746,Shipping,23 Brigade Rd,Next to Market,Bangalore,Karnataka,India,428955,CAMP020,South,2024-12-21 00:00:00,Salesforce
SFADDR5069,SF1069,Shipping,12 MG Rd,Near Old Town,Delhi,Delhi,India,583610,CAMP011,North,2026-03-20 00:00:00,Salesforce
SFADDR5214,SF1214,Shipping,44 Ashram Rd,,Chennai,Tamil Nadu,India,871981,CAMP026,Central,2025-06-27 00:00:00,Salesforce
SFADDR5412,SF1412,Shipping,55 MI Rd,,Bangalore,Karnataka,India,640952,CAMP008,North,2025-01-19 00:00:00,Salesforce
SFADDR5361,SF1361,Billing,34 JM Road,Near Old Town,Jaipur,Rajasthan,India,570387,CAMP029,North,2024-09-22 00:00:00,Salesforce
SFADDR5490,SF1490,Shipping,56 Chandni Chowk,,Delhi,Delhi,India,602948,CAMP005,South,2024-07-26 00:00:00,Salesforce
SFADDR5884,SF1884,Shipping,12 MG Rd,Above Central Bank,Kolkata,West Bengal,India,491884,CAMP020,Central,2025-05-19 00:00:00,Salesforce
SFADDR5684,SF1684,Billing,34 JM Road,Above Central Bank,Jaipur,Rajasthan,India,291162,CAMP039,North,2025-09-18 00:00:00,Salesforce
SFADDR5380,SF1380,Shipping,77 Linking Rd,,Kolkata,West Bengal,India,122582,CAMP037,Central,2025-09-30 00:00:00,Salesforce
SFADDR5797,SF1797,Billing,12 MG Rd,Above Central Bank,Pune,Maharashtra,India,210485,CAMP003,West,2026-03-11 00:00:00,Salesforce
SFADDR5410,SF1410,Shipping,12 Residency Rd,Near Old Town,Chennai,Tamil Nadu,India,976581,CAMP045,South,2025-12-25 00:00:00,Salesforce
SFADDR5826,SF1826,Billing,101 FC Rd,Near Metro Station,Surat,Gujarat,India,642976,CAMP017,West,2024-04-23 00:00:00,Salesforce
SFADDR5200,SF1200,Shipping,12 Residency Rd,Near Old Town,Hyderabad,Telangana,India,296413,CAMP032,North,2025-09-12 00:00:00,Salesforce
SFADDR5791,SF1791,Billing,56 Chandni Chowk,Near Metro Station,Bangalore,Karnataka,India,534785,CAMP033,South,2025-10-19 00:00:00,Salesforce
SFADDR5415,SF1415,Shipping,44 Ashram Rd,Near Metro Station,Bangalore,Karnataka,India,859507,CAMP032,East,2025-08-16 00:00:00,Salesforce
SFADDR5699,SF1699,Shipping,55 MI Rd,Above Central Bank,Kolkata,West Bengal,India,417451,CAMP046,West,2024-07-17 00:00:00,Salesforce
SFADDR5318,SF1318,Shipping,101 FC Rd,Next to Market,Chennai,Tamil Nadu,India,372261,CAMP030,North,2025-02-06 00:00:00,Salesforce
SFADDR5907,SF1907,Shipping,12 MG Rd,Opposite Mall,Jaipur,Rajasthan,India,848126,CAMP001,Central,2024-11-25 00:00:00,Salesforce
SFADDR5187,SF1187,Shipping,23 Brigade Rd,Near Metro Station,Ahmedabad,Gujarat,India,245328,CAMP018,South,2024-04-05 00:00:00,Salesforce
SFADDR5516,SF1516,Billing,90 Karol Bagh Market,Above Central Bank,Bangalore,Karnataka,India,604214,CAMP032,South,2024-12-01 00:00:00,Salesforce
SFADDR5922,SF1922,Billing,55 MI Rd,Near Old Town,Kolkata,West Bengal,India,382504,CAMP017,South,2024-12-13 00:00:00,Salesforce
SFADDR5405,SF1405,Billing,34 JM Road,Near Metro Station,Surat,Gujarat,India,382820,CAMP024,Central,2025-12-31 00:00:00,Salesforce
SFADDR5656,SF1656,Shipping,45 Marine Dr,,Chennai,Tamil Nadu,India,281386,CAMP025,South,2024-06-23 00:00:00,Salesforce
SFADDR5244,SF1244,Billing,12 MG Rd,Near City Center,Mumbai,Maharashtra,India,344270,CAMP006,North,2025-06-30 00:00:00,Salesforce
SFADDR5496,SF1496,Billing,101 FC Rd,Near Old Town,Hyderabad,Telangana,India,741241,CAMP040,South,2024-09-18 00:00:00,Salesforce
SFADDR5492,SF1492,Shipping,45 Marine Dr,Near Old Town,Jaipur,Rajasthan,India,238732,CAMP014,Central,2024-12-26 00:00:00,Salesforce
SFADDR5483,SF1483,Shipping,12 MG Rd,Opposite Mall,Pune,Maharashtra,India,710235,CAMP046,North,2024-03-19 00:00:00,Salesforce
SFADDR5354,SF1354,Billing,88 Worli Sea Face,Opposite Mall,Ahmedabad,Gujarat,India,327464,CAMP012,Central,2024-09-09 00:00:00,Salesforce
SFADDR5314,SF1314,Shipping,77 Linking Rd,Near Metro Station,Ahmedabad,Gujarat,India,124648,CAMP045,South,2025-01-26 00:00:00,Salesforce
SFADDR5137,SF1137,Shipping,90 Karol Bagh Market,Near Metro Station,Delhi,Delhi,India,378254,CAMP025,Central,2025-11-28 00:00:00,Salesforce
SFADDR5195,SF1195,Billing,34 JM Road,,Pune,Maharashtra,India,236857,CAMP020,South,2025-01-31 00:00:00,Salesforce
SFADDR5515,SF1515,Billing,77 Linking Rd,Above Central Bank,Kolkata,West Bengal,India,528616,CAMP029,East,2024-03-02 00:00:00,Salesforce
SFADDR5788,SF1788,Billing,23 Brigade Rd,Near City Center,Surat,Gujarat,India,520917,CAMP049,Central,2025-01-25 00:00:00,Salesforce
SFADDR5430,SF1430,Billing,55 MI Rd,Near City Center,Chennai,Tamil Nadu,India,995232,CAMP040,North,2024-03-09 00:00:00,Salesforce
SFADDR5392,SF1392,Billing,44 Ashram Rd,Opposite Mall,Ahmedabad,Gujarat,India,658975,CAMP047,Central,2025-10-23 00:00:00,Salesforce
SFADDR5343,SF1343,Shipping,34 JM Road,Next to Market,Jaipur,Rajasthan,India,194432,CAMP049,West,2025-07-17 00:00:00,Salesforce
SFADDR5902,SF1902,Shipping,56 Chandni Chowk,,Pune,Maharashtra,India,893349,CAMP006,South,2024-08-25 00:00:00,Salesforce
SFADDR5002,SF1002,Shipping,90 Karol Bagh Market,Near City Center,Delhi,Delhi,India,528173,CAMP046,South,2024-01-05 00:00:00,Salesforce
SFADDR5400,SF1400,Billing,90 Karol Bagh Market,Near City Center,Bangalore,Karnataka,India,160915,CAMP008,North,2024-01-05 00:00:00,Salesforce
SFADDR5640,SF1640,Shipping,88 Worli Sea Face,,Pune,Maharashtra,India,441455,CAMP016,Central,2024-01-03 00:00:00,Salesforce
SFADDR5502,SF1502,Shipping,45 Marine Dr,Above Central Bank,Mumbai,Maharashtra,India,190854,CAMP017,West,2024-05-16 00:00:00,Salesforce
SFADDR5852,SF1852,Billing,88 Worli Sea Face,Opposite Mall,Pune,Maharashtra,India,370785,CAMP007,East,2025-01-26 00:00:00,Salesforce
SFADDR5632,SF1632,Billing,56 Chandni Chowk,Next to Market,Jaipur,Rajasthan,India,502346,CAMP015,Central,2024-06-11 00:00:00,Salesforce
SFADDR5611,SF1611,Billing,101 FC Rd,Above Central Bank,Surat,Gujarat,India,809240,CAMP047,North,2024-01-10 00:00:00,Salesforce
SFADDR5714,SF1714,Billing,23 Brigade Rd,Near Old Town,Surat,Gujarat,India,760791,CAMP012,North,2025-02-07 00:00:00,Salesforce
SFADDR5854,SF1854,Billing,44 Ashram Rd,Above Central Bank,Surat,Gujarat,India,273022,CAMP040,North,2024-10-20 00:00:00,Salesforce
SFADDR5867,SF1867,Billing,34 JM Road,Next to Market,Ahmedabad,Gujarat,India,131408,CAMP036,North,2024-02-20 00:00:00,Salesforce
SFADDR5153,SF1153,Shipping,90 Karol Bagh Market,Near Metro Station,Bangalore,Karnataka,India,743912,CAMP027,West,2024-02-07 00:00:00,Salesforce
SFADDR5127,SF1127,Shipping,23 Brigade Rd,Near City Center,Hyderabad,Telangana,India,287562,CAMP036,South,2025-07-31 00:00:00,Salesforce
SFADDR5580,SF1580,Billing,78 Connaught Pl,Near Metro Station,Delhi,Delhi,India,226818,CAMP009,Central,2025-07-14 00:00:00,Salesforce
SFADDR5009,SF1009,Billing,67 Law Garden Rd,Near Metro Station,Chennai,Tamil Nadu,India,626100,CAMP030,Central,2024-11-16 00:00:00,Salesforce
SFADDR5322,SF1322,Billing,34 JM Road,Near Old Town,Surat,Gujarat,India,431714,CAMP014,East,2024-01-26 00:00:00,Salesforce
SFADDR5051,SF1051,Billing,12 MG Rd,,Bangalore,Karnataka,India,516329,CAMP036,Central,2024-07-03 00:00:00,Salesforce
SFADDR5813,SF1813,Shipping,44 Ashram Rd,Near City Center,Kolkata,West Bengal,India,415956,CAMP004,South,2024-05-15 00:00:00,Salesforce
SFADDR5167,SF1167,Shipping,45 Marine Dr,Above Central Bank,Delhi,Delhi,India,298766,CAMP030,North,2025-10-02 00:00:00,Salesforce
SFADDR5944,SF1944,Shipping,55 MI Rd,,Kolkata,West Bengal,India,344246,CAMP015,South,2024-11-25 00:00:00,Salesforce
SFADDR5252,SF1252,Billing,23 Brigade Rd,Above Central Bank,Surat,Gujarat,India,523927,CAMP008,West,2024-11-23 00:00:00,Salesforce
SFADDR5202,SF1202,Shipping,67 Law Garden Rd,Near Metro Station,Pune,Maharashtra,India,995592,CAMP034,Central,2024-02-01 00:00:00,Salesforce
SFADDR5859,SF1859,Billing,77 Linking Rd,Near City Center,Mumbai,Maharashtra,India,365559,CAMP017,North,2025-11-10 00:00:00,Salesforce
SFADDR5873,SF1873,Shipping,77 Linking Rd,Next to Market,Bangalore,Karnataka,India,981581,CAMP004,East,2025-11-23 00:00:00,Salesforce
SFADDR5733,SF1733,Shipping,23 Brigade Rd,Above Central Bank,Chennai,Tamil Nadu,India,705757,CAMP036,South,2024-07-13 00:00:00,Salesforce
SFADDR5150,SF1150,Billing,34 JM Road,Near City Center,Pune,Maharashtra,India,626176,CAMP042,West,2025-09-30 00:00:00,Salesforce
SFADDR5735,SF1735,Shipping,12 Residency Rd,Near Metro Station,Kolkata,West Bengal,India,951675,CAMP034,East,2025-12-13 00:00:00,Salesforce
SFADDR5136,SF1136,Shipping,45 Marine Dr,Near Old Town,Jaipur,Rajasthan,India,829317,CAMP038,South,2024-10-10 00:00:00,Salesforce
SFADDR5641,SF1641,Billing,45 Marine Dr,Near Old Town,Kolkata,West Bengal,India,113472,CAMP002,North,2025-05-08 00:00:00,Salesforce
SFADDR5145,SF1145,Shipping,12 MG Rd,Above Central Bank,Kolkata,West Bengal,India,849276,CAMP019,South,2024-01-10 00:00:00,Salesforce
SFADDR5255,SF1255,Billing,44 Ashram Rd,Near Old Town,Chennai,Tamil Nadu,India,459794,CAMP034,South,2024-02-25 00:00:00,Salesforce
SFADDR5636,SF1636,Shipping,55 MI Rd,Near Old Town,Ahmedabad,Gujarat,India,888353,CAMP004,Central,2025-01-25 00:00:00,Salesforce
SFADDR5722,SF1722,Billing,44 Ashram Rd,Near Metro Station,Delhi,Delhi,India,486322,CAMP013,West,2024-12-01 00:00:00,Salesforce
SFADDR5184,SF1184,Billing,101 FC Rd,Near City Center,Delhi,Delhi,India,796265,CAMP023,East,2024-09-05 00:00:00,Salesforce
SFADDR5522,SF1522,Shipping,23 Brigade Rd,Near Metro Station,Mumbai,Maharashtra,India,292390,CAMP008,North,2025-09-26 00:00:00,Salesforce
SFADDR5091,SF1091,Shipping,44 Ashram Rd,Near City Center,Hyderabad,Telangana,India,424300,CAMP048,Central,2025-11-08 00:00:00,Salesforce
SFADDR5026,SF1026,Billing,55 MI Rd,Above Central Bank,Kolkata,West Bengal,India,809095,CAMP036,East,2025-08-02 00:00:00,Salesforce
SFADDR5863,SF1863,Billing,90 Karol Bagh Market,Near Old Town,Surat,Gujarat,India,997129,CAMP049,Central,2025-08-20 00:00:00,Salesforce
SFADDR5566,SF1566,Shipping,78 Connaught Pl,Near Metro Station,Delhi,Delhi,India,921767,CAMP049,South,2025-12-18 00:00:00,Salesforce
SFADDR5077,SF1077,Shipping,45 Marine Dr,Near Old Town,Ahmedabad,Gujarat,India,943085,CAMP011,West,2024-11-21 00:00:00,Salesforce
SFADDR5112,SF1112,Shipping,101 FC Rd,Near Metro Station,Delhi,Delhi,India,149727,CAMP033,Central,2024-01-12 00:00:00,Salesforce
SFADDR5201,SF1201,Shipping,55 MI Rd,Near Metro Station,Delhi,Delhi,India,215808,CAMP048,North,2024-06-26 00:00:00,Salesforce
SFADDR5925,SF1925,Billing,90 Karol Bagh Market,Near Metro Station,Delhi,Delhi,India,631514,CAMP043,South,2024-03-24 00:00:00,Salesforce
SFADDR5473,SF1473,Billing,67 Law Garden Rd,Opposite Mall,Bangalore,Karnataka,India,294971,CAMP042,North,2024-11-14 00:00:00,Salesforce
SFADDR5277,SF1277,Billing,23 Brigade Rd,Near Metro Station,Pune,Maharashtra,India,983758,CAMP048,West,2024-12-21 00:00:00,Salesforce
SFADDR5454,SF1454,Billing,56 Chandni Chowk,,Surat,Gujarat,India,317571,CAMP009,South,2024-04-08 00:00:00,Salesforce
SFADDR5874,SF1874,Shipping,67 Law Garden Rd,Above Central Bank,Delhi,Delhi,India,570762,CAMP039,North,2024-08-06 00:00:00,Salesforce
SFADDR5395,SF1395,Billing,45 Marine Dr,Near Old Town,Delhi,Delhi,India,830681,CAMP034,Central,2025-09-27 00:00:00,Salesforce
SFADDR5682,SF1682,Billing,78 Connaught Pl,Near City Center,Hyderabad,Telangana,India,859158,CAMP008,West,2025-02-03 00:00:00,Salesforce
SFADDR5132,SF1132,Shipping,77 Linking Rd,Next to Market,Hyderabad,Telangana,India,671778,CAMP021,South,2024-07-09 00:00:00,Salesforce
SFADDR5011,SF1011,Shipping,45 Marine Dr,Above Central Bank,Chennai,Tamil Nadu,India,486515,CAMP040,South,2025-09-27 00:00:00,Salesforce
SFADDR5204,SF1204,Billing,77 Linking Rd,Above Central Bank,Hyderabad,Telangana,India,755349,CAMP021,Central,2025-12-28 00:00:00,Salesforce
SFADDR5106,SF1106,Billing,90 Karol Bagh Market,,Mumbai,Maharashtra,India,705027,CAMP013,Central,2025-04-17 00:00:00,Salesforce
SFADDR5422,SF1422,Billing,12 MG Rd,Above Central Bank,Kolkata,West Bengal,India,544408,CAMP009,South,2026-01-05 00:00:00,Salesforce
SFADDR5169,SF1169,Billing,90 Karol Bagh Market,,Ahmedabad,Gujarat,India,498041,CAMP026,North,2025-08-10 00:00:00,Salesforce
SFADDR5312,SF1312,Billing,88 Worli Sea Face,Near Metro Station,Ahmedabad,Gujarat,India,359338,CAMP014,East,2025-01-07 00:00:00,Salesforce
SFADDR5621,SF1621,Billing,55 MI Rd,Next to Market,Delhi,Delhi,India,970825,CAMP030,Central,2025-02-28 00:00:00,Salesforce
SFADDR5443,SF1443,Shipping,44 Ashram Rd,Near City Center,Chennai,Tamil Nadu,India,170606,CAMP014,South,2026-03-22 00:00:00,Salesforce
SFADDR5333,SF1333,Billing,56 Chandni Chowk,Opposite Mall,Surat,Gujarat,India,701768,CAMP048,North,2024-05-23 00:00:00,Salesforce
SFADDR5031,SF1031,Billing,101 FC Rd,,Chennai,Tamil Nadu,India,756040,CAMP022,North,2025-04-10 00:00:00,Salesforce
SFADDR5256,SF1256,Billing,88 Worli Sea Face,Near Old Town,Bangalore,Karnataka,India,466680,CAMP035,North,2025-11-10 00:00:00,Salesforce
SFADDR5055,SF1055,Shipping,101 FC Rd,,Jaipur,Rajasthan,India,757547,CAMP036,North,2024-07-08 00:00:00,Salesforce
SFADDR5250,SF1250,Shipping,44 Ashram Rd,Near Metro Station,Surat,Gujarat,India,307826,CAMP045,West,2024-07-21 00:00:00,Salesforce
SFADDR5865,SF1865,Shipping,45 Marine Dr,Opposite Mall,Delhi,Delhi,India,237400,CAMP010,West,2024-11-13 00:00:00,Salesforce
SFADDR5638,SF1638,Shipping,45 Marine Dr,Next to Market,Surat,Gujarat,India,828797,CAMP019,West,2026-03-18 00:00:00,Salesforce
SFADDR5101,SF1101,Shipping,23 Brigade Rd,Near City Center,Kolkata,West Bengal,India,864303,CAMP006,East,2024-04-08 00:00:00,Salesforce
SFADDR5817,SF1817,Shipping,45 Marine Dr,Above Central Bank,Jaipur,Rajasthan,India,943599,CAMP038,North,2025-02-19 00:00:00,Salesforce
SFADDR5745,SF1745,Shipping,90 Karol Bagh Market,Next to Market,Chennai,Tamil Nadu,India,470852,CAMP010,North,2024-02-11 00:00:00,Salesforce
SFADDR5476,SF1476,Billing,78 Connaught Pl,Next to Market,Hyderabad,Telangana,India,910044,CAMP046,Central,2024-08-23 00:00:00,Salesforce
SFADDR5543,SF1543,Billing,34 JM Road,,Surat,Gujarat,India,517296,CAMP036,Central,2024-10-15 00:00:00,Salesforce
SFADDR5536,SF1536,Shipping,12 MG Rd,Above Central Bank,Pune,Maharashtra,India,688196,CAMP033,North,2024-02-18 00:00:00,Salesforce
SFADDR5602,SF1602,Shipping,90 Karol Bagh Market,Above Central Bank,Bangalore,Karnataka,India,520284,CAMP010,East,2025-07-07 00:00:00,Salesforce
SFADDR5296,SF1296,Billing,77 Linking Rd,Near Metro Station,Surat,Gujarat,India,297576,CAMP044,North,2024-12-20 00:00:00,Salesforce
SFADDR5426,SF1426,Shipping,77 Linking Rd,Next to Market,Delhi,Delhi,India,555853,CAMP045,North,2024-03-03 00:00:00,Salesforce
SFADDR5770,SF1770,Shipping,78 Connaught Pl,Near City Center,Jaipur,Rajasthan,India,283927,CAMP032,West,2024-12-15 00:00:00,Salesforce
SFADDR5487,SF1487,Shipping,88 Worli Sea Face,Above Central Bank,Jaipur,Rajasthan,India,514271,CAMP050,Central,2026-03-21 00:00:00,Salesforce
SFADDR5738,SF1738,Shipping,78 Connaught Pl,Opposite Mall,Surat,Gujarat,India,300614,CAMP022,Central,2025-01-09 00:00:00,Salesforce
SFADDR5812,SF1812,Shipping,88 Worli Sea Face,Near City Center,Bangalore,Karnataka,India,991516,CAMP017,East,2025-11-13 00:00:00,Salesforce
SFADDR5855,SF1855,Billing,12 MG Rd,Near Metro Station,Surat,Gujarat,India,890144,CAMP022,South,2025-09-19 00:00:00,Salesforce
SFADDR5934,SF1934,Shipping,44 Ashram Rd,Near Old Town,Surat,Gujarat,India,843881,CAMP035,North,2024-02-29 00:00:00,Salesforce
SFADDR5929,SF1929,Shipping,12 Residency Rd,Opposite Mall,Delhi,Delhi,India,736404,CAMP044,West,2024-07-27 00:00:00,Salesforce
SFADDR5836,SF1836,Billing,56 Chandni Chowk,Above Central Bank,Mumbai,Maharashtra,India,424620,CAMP019,East,2026-01-13 00:00:00,Salesforce
SFADDR5860,SF1860,Billing,77 Linking Rd,Near Old Town,Kolkata,West Bengal,India,732105,CAMP032,North,2025-05-31 00:00:00,Salesforce
SFADDR5920,SF1920,Shipping,55 MI Rd,Above Central Bank,Delhi,Delhi,India,561177,CAMP034,South,2026-03-31 00:00:00,Salesforce
SFADDR5422,SF1422,Billing,12 MG Rd,Above Central Bank,Kolkata,West Bengal,India,544408,CAMP009,South,2026-01-05 00:00:00,Salesforce
SFADDR5833,SF1833,Billing,77 Linking Rd,Next to Market,Kolkata,West Bengal,India,535685,CAMP037,East,2025-10-17 00:00:00,Salesforce
SFADDR5930,SF1930,Billing,77 Linking Rd,Near Old Town,Mumbai,Maharashtra,India,265327,CAMP028,Central,2024-10-27 00:00:00,Salesforce
SFADDR5464,SF1464,Billing,12 Residency Rd,,Delhi,Delhi,India,236804,CAMP012,East,2024-07-01 00:00:00,Salesforce
SFADDR5325,SF1325,Shipping,44 Ashram Rd,,Jaipur,Rajasthan,India,917533,CAMP014,South,2025-04-11 00:00:00,Salesforce
SFADDR5285,SF1285,Shipping,44 Ashram Rd,,Bangalore,Karnataka,India,867941,CAMP027,Central,2024-05-16 00:00:00,Salesforce
SFADDR5459,SF1459,Shipping,55 MI Rd,Above Central Bank,Mumbai,Maharashtra,India,843582,CAMP022,East,2025-04-29 00:00:00,Salesforce
SFADDR5630,SF1630,Billing,45 Marine Dr,Above Central Bank,Ahmedabad,Gujarat,India,460544,CAMP011,West,2026-03-08 00:00:00,Salesforce
SFADDR5525,SF1525,Shipping,12 Residency Rd,Near Metro Station,Ahmedabad,Gujarat,India,506332,CAMP039,East,2026-03-28 00:00:00,Salesforce
SFADDR5001,SF1001,Shipping,12 MG Rd,Above Central Bank,Surat,Gujarat,India,420631,CAMP025,West,2025-10-06 00:00:00,Salesforce
SFADDR5343,SF1343,Shipping,34 JM Road,Next to Market,Jaipur,Rajasthan,India,194432,CAMP049,West,2025-07-17 00:00:00,Salesforce
SFADDR5599,SF1599,Billing,78 Connaught Pl,Near Metro Station,Surat,Gujarat,India,660113,CAMP047,Central,2024-10-25 00:00:00,Salesforce
SFADDR5108,SF1108,Billing,101 FC Rd,Opposite Mall,Bangalore,Karnataka,India,976931,CAMP040,Central,2024-11-13 00:00:00,Salesforce
SFADDR5375,SF1375,Billing,67 Law Garden Rd,Above Central Bank,Bangalore,Karnataka,India,590507,CAMP031,North,2024-01-13 00:00:00,Salesforce
SFADDR5811,SF1811,Shipping,23 Brigade Rd,Above Central Bank,Surat,Gujarat,India,108737,CAMP050,West,2024-05-16 00:00:00,Salesforce
SFADDR5829,SF1829,Billing,56 Chandni Chowk,Opposite Mall,Bangalore,Karnataka,India,112803,CAMP041,South,2024-08-07 00:00:00,Salesforce
SFADDR5370,SF1370,Billing,90 Karol Bagh Market,Near Old Town,Surat,Gujarat,India,708387,CAMP001,South,2024-11-18 00:00:00,Salesforce
SFADDR5660,SF1660,Billing,12 Residency Rd,,Ahmedabad,Gujarat,India,378267,CAMP016,South,2024-02-17 00:00:00,Salesforce
SFADDR5440,SF1440,Billing,67 Law Garden Rd,,Kolkata,West Bengal,India,696451,CAMP009,South,2025-04-15 00:00:00,Salesforce
SFADDR5578,SF1578,Shipping,34 JM Road,Next to Market,Bangalore,Karnataka,India,866244,CAMP036,South,2025-10-02 00:00:00,Salesforce
SFADDR5592,SF1592,Shipping,101 FC Rd,,Ahmedabad,Gujarat,India,328986,CAMP032,East,2025-06-11 00:00:00,Salesforce
SFADDR5139,SF1139,Shipping,101 FC Rd,Opposite Mall,Kolkata,West Bengal,India,213105,CAMP006,Central,2025-04-23 00:00:00,Salesforce
SFADDR5776,SF1776,Shipping,12 MG Rd,Next to Market,Ahmedabad,Gujarat,India,753075,CAMP015,North,2024-06-30 00:00:00,Salesforce
SFADDR5933,SF1933,Shipping,78 Connaught Pl,Above Central Bank,Delhi,Delhi,India,120806,CAMP020,South,2026-02-25 00:00:00,Salesforce
SFADDR5058,SF1058,Billing,55 MI Rd,Near Old Town,Pune,Maharashtra,India,409921,CAMP020,West,2025-08-03 00:00:00,Salesforce
SFADDR5816,SF1816,Shipping,90 Karol Bagh Market,Near Metro Station,Delhi,Delhi,India,887636,CAMP047,East,2024-09-17 00:00:00,Salesforce
SFADDR5466,SF1466,Billing,56 Chandni Chowk,Near Old Town,Pune,Maharashtra,India,993940,CAMP045,East,2024-03-27 00:00:00,Salesforce
SFADDR5475,SF1475,Billing,12 Residency Rd,Near Metro Station,Ahmedabad,Gujarat,India,674942,CAMP039,East,2024-08-03 00:00:00,Salesforce
SFADDR5634,SF1634,Shipping,12 MG Rd,,Hyderabad,Telangana,India,785232,CAMP037,Central,2025-12-18 00:00:00,Salesforce
SFADDR5940,SF1940,Billing,44 Ashram Rd,Near Old Town,Surat,Gujarat,India,145172,CAMP033,East,2025-10-20 00:00:00,Salesforce
SFADDR5938,SF1938,Shipping,78 Connaught Pl,Near Old Town,Mumbai,Maharashtra,India,971486,CAMP033,Central,2024-01-27 00:00:00,Salesforce
SFADDR5123,SF1123,Billing,88 Worli Sea Face,,Bangalore,Karnataka,India,902327,CAMP017,East,2024-10-07 00:00:00,Salesforce
SFADDR5886,SF1886,Shipping,23 Brigade Rd,Near Metro Station,Chennai,Tamil Nadu,India,943999,CAMP033,East,2025-02-18 00:00:00,Salesforce
SFADDR5298,SF1298,Shipping,67 Law Garden Rd,Next to Market,Hyderabad,Telangana,India,103200,CAMP041,Central,2024-10-19 00:00:00,Salesforce
SFADDR5196,SF1196,Shipping,90 Karol Bagh Market,Above Central Bank,Jaipur,Rajasthan,India,941356,CAMP028,South,2025-08-08 00:00:00,Salesforce
SFADDR5401,SF1401,Billing,23 Brigade Rd,Near Metro Station,Chennai,Tamil Nadu,India,289968,CAMP018,East,2024-08-28 00:00:00,Salesforce
SFADDR5356,SF1356,Shipping,56 Chandni Chowk,Opposite Mall,Pune,Maharashtra,India,224467,CAMP037,Central,2025-01-12 00:00:00,Salesforce
SFADDR5573,SF1573,Billing,34 JM Road,Above Central Bank,Jaipur,Rajasthan,India,407569,CAMP030,Central,2024-02-26 00:00:00,Salesforce
SFADDR5330,SF1330,Billing,101 FC Rd,Near City Center,Chennai,Tamil Nadu,India,808985,CAMP048,South,2025-11-05 00:00:00,Salesforce
SFADDR5716,SF1716,Billing,90 Karol Bagh Market,,Mumbai,Maharashtra,India,122483,CAMP010,Central,2024-03-25 00:00:00,Salesforce
SFADDR5707,SF1707,Billing,23 Brigade Rd,,Surat,Gujarat,India,962160,CAMP024,South,2025-04-06 00:00:00,Salesforce
SFADDR5484,SF1484,Billing,56 Chandni Chowk,Near City Center,Chennai,Tamil Nadu,India,378255,CAMP044,West,2025-07-11 00:00:00,Salesforce
SFADDR5623,SF1623,Shipping,23 Brigade Rd,Next to Market,Mumbai,Maharashtra,India,602976,CAMP003,West,2025-10-26 00:00:00,Salesforce
SFADDR5773,SF1773,Billing,77 Linking Rd,Next to Market,Delhi,Delhi,India,160836,CAMP040,East,2024-06-27 00:00:00,Salesforce
SFADDR5449,SF1449,Shipping,56 Chandni Chowk,Near City Center,Chennai,Tamil Nadu,India,330603,CAMP021,West,2024-06-30 00:00:00,Salesforce
SFADDR5267,SF1267,Billing,88 Worli Sea Face,,Bangalore,Karnataka,India,966295,CAMP006,South,2024-09-01 00:00:00,Salesforce
SFADDR5360,SF1360,Billing,45 Marine Dr,Above Central Bank,Ahmedabad,Gujarat,India,549629,CAMP012,South,2024-01-27 00:00:00,Salesforce
SFADDR5222,SF1222,Shipping,12 Residency Rd,,Kolkata,West Bengal,India,105292,CAMP001,North,2024-08-04 00:00:00,Salesforce
SFADDR5238,SF1238,Shipping,23 Brigade Rd,Above Central Bank,Jaipur,Rajasthan,India,435212,CAMP002,North,2025-11-14 00:00:00,Salesforce
SFADDR5894,SF1894,Shipping,56 Chandni Chowk,Near City Center,Pune,Maharashtra,India,108966,CAMP044,South,2025-04-07 00:00:00,Salesforce
SFADDR5419,SF1419,Shipping,23 Brigade Rd,Near City Center,Delhi,Delhi,India,638934,CAMP047,North,2024-01-08 00:00:00,Salesforce
SFADDR5292,SF1292,Billing,56 Chandni Chowk,Near Old Town,Bangalore,Karnataka,India,809032,CAMP011,Central,2025-11-03 00:00:00,Salesforce
SFADDR5715,SF1715,Shipping,44 Ashram Rd,Near Metro Station,Chennai,Tamil Nadu,India,371255,CAMP032,Central,2025-04-04 00:00:00,Salesforce
SFADDR5154,SF1154,Shipping,44 Ashram Rd,Above Central Bank,Mumbai,Maharashtra,India,272972,CAMP012,West,2024-11-11 00:00:00,Salesforce
SFADDR5417,SF1417,Billing,23 Brigade Rd,Opposite Mall,Pune,Maharashtra,India,983149,CAMP047,West,2025-01-29 00:00:00,Salesforce
SFADDR5850,SF1850,Shipping,12 Residency Rd,Opposite Mall,Hyderabad,Telangana,India,695141,CAMP028,West,2025-02-22 00:00:00,Salesforce
SFADDR5304,SF1304,Billing,45 Marine Dr,Above Central Bank,Hyderabad,Telangana,India,358570,CAMP010,North,2025-01-16 00:00:00,Salesforce
SFADDR5148,SF1148,Shipping,44 Ashram Rd,,Jaipur,Rajasthan,India,657078,CAMP047,West,2024-11-21 00:00:00,Salesforce
SFADDR5882,SF1882,Shipping,45 Marine Dr,,Pune,Maharashtra,India,357720,CAMP034,Central,2025-04-30 00:00:00,Salesforce
SFADDR5068,SF1068,Shipping,55 MI Rd,Opposite Mall,Pune,Maharashtra,India,158460,CAMP021,East,2025-03-26 00:00:00,Salesforce
SFADDR5664,SF1664,Billing,90 Karol Bagh Market,Near City Center,Jaipur,Rajasthan,India,326544,CAMP031,East,2024-03-23 00:00:00,Salesforce
SFADDR5094,SF1094,Billing,90 Karol Bagh Market,Opposite Mall,Surat,Gujarat,India,740244,CAMP004,South,2025-11-29 00:00:00,Salesforce
SFADDR5510,SF1510,Billing,101 FC Rd,,Kolkata,West Bengal,India,234367,CAMP004,East,2025-09-13 00:00:00,Salesforce
SFADDR5616,SF1616,Billing,78 Connaught Pl,Above Central Bank,Pune,Maharashtra,India,698943,CAMP024,North,2026-03-24 00:00:00,Salesforce
SFADDR5266,SF1266,Billing,23 Brigade Rd,Opposite Mall,Surat,Gujarat,India,769868,CAMP034,North,2024-01-19 00:00:00,Salesforce
SFADDR5587,SF1587,Shipping,45 Marine Dr,,Surat,Gujarat,India,633008,CAMP046,North,2026-02-23 00:00:00,Salesforce
SFADDR5048,SF1048,Shipping,23 Brigade Rd,Near Metro Station,Ahmedabad,Gujarat,India,635034,CAMP038,North,2024-04-09 00:00:00,Salesforce
SFADDR5593,SF1593,Billing,23 Brigade Rd,Near Metro Station,Ahmedabad,Gujarat,India,921339,CAMP029,East,2024-08-15 00:00:00,Salesforce
SFADDR5273,SF1273,Shipping,23 Brigade Rd,Near City Center,Jaipur,Rajasthan,India,203450,CAMP024,Central,2026-02-01 00:00:00,Salesforce
SFADDR5834,SF1834,Shipping,67 Law Garden Rd,Opposite Mall,Pune,Maharashtra,India,632417,CAMP025,Central,2024-11-07 00:00:00,Salesforce
SFADDR5231,SF1231,Shipping,12 MG Rd,Near City Center,Delhi,Delhi,India,888693,CAMP016,Central,2024-08-08 00:00:00,Salesforce
SFADDR5486,SF1486,Shipping,55 MI Rd,Next to Market,Jaipur,Rajasthan,India,927360,CAMP043,East,2025-07-02 00:00:00,Salesforce
SFADDR5181,SF1181,Billing,56 Chandni Chowk,Next to Market,Delhi,Delhi,India,127875,CAMP031,South,2024-10-20 00:00:00,Salesforce
SFADDR5535,SF1535,Shipping,88 Worli Sea Face,Near Old Town,Delhi,Delhi,India,104885,CAMP029,Central,2025-09-20 00:00:00,Salesforce
SFADDR5915,SF1915,Billing,23 Brigade Rd,,Ahmedabad,Gujarat,India,776551,CAMP005,North,2025-02-11 00:00:00,Salesforce
SFADDR5805,SF1805,Billing,45 Marine Dr,Near City Center,Surat,Gujarat,India,211781,CAMP015,North,2024-06-01 00:00:00,Salesforce
SFADDR5260,SF1260,Shipping,56 Chandni Chowk,Near Metro Station,Delhi,Delhi,India,574758,CAMP029,Central,2026-03-13 00:00:00,Salesforce
SFADDR5096,SF1096,Billing,23 Brigade Rd,Near Old Town,Surat,Gujarat,India,302272,CAMP050,Central,2025-03-06 00:00:00,Salesforce
SFADDR5478,SF1478,Billing,55 MI Rd,Opposite Mall,Pune,Maharashtra,India,654491,CAMP035,Central,2024-01-23 00:00:00,Salesforce
SFADDR5025,SF1025,Shipping,101 FC Rd,,Hyderabad,Telangana,India,522506,CAMP010,North,2025-01-26 00:00:00,Salesforce
SFADDR5550,SF1550,Billing,77 Linking Rd,Opposite Mall,Hyderabad,Telangana,India,348044,CAMP026,North,2025-10-30 00:00:00,Salesforce
SFADDR5293,SF1293,Shipping,88 Worli Sea Face,Near Old Town,Ahmedabad,Gujarat,India,956653,CAMP032,West,2025-09-25 00:00:00,Salesforce
SFADDR5363,SF1363,Billing,77 Linking Rd,,Surat,Gujarat,India,465422,CAMP012,Central,2026-02-13 00:00:00,Salesforce
SFADDR5517,SF1517,Shipping,78 Connaught Pl,Opposite Mall,Jaipur,Rajasthan,India,798069,CAMP039,East,2025-08-28 00:00:00,Salesforce
SFADDR5947,SF1947,Billing,101 FC Rd,Opposite Mall,Kolkata,West Bengal,India,943760,CAMP002,West,2024-06-27 00:00:00,Salesforce
SFADDR5520,SF1520,Shipping,77 Linking Rd,Near City Center,Jaipur,Rajasthan,India,333468,CAMP030,North,2025-03-12 00:00:00,Salesforce
SFADDR5793,SF1793,Shipping,12 Residency Rd,Opposite Mall,Bangalore,Karnataka,India,770042,CAMP005,North,2025-02-17 00:00:00,Salesforce
SFADDR5124,SF1124,Shipping,77 Linking Rd,Near Old Town,Mumbai,Maharashtra,India,983770,CAMP050,West,2025-11-27 00:00:00,Salesforce
SFADDR5254,SF1254,Shipping,55 MI Rd,Above Central Bank,Surat,Gujarat,India,817307,CAMP011,South,2024-01-30 00:00:00,Salesforce
SFADDR5242,SF1242,Shipping,34 JM Road,,Pune,Maharashtra,India,170020,CAMP004,West,2025-01-05 00:00:00,Salesforce
SFADDR5170,SF1170,Shipping,23 Brigade Rd,Near Metro Station,Jaipur,Rajasthan,India,157311,CAMP027,South,2025-03-11 00:00:00,Salesforce
SFADDR5736,SF1736,Shipping,101 FC Rd,Opposite Mall,Surat,Gujarat,India,484169,CAMP023,North,2024-03-10 00:00:00,Salesforce
SFADDR5574,SF1574,Shipping,12 MG Rd,Opposite Mall,Jaipur,Rajasthan,India,185926,CAMP023,South,2025-05-17 00:00:00,Salesforce
SFADDR5781,SF1781,Shipping,23 Brigade Rd,Near Metro Station,Kolkata,West Bengal,India,576094,CAMP028,East,2024-11-03 00:00:00,Salesforce
SFADDR5269,SF1269,Billing,45 Marine Dr,,Jaipur,Rajasthan,India,861938,CAMP016,Central,2024-06-14 00:00:00,Salesforce
SFADDR5185,SF1185,Shipping,12 MG Rd,Near Metro Station,Hyderabad,Telangana,India,157802,CAMP048,East,2025-07-15 00:00:00,Salesforce
SFADDR5332,SF1332,Shipping,12 MG Rd,Above Central Bank,Chennai,Tamil Nadu,India,923503,CAMP008,North,2025-12-12 00:00:00,Salesforce
SFADDR5563,SF1563,Shipping,78 Connaught Pl,Above Central Bank,Ahmedabad,Gujarat,India,424628,CAMP044,West,2024-03-03 00:00:00,Salesforce
SFADDR5890,SF1890,Billing,101 FC Rd,Above Central Bank,Pune,Maharashtra,India,509720,CAMP005,Central,2025-08-07 00:00:00,Salesforce
SFADDR5940,SF1940,Billing,44 Ashram Rd,Near Old Town,Surat,Gujarat,India,145172,CAMP033,East,2025-10-20 00:00:00,Salesforce
SFADDR5389,SF1389,Billing,90 Karol Bagh Market,Near Old Town,Hyderabad,Telangana,India,187515,CAMP048,North,2024-08-25 00:00:00,Salesforce
SFADDR5820,SF1820,Shipping,45 Marine Dr,,Pune,Maharashtra,India,816064,CAMP043,Central,2024-09-19 00:00:00,Salesforce
SFADDR5870,SF1870,Shipping,12 Residency Rd,Near Old Town,Jaipur,Rajasthan,India,894635,CAMP008,South,2025-07-09 00:00:00,Salesforce
SFADDR5752,SF1752,Shipping,78 Connaught Pl,Above Central Bank,Kolkata,West Bengal,India,352012,CAMP022,Central,2026-03-07 00:00:00,Salesforce
SFADDR5489,SF1489,Shipping,78 Connaught Pl,Near City Center,Ahmedabad,Gujarat,India,879027,CAMP038,North,2024-09-19 00:00:00,Salesforce
SFADDR5144,SF1144,Shipping,12 Residency Rd,Near Old Town,Surat,Gujarat,India,529717,CAMP043,Central,2025-06-01 00:00:00,Salesforce
SFADDR5749,SF1749,Billing,12 Residency Rd,Opposite Mall,Hyderabad,Telangana,India,501344,CAMP032,South,2025-09-06 00:00:00,Salesforce
SFADDR5703,SF1703,Shipping,23 Brigade Rd,Near Old Town,Pune,Maharashtra,India,491380,CAMP027,East,2026-02-09 00:00:00,Salesforce
SFADDR5625,SF1625,Billing,45 Marine Dr,Near City Center,Surat,Gujarat,India,468114,CAMP006,North,2024-04-18 00:00:00,Salesforce
SFADDR5320,SF1320,Billing,67 Law Garden Rd,Near Old Town,Kolkata,West Bengal,India,318066,CAMP017,North,2024-11-12 00:00:00,Salesforce
SFADDR5063,SF1063,Shipping,88 Worli Sea Face,Next to Market,Bangalore,Karnataka,India,509145,CAMP005,West,2024-01-05 00:00:00,Salesforce
SFADDR5494,SF1494,Billing,67 Law Garden Rd,Near Metro Station,Surat,Gujarat,India,562936,CAMP012,North,2025-02-27 00:00:00,Salesforce
SFADDR5130,SF1130,Billing,78 Connaught Pl,Above Central Bank,Bangalore,Karnataka,India,392798,CAMP034,Central,2024-07-16 00:00:00,Salesforce
SFADDR5159,SF1159,Billing,45 Marine Dr,Above Central Bank,Bangalore,Karnataka,India,391527,CAMP039,Central,2024-02-22 00:00:00,Salesforce
SFADDR5683,SF1683,Billing,101 FC Rd,Next to Market,Jaipur,Rajasthan,India,172266,CAMP019,East,2024-11-06 00:00:00,Salesforce
SFADDR5538,SF1538,Shipping,78 Connaught Pl,Near Old Town,Ahmedabad,Gujarat,India,410287,CAMP036,West,2025-06-19 00:00:00,Salesforce
SFADDR5205,SF1205,Billing,56 Chandni Chowk,Above Central Bank,Surat,Gujarat,India,816462,CAMP041,North,2025-07-30 00:00:00,Salesforce
SFADDR5171,SF1171,Shipping,56 Chandni Chowk,Opposite Mall,Jaipur,Rajasthan,India,626423,CAMP035,Central,2025-08-27 00:00:00,Salesforce
SFADDR5215,SF1215,Shipping,12 MG Rd,Above Central Bank,Kolkata,West Bengal,India,550477,CAMP050,North,2024-07-06 00:00:00,Salesforce
SFADDR5054,SF1054,Shipping,56 Chandni Chowk,,Hyderabad,Telangana,India,464993,CAMP006,North,2025-10-25 00:00:00,Salesforce
SFADDR5182,SF1182,Shipping,101 FC Rd,Near Metro Station,Hyderabad,Telangana,India,546856,CAMP030,East,2025-06-28 00:00:00,Salesforce
SFADDR5455,SF1455,Billing,12 MG Rd,,Chennai,Tamil Nadu,India,200298,CAMP033,South,2024-03-26 00:00:00,Salesforce
SFADDR5557,SF1557,Shipping,88 Worli Sea Face,Opposite Mall,Mumbai,Maharashtra,India,590120,CAMP017,Central,2024-04-05 00:00:00,Salesforce
SFADDR5918,SF1918,Billing,34 JM Road,Above Central Bank,Ahmedabad,Gujarat,India,254336,CAMP003,North,2026-03-24 00:00:00,Salesforce
SFADDR5220,SF1220,Shipping,23 Brigade Rd,Next to Market,Jaipur,Rajasthan,India,497302,CAMP030,West,2026-03-02 00:00:00,Salesforce
SFADDR5425,SF1425,Billing,23 Brigade Rd,,Ahmedabad,Gujarat,India,571696,CAMP033,East,2024-11-14 00:00:00,Salesforce
SFADDR5533,SF1533,Shipping,12 Residency Rd,Next to Market,Pune,Maharashtra,India,768974,CAMP011,West,2024-09-23 00:00:00,Salesforce
SFADDR5945,SF1945,Billing,67 Law Garden Rd,Near Metro Station,Kolkata,West Bengal,India,816521,CAMP005,North,2024-08-08 00:00:00,Salesforce
SFADDR5710,SF1710,Billing,77 Linking Rd,Above Central Bank,Chennai,Tamil Nadu,India,521351,CAMP041,East,2025-07-31 00:00:00,Salesforce
SFADDR5939,SF1939,Shipping,90 Karol Bagh Market,Next to Market,Bangalore,Karnataka,India,125823,CAMP024,East,2025-03-04 00:00:00,Salesforce
SFADDR5146,SF1146,Billing,34 JM Road,Near Old Town,Ahmedabad,Gujarat,India,982219,CAMP021,West,2025-07-01 00:00:00,Salesforce
SFADDR5302,SF1302,Billing,77 Linking Rd,Near Metro Station,Jaipur,Rajasthan,India,761798,CAMP045,West,2025-04-11 00:00:00,Salesforce
SFADDR5851,SF1851,Shipping,45 Marine Dr,Near Metro Station,Ahmedabad,Gujarat,India,386430,CAMP037,Central,2025-11-30 00:00:00,Salesforce
SFADDR5358,SF1358,Shipping,88 Worli Sea Face,Opposite Mall,Hyderabad,Telangana,India,618101,CAMP009,Central,2026-03-14 00:00:00,Salesforce
SFADDR5229,SF1229,Shipping,67 Law Garden Rd,Next to Market,Kolkata,West Bengal,India,182320,CAMP003,North,2024-02-06 00:00:00,Salesforce
SFADDR5390,SF1390,Billing,101 FC Rd,Next to Market,Ahmedabad,Gujarat,India,954345,CAMP015,East,2025-10-01 00:00:00,Salesforce
SFADDR5315,SF1315,Billing,23 Brigade Rd,Next to Market,Pune,Maharashtra,India,849714,CAMP020,Central,2025-02-13 00:00:00,Salesforce
SFADDR5125,SF1125,Billing,44 Ashram Rd,Above Central Bank,Pune,Maharashtra,India,570627,CAMP011,West,2025-01-16 00:00:00,Salesforce
SFADDR5908,SF1908,Shipping,56 Chandni Chowk,Opposite Mall,Bangalore,Karnataka,India,731165,CAMP041,North,2024-03-23 00:00:00,Salesforce
SFADDR5741,SF1741,Billing,55 MI Rd,Opposite Mall,Ahmedabad,Gujarat,India,254994,CAMP050,North,2024-01-05 00:00:00,Salesforce
SFADDR5931,SF1931,Billing,23 Brigade Rd,Next to Market,Jaipur,Rajasthan,India,931810,CAMP030,West,2025-11-20 00:00:00,Salesforce
SFADDR5800,SF1800,Billing,44 Ashram Rd,Next to Market,Surat,Gujarat,India,847452,CAMP017,South,2024-03-24 00:00:00,Salesforce
SFADDR5030,SF1030,Billing,88 Worli Sea Face,,Surat,Gujarat,India,834790,CAMP041,West,2025-08-28 00:00:00,Salesforce
SFADDR5549,SF1549,Shipping,23 Brigade Rd,Opposite Mall,Chennai,Tamil Nadu,India,967503,CAMP027,South,2025-12-01 00:00:00,Salesforce
SFADDR5697,SF1697,Shipping,23 Brigade Rd,Near City Center,Surat,Gujarat,India,979896,CAMP006,West,2025-12-29 00:00:00,Salesforce
SFADDR5335,SF1335,Billing,23 Brigade Rd,Near Metro Station,Kolkata,West Bengal,India,787492,CAMP040,South,2024-10-01 00:00:00,Salesforce
SFADDR5596,SF1596,Shipping,88 Worli Sea Face,Opposite Mall,Chennai,Tamil Nadu,India,632415,CAMP023,Central,2025-06-15 00:00:00,Salesforce
SFADDR5088,SF1088,Shipping,23 Brigade Rd,Opposite Mall,Surat,Gujarat,India,327430,CAMP009,North,2025-12-08 00:00:00,Salesforce
SFADDR5669,SF1669,Shipping,45 Marine Dr,Near City Center,Pune,Maharashtra,India,375117,CAMP003,East,2025-02-16 00:00:00,Salesforce
SFADDR5469,SF1469,Billing,56 Chandni Chowk,,Surat,Gujarat,India,542155,CAMP031,West,2025-10-07 00:00:00,Salesforce
SFADDR5804,SF1804,Shipping,12 Residency Rd,Above Central Bank,Pune,Maharashtra,India,434979,CAMP020,East,2025-01-05 00:00:00,Salesforce
SFADDR5782,SF1782,Billing,44 Ashram Rd,Above Central Bank,Chennai,Tamil Nadu,India,767710,CAMP036,Central,2025-05-16 00:00:00,Salesforce
SFADDR5404,SF1404,Shipping,90 Karol Bagh Market,,Mumbai,Maharashtra,India,463179,CAMP019,South,2025-02-14 00:00:00,Salesforce
SFADDR5100,SF1100,Billing,56 Chandni Chowk,Next to Market,Jaipur,Rajasthan,India,753035,CAMP007,East,2024-10-05 00:00:00,Salesforce
SFADDR5572,SF1572,Billing,34 JM Road,Next to Market,Chennai,Tamil Nadu,India,679004,CAMP046,East,2025-09-24 00:00:00,Salesforce
SFADDR5547,SF1547,Shipping,77 Linking Rd,Next to Market,Delhi,Delhi,India,961317,CAMP030,East,2024-04-14 00:00:00,Salesforce
SFADDR5651,SF1651,Shipping,77 Linking Rd,Near City Center,Pune,Maharashtra,India,657712,CAMP011,South,2025-04-08 00:00:00,Salesforce
SFADDR5541,SF1541,Shipping,67 Law Garden Rd,Near Old Town,Surat,Gujarat,India,181290,CAMP021,West,2025-09-16 00:00:00,Salesforce
SFADDR5846,SF1846,Shipping,44 Ashram Rd,Near Old Town,Bangalore,Karnataka,India,336606,CAMP023,North,2024-07-24 00:00:00,Salesforce
SFADDR5568,SF1568,Shipping,44 Ashram Rd,Near Metro Station,Jaipur,Rajasthan,India,710448,CAMP029,East,2024-02-17 00:00:00,Salesforce
SFADDR5828,SF1828,Billing,78 Connaught Pl,Near Metro Station,Ahmedabad,Gujarat,India,926901,CAMP006,South,2026-01-10 00:00:00,Salesforce
SFADDR5152,SF1152,Shipping,67 Law Garden Rd,Next to Market,Jaipur,Rajasthan,India,947009,CAMP004,North,2025-05-21 00:00:00,Salesforce
SFADDR5528,SF1528,Billing,88 Worli Sea Face,Above Central Bank,Pune,Maharashtra,India,966495,CAMP035,Central,2026-01-18 00:00:00,Salesforce
SFADDR5739,SF1739,Billing,45 Marine Dr,Near Old Town,Pune,Maharashtra,India,700162,CAMP025,East,2024-10-05 00:00:00,Salesforce
SFADDR5775,SF1775,Billing,56 Chandni Chowk,,Jaipur,Rajasthan,India,866686,CAMP045,South,2025-11-11 00:00:00,Salesforce
SFADDR5168,SF1168,Shipping,55 MI Rd,Next to Market,Delhi,Delhi,India,990576,CAMP040,Central,2024-10-10 00:00:00,Salesforce
SFADDR5491,SF1491,Billing,55 MI Rd,Near Metro Station,Surat,Gujarat,India,661067,CAMP009,West,2025-02-16 00:00:00,Salesforce
SFADDR5650,SF1650,Shipping,78 Connaught Pl,Near Old Town,Surat,Gujarat,India,106020,CAMP044,West,2024-05-03 00:00:00,Salesforce
SFADDR5830,SF1830,Billing,12 Residency Rd,Near Metro Station,Jaipur,Rajasthan,India,337076,CAMP044,Central,2025-05-05 00:00:00,Salesforce
SFADDR5814,SF1814,Shipping,56 Chandni Chowk,Next to Market,Delhi,Delhi,India,497263,CAMP044,North,2024-05-12 00:00:00,Salesforce
SFADDR5219,SF1219,Shipping,90 Karol Bagh Market,Near Old Town,Mumbai,Maharashtra,India,369655,CAMP050,East,2025-03-17 00:00:00,Salesforce
SFADDR5342,SF1342,Shipping,56 Chandni Chowk,Above Central Bank,Bangalore,Karnataka,India,129404,CAMP037,East,2024-04-16 00:00:00,Salesforce
SFADDR5917,SF1917,Billing,56 Chandni Chowk,Near City Center,Pune,Maharashtra,India,614254,CAMP048,Central,2025-08-16 00:00:00,Salesforce
SFADDR5240,SF1240,Shipping,78 Connaught Pl,Near City Center,Kolkata,West Bengal,India,336737,CAMP011,West,2026-01-27 00:00:00,Salesforce
SFADDR5295,SF1295,Shipping,90 Karol Bagh Market,Above Central Bank,Bangalore,Karnataka,India,710388,CAMP047,North,2025-12-12 00:00:00,Salesforce
SFADDR5313,SF1313,Billing,77 Linking Rd,Near Old Town,Surat,Gujarat,India,891724,CAMP020,Central,2024-03-30 00:00:00,Salesforce
SFADDR5932,SF1932,Shipping,45 Marine Dr,Above Central Bank,Kolkata,West Bengal,India,591812,CAMP028,Central,2025-03-24 00:00:00,Salesforce
SFADDR5259,SF1259,Shipping,23 Brigade Rd,Near City Center,Pune,Maharashtra,India,351655,CAMP006,Central,2026-02-11 00:00:00,Salesforce
SFADDR5221,SF1221,Shipping,90 Karol Bagh Market,Near Old Town,Jaipur,Rajasthan,India,225940,CAMP018,South,2026-01-01 00:00:00,Salesforce
SFADDR5792,SF1792,Shipping,88 Worli Sea Face,Next to Market,Mumbai,Maharashtra,India,276873,CAMP042,East,2024-07-09 00:00:00,Salesforce
SFADDR5074,SF1074,Shipping,101 FC Rd,Near Old Town,Kolkata,West Bengal,India,559144,CAMP009,North,2025-12-15 00:00:00,Salesforce
SFADDR5173,SF1173,Billing,78 Connaught Pl,Above Central Bank,Pune,Maharashtra,India,655664,CAMP044,East,2026-03-26 00:00:00,Salesforce
SFADDR5448,SF1448,Shipping,101 FC Rd,Near Metro Station,Kolkata,West Bengal,India,218691,CAMP049,North,2024-12-14 00:00:00,Salesforce
SFADDR5551,SF1551,Billing,77 Linking Rd,Near Old Town,Mumbai,Maharashtra,India,643081,CAMP024,Central,2025-01-15 00:00:00,Salesforce
SFADDR5799,SF1799,Billing,88 Worli Sea Face,,Delhi,Delhi,India,946107,CAMP013,East,2025-06-04 00:00:00,Salesforce
SFADDR5585,SF1585,Billing,34 JM Road,Near Metro Station,Kolkata,West Bengal,India,325039,CAMP044,South,2024-05-09 00:00:00,Salesforce
SFADDR5383,SF1383,Billing,56 Chandni Chowk,Opposite Mall,Hyderabad,Telangana,India,743477,CAMP044,North,2026-02-11 00:00:00,Salesforce
SFADDR5353,SF1353,Billing,44 Ashram Rd,Next to Market,Mumbai,Maharashtra,India,714696,CAMP020,North,2025-01-30 00:00:00,Salesforce
SFADDR5504,SF1504,Shipping,78 Connaught Pl,Above Central Bank,Hyderabad,Telangana,India,584484,CAMP046,South,2024-11-13 00:00:00,Salesforce
SFADDR5013,SF1013,Shipping,88 Worli Sea Face,,Kolkata,West Bengal,India,544134,CAMP037,North,2024-07-14 00:00:00,Salesforce
SFADDR5307,SF1307,Billing,56 Chandni Chowk,,Ahmedabad,Gujarat,India,599464,CAMP006,Central,2025-09-14 00:00:00,Salesforce
SFADDR5794,SF1794,Shipping,77 Linking Rd,Near City Center,Surat,Gujarat,India,111014,CAMP022,East,2024-09-09 00:00:00,Salesforce
SFADDR5119,SF1119,Shipping,45 Marine Dr,,Surat,Gujarat,India,888900,CAMP003,South,2026-01-01 00:00:00,Salesforce
SFADDR5072,SF1072,Billing,12 MG Rd,Above Central Bank,Jaipur,Rajasthan,India,834874,CAMP011,South,2024-03-10 00:00:00,Salesforce
SFADDR5093,SF1093,Billing,67 Law Garden Rd,Opposite Mall,Bangalore,Karnataka,India,571968,CAMP036,West,2024-02-08 00:00:00,Salesforce
SFADDR5949,SF1949,Billing,78 Connaught Pl,Near City Center,Kolkata,West Bengal,India,512254,CAMP003,East,2024-04-08 00:00:00,Salesforce
SFADDR5228,SF1228,Shipping,45 Marine Dr,Next to Market,Ahmedabad,Gujarat,India,617798,CAMP026,East,2025-04-17 00:00:00,Salesforce
SFADDR5008,SF1008,Shipping,90 Karol Bagh Market,Opposite Mall,Pune,Maharashtra,India,824617,CAMP010,West,2024-01-30 00:00:00,Salesforce
SFADDR5921,SF1921,Billing,90 Karol Bagh Market,Near Old Town,Bangalore,Karnataka,India,423991,CAMP018,North,2024-01-07 00:00:00,Salesforce
SFADDR5109,SF1109,Billing,23 Brigade Rd,Above Central Bank,Pune,Maharashtra,India,901391,CAMP005,East,2024-01-18 00:00:00,Salesforce
SFADDR5559,SF1559,Billing,78 Connaught Pl,Above Central Bank,Pune,Maharashtra,India,171028,CAMP012,East,2024-11-25 00:00:00,Salesforce
SFADDR5052,SF1052,Shipping,67 Law Garden Rd,Next to Market,Hyderabad,Telangana,India,637483,CAMP050,West,2024-04-01 00:00:00,Salesforce
SFADDR5021,SF1021,Billing,12 MG Rd,Near City Center,Hyderabad,Telangana,India,590502,CAMP025,West,2025-06-30 00:00:00,Salesforce
SFADDR5233,SF1233,Shipping,90 Karol Bagh Market,Above Central Bank,Delhi,Delhi,India,807891,CAMP025,South,2024-03-29 00:00:00,Salesforce
SFADDR5022,SF1022,Billing,77 Linking Rd,,Delhi,Delhi,India,765652,CAMP036,East,2024-07-05 00:00:00,Salesforce
SFADDR5624,SF1624,Shipping,67 Law Garden Rd,Near Old Town,Chennai,Tamil Nadu,India,959066,CAMP017,East,2024-10-07 00:00:00,Salesforce
SFADDR5757,SF1757,Billing,78 Connaught Pl,Above Central Bank,Kolkata,West Bengal,India,958795,CAMP026,South,2024-05-10 00:00:00,Salesforce
SFADDR5769,SF1769,Shipping,12 MG Rd,Opposite Mall,Kolkata,West Bengal,India,484002,CAMP045,West,2026-02-25 00:00:00,Salesforce
SFADDR5646,SF1646,Shipping,55 MI Rd,Above Central Bank,Jaipur,Rajasthan,India,827266,CAMP023,East,2026-02-26 00:00:00,Salesforce
SFADDR5270,SF1270,Shipping,34 JM Road,Above Central Bank,Mumbai,Maharashtra,India,685705,CAMP047,North,2025-08-17 00:00:00,Salesforce
SFADDR5790,SF1790,Billing,56 Chandni Chowk,Near City Center,Hyderabad,Telangana,India,559674,CAMP009,Central,2025-04-12 00:00:00,Salesforce
SFADDR5212,SF1212,Billing,55 MI Rd,Next to Market,Bangalore,Karnataka,India,662603,CAMP012,East,2025-04-21 00:00:00,Salesforce
SFADDR5505,SF1505,Billing,55 MI Rd,Opposite Mall,Pune,Maharashtra,India,480214,CAMP027,East,2024-03-26 00:00:00,Salesforce
SFADDR5823,SF1823,Shipping,23 Brigade Rd,Next to Market,Delhi,Delhi,India,645470,CAMP040,Central,2025-10-28 00:00:00,Salesforce
SFADDR5245,SF1245,Shipping,78 Connaught Pl,Above Central Bank,Delhi,Delhi,India,779502,CAMP031,West,2024-11-17 00:00:00,Salesforce
SFADDR5909,SF1909,Billing,23 Brigade Rd,Near Metro Station,Pune,Maharashtra,India,305837,CAMP027,Central,2025-03-08 00:00:00,Salesforce
SFADDR5299,SF1299,Shipping,12 MG Rd,,Kolkata,West Bengal,India,217233,CAMP046,West,2026-02-11 00:00:00,Salesforce
SFADDR5300,SF1300,Shipping,90 Karol Bagh Market,Near City Center,Delhi,Delhi,India,761903,CAMP021,Central,2025-01-21 00:00:00,Salesforce
SFADDR5482,SF1482,Billing,67 Law Garden Rd,Above Central Bank,Mumbai,Maharashtra,India,908668,CAMP019,East,2025-12-01 00:00:00,Salesforce
SFADDR5529,SF1529,Shipping,23 Brigade Rd,Near City Center,Chennai,Tamil Nadu,India,654090,CAMP001,North,2024-02-01 00:00:00,Salesforce
SFADDR5399,SF1399,Billing,45 Marine Dr,Near Metro Station,Jaipur,Rajasthan,India,927346,CAMP029,East,2024-01-24 00:00:00,Salesforce
SFADDR5708,SF1708,Billing,12 Residency Rd,,Surat,Gujarat,India,685378,CAMP021,East,2025-02-11 00:00:00,Salesforce
SFADDR5147,SF1147,Shipping,78 Connaught Pl,Near Metro Station,Jaipur,Rajasthan,India,962900,CAMP005,West,2024-08-02 00:00:00,Salesforce
SFADDR5524,SF1524,Shipping,101 FC Rd,Near Metro Station,Ahmedabad,Gujarat,India,205722,CAMP026,Central,2024-11-28 00:00:00,Salesforce
SFADDR5567,SF1567,Shipping,12 Residency Rd,Near City Center,Mumbai,Maharashtra,India,530172,CAMP045,South,2024-08-01 00:00:00,Salesforce
SFADDR5581,SF1581,Shipping,90 Karol Bagh Market,,Mumbai,Maharashtra,India,314746,CAMP021,Central,2024-08-10 00:00:00,Salesforce
SFADDR5371,SF1371,Billing,12 Residency Rd,Near Old Town,Mumbai,Maharashtra,India,805236,CAMP011,South,2025-05-05 00:00:00,Salesforce
SFADDR5115,SF1115,Shipping,55 MI Rd,Near City Center,Bangalore,Karnataka,India,505833,CAMP036,West,2024-04-14 00:00:00,Salesforce
SFADDR5569,SF1569,Billing,90 Karol Bagh Market,Above Central Bank,Kolkata,West Bengal,India,121350,CAMP045,South,2025-06-09 00:00:00,Salesforce
SFADDR5279,SF1279,Billing,78 Connaught Pl,Next to Market,Kolkata,West Bengal,India,522751,CAMP027,Central,2025-08-17 00:00:00,Salesforce
SFADDR5639,SF1639,Billing,90 Karol Bagh Market,,Delhi,Delhi,India,900359,CAMP032,West,2026-02-08 00:00:00,Salesforce
SFADDR5257,SF1257,Shipping,44 Ashram Rd,Next to Market,Kolkata,West Bengal,India,756819,CAMP016,East,2026-02-01 00:00:00,Salesforce
SFADDR5225,SF1225,Billing,44 Ashram Rd,Near Old Town,Delhi,Delhi,India,858682,CAMP043,Central,2025-12-07 00:00:00,Salesforce
SFADDR5297,SF1297,Billing,88 Worli Sea Face,Opposite Mall,Jaipur,Rajasthan,India,407864,CAMP040,North,2025-07-30 00:00:00,Salesforce
SFADDR5012,SF1012,Billing,56 Chandni Chowk,Opposite Mall,Pune,Maharashtra,India,573742,CAMP034,Central,2024-02-17 00:00:00,Salesforce
SFADDR5237,SF1237,Shipping,12 Residency Rd,Above Central Bank,Pune,Maharashtra,India,878038,CAMP035,East,2024-10-08 00:00:00,Salesforce
SFADDR5758,SF1758,Billing,77 Linking Rd,Near Old Town,Ahmedabad,Gujarat,India,922449,CAMP014,East,2025-06-26 00:00:00,Salesforce
SFADDR5755,SF1755,Shipping,77 Linking Rd,Near Metro Station,Bangalore,Karnataka,India,584596,CAMP016,South,2025-01-05 00:00:00,Salesforce
SFADDR5865,SF1865,Shipping,45 Marine Dr,Opposite Mall,Delhi,Delhi,India,237400,CAMP010,West,2024-11-13 00:00:00,Salesforce
SFADDR5734,SF1734,Shipping,34 JM Road,Near Old Town,Surat,Gujarat,India,302033,CAMP042,South,2025-03-31 00:00:00,Salesforce
SFADDR5364,SF1364,Billing,44 Ashram Rd,Near Old Town,Pune,Maharashtra,India,545621,CAMP036,South,2026-01-15 00:00:00,Salesforce
SFADDR5258,SF1258,Billing,56 Chandni Chowk,Near Old Town,Jaipur,Rajasthan,India,141091,CAMP033,Central,2024-12-22 00:00:00,Salesforce
SFADDR5785,SF1785,Billing,77 Linking Rd,Near City Center,Delhi,Delhi,India,590169,CAMP027,North,2025-10-01 00:00:00,Salesforce
SFADDR5477,SF1477,Billing,56 Chandni Chowk,Near City Center,Surat,Gujarat,India,108556,CAMP011,East,2026-03-19 00:00:00,Salesforce
SFADDR5798,SF1798,Billing,44 Ashram Rd,Next to Market,Pune,Maharashtra,India,483203,CAMP040,South,2024-05-03 00:00:00,Salesforce
SFADDR5504,SF1504,Shipping,78 Connaught Pl,Above Central Bank,Hyderabad,Telangana,India,584484,CAMP046,South,2024-11-13 00:00:00,Salesforce
SFADDR5376,SF1376,Shipping,88 Worli Sea Face,Near City Center,Pune,Maharashtra,India,209172,CAMP032,North,2026-03-16 00:00:00,Salesforce
SFADDR5083,SF1083,Billing,88 Worli Sea Face,Next to Market,Surat,Gujarat,India,291282,CAMP024,East,2024-05-20 00:00:00,Salesforce
SFADDR5378,SF1378,Shipping,67 Law Garden Rd,Near City Center,Bangalore,Karnataka,India,269503,CAMP044,North,2025-07-08 00:00:00,Salesforce
SFADDR5827,SF1827,Shipping,12 Residency Rd,Opposite Mall,Pune,Maharashtra,India,653499,CAMP032,West,2026-01-15 00:00:00,Salesforce
SFADDR5928,SF1928,Billing,55 MI Rd,,Delhi,Delhi,India,129515,CAMP043,South,2024-11-04 00:00:00,Salesforce
SFADDR5155,SF1155,Billing,55 MI Rd,Next to Market,Mumbai,Maharashtra,India,492227,CAMP022,South,2025-12-05 00:00:00,Salesforce
SFADDR5840,SF1840,Shipping,77 Linking Rd,Near Metro Station,Chennai,Tamil Nadu,India,355705,CAMP020,South,2026-03-22 00:00:00,Salesforce
SFADDR5633,SF1633,Shipping,12 MG Rd,Near Old Town,Chennai,Tamil Nadu,India,483142,CAMP038,West,2024-05-15 00:00:00,Salesforce
SFADDR5204,SF1204,Billing,77 Linking Rd,Above Central Bank,Hyderabad,Telangana,India,755349,CAMP021,Central,2025-12-28 00:00:00,Salesforce
SFADDR5762,SF1762,Billing,23 Brigade Rd,Opposite Mall,Jaipur,Rajasthan,India,828896,CAMP011,North,2024-08-05 00:00:00,Salesforce
SFADDR5627,SF1627,Shipping,101 FC Rd,,Ahmedabad,Gujarat,India,872321,CAMP007,Central,2026-02-03 00:00:00,Salesforce
SFADDR5427,SF1427,Billing,88 Worli Sea Face,Opposite Mall,Jaipur,Rajasthan,India,737813,CAMP029,West,2024-11-19 00:00:00,Salesforce
SFADDR5637,SF1637,Billing,55 MI Rd,Above Central Bank,Kolkata,West Bengal,India,778150,CAMP035,West,2026-03-11 00:00:00,Salesforce
SFADDR5659,SF1659,Billing,23 Brigade Rd,Opposite Mall,Kolkata,West Bengal,India,129425,CAMP047,North,2024-06-20 00:00:00,Salesforce
SFADDR5497,SF1497,Shipping,78 Connaught Pl,,Chennai,Tamil Nadu,India,849125,CAMP031,East,2024-08-05 00:00:00,Salesforce
SFADDR5192,SF1192,Shipping,55 MI Rd,Above Central Bank,Delhi,Delhi,India,957858,CAMP022,East,2026-01-23 00:00:00,Salesforce
SFADDR5838,SF1838,Shipping,67 Law Garden Rd,Opposite Mall,Pune,Maharashtra,India,709790,CAMP020,South,2025-07-08 00:00:00,Salesforce
SFADDR5666,SF1666,Billing,56 Chandni Chowk,Near City Center,Jaipur,Rajasthan,India,872046,CAMP025,West,2025-07-30 00:00:00,Salesforce
SFADDR5480,SF1480,Shipping,88 Worli Sea Face,Next to Market,Hyderabad,Telangana,India,429731,CAMP020,South,2025-08-08 00:00:00,Salesforce
SFADDR5582,SF1582,Billing,101 FC Rd,Near Metro Station,Delhi,Delhi,India,618924,CAMP010,South,2024-11-08 00:00:00,Salesforce
SFADDR5293,SF1293,Shipping,88 Worli Sea Face,Near Old Town,Ahmedabad,Gujarat,India,956653,CAMP032,West,2025-09-25 00:00:00,Salesforce
SFADDR5286,SF1286,Billing,88 Worli Sea Face,Next to Market,Pune,Maharashtra,India,346417,CAMP015,Central,2024-09-01 00:00:00,Salesforce
SFADDR5810,SF1810,Billing,101 FC Rd,,Chennai,Tamil Nadu,India,409936,CAMP022,South,2026-02-10 00:00:00,Salesforce
SFADDR5239,SF1239,Billing,101 FC Rd,Near City Center,Pune,Maharashtra,India,484690,CAMP046,East,2024-04-21 00:00:00,Salesforce
SFADDR5831,SF1831,Shipping,44 Ashram Rd,Near Old Town,Pune,Maharashtra,India,984410,CAMP014,East,2024-02-03 00:00:00,Salesforce
SFADDR5397,SF1397,Shipping,34 JM Road,Near City Center,Chennai,Tamil Nadu,India,452114,CAMP008,West,2024-07-29 00:00:00,Salesforce
SFADDR5075,SF1075,Shipping,88 Worli Sea Face,Near City Center,Kolkata,West Bengal,India,703940,CAMP014,East,2025-06-09 00:00:00,Salesforce
SFADDR5488,SF1488,Shipping,44 Ashram Rd,,Jaipur,Rajasthan,India,833633,CAMP017,South,2024-04-30 00:00:00,Salesforce
SFADDR5523,SF1523,Shipping,88 Worli Sea Face,Above Central Bank,Jaipur,Rajasthan,India,617768,CAMP012,North,2024-12-21 00:00:00,Salesforce
SFADDR5727,SF1727,Billing,23 Brigade Rd,Near Metro Station,Chennai,Tamil Nadu,India,410397,CAMP036,West,2024-09-28 00:00:00,Salesforce
SFADDR5901,SF1901,Billing,12 Residency Rd,Opposite Mall,Hyderabad,Telangana,India,773893,CAMP035,West,2025-07-30 00:00:00,Salesforce
SFADDR5143,SF1143,Shipping,67 Law Garden Rd,Near Old Town,Kolkata,West Bengal,India,960305,CAMP012,West,2025-05-13 00:00:00,Salesforce
SFADDR5600,SF1600,Shipping,77 Linking Rd,Near City Center,Bangalore,Karnataka,India,866935,CAMP019,West,2025-01-23 00:00:00,Salesforce
SFADDR5309,SF1309,Shipping,12 Residency Rd,Opposite Mall,Surat,Gujarat,India,136644,CAMP013,East,2025-01-29 00:00:00,Salesforce
SFADDR5652,SF1652,Billing,67 Law Garden Rd,Near City Center,Chennai,Tamil Nadu,India,237271,CAMP021,Central,2024-07-28 00:00:00,Salesforce
SFADDR5114,SF1114,Shipping,88 Worli Sea Face,Near Metro Station,Kolkata,West Bengal,India,898230,CAMP012,North,2026-02-04 00:00:00,Salesforce
SFADDR5186,SF1186,Billing,45 Marine Dr,Near City Center,Ahmedabad,Gujarat,India,543366,CAMP048,East,2026-02-19 00:00:00,Salesforce
SFADDR5319,SF1319,Shipping,67 Law Garden Rd,Near Old Town,Chennai,Tamil Nadu,India,755694,CAMP050,West,2025-05-12 00:00:00,Salesforce
SFADDR5445,SF1445,Billing,34 JM Road,Near Old Town,Bangalore,Karnataka,India,677597,CAMP009,South,2024-07-26 00:00:00,Salesforce
SFADDR5164,SF1164,Billing,44 Ashram Rd,Near City Center,Kolkata,West Bengal,India,637882,CAMP042,North,2025-06-20 00:00:00,Salesforce
SFADDR5725,SF1725,Billing,23 Brigade Rd,,Pune,Maharashtra,India,214717,CAMP043,North,2026-02-21 00:00:00,Salesforce
SFADDR5039,SF1039,Billing,12 Residency Rd,Near Metro Station,Jaipur,Rajasthan,India,598945,CAMP027,South,2024-06-28 00:00:00,Salesforce
SFADDR5690,SF1690,Billing,44 Ashram Rd,Near City Center,Pune,Maharashtra,India,365484,CAMP026,North,2025-04-30 00:00:00,Salesforce
SFADDR5876,SF1876,Billing,101 FC Rd,Near Old Town,Kolkata,West Bengal,India,477391,CAMP037,Central,2024-10-13 00:00:00,Salesforce
SFADDR5644,SF1644,Billing,44 Ashram Rd,,Delhi,Delhi,India,868742,CAMP033,North,2025-10-01 00:00:00,Salesforce
SFADDR5084,SF1084,Shipping,77 Linking Rd,,Ahmedabad,Gujarat,India,466413,CAMP002,South,2024-07-11 00:00:00,Salesforce
SFADDR5355,SF1355,Shipping,55 MI Rd,Near Old Town,Delhi,Delhi,India,381668,CAMP043,Central,2026-02-11 00:00:00,Salesforce
SFADDR5235,SF1235,Shipping,44 Ashram Rd,Next to Market,Bangalore,Karnataka,India,909840,CAMP022,West,2024-12-02 00:00:00,Salesforce
SFADDR5140,SF1140,Shipping,101 FC Rd,Opposite Mall,Hyderabad,Telangana,India,757525,CAMP005,East,2024-10-18 00:00:00,Salesforce
SFADDR5268,SF1268,Billing,56 Chandni Chowk,,Bangalore,Karnataka,India,389707,CAMP036,Central,2024-01-19 00:00:00,Salesforce
SFADDR5740,SF1740,Shipping,12 Residency Rd,Opposite Mall,Surat,Gujarat,India,930056,CAMP040,East,2024-09-19 00:00:00,Salesforce
SFADDR5530,SF1530,Shipping,88 Worli Sea Face,Above Central Bank,Chennai,Tamil Nadu,India,288769,CAMP034,East,2024-10-18 00:00:00,Salesforce
SFADDR5721,SF1721,Shipping,88 Worli Sea Face,Near Metro Station,Delhi,Delhi,India,471688,CAMP004,North,2024-06-06 00:00:00,Salesforce
SFADDR5500,SF1500,Shipping,12 Residency Rd,Next to Market,Pune,Maharashtra,India,347705,CAMP040,Central,2024-11-06 00:00:00,Salesforce
SFADDR5661,SF1661,Billing,23 Brigade Rd,Near Metro Station,Surat,Gujarat,India,624635,CAMP049,North,2024-06-06 00:00:00,Salesforce
SFADDR5381,SF1381,Shipping,90 Karol Bagh Market,Opposite Mall,Hyderabad,Telangana,India,214915,CAMP007,West,2024-04-22 00:00:00,Salesforce
SFADDR5503,SF1503,Shipping,77 Linking Rd,Near Old Town,Hyderabad,Telangana,India,765426,CAMP027,South,2024-03-14 00:00:00,Salesforce
SFADDR5606,SF1606,Shipping,44 Ashram Rd,Above Central Bank,Mumbai,Maharashtra,India,446145,CAMP022,West,2025-04-10 00:00:00,Salesforce
SFADDR5544,SF1544,Shipping,56 Chandni Chowk,Next to Market,Bangalore,Karnataka,India,987918,CAMP026,South,2024-08-23 00:00:00,Salesforce
SFADDR5688,SF1688,Billing,67 Law Garden Rd,Near City Center,Delhi,Delhi,India,345472,CAMP023,North,2024-03-24 00:00:00,Salesforce
SFADDR5014,SF1014,Billing,55 MI Rd,Above Central Bank,Bangalore,Karnataka,India,884796,CAMP031,North,2024-03-21 00:00:00,Salesforce
SFADDR5274,SF1274,Billing,77 Linking Rd,Opposite Mall,Pune,Maharashtra,India,751205,CAMP049,West,2024-11-12 00:00:00,Salesforce
SFADDR5765,SF1765,Billing,67 Law Garden Rd,Near City Center,Kolkata,West Bengal,India,715993,CAMP016,East,2024-02-12 00:00:00,Salesforce
SFADDR5485,SF1485,Billing,78 Connaught Pl,Near Metro Station,Mumbai,Maharashtra,India,323852,CAMP042,East,2025-11-26 00:00:00,Salesforce
SFADDR5575,SF1575,Billing,77 Linking Rd,Above Central Bank,Surat,Gujarat,India,118764,CAMP049,West,2024-01-22 00:00:00,Salesforce
SFADDR5149,SF1149,Shipping,101 FC Rd,,Mumbai,Maharashtra,India,239082,CAMP005,East,2024-03-14 00:00:00,Salesforce
SFADDR5887,SF1887,Billing,77 Linking Rd,Near Old Town,Bangalore,Karnataka,India,543250,CAMP033,East,2025-07-21 00:00:00,Salesforce
SFADDR5047,SF1047,Shipping,77 Linking Rd,,Mumbai,Maharashtra,India,238038,CAMP013,East,2024-09-12 00:00:00,Salesforce
SFADDR5655,SF1655,Billing,44 Ashram Rd,Near Old Town,Chennai,Tamil Nadu,India,849382,CAMP036,North,2025-01-09 00:00:00,Salesforce
SFADDR5040,SF1040,Shipping,90 Karol Bagh Market,Opposite Mall,Chennai,Tamil Nadu,India,228109,CAMP046,East,2024-05-11 00:00:00,Salesforce
SFADDR5352,SF1352,Billing,12 MG Rd,Next to Market,Jaipur,Rajasthan,India,427350,CAMP014,East,2024-10-02 00:00:00,Salesforce
SFADDR5234,SF1234,Shipping,34 JM Road,Opposite Mall,Ahmedabad,Gujarat,India,808915,CAMP034,North,2025-10-26 00:00:00,Salesforce
SFADDR5546,SF1546,Shipping,34 JM Road,Near Old Town,Mumbai,Maharashtra,India,704441,CAMP012,Central,2024-11-05 00:00:00,Salesforce
SFADDR5086,SF1086,Shipping,34 JM Road,Near Old Town,Kolkata,West Bengal,India,801687,CAMP045,Central,2026-01-28 00:00:00,Salesforce
SFADDR5553,SF1553,Shipping,23 Brigade Rd,Near Metro Station,Jaipur,Rajasthan,India,429784,CAMP027,South,2024-10-06 00:00:00,Salesforce
SFADDR5343,SF1343,Shipping,34 JM Road,Next to Market,Jaipur,Rajasthan,India,194432,CAMP049,West,2025-07-17 00:00:00,Salesforce
SFADDR5726,SF1726,Billing,45 Marine Dr,Next to Market,Hyderabad,Telangana,India,583358,CAMP049,East,2024-11-11 00:00:00,Salesforce
SFADDR5506,SF1506,Shipping,44 Ashram Rd,Near Metro Station,Jaipur,Rajasthan,India,781778,CAMP003,North,2024-10-30 00:00:00,Salesforce
SFADDR5203,SF1203,Billing,77 Linking Rd,Next to Market,Hyderabad,Telangana,India,873209,CAMP050,East,2025-08-05 00:00:00,Salesforce
SFADDR5588,SF1588,Shipping,101 FC Rd,Near Metro Station,Kolkata,West Bengal,India,216315,CAMP016,South,2025-04-01 00:00:00,Salesforce
SFADDR5321,SF1321,Billing,55 MI Rd,Near Old Town,Ahmedabad,Gujarat,India,388844,CAMP036,West,2024-10-08 00:00:00,Salesforce
SFADDR5138,SF1138,Shipping,45 Marine Dr,Next to Market,Delhi,Delhi,India,462673,CAMP010,South,2025-11-14 00:00:00,Salesforce
SFADDR5034,SF1034,Billing,56 Chandni Chowk,Near City Center,Bangalore,Karnataka,India,394618,CAMP042,East,2026-02-19 00:00:00,Salesforce
SFADDR5049,SF1049,Billing,23 Brigade Rd,,Jaipur,Rajasthan,India,990358,CAMP009,South,2024-12-10 00:00:00,Salesforce
SFADDR5687,SF1687,Billing,67 Law Garden Rd,Opposite Mall,Kolkata,West Bengal,India,847761,CAMP026,North,2025-12-27 00:00:00,Salesforce
SFADDR5657,SF1657,Billing,90 Karol Bagh Market,Near Metro Station,Ahmedabad,Gujarat,India,301321,CAMP021,West,2024-05-13 00:00:00,Salesforce
SFADDR5024,SF1024,Shipping,34 JM Road,Opposite Mall,Jaipur,Rajasthan,India,934925,CAMP033,West,2024-12-12 00:00:00,Salesforce
SFADDR5946,SF1946,Shipping,12 Residency Rd,,Hyderabad,Telangana,India,248851,CAMP016,South,2024-11-21 00:00:00,Salesforce
SFADDR5163,SF1163,Shipping,77 Linking Rd,Near City Center,Pune,Maharashtra,India,951202,CAMP047,East,2025-09-30 00:00:00,Salesforce
SFADDR5677,SF1677,Shipping,23 Brigade Rd,Near Metro Station,Surat,Gujarat,India,446334,CAMP017,West,2025-04-25 00:00:00,Salesforce
SFADDR5190,SF1190,Billing,55 MI Rd,,Hyderabad,Telangana,India,233805,CAMP050,East,2025-04-23 00:00:00,Salesforce
SFADDR5815,SF1815,Billing,77 Linking Rd,Near Old Town,Mumbai,Maharashtra,India,554849,CAMP032,South,2024-12-09 00:00:00,Salesforce
SFADDR5916,SF1916,Shipping,34 JM Road,Near Metro Station,Surat,Gujarat,India,937548,CAMP038,South,2024-06-17 00:00:00,Salesforce
SFADDR5385,SF1385,Billing,55 MI Rd,Near Old Town,Kolkata,West Bengal,India,340394,CAMP045,South,2025-07-31 00:00:00,Salesforce
SFADDR5680,SF1680,Shipping,77 Linking Rd,Near Metro Station,Bangalore,Karnataka,India,523982,CAMP049,West,2025-09-28 00:00:00,Salesforce
SFADDR5845,SF1845,Shipping,45 Marine Dr,Near Metro Station,Chennai,Tamil Nadu,India,544671,CAMP031,East,2025-09-03 00:00:00,Salesforce
SFADDR5739,SF1739,Billing,45 Marine Dr,Near Old Town,Pune,Maharashtra,India,700162,CAMP025,East,2024-10-05 00:00:00,Salesforce
SFADDR5135,SF1135,Shipping,34 JM Road,Above Central Bank,Ahmedabad,Gujarat,India,560312,CAMP036,East,2025-02-07 00:00:00,Salesforce
SFADDR5336,SF1336,Billing,77 Linking Rd,Next to Market,Ahmedabad,Gujarat,India,698233,CAMP006,West,2025-04-05 00:00:00,Salesforce
SFADDR5507,SF1507,Shipping,56 Chandni Chowk,Near Metro Station,Jaipur,Rajasthan,India,355970,CAMP035,East,2024-11-25 00:00:00,Salesforce
SFADDR5105,SF1105,Shipping,12 MG Rd,Near City Center,Kolkata,West Bengal,India,720464,CAMP046,East,2024-01-26 00:00:00,Salesforce
SFADDR5207,SF1207,Billing,101 FC Rd,Near City Center,Chennai,Tamil Nadu,India,449501,CAMP002,South,2024-03-15 00:00:00,Salesforce
SFADDR5329,SF1329,Billing,34 JM Road,,Surat,Gujarat,India,479974,CAMP004,Central,2024-04-07 00:00:00,Salesforce
SFADDR5476,SF1476,Billing,78 Connaught Pl,Next to Market,Hyderabad,Telangana,India,910044,CAMP046,Central,2024-08-23 00:00:00,Salesforce
SFADDR5806,SF1806,Shipping,12 MG Rd,,Ahmedabad,Gujarat,India,705412,CAMP038,West,2024-07-16 00:00:00,Salesforce
SFADDR5632,SF1632,Billing,56 Chandni Chowk,Next to Market,Jaipur,Rajasthan,India,502346,CAMP015,Central,2024-06-11 00:00:00,Salesforce
SFADDR5871,SF1871,Shipping,34 JM Road,Above Central Bank,Ahmedabad,Gujarat,India,697209,CAMP037,West,2024-07-01 00:00:00,Salesforce
SFADDR5247,SF1247,Shipping,12 Residency Rd,Near City Center,Chennai,Tamil Nadu,India,476878,CAMP025,West,2024-04-12 00:00:00,Salesforce
SFADDR5780,SF1780,Shipping,101 FC Rd,,Hyderabad,Telangana,India,911581,CAMP046,West,2024-11-23 00:00:00,Salesforce
SFADDR5667,SF1667,Billing,23 Brigade Rd,Opposite Mall,Surat,Gujarat,India,952652,CAMP021,North,2025-09-30 00:00:00,Salesforce
SFADDR5227,SF1227,Billing,56 Chandni Chowk,Near Metro Station,Delhi,Delhi,India,381617,CAMP022,North,2024-04-28 00:00:00,Salesforce
SFADDR5369,SF1369,Shipping,90 Karol Bagh Market,,Jaipur,Rajasthan,India,321857,CAMP004,South,2025-05-16 00:00:00,Salesforce
SFADDR5377,SF1377,Billing,77 Linking Rd,Near City Center,Ahmedabad,Gujarat,India,443684,CAMP010,East,2025-01-25 00:00:00,Salesforce
SFADDR5098,SF1098,Billing,77 Linking Rd,Next to Market,Chennai,Tamil Nadu,India,804400,CAMP031,North,2025-04-11 00:00:00,Salesforce
SFADDR5180,SF1180,Shipping,45 Marine Dr,Near City Center,Hyderabad,Telangana,India,156564,CAMP049,North,2024-07-29 00:00:00,Salesforce
SFADDR5208,SF1208,Billing,23 Brigade Rd,Next to Market,Mumbai,Maharashtra,India,105630,CAMP044,North,2024-01-05 00:00:00,Salesforce
SFADDR5441,SF1441,Shipping,77 Linking Rd,Near Metro Station,Mumbai,Maharashtra,India,316339,CAMP039,South,2025-01-01 00:00:00,Salesforce
SFADDR5579,SF1579,Shipping,44 Ashram Rd,Above Central Bank,Jaipur,Rajasthan,India,428744,CAMP013,North,2025-09-16 00:00:00,Salesforce
SFADDR5744,SF1744,Billing,45 Marine Dr,Near Metro Station,Jaipur,Rajasthan,India,204147,CAMP001,North,2024-10-20 00:00:00,Salesforce
SFADDR5622,SF1622,Billing,88 Worli Sea Face,Near Metro Station,Pune,Maharashtra,India,669212,CAMP005,West,2025-08-15 00:00:00,Salesforce
SFADDR5853,SF1853,Shipping,90 Karol Bagh Market,Above Central Bank,Hyderabad,Telangana,India,874188,CAMP050,South,2025-06-05 00:00:00,Salesforce
SFADDR5317,SF1317,Shipping,67 Law Garden Rd,Above Central Bank,Delhi,Delhi,India,101509,CAMP005,Central,2024-03-30 00:00:00,Salesforce
SFADDR5248,SF1248,Billing,23 Brigade Rd,Near City Center,Mumbai,Maharashtra,India,235961,CAMP006,North,2025-05-07 00:00:00,Salesforce
SFADDR5825,SF1825,Billing,78 Connaught Pl,Next to Market,Bangalore,Karnataka,India,567607,CAMP017,West,2025-10-17 00:00:00,Salesforce
SFADDR5452,SF1452,Billing,67 Law Garden Rd,Above Central Bank,Ahmedabad,Gujarat,India,715436,CAMP027,East,2025-01-07 00:00:00,Salesforce
SFADDR5875,SF1875,Shipping,34 JM Road,,Ahmedabad,Gujarat,India,970553,CAMP025,East,2024-06-02 00:00:00,Salesforce
SFADDR5113,SF1113,Shipping,44 Ashram Rd,Near Old Town,Pune,Maharashtra,India,411129,CAMP020,West,2025-11-02 00:00:00,Salesforce
SFADDR5187,SF1187,Shipping,23 Brigade Rd,Near Metro Station,Ahmedabad,Gujarat,India,245328,CAMP018,South,2024-04-05 00:00:00,Salesforce
SFADDR5226,SF1226,Billing,12 MG Rd,Next to Market,Pune,Maharashtra,India,918302,CAMP050,South,2025-10-19 00:00:00,Salesforce
SFADDR5751,SF1751,Billing,12 MG Rd,,Surat,Gujarat,India,973680,CAMP025,East,2025-11-26 00:00:00,Salesforce
SFADDR5824,SF1824,Billing,78 Connaught Pl,Opposite Mall,Pune,Maharashtra,India,989932,CAMP050,South,2024-12-10 00:00:00,Salesforce
SFADDR5743,SF1743,Billing,34 JM Road,Next to Market,Hyderabad,Telangana,India,176368,CAMP016,West,2024-01-23 00:00:00,Salesforce
SFADDR5576,SF1576,Billing,101 FC Rd,Above Central Bank,Kolkata,West Bengal,India,642717,CAMP010,North,2025-11-30 00:00:00,Salesforce
SFADDR5032,SF1032,Shipping,12 Residency Rd,Near Old Town,Jaipur,Rajasthan,India,395999,CAMP019,South,2024-06-23 00:00:00,Salesforce
SFADDR5754,SF1754,Shipping,12 MG Rd,,Jaipur,Rajasthan,India,141756,CAMP020,Central,2024-07-19 00:00:00,Salesforce
SFADDR5103,SF1103,Billing,88 Worli Sea Face,Near City Center,Ahmedabad,Gujarat,India,943724,CAMP031,East,2024-12-12 00:00:00,Salesforce
SFADDR5062,SF1062,Shipping,45 Marine Dr,Above Central Bank,Mumbai,Maharashtra,India,190858,CAMP013,North,2024-08-07 00:00:00,Salesforce
SFADDR5647,SF1647,Shipping,78 Connaught Pl,Next to Market,Jaipur,Rajasthan,India,643890,CAMP032,Central,2024-06-27 00:00:00,Salesforce
SFADDR5432,SF1432,Shipping,67 Law Garden Rd,Near City Center,Jaipur,Rajasthan,India,543315,CAMP011,East,2024-05-28 00:00:00,Salesforce
SFADDR5668,SF1668,Billing,23 Brigade Rd,Above Central Bank,Delhi,Delhi,India,385019,CAMP040,West,2024-12-24 00:00:00,Salesforce
SFADDR5704,SF1704,Billing,67 Law Garden Rd,Next to Market,Pune,Maharashtra,India,840322,CAMP024,East,2024-03-25 00:00:00,Salesforce
SFADDR5821,SF1821,Shipping,12 MG Rd,Above Central Bank,Delhi,Delhi,India,462663,CAMP018,South,2024-08-22 00:00:00,Salesforce
SFADDR5616,SF1616,Billing,78 Connaught Pl,Above Central Bank,Pune,Maharashtra,India,698943,CAMP024,North,2026-03-24 00:00:00,Salesforce
SFADDR5808,SF1808,Shipping,67 Law Garden Rd,Next to Market,Bangalore,Karnataka,India,366498,CAMP049,West,2024-04-22 00:00:00,Salesforce
SFADDR5456,SF1456,Shipping,12 MG Rd,Opposite Mall,Ahmedabad,Gujarat,India,951934,CAMP044,North,2024-05-17 00:00:00,Salesforce
SFADDR5842,SF1842,Shipping,23 Brigade Rd,Near Metro Station,Mumbai,Maharashtra,India,409672,CAMP039,West,2025-04-12 00:00:00,Salesforce
SFADDR5259,SF1259,Shipping,23 Brigade Rd,Near City Center,Pune,Maharashtra,India,351655,CAMP006,Central,2026-02-11 00:00:00,Salesforce
SFADDR5006,SF1006,Shipping,90 Karol Bagh Market,,Surat,Gujarat,India,998742,CAMP035,East,2024-05-02 00:00:00,Salesforce
SFADDR5573,SF1573,Billing,34 JM Road,Above Central Bank,Jaipur,Rajasthan,India,407569,CAMP030,Central,2024-02-26 00:00:00,Salesforce
SFADDR5282,SF1282,Shipping,12 MG Rd,Near Old Town,Chennai,Tamil Nadu,India,410846,CAMP035,West,2025-01-15 00:00:00,Salesforce
SFADDR5232,SF1232,Shipping,23 Brigade Rd,Above Central Bank,Pune,Maharashtra,India,705969,CAMP006,East,2024-02-27 00:00:00,Salesforce
SFADDR5519,SF1519,Billing,78 Connaught Pl,Opposite Mall,Bangalore,Karnataka,India,332519,CAMP017,South,2025-03-18 00:00:00,Salesforce
SFADDR5927,SF1927,Billing,56 Chandni Chowk,Near City Center,Jaipur,Rajasthan,India,566234,CAMP050,Central,2025-12-21 00:00:00,Salesforce
SFADDR5604,SF1604,Shipping,77 Linking Rd,,Hyderabad,Telangana,India,571725,CAMP046,South,2025-04-02 00:00:00,Salesforce
SFADDR5465,SF1465,Billing,12 MG Rd,,Delhi,Delhi,India,521966,CAMP025,East,2024-08-21 00:00:00,Salesforce
SFADDR5747,SF1747,Shipping,56 Chandni Chowk,Near City Center,Ahmedabad,Gujarat,India,502409,CAMP010,South,2024-06-18 00:00:00,Salesforce
SFADDR5042,SF1042,Billing,88 Worli Sea Face,,Hyderabad,Telangana,India,531350,CAMP019,East,2026-01-01 00:00:00,Salesforce
SFADDR5272,SF1272,Shipping,55 MI Rd,Opposite Mall,Hyderabad,Telangana,India,495751,CAMP005,Central,2026-01-18 00:00:00,Salesforce
SFADDR5748,SF1748,Billing,56 Chandni Chowk,Above Central Bank,Surat,Gujarat,India,437888,CAMP018,East,2024-04-06 00:00:00,Salesforce
SFADDR5118,SF1118,Shipping,77 Linking Rd,Next to Market,Kolkata,West Bengal,India,539743,CAMP005,West,2024-01-20 00:00:00,Salesforce
SFADDR5046,SF1046,Billing,23 Brigade Rd,Opposite Mall,Mumbai,Maharashtra,India,651185,CAMP006,North,2024-02-24 00:00:00,Salesforce
SFADDR5172,SF1172,Shipping,78 Connaught Pl,Opposite Mall,Kolkata,West Bengal,India,380927,CAMP049,East,2025-02-02 00:00:00,Salesforce
SFADDR5645,SF1645,Billing,90 Karol Bagh Market,Above Central Bank,Pune,Maharashtra,India,257379,CAMP011,West,2024-09-21 00:00:00,Salesforce
SFADDR5117,SF1117,Billing,90 Karol Bagh Market,Near City Center,Hyderabad,Telangana,India,179678,CAMP045,Central,2025-09-17 00:00:00,Salesforce
SFADDR5446,SF1446,Billing,12 Residency Rd,Near Metro Station,Delhi,Delhi,India,440048,CAMP044,South,2024-02-14 00:00:00,Salesforce
SFADDR5262,SF1262,Billing,23 Brigade Rd,,Kolkata,West Bengal,India,504867,CAMP043,West,2024-03-29 00:00:00,Salesforce
SFADDR5102,SF1102,Shipping,44 Ashram Rd,Near Old Town,Delhi,Delhi,India,271815,CAMP029,West,2024-02-06 00:00:00,Salesforce
SFADDR5220,SF1220,Shipping,23 Brigade Rd,Next to Market,Jaipur,Rajasthan,India,497302,CAMP030,West,2026-03-02 00:00:00,Salesforce
SFADDR5900,SF1900,Billing,55 MI Rd,Near Old Town,Pune,Maharashtra,India,291972,CAMP007,North,2024-08-24 00:00:00,Salesforce
SFADDR5187,SF1187,Shipping,23 Brigade Rd,Near Metro Station,Ahmedabad,Gujarat,India,245328,CAMP018,South,2024-04-05 00:00:00,Salesforce
SFADDR5700,SF1700,Billing,12 MG Rd,Above Central Bank,Delhi,Delhi,India,574575,CAMP033,East,2024-10-27 00:00:00,Salesforce
SFADDR5194,SF1194,Shipping,88 Worli Sea Face,Near Old Town,Mumbai,Maharashtra,India,827046,CAMP027,Central,2025-05-13 00:00:00,Salesforce
SFADDR5560,SF1560,Billing,55 MI Rd,Near Old Town,Kolkata,West Bengal,India,917534,CAMP031,North,2025-06-05 00:00:00,Salesforce
SFADDR5078,SF1078,Shipping,77 Linking Rd,Near Old Town,Chennai,Tamil Nadu,India,826612,CAMP018,North,2025-11-27 00:00:00,Salesforce
SFADDR5334,SF1334,Billing,12 Residency Rd,,Kolkata,West Bengal,India,548380,CAMP012,South,2026-02-15 00:00:00,Salesforce
SFADDR5406,SF1406,Billing,12 Residency Rd,Opposite Mall,Jaipur,Rajasthan,India,746990,CAMP018,North,2025-06-21 00:00:00,Salesforce
SFADDR5287,SF1287,Shipping,88 Worli Sea Face,Opposite Mall,Jaipur,Rajasthan,India,824788,CAMP006,South,2025-03-20 00:00:00,Salesforce
SFADDR5761,SF1761,Billing,23 Brigade Rd,,Bangalore,Karnataka,India,932518,CAMP039,East,2026-01-27 00:00:00,Salesforce
SFADDR5797,SF1797,Billing,12 MG Rd,Above Central Bank,Pune,Maharashtra,India,210485,CAMP003,West,2026-03-11 00:00:00,Salesforce
SFADDR5189,SF1189,Billing,56 Chandni Chowk,Near City Center,Kolkata,West Bengal,India,276581,CAMP045,South,2024-01-22 00:00:00,Salesforce
SFADDR5880,SF1880,Billing,88 Worli Sea Face,Next to Market,Surat,Gujarat,India,144405,CAMP046,West,2024-05-29 00:00:00,Salesforce
SFADDR5218,SF1218,Billing,56 Chandni Chowk,Above Central Bank,Hyderabad,Telangana,India,804969,CAMP023,South,2024-10-08 00:00:00,Salesforce
SFADDR5067,SF1067,Billing,23 Brigade Rd,Next to Market,Kolkata,West Bengal,India,701980,CAMP026,Central,2024-05-23 00:00:00,Salesforce
SFADDR5379,SF1379,Billing,44 Ashram Rd,,Ahmedabad,Gujarat,India,918652,CAMP012,South,2025-10-23 00:00:00,Salesforce
SFADDR5609,SF1609,Billing,88 Worli Sea Face,Above Central Bank,Surat,Gujarat,India,614803,CAMP008,West,2025-05-14 00:00:00,Salesforce
SFADDR5461,SF1461,Shipping,12 MG Rd,Near Old Town,Pune,Maharashtra,India,208279,CAMP007,West,2024-05-05 00:00:00,Salesforce
SFADDR5157,SF1157,Shipping,23 Brigade Rd,Near Metro Station,Mumbai,Maharashtra,India,246353,CAMP001,South,2024-06-11 00:00:00,Salesforce
SFADDR5713,SF1713,Billing,34 JM Road,Near Metro Station,Surat,Gujarat,India,475028,CAMP019,Central,2024-11-28 00:00:00,Salesforce
SFADDR5897,SF1897,Shipping,44 Ashram Rd,Opposite Mall,Jaipur,Rajasthan,India,442439,CAMP025,East,2025-03-20 00:00:00,Salesforce
SFADDR5591,SF1591,Shipping,88 Worli Sea Face,Opposite Mall,Kolkata,West Bengal,India,909785,CAMP017,South,2024-06-28 00:00:00,Salesforce
SFADDR5692,SF1692,Billing,45 Marine Dr,Next to Market,Ahmedabad,Gujarat,India,268296,CAMP028,North,2024-02-04 00:00:00,Salesforce
SFADDR5691,SF1691,Shipping,101 FC Rd,Opposite Mall,Bangalore,Karnataka,India,803140,CAMP045,North,2025-05-13 00:00:00,Salesforce
SFADDR5837,SF1837,Billing,56 Chandni Chowk,Near Metro Station,Ahmedabad,Gujarat,India,725447,CAMP025,West,2025-05-24 00:00:00,Salesforce
SFADDR5508,SF1508,Shipping,44 Ashram Rd,Near Old Town,Ahmedabad,Gujarat,India,103463,CAMP006,South,2025-11-02 00:00:00,Salesforce
SFADDR5774,SF1774,Billing,55 MI Rd,Near City Center,Pune,Maharashtra,India,674103,CAMP029,North,2025-12-06 00:00:00,Salesforce
SFADDR5305,SF1305,Shipping,12 MG Rd,,Chennai,Tamil Nadu,India,166085,CAMP044,Central,2024-03-19 00:00:00,Salesforce
SFADDR5724,SF1724,Billing,77 Linking Rd,Near Metro Station,Chennai,Tamil Nadu,India,402649,CAMP009,Central,2026-02-09 00:00:00,Salesforce
SFADDR5558,SF1558,Shipping,90 Karol Bagh Market,Next to Market,Ahmedabad,Gujarat,India,201160,CAMP038,East,2024-05-12 00:00:00,Salesforce
SFADDR5195,SF1195,Billing,34 JM Road,,Pune,Maharashtra,India,236857,CAMP020,South,2025-01-31 00:00:00,Salesforce
SFADDR5384,SF1384,Billing,44 Ashram Rd,Near City Center,Mumbai,Maharashtra,India,703778,CAMP028,Central,2024-10-12 00:00:00,Salesforce
SFADDR5019,SF1019,Shipping,45 Marine Dr,,Surat,Gujarat,India,832681,CAMP008,South,2025-10-03 00:00:00,Salesforce
SFADDR5545,SF1545,Shipping,12 MG Rd,Near Old Town,Bangalore,Karnataka,India,772268,CAMP039,North,2024-11-08 00:00:00,Salesforce
SFADDR5654,SF1654,Billing,78 Connaught Pl,Near City Center,Surat,Gujarat,India,180428,CAMP012,North,2024-06-14 00:00:00,Salesforce
SFADDR5010,SF1010,Billing,55 MI Rd,Near Old Town,Chennai,Tamil Nadu,India,188740,CAMP049,North,2025-08-02 00:00:00,Salesforce
SFADDR5141,SF1141,Shipping,34 JM Road,Next to Market,Kolkata,West Bengal,India,562756,CAMP020,West,2025-02-21 00:00:00,Salesforce
SFADDR5913,SF1913,Billing,56 Chandni Chowk,Next to Market,Hyderabad,Telangana,India,173566,CAMP020,North,2024-10-17 00:00:00,Salesforce
SFADDR5161,SF1161,Billing,55 MI Rd,Above Central Bank,Hyderabad,Telangana,India,776534,CAMP014,South,2025-07-27 00:00:00,Salesforce
SFADDR5585,SF1585,Billing,34 JM Road,Near Metro Station,Kolkata,West Bengal,India,325039,CAMP044,South,2024-05-09 00:00:00,Salesforce
SFADDR5061,SF1061,Billing,101 FC Rd,Opposite Mall,Kolkata,West Bengal,India,477174,CAMP001,North,2024-09-21 00:00:00,Salesforce
SFADDR5674,SF1674,Billing,44 Ashram Rd,Near City Center,Delhi,Delhi,India,360566,CAMP046,North,2025-11-08 00:00:00,Salesforce
SFADDR5889,SF1889,Shipping,90 Karol Bagh Market,Next to Market,Delhi,Delhi,India,903437,CAMP022,South,2025-09-19 00:00:00,Salesforce
SFADDR5350,SF1350,Shipping,44 Ashram Rd,Near Metro Station,Mumbai,Maharashtra,India,646807,CAMP050,West,2025-07-08 00:00:00,Salesforce
SFADDR5565,SF1565,Shipping,90 Karol Bagh Market,Above Central Bank,Chennai,Tamil Nadu,India,237987,CAMP001,West,2026-03-04 00:00:00,Salesforce
SFADDR5795,SF1795,Billing,67 Law Garden Rd,Next to Market,Ahmedabad,Gujarat,India,678529,CAMP009,North,2025-09-11 00:00:00,Salesforce
SFADDR5413,SF1413,Billing,12 Residency Rd,Near City Center,Hyderabad,Telangana,India,209636,CAMP029,Central,2025-01-19 00:00:00,Salesforce
SFADDR5345,SF1345,Billing,67 Law Garden Rd,,Chennai,Tamil Nadu,India,519616,CAMP013,West,2024-05-13 00:00:00,Salesforce
SFADDR5362,SF1362,Shipping,23 Brigade Rd,Next to Market,Surat,Gujarat,India,273030,CAMP019,Central,2024-09-13 00:00:00,Salesforce
SFADDR5877,SF1877,Shipping,77 Linking Rd,Near City Center,Kolkata,West Bengal,India,795027,CAMP006,Central,2026-01-05 00:00:00,Salesforce
SFADDR5881,SF1881,Billing,101 FC Rd,Opposite Mall,Hyderabad,Telangana,India,246000,CAMP026,East,2025-12-30 00:00:00,Salesforce
SFADDR5759,SF1759,Shipping,101 FC Rd,Above Central Bank,Pune,Maharashtra,India,813190,CAMP048,South,2024-08-25 00:00:00,Salesforce
