transaction_id,customer_id,account_id,transaction_type,amount,currency,opportunity_id,opportunity_stage,campaign_id,transaction_date,source_system
SFTXN5473,SF1473,SFACC1473,Invoice,45629,USD,OPP0473,Negotiation,CAMP003,2024-05-07 00:00:00,Salesforce
SFTXN5170,SF1170,SFACC1170,Invoice,23002,USD,OPP0170,Closed Lost,CAMP049,2024-04-18 00:00:00,Salesforce
SFTXN5332,SF1332,SFACC1332,Payment,6372,USD,OPP0332,Qualification,CAMP001,2024-01-06 00:00:00,Salesforce
SFTXN5266,SF1266,SFACC1266,Order,4871,USD,OPP0266,Closed Won,CAMP027,2024-01-23 00:00:00,Salesforce
SFTXN5839,SF1839,SFACC1839,Order,44424,USD,OPP0839,Prospecting,CAMP014,2025-08-24 00:00:00,Salesforce
SFTXN5650,SF1650,SFACC1650,Refund,2306,USD,OPP0650,Closed Lost,CAMP016,2025-02-10 00:00:00,Salesforce
SFTXN5455,SF1455,SFACC1455,Payment,33099,USD,OPP0455,Proposal,CAMP011,2024-01-01 00:00:00,Salesforce
SFTXN5481,SF1481,SFACC1481,Order,32861,USD,OPP0481,Closed Lost,CAMP021,2025-01-19 00:00:00,Salesforce
SFTXN5847,SF1847,SFACC1847,Payment,9642,USD,OPP0847,Closed Won,CAMP023,2025-11-23 00:00:00,Salesforce
SFTXN5784,SF1784,SFACC1784,Payment,16874,USD,OPP0784,Qualification,CAMP017,2024-10-25 00:00:00,Salesforce
SFTXN5067,SF1067,SFACC1067,Payment,1070,USD,OPP0067,Closed Lost,CAMP050,2025-06-17 00:00:00,Salesforce
SFTXN5927,SF1927,SFACC1927,Credit,42107,USD,OPP0927,Proposal,CAMP021,2025-10-27 00:00:00,Salesforce
SFTXN5772,SF1772,SFACC1772,Invoice,17798,USD,OPP0772,Qualification,CAMP029,2024-10-07 00:00:00,Salesforce
SFTXN5566,SF1566,SFACC1566,Invoice,28410,USD,OPP0566,Prospecting,CAMP031,2025-01-15 00:00:00,Salesforce
SFTXN5359,SF1359,SFACC1359,Credit,44298,USD,OPP0359,Closed Lost,CAMP022,2024-06-26 00:00:00,Salesforce
SFTXN5680,SF1680,SFACC1680,Refund,14825,USD,OPP0680,Qualification,CAMP034,2024-11-25 00:00:00,Salesforce
SFTXN5910,SF1910,SFACC1910,Refund,532,USD,OPP0910,Closed Won,CAMP008,2024-01-19 00:00:00,Salesforce
SFTXN5036,SF1036,SFACC1036,Invoice,47059,USD,OPP0036,Negotiation,CAMP025,2025-08-06 00:00:00,Salesforce
SFTXN5211,SF1211,SFACC1211,Payment,24252,USD,OPP0211,Prospecting,CAMP019,2024-12-23 00:00:00,Salesforce
SFTXN5510,SF1510,SFACC1510,Credit,14860,USD,OPP0510,Proposal,CAMP019,2024-09-21 00:00:00,Salesforce
SFTXN5631,SF1631,SFACC1631,Order,20135,USD,OPP0631,Proposal,CAMP011,2025-08-10 00:00:00,Salesforce
SFTXN5245,SF1245,SFACC1245,Order,7474,USD,OPP0245,Negotiation,CAMP030,2024-03-29 00:00:00,Salesforce
SFTXN5423,SF1423,SFACC1423,Invoice,10874,USD,OPP0423,Prospecting,CAMP035,2025-08-13 00:00:00,Salesforce
SFTXN5131,SF1131,SFACC1131,Refund,41317,USD,OPP0131,Proposal,CAMP047,2024-08-25 00:00:00,Salesforce
SFTXN5558,SF1558,SFACC1558,Invoice,8853,USD,OPP0558,Closed Won,CAMP032,2026-01-31 00:00:00,Salesforce
SFTXN5901,SF1901,SFACC1901,Payment,47897,USD,OPP0901,Closed Won,CAMP022,2025-11-08 00:00:00,Salesforce
SFTXN5751,SF1751,SFACC1751,Order,14743,USD,OPP0751,Qualification,CAMP023,2024-01-20 00:00:00,Salesforce
SFTXN5677,SF1677,SFACC1677,Refund,8772,USD,OPP0677,Proposal,CAMP002,2025-06-04 00:00:00,Salesforce
SFTXN5042,SF1042,SFACC1042,Payment,24322,USD,OPP0042,Prospecting,CAMP011,2025-01-19 00:00:00,Salesforce
SFTXN5322,SF1322,SFACC1322,Refund,11028,USD,OPP0322,Qualification,CAMP049,2024-08-07 00:00:00,Salesforce
SFTXN5948,SF1948,SFACC1948,Credit,7929,USD,OPP0948,Proposal,CAMP020,2024-05-19 00:00:00,Salesforce
SFTXN5348,SF1348,SFACC1348,Order,11433,USD,OPP0348,Prospecting,CAMP049,2025-01-14 00:00:00,Salesforce
SFTXN5415,SF1415,SFACC1415,Order,40195,USD,OPP0415,Proposal,CAMP019,2024-05-06 00:00:00,Salesforce
SFTXN5379,SF1379,SFACC1379,Payment,45981,USD,OPP0379,Closed Won,CAMP037,2025-08-07 00:00:00,Salesforce
SFTXN5575,SF1575,SFACC1575,Refund,28056,USD,OPP0575,Closed Lost,CAMP044,2025-11-06 00:00:00,Salesforce
SFTXN5665,SF1665,SFACC1665,Order,10271,USD,OPP0665,Proposal,CAMP041,2025-06-06 00:00:00,Salesforce
SFTXN5833,SF1833,SFACC1833,Invoice,46959,USD,OPP0833,Negotiation,CAMP050,2025-04-11 00:00:00,Salesforce
SFTXN5936,SF1936,SFACC1936,Invoice,13788,USD,OPP0936,Proposal,CAMP001,2025-09-25 00:00:00,Salesforce
SFTXN5164,SF1164,SFACC1164,Payment,48352,USD,OPP0164,Prospecting,CAMP028,2025-06-22 00:00:00,Salesforce
SFTXN5536,SF1536,SFACC1536,Order,2084,USD,OPP0536,Qualification,CAMP001,2024-02-23 00:00:00,Salesforce
SFTXN5600,SF1600,SFACC1600,Invoice,37830,USD,OPP0600,Negotiation,CAMP042,2026-01-28 00:00:00,Salesforce
SFTXN5397,SF1397,SFACC1397,Invoice,23668,USD,OPP0397,Negotiation,CAMP015,2025-05-01 00:00:00,Salesforce
SFTXN5004,SF1004,SFACC1004,Invoice,9397,USD,OPP0004,Qualification,CAMP014,2025-11-13 00:00:00,Salesforce
SFTXN5385,SF1385,SFACC1385,Credit,29270,USD,OPP0385,Closed Lost,CAMP027,2026-03-22 00:00:00,Salesforce
SFTXN5229,SF1229,SFACC1229,Invoice,1127,USD,OPP0229,Proposal,CAMP042,2024-05-14 00:00:00,Salesforce
SFTXN5889,SF1889,SFACC1889,Refund,32800,USD,OPP0889,Closed Won,CAMP033,2025-08-20 00:00:00,Salesforce
SFTXN5775,SF1775,SFACC1775,Order,30536,USD,OPP0775,Closed Lost,CAMP005,2024-07-15 00:00:00,Salesforce
SFTXN5851,SF1851,SFACC1851,Order,24063,USD,OPP0851,Closed Won,CAMP043,2024-07-23 00:00:00,Salesforce
SFTXN5190,SF1190,SFACC1190,Refund,23288,USD,OPP0190,Proposal,CAMP010,2024-06-07 00:00:00,Salesforce
SFTXN5073,SF1073,SFACC1073,Invoice,37817,USD,OPP0073,Prospecting,CAMP013,2024-08-03 00:00:00,Salesforce
SFTXN5501,SF1501,SFACC1501,Invoice,43398,USD,OPP0501,Closed Lost,CAMP034,2024-05-23 00:00:00,Salesforce
SFTXN5567,SF1567,SFACC1567,Order,24519,USD,OPP0567,Proposal,CAMP006,2025-06-19 00:00:00,Salesforce
SFTXN5180,SF1180,SFACC1180,Credit,4096,USD,OPP0180,Closed Won,CAMP032,2025-12-24 00:00:00,Salesforce
SFTXN5169,SF1169,SFACC1169,Payment,13846,USD,OPP0169,Proposal,CAMP048,2025-07-02 00:00:00,Salesforce
SFTXN5163,SF1163,SFACC1163,Refund,5849,USD,OPP0163,Negotiation,CAMP045,2025-03-25 00:00:00,Salesforce
SFTXN5552,SF1552,SFACC1552,Credit,32805,USD,OPP0552,Closed Won,CAMP019,2025-09-16 00:00:00,Salesforce
SFTXN5243,SF1243,SFACC1243,Payment,26185,USD,OPP0243,Qualification,CAMP019,2025-05-15 00:00:00,Salesforce
SFTXN5750,SF1750,SFACC1750,Payment,41960,USD,OPP0750,Negotiation,CAMP022,2026-03-28 00:00:00,Salesforce
SFTXN5909,SF1909,SFACC1909,Payment,26783,USD,OPP0909,Closed Lost,CAMP007,2024-05-03 00:00:00,Salesforce
SFTXN5873,SF1873,SFACC1873,Credit,7426,USD,OPP0873,Closed Lost,CAMP023,2025-11-05 00:00:00,Salesforce
SFTXN5325,SF1325,SFACC1325,Order,21296,USD,OPP0325,Qualification,CAMP019,2025-10-05 00:00:00,Salesforce
SFTXN5923,SF1923,SFACC1923,Invoice,10457,USD,OPP0923,Closed Won,CAMP045,2026-02-05 00:00:00,Salesforce
SFTXN5048,SF1048,SFACC1048,Refund,15498,USD,OPP0048,Prospecting,CAMP027,2024-12-30 00:00:00,Salesforce
SFTXN5613,SF1613,SFACC1613,Refund,36997,USD,OPP0613,Closed Won,CAMP011,2025-10-13 00:00:00,Salesforce
SFTXN5360,SF1360,SFACC1360,Invoice,19940,USD,OPP0360,Closed Won,CAMP040,2024-09-27 00:00:00,Salesforce
SFTXN5813,SF1813,SFACC1813,Order,10048,USD,OPP0813,Proposal,CAMP034,2024-09-01 00:00:00,Salesforce
SFTXN5411,SF1411,SFACC1411,Credit,3332,USD,OPP0411,Proposal,CAMP011,2025-06-23 00:00:00,Salesforce
SFTXN5535,SF1535,SFACC1535,Refund,49503,USD,OPP0535,Prospecting,CAMP002,2025-10-31 00:00:00,Salesforce
SFTXN5732,SF1732,SFACC1732,Credit,1709,USD,OPP0732,Prospecting,CAMP018,2025-12-27 00:00:00,Salesforce
SFTXN5941,SF1941,SFACC1941,Payment,17887,USD,OPP0941,Proposal,CAMP005,2025-11-04 00:00:00,Salesforce
SFTXN5288,SF1288,SFACC1288,Order,12446,USD,OPP0288,Negotiation,CAMP040,2024-04-03 00:00:00,Salesforce
SFTXN5214,SF1214,SFACC1214,Order,40578,USD,OPP0214,Prospecting,CAMP001,2024-04-21 00:00:00,Salesforce
SFTXN5881,SF1881,SFACC1881,Credit,21446,USD,OPP0881,Closed Won,CAMP015,2024-06-04 00:00:00,Salesforce
SFTXN5808,SF1808,SFACC1808,Payment,15288,USD,OPP0808,Negotiation,CAMP018,2024-02-23 00:00:00,Salesforce
SFTXN5859,SF1859,SFACC1859,Order,7480,USD,OPP0859,Closed Lost,CAMP019,2024-08-17 00:00:00,Salesforce
SFTXN5344,SF1344,SFACC1344,Invoice,11455,USD,OPP0344,Closed Won,CAMP001,2024-02-21 00:00:00,Salesforce
SFTXN5683,SF1683,SFACC1683,Refund,10843,USD,OPP0683,Prospecting,CAMP035,2024-06-20 00:00:00,Salesforce
SFTXN5167,SF1167,SFACC1167,Payment,7256,USD,OPP0167,Closed Lost,CAMP042,2025-03-18 00:00:00,Salesforce
SFTXN5086,SF1086,SFACC1086,Invoice,31163,USD,OPP0086,Negotiation,CAMP024,2024-09-02 00:00:00,Salesforce
SFTXN5130,SF1130,SFACC1130,Payment,23252,USD,OPP0130,Proposal,CAMP043,2026-03-08 00:00:00,Salesforce
SFTXN5701,SF1701,SFACC1701,Credit,1690,USD,OPP0701,Closed Lost,CAMP048,2024-05-12 00:00:00,Salesforce
SFTXN5831,SF1831,SFACC1831,Credit,22664,USD,OPP0831,Proposal,CAMP046,2024-02-12 00:00:00,Salesforce
SFTXN5520,SF1520,SFACC1520,Refund,34869,USD,OPP0520,Prospecting,CAMP030,2025-08-11 00:00:00,Salesforce
SFTXN5217,SF1217,SFACC1217,Credit,2475,USD,OPP0217,Negotiation,CAMP047,2024-08-26 00:00:00,Salesforce
SFTXN5686,SF1686,SFACC1686,Payment,16271,USD,OPP0686,Negotiation,CAMP015,2025-09-15 00:00:00,Salesforce
SFTXN5697,SF1697,SFACC1697,Refund,20570,USD,OPP0697,Closed Won,CAMP010,2025-11-03 00:00:00,Salesforce
SFTXN5867,SF1867,SFACC1867,Payment,8427,USD,OPP0867,Closed Won,CAMP049,2024-05-05 00:00:00,Salesforce
SFTXN5442,SF1442,SFACC1442,Refund,15743,USD,OPP0442,Proposal,CAMP034,2025-02-13 00:00:00,Salesforce
SFTXN5032,SF1032,SFACC1032,Credit,43241,USD,OPP0032,Negotiation,CAMP045,2024-09-29 00:00:00,Salesforce
SFTXN5696,SF1696,SFACC1696,Credit,26993,USD,OPP0696,Closed Won,CAMP038,2025-12-04 00:00:00,Salesforce
SFTXN5025,SF1025,SFACC1025,Invoice,43131,USD,OPP0025,Proposal,CAMP041,2025-09-10 00:00:00,Salesforce
SFTXN5714,SF1714,SFACC1714,Invoice,42714,USD,OPP0714,Negotiation,CAMP042,2024-09-02 00:00:00,Salesforce
SFTXN5917,SF1917,SFACC1917,Payment,31854,USD,OPP0917,Prospecting,CAMP004,2024-11-22 00:00:00,Salesforce
SFTXN5504,SF1504,SFACC1504,Credit,46154,USD,OPP0504,Closed Lost,CAMP031,2025-05-04 00:00:00,Salesforce
SFTXN5396,SF1396,SFACC1396,Refund,19697,USD,OPP0396,Closed Won,CAMP025,2024-02-19 00:00:00,Salesforce
SFTXN5639,SF1639,SFACC1639,Refund,29446,USD,OPP0639,Qualification,CAMP008,2025-03-15 00:00:00,Salesforce
SFTXN5787,SF1787,SFACC1787,Order,27450,USD,OPP0787,Prospecting,CAMP041,2025-08-10 00:00:00,Salesforce
SFTXN5682,SF1682,SFACC1682,Refund,2119,USD,OPP0682,Qualification,CAMP046,2025-02-13 00:00:00,Salesforce
SFTXN5506,SF1506,SFACC1506,Credit,15494,USD,OPP0506,Qualification,CAMP036,2025-10-09 00:00:00,Salesforce
SFTXN5691,SF1691,SFACC1691,Invoice,14101,USD,OPP0691,Negotiation,CAMP038,2024-03-16 00:00:00,Salesforce
SFTXN5337,SF1337,SFACC1337,Order,24473,USD,OPP0337,Negotiation,CAMP038,2025-04-22 00:00:00,Salesforce
SFTXN5828,SF1828,SFACC1828,Refund,25315,USD,OPP0828,Closed Lost,CAMP008,2024-09-11 00:00:00,Salesforce
SFTXN5738,SF1738,SFACC1738,Credit,39376,USD,OPP0738,Closed Won,CAMP027,2024-05-15 00:00:00,Salesforce
SFTXN5841,SF1841,SFACC1841,Order,3812,USD,OPP0841,Closed Won,CAMP012,2025-07-26 00:00:00,Salesforce
SFTXN5431,SF1431,SFACC1431,Payment,44181,USD,OPP0431,Negotiation,CAMP025,2025-11-15 00:00:00,Salesforce
SFTXN5100,SF1100,SFACC1100,Invoice,31972,USD,OPP0100,Prospecting,CAMP048,2024-04-07 00:00:00,Salesforce
SFTXN5611,SF1611,SFACC1611,Payment,30956,USD,OPP0611,Closed Won,CAMP007,2025-11-04 00:00:00,Salesforce
SFTXN5654,SF1654,SFACC1654,Invoice,45275,USD,OPP0654,Negotiation,CAMP023,2024-11-13 00:00:00,Salesforce
SFTXN5707,SF1707,SFACC1707,Order,39391,USD,OPP0707,Closed Won,CAMP009,2024-03-01 00:00:00,Salesforce
SFTXN5883,SF1883,SFACC1883,Order,22457,USD,OPP0883,Closed Lost,CAMP021,2024-10-01 00:00:00,Salesforce
SFTXN5135,SF1135,SFACC1135,Invoice,9361,USD,OPP0135,Closed Won,CAMP015,2026-02-20 00:00:00,Salesforce
SFTXN5716,SF1716,SFACC1716,Credit,34938,USD,OPP0716,Prospecting,CAMP014,2024-05-21 00:00:00,Salesforce
SFTXN5374,SF1374,SFACC1374,Payment,6385,USD,OPP0374,Prospecting,CAMP009,2025-04-20 00:00:00,Salesforce
SFTXN5239,SF1239,SFACC1239,Invoice,23919,USD,OPP0239,Proposal,CAMP014,2024-03-13 00:00:00,Salesforce
SFTXN5287,SF1287,SFACC1287,Order,8686,USD,OPP0287,Negotiation,CAMP025,2025-01-29 00:00:00,Salesforce
SFTXN5869,SF1869,SFACC1869,Credit,7863,USD,OPP0869,Proposal,CAMP006,2025-11-04 00:00:00,Salesforce
SFTXN5931,SF1931,SFACC1931,Order,22565,USD,OPP0931,Qualification,CAMP041,2025-11-27 00:00:00,Salesforce
SFTXN5533,SF1533,SFACC1533,Payment,21017,USD,OPP0533,Prospecting,CAMP008,2024-12-07 00:00:00,Salesforce
SFTXN5447,SF1447,SFACC1447,Payment,5182,USD,OPP0447,Qualification,CAMP031,2024-01-17 00:00:00,Salesforce
SFTXN5687,SF1687,SFACC1687,Refund,35825,USD,OPP0687,Negotiation,CAMP042,2025-08-31 00:00:00,Salesforce
SFTXN5326,SF1326,SFACC1326,Invoice,24186,USD,OPP0326,Negotiation,CAMP031,2026-03-16 00:00:00,Salesforce
SFTXN5053,SF1053,SFACC1053,Order,13638,USD,OPP0053,Negotiation,CAMP031,2025-05-06 00:00:00,Salesforce
SFTXN5171,SF1171,SFACC1171,Order,3595,USD,OPP0171,Negotiation,CAMP043,2025-04-27 00:00:00,Salesforce
SFTXN5700,SF1700,SFACC1700,Order,36293,USD,OPP0700,Closed Lost,CAMP016,2025-11-18 00:00:00,Salesforce
SFTXN5350,SF1350,SFACC1350,Order,46424,USD,OPP0350,Closed Won,CAMP035,2025-08-02 00:00:00,Salesforce
SFTXN5207,SF1207,SFACC1207,Order,45019,USD,OPP0207,Qualification,CAMP007,2025-12-24 00:00:00,Salesforce
SFTXN5512,SF1512,SFACC1512,Refund,22725,USD,OPP0512,Proposal,CAMP019,2025-01-05 00:00:00,Salesforce
SFTXN5796,SF1796,SFACC1796,Payment,49152,USD,OPP0796,Closed Won,CAMP026,2024-02-14 00:00:00,Salesforce
SFTXN5678,SF1678,SFACC1678,Invoice,37171,USD,OPP0678,Qualification,CAMP014,2025-10-09 00:00:00,Salesforce
SFTXN5646,SF1646,SFACC1646,Refund,7496,USD,OPP0646,Negotiation,CAMP047,2025-07-01 00:00:00,Salesforce
SFTXN5006,SF1006,SFACC1006,Invoice,13529,USD,OPP0006,Closed Lost,CAMP032,2026-01-08 00:00:00,Salesforce
SFTXN5882,SF1882,SFACC1882,Credit,24124,USD,OPP0882,Proposal,CAMP018,2026-01-12 00:00:00,Salesforce
SFTXN5128,SF1128,SFACC1128,Credit,12084,USD,OPP0128,Prospecting,CAMP009,2025-08-15 00:00:00,Salesforce
SFTXN5641,SF1641,SFACC1641,Invoice,21500,USD,OPP0641,Closed Won,CAMP022,2024-07-19 00:00:00,Salesforce
SFTXN5201,SF1201,SFACC1201,Refund,26695,USD,OPP0201,Proposal,CAMP035,2024-10-10 00:00:00,Salesforce
SFTXN5490,SF1490,SFACC1490,Invoice,8342,USD,OPP0490,Closed Won,CAMP034,2024-08-03 00:00:00,Salesforce
SFTXN5427,SF1427,SFACC1427,Invoice,44320,USD,OPP0427,Closed Won,CAMP036,2024-02-15 00:00:00,Salesforce
SFTXN5148,SF1148,SFACC1148,Order,12605,USD,OPP0148,Qualification,CAMP027,2024-11-02 00:00:00,Salesforce
SFTXN5843,SF1843,SFACC1843,Credit,32026,USD,OPP0843,Closed Won,CAMP007,2024-12-08 00:00:00,Salesforce
SFTXN5290,SF1290,SFACC1290,Order,41127,USD,OPP0290,Closed Won,CAMP043,2025-01-10 00:00:00,Salesforce
SFTXN5766,SF1766,SFACC1766,Refund,42796,USD,OPP0766,Prospecting,CAMP026,2024-05-02 00:00:00,Salesforce
SFTXN5664,SF1664,SFACC1664,Order,15339,USD,OPP0664,Qualification,CAMP046,2024-07-19 00:00:00,Salesforce
SFTXN5392,SF1392,SFACC1392,Credit,1878,USD,OPP0392,Closed Won,CAMP021,2025-04-12 00:00:00,Salesforce
SFTXN5476,SF1476,SFACC1476,Order,19266,USD,OPP0476,Closed Lost,CAMP021,2026-01-14 00:00:00,Salesforce
SFTXN5291,SF1291,SFACC1291,Refund,39955,USD,OPP0291,Prospecting,CAMP001,2024-08-22 00:00:00,Salesforce
SFTXN5378,SF1378,SFACC1378,Payment,28524,USD,OPP0378,Closed Lost,CAMP027,2024-01-08 00:00:00,Salesforce
SFTXN5388,SF1388,SFACC1388,Credit,33230,USD,OPP0388,Closed Lost,CAMP020,2024-02-03 00:00:00,Salesforce
SFTXN5354,SF1354,SFACC1354,Credit,47941,USD,OPP0354,Prospecting,CAMP020,2025-11-22 00:00:00,Salesforce
SFTXN5605,SF1605,SFACC1605,Credit,40173,USD,OPP0605,Negotiation,CAMP026,2024-04-02 00:00:00,Salesforce
SFTXN5421,SF1421,SFACC1421,Credit,33632,USD,OPP0421,Qualification,CAMP005,2024-10-02 00:00:00,Salesforce
SFTXN5900,SF1900,SFACC1900,Order,14399,USD,OPP0900,Proposal,CAMP009,2024-03-09 00:00:00,Salesforce
SFTXN5435,SF1435,SFACC1435,Order,16656,USD,OPP0435,Closed Lost,CAMP050,2025-07-31 00:00:00,Salesforce
SFTXN5120,SF1120,SFACC1120,Payment,27780,USD,OPP0120,Proposal,CAMP036,2024-06-11 00:00:00,Salesforce
SFTXN5478,SF1478,SFACC1478,Credit,46316,USD,OPP0478,Closed Lost,CAMP018,2025-05-06 00:00:00,Salesforce
SFTXN5739,SF1739,SFACC1739,Invoice,1768,USD,OPP0739,Negotiation,CAMP035,2025-03-05 00:00:00,Salesforce
SFTXN5730,SF1730,SFACC1730,Payment,27974,USD,OPP0730,Negotiation,CAMP010,2024-02-01 00:00:00,Salesforce
SFTXN5168,SF1168,SFACC1168,Order,1638,USD,OPP0168,Closed Won,CAMP001,2024-09-17 00:00:00,Salesforce
SFTXN5693,SF1693,SFACC1693,Credit,14107,USD,OPP0693,Prospecting,CAMP004,2025-12-09 00:00:00,Salesforce
SFTXN5734,SF1734,SFACC1734,Invoice,31151,USD,OPP0734,Qualification,CAMP012,2024-02-20 00:00:00,Salesforce
SFTXN5668,SF1668,SFACC1668,Credit,7240,USD,OPP0668,Proposal,CAMP039,2025-01-24 00:00:00,Salesforce
SFTXN5113,SF1113,SFACC1113,Payment,48159,USD,OPP0113,Proposal,CAMP047,2024-06-23 00:00:00,Salesforce
SFTXN5072,SF1072,SFACC1072,Credit,33247,USD,OPP0072,Proposal,CAMP020,2024-01-27 00:00:00,Salesforce
SFTXN5384,SF1384,SFACC1384,Credit,29587,USD,OPP0384,Closed Lost,CAMP026,2024-04-03 00:00:00,Salesforce
SFTXN5419,SF1419,SFACC1419,Refund,28552,USD,OPP0419,Proposal,CAMP022,2024-12-10 00:00:00,Salesforce
SFTXN5230,SF1230,SFACC1230,Order,18487,USD,OPP0230,Proposal,CAMP014,2025-06-04 00:00:00,Salesforce
SFTXN5084,SF1084,SFACC1084,Payment,2012,USD,OPP0084,Negotiation,CAMP031,2024-08-26 00:00:00,Salesforce
SFTXN5249,SF1249,SFACC1249,Payment,26895,USD,OPP0249,Closed Lost,CAMP020,2026-03-10 00:00:00,Salesforce
SFTXN5359,SF1359,SFACC1359,Credit,44298,USD,OPP0359,Closed Lost,CAMP022,2024-06-26 00:00:00,Salesforce
SFTXN5264,SF1264,SFACC1264,Refund,18484,USD,OPP0264,Negotiation,CAMP006,2026-01-08 00:00:00,Salesforce
SFTXN5369,SF1369,SFACC1369,Invoice,2215,USD,OPP0369,Proposal,CAMP020,2024-11-17 00:00:00,Salesforce
SFTXN5800,SF1800,SFACC1800,Invoice,39291,USD,OPP0800,Prospecting,CAMP048,2024-06-28 00:00:00,Salesforce
SFTXN5692,SF1692,SFACC1692,Credit,22517,USD,OPP0692,Negotiation,CAMP007,2025-05-02 00:00:00,Salesforce
SFTXN5460,SF1460,SFACC1460,Credit,1013,USD,OPP0460,Negotiation,CAMP035,2025-07-25 00:00:00,Salesforce
SFTXN5390,SF1390,SFACC1390,Refund,22311,USD,OPP0390,Closed Lost,CAMP047,2024-01-19 00:00:00,Salesforce
SFTXN5197,SF1197,SFACC1197,Order,36314,USD,OPP0197,Proposal,CAMP044,2024-02-08 00:00:00,Salesforce
SFTXN5007,SF1007,SFACC1007,Payment,21381,USD,OPP0007,Qualification,CAMP028,2025-12-19 00:00:00,Salesforce
SFTXN5723,SF1723,SFACC1723,Invoice,49772,USD,OPP0723,Proposal,CAMP003,2025-11-30 00:00:00,Salesforce
SFTXN5656,SF1656,SFACC1656,Credit,45325,USD,OPP0656,Prospecting,CAMP008,2024-11-22 00:00:00,Salesforce
SFTXN5556,SF1556,SFACC1556,Invoice,30415,USD,OPP0556,Proposal,CAMP014,2024-12-09 00:00:00,Salesforce
SFTXN5330,SF1330,SFACC1330,Invoice,32527,USD,OPP0330,Closed Won,CAMP049,2024-02-09 00:00:00,Salesforce
SFTXN5727,SF1727,SFACC1727,Payment,38230,USD,OPP0727,Closed Lost,CAMP002,2025-04-02 00:00:00,Salesforce
SFTXN5486,SF1486,SFACC1486,Payment,44707,USD,OPP0486,Prospecting,CAMP007,2025-05-11 00:00:00,Salesforce
SFTXN5891,SF1891,SFACC1891,Credit,27604,USD,OPP0891,Negotiation,CAMP019,2024-08-11 00:00:00,Salesforce
SFTXN5233,SF1233,SFACC1233,Invoice,36484,USD,OPP0233,Negotiation,CAMP041,2025-06-10 00:00:00,Salesforce
SFTXN5571,SF1571,SFACC1571,Order,14660,USD,OPP0571,Closed Won,CAMP038,2025-08-04 00:00:00,Salesforce
SFTXN5208,SF1208,SFACC1208,Credit,31789,USD,OPP0208,Negotiation,CAMP008,2025-05-04 00:00:00,Salesforce
SFTXN5690,SF1690,SFACC1690,Credit,11368,USD,OPP0690,Qualification,CAMP038,2025-06-11 00:00:00,Salesforce
SFTXN5711,SF1711,SFACC1711,Refund,42549,USD,OPP0711,Prospecting,CAMP007,2025-01-16 00:00:00,Salesforce
SFTXN5116,SF1116,SFACC1116,Credit,7644,USD,OPP0116,Prospecting,CAMP041,2026-01-21 00:00:00,Salesforce
SFTXN5451,SF1451,SFACC1451,Order,28774,USD,OPP0451,Closed Lost,CAMP003,2026-03-07 00:00:00,Salesforce
SFTXN5765,SF1765,SFACC1765,Invoice,29655,USD,OPP0765,Closed Lost,CAMP043,2026-01-18 00:00:00,Salesforce
SFTXN5584,SF1584,SFACC1584,Credit,48974,USD,OPP0584,Negotiation,CAMP048,2025-11-24 00:00:00,Salesforce
SFTXN5144,SF1144,SFACC1144,Credit,17009,USD,OPP0144,Negotiation,CAMP043,2025-04-22 00:00:00,Salesforce
SFTXN5037,SF1037,SFACC1037,Credit,13125,USD,OPP0037,Prospecting,CAMP003,2024-11-23 00:00:00,Salesforce
SFTXN5410,SF1410,SFACC1410,Credit,30713,USD,OPP0410,Closed Won,CAMP047,2025-02-16 00:00:00,Salesforce
SFTXN5253,SF1253,SFACC1253,Order,13035,USD,OPP0253,Negotiation,CAMP007,2025-06-03 00:00:00,Salesforce
SFTXN5443,SF1443,SFACC1443,Order,21630,USD,OPP0443,Closed Lost,CAMP028,2024-11-23 00:00:00,Salesforce
SFTXN5649,SF1649,SFACC1649,Order,49901,USD,OPP0649,Closed Lost,CAMP003,2024-06-22 00:00:00,Salesforce
SFTXN5851,SF1851,SFACC1851,Order,24063,USD,OPP0851,Closed Won,CAMP043,2024-07-23 00:00:00,Salesforce
SFTXN5835,SF1835,SFACC1835,Order,10798,USD,OPP0835,Negotiation,CAMP048,2024-01-02 00:00:00,Salesforce
SFTXN5806,SF1806,SFACC1806,Invoice,48638,USD,OPP0806,Proposal,CAMP014,2025-08-13 00:00:00,Salesforce
SFTXN5141,SF1141,SFACC1141,Order,14698,USD,OPP0141,Prospecting,CAMP050,2026-03-10 00:00:00,Salesforce
SFTXN5449,SF1449,SFACC1449,Invoice,3883,USD,OPP0449,Prospecting,CAMP018,2024-03-08 00:00:00,Salesforce
SFTXN5450,SF1450,SFACC1450,Order,33684,USD,OPP0450,Qualification,CAMP025,2025-10-08 00:00:00,Salesforce
SFTXN5395,SF1395,SFACC1395,Refund,23803,USD,OPP0395,Qualification,CAMP004,2025-04-09 00:00:00,Salesforce
SFTXN5166,SF1166,SFACC1166,Credit,37534,USD,OPP0166,Closed Won,CAMP026,2024-05-01 00:00:00,Salesforce
SFTXN5194,SF1194,SFACC1194,Order,26159,USD,OPP0194,Prospecting,CAMP039,2024-12-13 00:00:00,Salesforce
SFTXN5432,SF1432,SFACC1432,Refund,7132,USD,OPP0432,Negotiation,CAMP042,2025-01-08 00:00:00,Salesforce
SFTXN5300,SF1300,SFACC1300,Payment,16700,USD,OPP0300,Negotiation,CAMP039,2024-05-28 00:00:00,Salesforce
SFTXN5347,SF1347,SFACC1347,Payment,45439,USD,OPP0347,Closed Won,CAMP010,2024-05-22 00:00:00,Salesforce
SFTXN5929,SF1929,SFACC1929,Payment,12319,USD,OPP0929,Negotiation,CAMP045,2024-11-17 00:00:00,Salesforce
SFTXN5760,SF1760,SFACC1760,Payment,47819,USD,OPP0760,Closed Lost,CAMP022,2025-12-09 00:00:00,Salesforce
SFTXN5079,SF1079,SFACC1079,Invoice,40696,USD,OPP0079,Closed Won,CAMP033,2025-03-10 00:00:00,Salesforce
SFTXN5471,SF1471,SFACC1471,Invoice,23021,USD,OPP0471,Closed Won,CAMP014,2024-06-04 00:00:00,Salesforce
SFTXN5794,SF1794,SFACC1794,Invoice,18039,USD,OPP0794,Prospecting,CAMP003,2025-02-02 00:00:00,Salesforce
SFTXN5837,SF1837,SFACC1837,Refund,12990,USD,OPP0837,Closed Lost,CAMP002,2026-02-28 00:00:00,Salesforce
SFTXN5038,SF1038,SFACC1038,Payment,29733,USD,OPP0038,Negotiation,CAMP018,2026-03-20 00:00:00,Salesforce
SFTXN5767,SF1767,SFACC1767,Credit,33594,USD,OPP0767,Negotiation,CAMP035,2026-01-15 00:00:00,Salesforce
SFTXN5188,SF1188,SFACC1188,Invoice,44270,USD,OPP0188,Prospecting,CAMP011,2026-02-07 00:00:00,Salesforce
SFTXN5065,SF1065,SFACC1065,Order,49918,USD,OPP0065,Negotiation,CAMP009,2026-01-10 00:00:00,Salesforce
SFTXN5173,SF1173,SFACC1173,Order,16644,USD,OPP0173,Closed Lost,CAMP044,2024-09-28 00:00:00,Salesforce
SFTXN5157,SF1157,SFACC1157,Order,9189,USD,OPP0157,Qualification,CAMP031,2026-01-17 00:00:00,Salesforce
SFTXN5014,SF1014,SFACC1014,Invoice,37996,USD,OPP0014,Negotiation,CAMP047,2026-01-24 00:00:00,Salesforce
SFTXN5343,SF1343,SFACC1343,Payment,41933,USD,OPP0343,Prospecting,CAMP007,2024-07-01 00:00:00,Salesforce
SFTXN5046,SF1046,SFACC1046,Credit,45765,USD,OPP0046,Prospecting,CAMP036,2025-02-07 00:00:00,Salesforce
SFTXN5698,SF1698,SFACC1698,Credit,30214,USD,OPP0698,Proposal,CAMP042,2025-07-03 00:00:00,Salesforce
SFTXN5673,SF1673,SFACC1673,Payment,11498,USD,OPP0673,Proposal,CAMP008,2025-06-20 00:00:00,Salesforce
SFTXN5689,SF1689,SFACC1689,Payment,16214,USD,OPP0689,Closed Won,CAMP047,2025-02-22 00:00:00,Salesforce
SFTXN5320,SF1320,SFACC1320,Payment,48405,USD,OPP0320,Closed Lost,CAMP004,2026-02-01 00:00:00,Salesforce
SFTXN5255,SF1255,SFACC1255,Refund,46390,USD,OPP0255,Closed Won,CAMP037,2024-06-01 00:00:00,Salesforce
SFTXN5352,SF1352,SFACC1352,Credit,46666,USD,OPP0352,Qualification,CAMP022,2025-02-09 00:00:00,Salesforce
SFTXN5568,SF1568,SFACC1568,Credit,43154,USD,OPP0568,Qualification,CAMP046,2024-07-01 00:00:00,Salesforce
SFTXN5737,SF1737,SFACC1737,Payment,5403,USD,OPP0737,Negotiation,CAMP019,2025-11-09 00:00:00,Salesforce
SFTXN5850,SF1850,SFACC1850,Payment,43943,USD,OPP0850,Proposal,CAMP011,2024-06-28 00:00:00,Salesforce
SFTXN5648,SF1648,SFACC1648,Payment,1641,USD,OPP0648,Prospecting,CAMP020,2025-07-20 00:00:00,Salesforce
SFTXN5324,SF1324,SFACC1324,Order,30912,USD,OPP0324,Qualification,CAMP033,2025-01-17 00:00:00,Salesforce
SFTXN5315,SF1315,SFACC1315,Payment,19636,USD,OPP0315,Closed Lost,CAMP014,2026-01-27 00:00:00,Salesforce
SFTXN5578,SF1578,SFACC1578,Payment,43004,USD,OPP0578,Closed Lost,CAMP009,2026-02-19 00:00:00,Salesforce
SFTXN5186,SF1186,SFACC1186,Payment,9066,USD,OPP0186,Prospecting,CAMP025,2024-06-03 00:00:00,Salesforce
SFTXN5464,SF1464,SFACC1464,Refund,15140,USD,OPP0464,Closed Lost,CAMP018,2024-12-23 00:00:00,Salesforce
SFTXN5425,SF1425,SFACC1425,Invoice,3562,USD,OPP0425,Proposal,CAMP043,2025-06-07 00:00:00,Salesforce
SFTXN5755,SF1755,SFACC1755,Credit,26253,USD,OPP0755,Prospecting,CAMP016,2024-02-07 00:00:00,Salesforce
SFTXN5434,SF1434,SFACC1434,Refund,46343,USD,OPP0434,Proposal,CAMP034,2025-01-20 00:00:00,Salesforce
SFTXN5225,SF1225,SFACC1225,Invoice,16897,USD,OPP0225,Proposal,CAMP026,2025-11-17 00:00:00,Salesforce
SFTXN5615,SF1615,SFACC1615,Order,44371,USD,OPP0615,Proposal,CAMP007,2024-01-30 00:00:00,Salesforce
SFTXN5517,SF1517,SFACC1517,Payment,14430,USD,OPP0517,Closed Won,CAMP010,2025-03-14 00:00:00,Salesforce
SFTXN5278,SF1278,SFACC1278,Credit,49068,USD,OPP0278,Qualification,CAMP048,2025-12-04 00:00:00,Salesforce
SFTXN5852,SF1852,SFACC1852,Invoice,46944,USD,OPP0852,Closed Won,CAMP015,2025-04-25 00:00:00,Salesforce
SFTXN5081,SF1081,SFACC1081,Order,21665,USD,OPP0081,Closed Won,CAMP016,2026-03-31 00:00:00,Salesforce
SFTXN5381,SF1381,SFACC1381,Refund,18347,USD,OPP0381,Negotiation,CAMP024,2025-02-07 00:00:00,Salesforce
SFTXN5011,SF1011,SFACC1011,Payment,21095,USD,OPP0011,Closed Won,CAMP025,2024-07-10 00:00:00,Salesforce
SFTXN5779,SF1779,SFACC1779,Credit,15649,USD,OPP0779,Negotiation,CAMP006,2025-04-17 00:00:00,Salesforce
SFTXN5672,SF1672,SFACC1672,Credit,38953,USD,OPP0672,Qualification,CAMP039,2025-12-12 00:00:00,Salesforce
SFTXN5226,SF1226,SFACC1226,Credit,19129,USD,OPP0226,Closed Lost,CAMP014,2025-09-20 00:00:00,Salesforce
SFTXN5477,SF1477,SFACC1477,Credit,34223,USD,OPP0477,Proposal,CAMP044,2025-11-01 00:00:00,Salesforce
SFTXN5485,SF1485,SFACC1485,Payment,22474,USD,OPP0485,Negotiation,CAMP001,2024-01-13 00:00:00,Salesforce
SFTXN5645,SF1645,SFACC1645,Refund,10648,USD,OPP0645,Proposal,CAMP037,2024-12-22 00:00:00,Salesforce
SFTXN5175,SF1175,SFACC1175,Refund,42224,USD,OPP0175,Qualification,CAMP018,2024-03-30 00:00:00,Salesforce
SFTXN5622,SF1622,SFACC1622,Order,24462,USD,OPP0622,Negotiation,CAMP027,2024-08-29 00:00:00,Salesforce
SFTXN5104,SF1104,SFACC1104,Payment,20672,USD,OPP0104,Proposal,CAMP027,2025-12-28 00:00:00,Salesforce
SFTXN5908,SF1908,SFACC1908,Refund,702,USD,OPP0908,Prospecting,CAMP037,2025-12-03 00:00:00,Salesforce
SFTXN5424,SF1424,SFACC1424,Invoice,7442,USD,OPP0424,Closed Lost,CAMP024,2025-12-03 00:00:00,Salesforce
SFTXN5333,SF1333,SFACC1333,Refund,12886,USD,OPP0333,Proposal,CAMP003,2025-08-29 00:00:00,Salesforce
SFTXN5943,SF1943,SFACC1943,Order,25540,USD,OPP0943,Qualification,CAMP010,2025-10-02 00:00:00,Salesforce
SFTXN5885,SF1885,SFACC1885,Credit,12436,USD,OPP0885,Negotiation,CAMP002,2024-01-11 00:00:00,Salesforce
SFTXN5017,SF1017,SFACC1017,Order,767,USD,OPP0017,Proposal,CAMP007,2024-12-27 00:00:00,Salesforce
SFTXN5152,SF1152,SFACC1152,Refund,17915,USD,OPP0152,Negotiation,CAMP020,2024-01-06 00:00:00,Salesforce
SFTXN5122,SF1122,SFACC1122,Payment,35526,USD,OPP0122,Proposal,CAMP023,2025-08-26 00:00:00,Salesforce
SFTXN5693,SF1693,SFACC1693,Credit,14107,USD,OPP0693,Prospecting,CAMP004,2025-12-09 00:00:00,Salesforce
SFTXN5319,SF1319,SFACC1319,Credit,45907,USD,OPP0319,Closed Lost,CAMP039,2025-12-28 00:00:00,Salesforce
SFTXN5342,SF1342,SFACC1342,Invoice,1123,USD,OPP0342,Qualification,CAMP014,2025-12-09 00:00:00,Salesforce
SFTXN5417,SF1417,SFACC1417,Invoice,26995,USD,OPP0417,Closed Won,CAMP025,2025-04-18 00:00:00,Salesforce
SFTXN5743,SF1743,SFACC1743,Credit,12495,USD,OPP0743,Closed Lost,CAMP004,2024-05-18 00:00:00,Salesforce
SFTXN5522,SF1522,SFACC1522,Invoice,7641,USD,OPP0522,Proposal,CAMP028,2025-08-19 00:00:00,Salesforce
SFTXN5080,SF1080,SFACC1080,Refund,46535,USD,OPP0080,Qualification,CAMP008,2025-06-13 00:00:00,Salesforce
SFTXN5454,SF1454,SFACC1454,Payment,42692,USD,OPP0454,Negotiation,CAMP032,2024-01-21 00:00:00,Salesforce
SFTXN5056,SF1056,SFACC1056,Invoice,3338,USD,OPP0056,Closed Lost,CAMP035,2025-03-09 00:00:00,Salesforce
SFTXN5351,SF1351,SFACC1351,Payment,3730,USD,OPP0351,Negotiation,CAMP027,2025-01-16 00:00:00,Salesforce
SFTXN5565,SF1565,SFACC1565,Refund,37743,USD,OPP0565,Qualification,CAMP022,2025-12-15 00:00:00,Salesforce
SFTXN5156,SF1156,SFACC1156,Order,18694,USD,OPP0156,Negotiation,CAMP033,2025-04-01 00:00:00,Salesforce
SFTXN5578,SF1578,SFACC1578,Payment,43004,USD,OPP0578,Closed Lost,CAMP009,2026-02-19 00:00:00,Salesforce
SFTXN5718,SF1718,SFACC1718,Credit,27130,USD,OPP0718,Negotiation,CAMP025,2024-07-01 00:00:00,Salesforce
SFTXN5617,SF1617,SFACC1617,Refund,15969,USD,OPP0617,Prospecting,CAMP033,2025-07-07 00:00:00,Salesforce
SFTXN5838,SF1838,SFACC1838,Invoice,34541,USD,OPP0838,Qualification,CAMP004,2024-02-25 00:00:00,Salesforce
SFTXN5758,SF1758,SFACC1758,Credit,42508,USD,OPP0758,Negotiation,CAMP015,2024-05-15 00:00:00,Salesforce
SFTXN5040,SF1040,SFACC1040,Payment,9801,USD,OPP0040,Closed Lost,CAMP036,2024-07-01 00:00:00,Salesforce
SFTXN5280,SF1280,SFACC1280,Refund,33728,USD,OPP0280,Proposal,CAMP037,2025-03-29 00:00:00,Salesforce
SFTXN5136,SF1136,SFACC1136,Credit,26569,USD,OPP0136,Qualification,CAMP037,2025-10-27 00:00:00,Salesforce
SFTXN5679,SF1679,SFACC1679,Order,2526,USD,OPP0679,Closed Lost,CAMP037,2024-07-06 00:00:00,Salesforce
SFTXN5829,SF1829,SFACC1829,Order,41940,USD,OPP0829,Closed Lost,CAMP036,2026-02-27 00:00:00,Salesforce
SFTXN5304,SF1304,SFACC1304,Invoice,40682,USD,OPP0304,Negotiation,CAMP007,2024-08-10 00:00:00,Salesforce
SFTXN5821,SF1821,SFACC1821,Credit,4930,USD,OPP0821,Closed Won,CAMP043,2025-04-17 00:00:00,Salesforce
SFTXN5906,SF1906,SFACC1906,Invoice,28514,USD,OPP0906,Closed Lost,CAMP024,2024-11-04 00:00:00,Salesforce
SFTXN5518,SF1518,SFACC1518,Refund,35156,USD,OPP0518,Qualification,CAMP036,2024-06-11 00:00:00,Salesforce
SFTXN5592,SF1592,SFACC1592,Invoice,22535,USD,OPP0592,Proposal,CAMP033,2024-05-24 00:00:00,Salesforce
SFTXN5549,SF1549,SFACC1549,Invoice,45413,USD,OPP0549,Closed Won,CAMP016,2025-02-16 00:00:00,Salesforce
SFTXN5531,SF1531,SFACC1531,Invoice,35347,USD,OPP0531,Negotiation,CAMP035,2025-06-22 00:00:00,Salesforce
SFTXN5412,SF1412,SFACC1412,Credit,32610,USD,OPP0412,Closed Won,CAMP044,2025-09-02 00:00:00,Salesforce
SFTXN5357,SF1357,SFACC1357,Order,32187,USD,OPP0357,Closed Lost,CAMP020,2024-09-25 00:00:00,Salesforce
SFTXN5555,SF1555,SFACC1555,Payment,46860,USD,OPP0555,Closed Won,CAMP002,2025-04-19 00:00:00,Salesforce
SFTXN5355,SF1355,SFACC1355,Payment,8949,USD,OPP0355,Closed Lost,CAMP036,2025-02-05 00:00:00,Salesforce
SFTXN5209,SF1209,SFACC1209,Payment,13634,USD,OPP0209,Qualification,CAMP027,2024-11-06 00:00:00,Salesforce
SFTXN5663,SF1663,SFACC1663,Order,19068,USD,OPP0663,Proposal,CAMP017,2024-12-27 00:00:00,Salesforce
SFTXN5190,SF1190,SFACC1190,Refund,23288,USD,OPP0190,Proposal,CAMP010,2024-06-07 00:00:00,Salesforce
SFTXN5182,SF1182,SFACC1182,Invoice,48020,USD,OPP0182,Negotiation,CAMP002,2024-01-26 00:00:00,Salesforce
SFTXN5150,SF1150,SFACC1150,Payment,3711,USD,OPP0150,Negotiation,CAMP037,2025-02-12 00:00:00,Salesforce
SFTXN5107,SF1107,SFACC1107,Credit,27898,USD,OPP0107,Prospecting,CAMP020,2024-11-18 00:00:00,Salesforce
SFTXN5007,SF1007,SFACC1007,Payment,21381,USD,OPP0007,Qualification,CAMP028,2025-12-19 00:00:00,Salesforce
SFTXN5831,SF1831,SFACC1831,Credit,22664,USD,OPP0831,Proposal,CAMP046,2024-02-12 00:00:00,Salesforce
SFTXN5643,SF1643,SFACC1643,Refund,9624,USD,OPP0643,Closed Won,CAMP048,2025-11-23 00:00:00,Salesforce
SFTXN5009,SF1009,SFACC1009,Refund,46688,USD,OPP0009,Proposal,CAMP007,2024-06-25 00:00:00,Salesforce
SFTXN5601,SF1601,SFACC1601,Payment,37257,USD,OPP0601,Prospecting,CAMP021,2025-04-12 00:00:00,Salesforce
SFTXN5242,SF1242,SFACC1242,Order,20089,USD,OPP0242,Closed Won,CAMP034,2024-07-24 00:00:00,Salesforce
SFTXN5398,SF1398,SFACC1398,Credit,6580,USD,OPP0398,Prospecting,CAMP045,2025-11-07 00:00:00,Salesforce
SFTXN5544,SF1544,SFACC1544,Invoice,33535,USD,OPP0544,Prospecting,CAMP019,2026-02-09 00:00:00,Salesforce
SFTXN5619,SF1619,SFACC1619,Credit,6525,USD,OPP0619,Qualification,CAMP047,2025-05-11 00:00:00,Salesforce
SFTXN5338,SF1338,SFACC1338,Refund,27146,USD,OPP0338,Proposal,CAMP009,2024-07-25 00:00:00,Salesforce
SFTXN5792,SF1792,SFACC1792,Order,1297,USD,OPP0792,Qualification,CAMP014,2024-06-23 00:00:00,Salesforce
SFTXN5051,SF1051,SFACC1051,Invoice,20953,USD,OPP0051,Prospecting,CAMP031,2025-03-03 00:00:00,Salesforce
SFTXN5628,SF1628,SFACC1628,Payment,32685,USD,OPP0628,Negotiation,CAMP025,2025-08-19 00:00:00,Salesforce
SFTXN5259,SF1259,SFACC1259,Credit,41652,USD,OPP0259,Closed Won,CAMP006,2025-11-25 00:00:00,Salesforce
SFTXN5087,SF1087,SFACC1087,Invoice,23525,USD,OPP0087,Closed Won,CAMP043,2025-12-11 00:00:00,Salesforce
SFTXN5311,SF1311,SFACC1311,Payment,31182,USD,OPP0311,Prospecting,CAMP042,2025-11-07 00:00:00,Salesforce
SFTXN5306,SF1306,SFACC1306,Credit,11544,USD,OPP0306,Proposal,CAMP004,2025-07-05 00:00:00,Salesforce
SFTXN5898,SF1898,SFACC1898,Order,21953,USD,OPP0898,Qualification,CAMP039,2026-02-03 00:00:00,Salesforce
SFTXN5098,SF1098,SFACC1098,Credit,39661,USD,OPP0098,Qualification,CAMP026,2026-02-05 00:00:00,Salesforce
SFTXN5050,SF1050,SFACC1050,Order,19888,USD,OPP0050,Closed Lost,CAMP001,2026-02-06 00:00:00,Salesforce
SFTXN5183,SF1183,SFACC1183,Invoice,28260,USD,OPP0183,Closed Lost,CAMP047,2025-03-25 00:00:00,Salesforce
SFTXN5642,SF1642,SFACC1642,Payment,24062,USD,OPP0642,Proposal,CAMP030,2025-09-18 00:00:00,Salesforce
SFTXN5276,SF1276,SFACC1276,Refund,29033,USD,OPP0276,Qualification,CAMP006,2025-07-31 00:00:00,Salesforce
SFTXN5596,SF1596,SFACC1596,Order,45500,USD,OPP0596,Proposal,CAMP028,2025-01-14 00:00:00,Salesforce
SFTXN5094,SF1094,SFACC1094,Refund,49508,USD,OPP0094,Prospecting,CAMP043,2024-06-29 00:00:00,Salesforce
SFTXN5780,SF1780,SFACC1780,Payment,39685,USD,OPP0780,Prospecting,CAMP033,2025-06-09 00:00:00,Salesforce
SFTXN5928,SF1928,SFACC1928,Credit,37737,USD,OPP0928,Prospecting,CAMP022,2024-06-30 00:00:00,Salesforce
SFTXN5608,SF1608,SFACC1608,Refund,28328,USD,OPP0608,Closed Lost,CAMP042,2025-10-27 00:00:00,Salesforce
SFTXN5227,SF1227,SFACC1227,Refund,19539,USD,OPP0227,Qualification,CAMP010,2024-11-28 00:00:00,Salesforce
SFTXN5439,SF1439,SFACC1439,Order,1135,USD,OPP0439,Closed Lost,CAMP049,2025-03-15 00:00:00,Salesforce
SFTXN5895,SF1895,SFACC1895,Payment,37889,USD,OPP0895,Closed Lost,CAMP026,2025-12-09 00:00:00,Salesforce
SFTXN5943,SF1943,SFACC1943,Order,25540,USD,OPP0943,Qualification,CAMP010,2025-10-02 00:00:00,Salesforce
SFTXN5832,SF1832,SFACC1832,Order,11718,USD,OPP0832,Qualification,CAMP001,2025-12-24 00:00:00,Salesforce
SFTXN5810,SF1810,SFACC1810,Payment,49875,USD,OPP0810,Closed Won,CAMP003,2025-07-03 00:00:00,Salesforce
SFTXN5932,SF1932,SFACC1932,Refund,17297,USD,OPP0932,Proposal,CAMP050,2024-08-14 00:00:00,Salesforce
SFTXN5484,SF1484,SFACC1484,Payment,22022,USD,OPP0484,Closed Lost,CAMP002,2024-03-29 00:00:00,Salesforce
SFTXN5626,SF1626,SFACC1626,Credit,45436,USD,OPP0626,Qualification,CAMP034,2024-04-13 00:00:00,Salesforce
SFTXN5582,SF1582,SFACC1582,Invoice,6268,USD,OPP0582,Qualification,CAMP036,2025-09-27 00:00:00,Salesforce
SFTXN5817,SF1817,SFACC1817,Credit,49131,USD,OPP0817,Proposal,CAMP018,2024-04-30 00:00:00,Salesforce
SFTXN5663,SF1663,SFACC1663,Order,19068,USD,OPP0663,Proposal,CAMP017,2024-12-27 00:00:00,Salesforce
SFTXN5236,SF1236,SFACC1236,Credit,19357,USD,OPP0236,Qualification,CAMP027,2024-04-10 00:00:00,Salesforce
SFTXN5888,SF1888,SFACC1888,Payment,19973,USD,OPP0888,Negotiation,CAMP027,2024-02-08 00:00:00,Salesforce
SFTXN5414,SF1414,SFACC1414,Refund,45793,USD,OPP0414,Qualification,CAMP045,2024-10-30 00:00:00,Salesforce
SFTXN5912,SF1912,SFACC1912,Payment,20443,USD,OPP0912,Closed Lost,CAMP035,2025-02-17 00:00:00,Salesforce
SFTXN5270,SF1270,SFACC1270,Order,45405,USD,OPP0270,Negotiation,CAMP028,2025-04-07 00:00:00,Salesforce
SFTXN5271,SF1271,SFACC1271,Order,15665,USD,OPP0271,Proposal,CAMP043,2025-04-20 00:00:00,Salesforce
SFTXN5507,SF1507,SFACC1507,Credit,22488,USD,OPP0507,Qualification,CAMP020,2025-08-23 00:00:00,Salesforce
SFTXN5106,SF1106,SFACC1106,Order,18738,USD,OPP0106,Qualification,CAMP015,2025-12-16 00:00:00,Salesforce
SFTXN5746,SF1746,SFACC1746,Refund,17718,USD,OPP0746,Negotiation,CAMP029,2026-02-12 00:00:00,Salesforce
SFTXN5263,SF1263,SFACC1263,Payment,32678,USD,OPP0263,Closed Won,CAMP028,2024-06-01 00:00:00,Salesforce
SFTXN5003,SF1003,SFACC1003,Order,46587,USD,OPP0003,Qualification,CAMP041,2024-01-05 00:00:00,Salesforce
SFTXN5382,SF1382,SFACC1382,Invoice,41847,USD,OPP0382,Closed Won,CAMP010,2025-01-15 00:00:00,Salesforce
SFTXN5199,SF1199,SFACC1199,Invoice,43346,USD,OPP0199,Closed Lost,CAMP023,2024-03-09 00:00:00,Salesforce
SFTXN5585,SF1585,SFACC1585,Order,23252,USD,OPP0585,Proposal,CAMP009,2024-07-23 00:00:00,Salesforce
SFTXN5391,SF1391,SFACC1391,Order,48767,USD,OPP0391,Closed Lost,CAMP016,2024-03-06 00:00:00,Salesforce
SFTXN5722,SF1722,SFACC1722,Refund,23100,USD,OPP0722,Closed Lost,CAMP025,2025-05-12 00:00:00,Salesforce
SFTXN5788,SF1788,SFACC1788,Invoice,10249,USD,OPP0788,Closed Won,CAMP040,2024-07-12 00:00:00,Salesforce
SFTXN5191,SF1191,SFACC1191,Order,21054,USD,OPP0191,Qualification,CAMP035,2024-10-20 00:00:00,Salesforce
SFTXN5704,SF1704,SFACC1704,Refund,7036,USD,OPP0704,Closed Lost,CAMP025,2025-12-20 00:00:00,Salesforce
SFTXN5010,SF1010,SFACC1010,Order,26416,USD,OPP0010,Qualification,CAMP033,2024-06-18 00:00:00,Salesforce
SFTXN5282,SF1282,SFACC1282,Invoice,24192,USD,OPP0282,Negotiation,CAMP021,2024-05-02 00:00:00,Salesforce
SFTXN5323,SF1323,SFACC1323,Refund,38829,USD,OPP0323,Qualification,CAMP024,2024-04-12 00:00:00,Salesforce
SFTXN5440,SF1440,SFACC1440,Order,13190,USD,OPP0440,Prospecting,CAMP032,2026-03-08 00:00:00,Salesforce
SFTXN5071,SF1071,SFACC1071,Invoice,21495,USD,OPP0071,Closed Lost,CAMP049,2024-05-16 00:00:00,Salesforce
SFTXN5851,SF1851,SFACC1851,Order,24063,USD,OPP0851,Closed Won,CAMP043,2024-07-23 00:00:00,Salesforce
SFTXN5041,SF1041,SFACC1041,Credit,6422,USD,OPP0041,Closed Won,CAMP013,2024-06-07 00:00:00,Salesforce
SFTXN5234,SF1234,SFACC1234,Invoice,9453,USD,OPP0234,Negotiation,CAMP030,2024-06-26 00:00:00,Salesforce
SFTXN5725,SF1725,SFACC1725,Payment,32867,USD,OPP0725,Closed Lost,CAMP044,2025-12-05 00:00:00,Salesforce
SFTXN5862,SF1862,SFACC1862,Refund,30591,USD,OPP0862,Closed Lost,CAMP003,2024-09-17 00:00:00,Salesforce
SFTXN5777,SF1777,SFACC1777,Refund,29420,USD,OPP0777,Closed Lost,CAMP049,2024-04-25 00:00:00,Salesforce
SFTXN5503,SF1503,SFACC1503,Refund,12890,USD,OPP0503,Prospecting,CAMP033,2024-08-28 00:00:00,Salesforce
SFTXN5946,SF1946,SFACC1946,Invoice,1448,USD,OPP0946,Prospecting,CAMP049,2026-01-07 00:00:00,Salesforce
SFTXN5495,SF1495,SFACC1495,Invoice,21792,USD,OPP0495,Qualification,CAMP024,2024-08-30 00:00:00,Salesforce
SFTXN5475,SF1475,SFACC1475,Order,42372,USD,OPP0475,Negotiation,CAMP028,2024-06-04 00:00:00,Salesforce
SFTXN5235,SF1235,SFACC1235,Invoice,23012,USD,OPP0235,Negotiation,CAMP007,2024-03-06 00:00:00,Salesforce
SFTXN5309,SF1309,SFACC1309,Credit,48438,USD,OPP0309,Qualification,CAMP035,2025-06-21 00:00:00,Salesforce
SFTXN5185,SF1185,SFACC1185,Refund,5324,USD,OPP0185,Closed Won,CAMP037,2025-10-12 00:00:00,Salesforce
SFTXN5172,SF1172,SFACC1172,Order,47819,USD,OPP0172,Negotiation,CAMP041,2025-03-18 00:00:00,Salesforce
SFTXN5035,SF1035,SFACC1035,Credit,27476,USD,OPP0035,Closed Won,CAMP001,2024-04-15 00:00:00,Salesforce
SFTXN5030,SF1030,SFACC1030,Refund,43624,USD,OPP0030,Negotiation,CAMP038,2025-08-18 00:00:00,Salesforce
SFTXN5257,SF1257,SFACC1257,Credit,3283,USD,OPP0257,Negotiation,CAMP029,2025-07-08 00:00:00,Salesforce
SFTXN5505,SF1505,SFACC1505,Invoice,43565,USD,OPP0505,Proposal,CAMP008,2025-07-08 00:00:00,Salesforce
SFTXN5940,SF1940,SFACC1940,Credit,27481,USD,OPP0940,Negotiation,CAMP027,2025-07-08 00:00:00,Salesforce
SFTXN5647,SF1647,SFACC1647,Credit,37337,USD,OPP0647,Qualification,CAMP032,2025-11-16 00:00:00,Salesforce
SFTXN5075,SF1075,SFACC1075,Invoice,38922,USD,OPP0075,Qualification,CAMP008,2025-07-30 00:00:00,Salesforce
SFTXN5551,SF1551,SFACC1551,Credit,33619,USD,OPP0551,Proposal,CAMP050,2024-09-14 00:00:00,Salesforce
SFTXN5494,SF1494,SFACC1494,Payment,38070,USD,OPP0494,Proposal,CAMP011,2024-12-21 00:00:00,Salesforce
SFTXN5547,SF1547,SFACC1547,Credit,8148,USD,OPP0547,Qualification,CAMP033,2025-07-25 00:00:00,Salesforce
SFTXN5156,SF1156,SFACC1156,Order,18694,USD,OPP0156,Negotiation,CAMP033,2025-04-01 00:00:00,Salesforce
SFTXN5034,SF1034,SFACC1034,Invoice,35112,USD,OPP0034,Closed Won,CAMP042,2025-07-30 00:00:00,Salesforce
SFTXN5297,SF1297,SFACC1297,Order,6063,USD,OPP0297,Proposal,CAMP048,2026-01-27 00:00:00,Salesforce
SFTXN5632,SF1632,SFACC1632,Refund,43502,USD,OPP0632,Prospecting,CAMP030,2025-11-10 00:00:00,Salesforce
SFTXN5015,SF1015,SFACC1015,Order,39643,USD,OPP0015,Closed Won,CAMP025,2025-12-15 00:00:00,Salesforce
SFTXN5801,SF1801,SFACC1801,Refund,26784,USD,OPP0801,Closed Won,CAMP046,2025-09-13 00:00:00,Salesforce
SFTXN5902,SF1902,SFACC1902,Refund,22698,USD,OPP0902,Prospecting,CAMP029,2024-09-30 00:00:00,Salesforce
SFTXN5045,SF1045,SFACC1045,Refund,12639,USD,OPP0045,Prospecting,CAMP016,2025-03-20 00:00:00,Salesforce
SFTXN5559,SF1559,SFACC1559,Payment,46543,USD,OPP0559,Qualification,CAMP050,2024-10-23 00:00:00,Salesforce
SFTXN5314,SF1314,SFACC1314,Payment,43369,USD,OPP0314,Proposal,CAMP013,2024-05-24 00:00:00,Salesforce
SFTXN5063,SF1063,SFACC1063,Refund,1338,USD,OPP0063,Closed Lost,CAMP042,2024-12-21 00:00:00,Salesforce
SFTXN5368,SF1368,SFACC1368,Refund,29569,USD,OPP0368,Closed Won,CAMP041,2024-12-06 00:00:00,Salesforce
SFTXN5876,SF1876,SFACC1876,Order,34697,USD,OPP0876,Prospecting,CAMP028,2024-05-10 00:00:00,Salesforce
SFTXN5349,SF1349,SFACC1349,Order,7283,USD,OPP0349,Prospecting,CAMP036,2025-07-07 00:00:00,Salesforce
SFTXN5155,SF1155,SFACC1155,Refund,504,USD,OPP0155,Proposal,CAMP024,2025-05-16 00:00:00,Salesforce
SFTXN5586,SF1586,SFACC1586,Order,7124,USD,OPP0586,Closed Lost,CAMP011,2025-01-21 00:00:00,Salesforce
SFTXN5861,SF1861,SFACC1861,Order,40050,USD,OPP0861,Negotiation,CAMP047,2024-01-27 00:00:00,Salesforce
SFTXN5642,SF1642,SFACC1642,Payment,24062,USD,OPP0642,Proposal,CAMP030,2025-09-18 00:00:00,Salesforce
SFTXN5220,SF1220,SFACC1220,Order,28251,USD,OPP0220,Closed Lost,CAMP001,2025-04-08 00:00:00,Salesforce
SFTXN5759,SF1759,SFACC1759,Invoice,39044,USD,OPP0759,Closed Won,CAMP008,2025-09-14 00:00:00,Salesforce
SFTXN5671,SF1671,SFACC1671,Invoice,2035,USD,OPP0671,Proposal,CAMP008,2025-03-22 00:00:00,Salesforce
SFTXN5947,SF1947,SFACC1947,Invoice,43914,USD,OPP0947,Closed Won,CAMP002,2024-06-12 00:00:00,Salesforce
SFTXN5459,SF1459,SFACC1459,Invoice,4576,USD,OPP0459,Prospecting,CAMP008,2025-09-21 00:00:00,Salesforce
SFTXN5054,SF1054,SFACC1054,Credit,14692,USD,OPP0054,Closed Won,CAMP025,2024-10-31 00:00:00,Salesforce
SFTXN5527,SF1527,SFACC1527,Invoice,34914,USD,OPP0527,Proposal,CAMP048,2025-12-25 00:00:00,Salesforce
SFTXN5715,SF1715,SFACC1715,Order,11352,USD,OPP0715,Closed Lost,CAMP027,2025-03-06 00:00:00,Salesforce
SFTXN5950,SF1950,SFACC1950,Credit,16734,USD,OPP0950,Closed Won,CAMP045,2025-07-25 00:00:00,Salesforce
SFTXN5446,SF1446,SFACC1446,Refund,40128,USD,OPP0446,Closed Lost,CAMP016,2025-07-09 00:00:00,Salesforce
SFTXN5540,SF1540,SFACC1540,Payment,41420,USD,OPP0540,Proposal,CAMP036,2025-05-19 00:00:00,Salesforce
SFTXN5560,SF1560,SFACC1560,Invoice,3922,USD,OPP0560,Proposal,CAMP002,2024-06-15 00:00:00,Salesforce
SFTXN5887,SF1887,SFACC1887,Refund,6709,USD,OPP0887,Prospecting,CAMP036,2026-03-08 00:00:00,Salesforce
SFTXN5193,SF1193,SFACC1193,Payment,7211,USD,OPP0193,Proposal,CAMP030,2026-03-06 00:00:00,Salesforce
SFTXN5158,SF1158,SFACC1158,Invoice,36930,USD,OPP0158,Negotiation,CAMP046,2024-08-30 00:00:00,Salesforce
SFTXN5272,SF1272,SFACC1272,Order,2735,USD,OPP0272,Closed Won,CAMP009,2025-02-08 00:00:00,Salesforce
SFTXN5874,SF1874,SFACC1874,Payment,32906,USD,OPP0874,Qualification,CAMP036,2026-01-03 00:00:00,Salesforce
SFTXN5395,SF1395,SFACC1395,Refund,23803,USD,OPP0395,Qualification,CAMP004,2025-04-09 00:00:00,Salesforce
SFTXN5096,SF1096,SFACC1096,Payment,49904,USD,OPP0096,Proposal,CAMP036,2025-01-08 00:00:00,Salesforce
SFTXN5781,SF1781,SFACC1781,Refund,45698,USD,OPP0781,Prospecting,CAMP004,2024-06-08 00:00:00,Salesforce
SFTXN5744,SF1744,SFACC1744,Credit,41973,USD,OPP0744,Prospecting,CAMP005,2025-02-07 00:00:00,Salesforce
SFTXN5729,SF1729,SFACC1729,Order,36364,USD,OPP0729,Qualification,CAMP042,2024-08-09 00:00:00,Salesforce
SFTXN5313,SF1313,SFACC1313,Order,10582,USD,OPP0313,Proposal,CAMP038,2025-12-20 00:00:00,Salesforce
SFTXN5498,SF1498,SFACC1498,Credit,38941,USD,OPP0498,Proposal,CAMP042,2025-11-06 00:00:00,Salesforce
SFTXN5528,SF1528,SFACC1528,Credit,19341,USD,OPP0528,Closed Lost,CAMP038,2025-07-11 00:00:00,Salesforce
SFTXN5797,SF1797,SFACC1797,Order,26779,USD,OPP0797,Proposal,CAMP038,2025-12-01 00:00:00,Salesforce
SFTXN5215,SF1215,SFACC1215,Order,11682,USD,OPP0215,Negotiation,CAMP016,2025-08-19 00:00:00,Salesforce
SFTXN5125,SF1125,SFACC1125,Order,1969,USD,OPP0125,Qualification,CAMP028,2025-06-14 00:00:00,Salesforce
SFTXN5935,SF1935,SFACC1935,Payment,43044,USD,OPP0935,Qualification,CAMP003,2025-06-23 00:00:00,Salesforce
SFTXN5773,SF1773,SFACC1773,Invoice,2779,USD,OPP0773,Closed Lost,CAMP042,2025-03-29 00:00:00,Salesforce
SFTXN5453,SF1453,SFACC1453,Order,31551,USD,OPP0453,Closed Won,CAMP029,2025-03-05 00:00:00,Salesforce
SFTXN5814,SF1814,SFACC1814,Credit,12091,USD,OPP0814,Negotiation,CAMP039,2024-02-20 00:00:00,Salesforce
SFTXN5467,SF1467,SFACC1467,Payment,10154,USD,OPP0467,Closed Lost,CAMP023,2025-09-04 00:00:00,Salesforce
SFTXN5573,SF1573,SFACC1573,Credit,47310,USD,OPP0573,Negotiation,CAMP046,2024-10-13 00:00:00,Salesforce
SFTXN5353,SF1353,SFACC1353,Order,47086,USD,OPP0353,Proposal,CAMP004,2024-01-25 00:00:00,Salesforce
SFTXN5307,SF1307,SFACC1307,Payment,14449,USD,OPP0307,Proposal,CAMP043,2024-07-07 00:00:00,Salesforce
SFTXN5726,SF1726,SFACC1726,Invoice,1946,USD,OPP0726,Prospecting,CAMP038,2024-05-13 00:00:00,Salesforce
SFTXN5719,SF1719,SFACC1719,Credit,1850,USD,OPP0719,Closed Won,CAMP005,2024-07-27 00:00:00,Salesforce
SFTXN5543,SF1543,SFACC1543,Payment,42796,USD,OPP0543,Proposal,CAMP047,2025-07-11 00:00:00,Salesforce
SFTXN5244,SF1244,SFACC1244,Order,28721,USD,OPP0244,Closed Won,CAMP042,2025-06-23 00:00:00,Salesforce
SFTXN5061,SF1061,SFACC1061,Payment,8224,USD,OPP0061,Proposal,CAMP016,2025-11-04 00:00:00,Salesforce
SFTXN5139,SF1139,SFACC1139,Refund,22780,USD,OPP0139,Closed Won,CAMP050,2024-09-12 00:00:00,Salesforce
SFTXN5109,SF1109,SFACC1109,Credit,11649,USD,OPP0109,Qualification,CAMP023,2026-03-01 00:00:00,Salesforce
SFTXN5563,SF1563,SFACC1563,Payment,23298,USD,OPP0563,Prospecting,CAMP013,2025-04-07 00:00:00,Salesforce
SFTXN5599,SF1599,SFACC1599,Invoice,46762,USD,OPP0599,Qualification,CAMP027,2024-01-03 00:00:00,Salesforce
SFTXN5545,SF1545,SFACC1545,Refund,41725,USD,OPP0545,Prospecting,CAMP030,2026-01-23 00:00:00,Salesforce
SFTXN5099,SF1099,SFACC1099,Credit,23876,USD,OPP0099,Closed Lost,CAMP021,2024-04-22 00:00:00,Salesforce
SFTXN5458,SF1458,SFACC1458,Invoice,27917,USD,OPP0458,Prospecting,CAMP045,2025-02-12 00:00:00,Salesforce
SFTXN5303,SF1303,SFACC1303,Credit,5378,USD,OPP0303,Negotiation,CAMP049,2025-10-13 00:00:00,Salesforce
SFTXN5153,SF1153,SFACC1153,Payment,24784,USD,OPP0153,Closed Lost,CAMP002,2024-08-17 00:00:00,Salesforce
SFTXN5115,SF1115,SFACC1115,Credit,45588,USD,OPP0115,Closed Lost,CAMP003,2025-10-26 00:00:00,Salesforce
SFTXN5013,SF1013,SFACC1013,Invoice,18742,USD,OPP0013,Closed Lost,CAMP035,2024-09-25 00:00:00,Salesforce
SFTXN5252,SF1252,SFACC1252,Order,21324,USD,OPP0252,Proposal,CAMP016,2024-12-04 00:00:00,Salesforce
SFTXN5097,SF1097,SFACC1097,Refund,32140,USD,OPP0097,Closed Won,CAMP045,2025-01-20 00:00:00,Salesforce
SFTXN5836,SF1836,SFACC1836,Payment,32549,USD,OPP0836,Prospecting,CAMP046,2024-06-12 00:00:00,Salesforce
SFTXN5491,SF1491,SFACC1491,Credit,22725,USD,OPP0491,Proposal,CAMP029,2024-02-06 00:00:00,Salesforce
SFTXN5176,SF1176,SFACC1176,Payment,10657,USD,OPP0176,Negotiation,CAMP018,2026-02-14 00:00:00,Salesforce
SFTXN5299,SF1299,SFACC1299,Refund,44147,USD,OPP0299,Closed Won,CAMP042,2025-09-05 00:00:00,Salesforce
SFTXN5713,SF1713,SFACC1713,Refund,7580,USD,OPP0713,Closed Won,CAMP027,2024-12-22 00:00:00,Salesforce
SFTXN5548,SF1548,SFACC1548,Refund,8702,USD,OPP0548,Prospecting,CAMP032,2025-11-21 00:00:00,Salesforce
SFTXN5445,SF1445,SFACC1445,Payment,2530,USD,OPP0445,Closed Lost,CAMP017,2025-07-21 00:00:00,Salesforce
SFTXN5085,SF1085,SFACC1085,Order,36383,USD,OPP0085,Closed Won,CAMP022,2025-09-28 00:00:00,Salesforce
SFTXN5407,SF1407,SFACC1407,Refund,28919,USD,OPP0407,Closed Won,CAMP011,2026-02-25 00:00:00,Salesforce
SFTXN5899,SF1899,SFACC1899,Payment,14609,USD,OPP0899,Prospecting,CAMP047,2024-07-18 00:00:00,Salesforce
SFTXN5770,SF1770,SFACC1770,Credit,13646,USD,OPP0770,Proposal,CAMP042,2024-03-30 00:00:00,Salesforce
SFTXN5376,SF1376,SFACC1376,Refund,9846,USD,OPP0376,Negotiation,CAMP048,2026-03-11 00:00:00,Salesforce
SFTXN5820,SF1820,SFACC1820,Invoice,2604,USD,OPP0820,Closed Lost,CAMP050,2025-11-20 00:00:00,Salesforce
SFTXN5189,SF1189,SFACC1189,Credit,9884,USD,OPP0189,Proposal,CAMP013,2026-03-07 00:00:00,Salesforce
SFTXN5826,SF1826,SFACC1826,Invoice,27603,USD,OPP0826,Closed Lost,CAMP032,2024-07-25 00:00:00,Salesforce
SFTXN5336,SF1336,SFACC1336,Invoice,25881,USD,OPP0336,Prospecting,CAMP035,2026-02-25 00:00:00,Salesforce
SFTXN5260,SF1260,SFACC1260,Credit,11921,USD,OPP0260,Closed Won,CAMP038,2025-11-22 00:00:00,Salesforce
SFTXN5603,SF1603,SFACC1603,Refund,44361,USD,OPP0603,Qualification,CAMP014,2026-02-15 00:00:00,Salesforce
SFTXN5868,SF1868,SFACC1868,Invoice,16905,USD,OPP0868,Qualification,CAMP044,2025-07-09 00:00:00,Salesforce
SFTXN5557,SF1557,SFACC1557,Credit,44979,USD,OPP0557,Proposal,CAMP025,2025-08-07 00:00:00,Salesforce
SFTXN5196,SF1196,SFACC1196,Credit,1487,USD,OPP0196,Closed Lost,CAMP019,2024-11-07 00:00:00,Salesforce
SFTXN5703,SF1703,SFACC1703,Invoice,917,USD,OPP0703,Closed Won,CAMP014,2025-12-19 00:00:00,Salesforce
SFTXN5855,SF1855,SFACC1855,Invoice,12399,USD,OPP0855,Proposal,CAMP010,2024-10-25 00:00:00,Salesforce
SFTXN5735,SF1735,SFACC1735,Credit,37879,USD,OPP0735,Proposal,CAMP035,2025-12-03 00:00:00,Salesforce
SFTXN5387,SF1387,SFACC1387,Order,1909,USD,OPP0387,Qualification,CAMP042,2024-02-10 00:00:00,Salesforce
SFTXN5117,SF1117,SFACC1117,Refund,46392,USD,OPP0117,Qualification,CAMP022,2024-12-31 00:00:00,Salesforce
SFTXN5295,SF1295,SFACC1295,Refund,20810,USD,OPP0295,Closed Lost,CAMP009,2024-05-27 00:00:00,Salesforce
SFTXN5858,SF1858,SFACC1858,Invoice,12541,USD,OPP0858,Prospecting,CAMP040,2024-01-24 00:00:00,Salesforce
SFTXN5409,SF1409,SFACC1409,Credit,12175,USD,OPP0409,Proposal,CAMP007,2026-01-21 00:00:00,Salesforce
SFTXN5452,SF1452,SFACC1452,Refund,35061,USD,OPP0452,Qualification,CAMP046,2026-01-14 00:00:00,Salesforce
SFTXN5699,SF1699,SFACC1699,Invoice,45308,USD,OPP0699,Closed Lost,CAMP013,2026-02-12 00:00:00,Salesforce
SFTXN5469,SF1469,SFACC1469,Invoice,41450,USD,OPP0469,Closed Lost,CAMP021,2026-03-13 00:00:00,Salesforce
SFTXN5457,SF1457,SFACC1457,Order,1107,USD,OPP0457,Prospecting,CAMP005,2025-06-25 00:00:00,Salesforce
SFTXN5569,SF1569,SFACC1569,Credit,30092,USD,OPP0569,Prospecting,CAMP004,2024-05-26 00:00:00,Salesforce
SFTXN5564,SF1564,SFACC1564,Invoice,24947,USD,OPP0564,Prospecting,CAMP039,2024-07-02 00:00:00,Salesforce
SFTXN5920,SF1920,SFACC1920,Order,38894,USD,OPP0920,Proposal,CAMP041,2024-05-16 00:00:00,Salesforce
SFTXN5090,SF1090,SFACC1090,Invoice,13417,USD,OPP0090,Closed Lost,CAMP021,2024-01-20 00:00:00,Salesforce
SFTXN5778,SF1778,SFACC1778,Payment,15024,USD,OPP0778,Negotiation,CAMP018,2025-06-29 00:00:00,Salesforce
SFTXN5823,SF1823,SFACC1823,Payment,40812,USD,OPP0823,Proposal,CAMP022,2024-05-28 00:00:00,Salesforce
SFTXN5267,SF1267,SFACC1267,Payment,1345,USD,OPP0267,Qualification,CAMP021,2024-02-05 00:00:00,Salesforce
SFTXN5581,SF1581,SFACC1581,Credit,40592,USD,OPP0581,Qualification,CAMP047,2024-08-28 00:00:00,Salesforce
SFTXN5879,SF1879,SFACC1879,Payment,43983,USD,OPP0879,Prospecting,CAMP037,2024-03-27 00:00:00,Salesforce
SFTXN5524,SF1524,SFACC1524,Credit,25189,USD,OPP0524,Closed Lost,CAMP044,2024-08-09 00:00:00,Salesforce
SFTXN5188,SF1188,SFACC1188,Invoice,44270,USD,OPP0188,Prospecting,CAMP011,2026-02-07 00:00:00,Salesforce
SFTXN5124,SF1124,SFACC1124,Order,8434,USD,OPP0124,Closed Lost,CAMP006,2025-01-27 00:00:00,Salesforce
SFTXN5853,SF1853,SFACC1853,Order,46149,USD,OPP0853,Proposal,CAMP034,2025-05-08 00:00:00,Salesforce
SFTXN5666,SF1666,SFACC1666,Credit,7885,USD,OPP0666,Proposal,CAMP011,2025-05-15 00:00:00,Salesforce
SFTXN5620,SF1620,SFACC1620,Invoice,32789,USD,OPP0620,Closed Lost,CAMP018,2025-03-16 00:00:00,Salesforce
SFTXN5496,SF1496,SFACC1496,Refund,1399,USD,OPP0496,Closed Won,CAMP020,2024-06-08 00:00:00,Salesforce
SFTXN5159,SF1159,SFACC1159,Payment,32546,USD,OPP0159,Negotiation,CAMP034,2025-01-01 00:00:00,Salesforce
SFTXN5483,SF1483,SFACC1483,Credit,4695,USD,OPP0483,Proposal,CAMP043,2024-04-29 00:00:00,Salesforce
SFTXN5062,SF1062,SFACC1062,Payment,16976,USD,OPP0062,Qualification,CAMP008,2025-05-31 00:00:00,Salesforce
SFTXN5140,SF1140,SFACC1140,Refund,42098,USD,OPP0140,Qualification,CAMP031,2024-12-28 00:00:00,Salesforce
SFTXN5783,SF1783,SFACC1783,Credit,7771,USD,OPP0783,Negotiation,CAMP003,2024-06-20 00:00:00,Salesforce
SFTXN5341,SF1341,SFACC1341,Payment,30699,USD,OPP0341,Proposal,CAMP023,2024-06-09 00:00:00,Salesforce
SFTXN5078,SF1078,SFACC1078,Credit,24834,USD,OPP0078,Proposal,CAMP048,2024-03-05 00:00:00,Salesforce
SFTXN5614,SF1614,SFACC1614,Invoice,36974,USD,OPP0614,Closed Lost,CAMP023,2024-12-19 00:00:00,Salesforce
SFTXN5588,SF1588,SFACC1588,Credit,18902,USD,OPP0588,Negotiation,CAMP026,2025-12-23 00:00:00,Salesforce
SFTXN5688,SF1688,SFACC1688,Order,14957,USD,OPP0688,Negotiation,CAMP008,2025-06-23 00:00:00,Salesforce
SFTXN5761,SF1761,SFACC1761,Refund,25183,USD,OPP0761,Qualification,CAMP042,2024-09-18 00:00:00,Salesforce
SFTXN5283,SF1283,SFACC1283,Order,30504,USD,OPP0283,Prospecting,CAMP017,2024-10-29 00:00:00,Salesforce
SFTXN5129,SF1129,SFACC1129,Refund,26830,USD,OPP0129,Qualification,CAMP029,2025-04-02 00:00:00,Salesforce
SFTXN5740,SF1740,SFACC1740,Refund,16531,USD,OPP0740,Negotiation,CAMP018,2024-09-01 00:00:00,Salesforce
SFTXN5441,SF1441,SFACC1441,Credit,34534,USD,OPP0441,Proposal,CAMP016,2026-02-13 00:00:00,Salesforce
SFTXN5863,SF1863,SFACC1863,Invoice,1221,USD,OPP0863,Qualification,CAMP018,2024-04-21 00:00:00,Salesforce
SFTXN5018,SF1018,SFACC1018,Order,49090,USD,OPP0018,Negotiation,CAMP005,2025-10-04 00:00:00,Salesforce
SFTXN5638,SF1638,SFACC1638,Credit,40931,USD,OPP0638,Negotiation,CAMP008,2025-05-04 00:00:00,Salesforce
SFTXN5145,SF1145,SFACC1145,Credit,22523,USD,OPP0145,Proposal,CAMP041,2025-10-11 00:00:00,Salesforce
SFTXN5474,SF1474,SFACC1474,Payment,30259,USD,OPP0474,Negotiation,CAMP020,2024-11-14 00:00:00,Salesforce
SFTXN5852,SF1852,SFACC1852,Invoice,46944,USD,OPP0852,Closed Won,CAMP015,2025-04-25 00:00:00,Salesforce
SFTXN5689,SF1689,SFACC1689,Payment,16214,USD,OPP0689,Closed Won,CAMP047,2025-02-22 00:00:00,Salesforce
SFTXN5219,SF1219,SFACC1219,Invoice,20505,USD,OPP0219,Prospecting,CAMP014,2025-09-07 00:00:00,Salesforce
SFTXN5844,SF1844,SFACC1844,Order,19524,USD,OPP0844,Prospecting,CAMP030,2025-05-30 00:00:00,Salesforce
SFTXN5418,SF1418,SFACC1418,Invoice,35519,USD,OPP0418,Closed Won,CAMP009,2025-01-03 00:00:00,Salesforce
SFTXN5200,SF1200,SFACC1200,Payment,29082,USD,OPP0200,Qualification,CAMP024,2024-10-24 00:00:00,Salesforce
SFTXN5542,SF1542,SFACC1542,Order,10166,USD,OPP0542,Closed Won,CAMP033,2024-11-06 00:00:00,Salesforce
SFTXN5108,SF1108,SFACC1108,Order,40335,USD,OPP0108,Proposal,CAMP008,2024-08-18 00:00:00,Salesforce
SFTXN5218,SF1218,SFACC1218,Credit,18335,USD,OPP0218,Closed Won,CAMP049,2025-07-24 00:00:00,Salesforce
SFTXN5329,SF1329,SFACC1329,Refund,18645,USD,OPP0329,Proposal,CAMP021,2025-02-23 00:00:00,Salesforce
SFTXN5103,SF1103,SFACC1103,Order,46295,USD,OPP0103,Closed Lost,CAMP047,2024-11-24 00:00:00,Salesforce
SFTXN5842,SF1842,SFACC1842,Invoice,7863,USD,OPP0842,Prospecting,CAMP013,2025-07-10 00:00:00,Salesforce
SFTXN5304,SF1304,SFACC1304,Invoice,40682,USD,OPP0304,Negotiation,CAMP007,2024-08-10 00:00:00,Salesforce
SFTXN5802,SF1802,SFACC1802,Credit,1923,USD,OPP0802,Proposal,CAMP021,2024-02-17 00:00:00,Salesforce
SFTXN5803,SF1803,SFACC1803,Credit,12719,USD,OPP0803,Prospecting,CAMP041,2024-06-22 00:00:00,Salesforce
SFTXN5488,SF1488,SFACC1488,Credit,6439,USD,OPP0488,Prospecting,CAMP041,2024-06-23 00:00:00,Salesforce
SFTXN5896,SF1896,SFACC1896,Invoice,23841,USD,OPP0896,Qualification,CAMP023,2026-01-11 00:00:00,Salesforce
SFTXN5521,SF1521,SFACC1521,Credit,4990,USD,OPP0521,Prospecting,CAMP023,2024-05-04 00:00:00,Salesforce
SFTXN5799,SF1799,SFACC1799,Refund,45772,USD,OPP0799,Negotiation,CAMP039,2024-01-26 00:00:00,Salesforce
SFTXN5553,SF1553,SFACC1553,Invoice,6202,USD,OPP0553,Negotiation,CAMP013,2024-07-21 00:00:00,Salesforce
SFTXN5231,SF1231,SFACC1231,Invoice,13404,USD,OPP0231,Qualification,CAMP011,2024-04-02 00:00:00,Salesforce
SFTXN5024,SF1024,SFACC1024,Invoice,43367,USD,OPP0024,Proposal,CAMP016,2024-10-05 00:00:00,Salesforce
SFTXN5655,SF1655,SFACC1655,Invoice,21768,USD,OPP0655,Proposal,CAMP031,2025-05-08 00:00:00,Salesforce
SFTXN5126,SF1126,SFACC1126,Payment,44707,USD,OPP0126,Closed Won,CAMP028,2025-05-02 00:00:00,Salesforce
SFTXN5162,SF1162,SFACC1162,Credit,4526,USD,OPP0162,Closed Won,CAMP021,2024-10-17 00:00:00,Salesforce
SFTXN5389,SF1389,SFACC1389,Invoice,35406,USD,OPP0389,Closed Won,CAMP038,2024-08-26 00:00:00,Salesforce
SFTXN5627,SF1627,SFACC1627,Invoice,16886,USD,OPP0627,Prospecting,CAMP007,2026-03-26 00:00:00,Salesforce
SFTXN5218,SF1218,SFACC1218,Credit,18335,USD,OPP0218,Closed Won,CAMP049,2025-07-24 00:00:00,Salesforce
SFTXN5236,SF1236,SFACC1236,Credit,19357,USD,OPP0236,Qualification,CAMP027,2024-04-10 00:00:00,Salesforce
SFTXN5624,SF1624,SFACC1624,Credit,18033,USD,OPP0624,Closed Won,CAMP024,2024-12-15 00:00:00,Salesforce
SFTXN5822,SF1822,SFACC1822,Invoice,45395,USD,OPP0822,Closed Lost,CAMP013,2025-12-22 00:00:00,Salesforce
SFTXN5444,SF1444,SFACC1444,Credit,33971,USD,OPP0444,Negotiation,CAMP039,2024-07-16 00:00:00,Salesforce
SFTXN5884,SF1884,SFACC1884,Refund,15991,USD,OPP0884,Closed Lost,CAMP009,2024-03-29 00:00:00,Salesforce
SFTXN5633,SF1633,SFACC1633,Invoice,48939,USD,OPP0633,Prospecting,CAMP018,2024-07-11 00:00:00,Salesforce
SFTXN5143,SF1143,SFACC1143,Order,31419,USD,OPP0143,Prospecting,CAMP014,2025-06-20 00:00:00,Salesforce
SFTXN5752,SF1752,SFACC1752,Payment,25591,USD,OPP0752,Closed Won,CAMP050,2025-12-13 00:00:00,Salesforce
SFTXN5268,SF1268,SFACC1268,Credit,1357,USD,OPP0268,Closed Lost,CAMP032,2025-07-01 00:00:00,Salesforce
SFTXN5408,SF1408,SFACC1408,Credit,39915,USD,OPP0408,Negotiation,CAMP031,2024-05-30 00:00:00,Salesforce
SFTXN5203,SF1203,SFACC1203,Payment,20086,USD,OPP0203,Closed Lost,CAMP047,2025-04-14 00:00:00,Salesforce
SFTXN5720,SF1720,SFACC1720,Refund,18966,USD,OPP0720,Prospecting,CAMP011,2025-07-12 00:00:00,Salesforce
SFTXN5261,SF1261,SFACC1261,Invoice,8218,USD,OPP0261,Negotiation,CAMP028,2025-08-24 00:00:00,Salesforce
SFTXN5572,SF1572,SFACC1572,Invoice,14155,USD,OPP0572,Qualification,CAMP014,2025-08-23 00:00:00,Salesforce
SFTXN5721,SF1721,SFACC1721,Invoice,47679,USD,OPP0721,Closed Won,CAMP044,2024-03-14 00:00:00,Salesforce
SFTXN5937,SF1937,SFACC1937,Refund,34111,USD,OPP0937,Closed Won,CAMP048,2025-06-08 00:00:00,Salesforce
SFTXN5856,SF1856,SFACC1856,Refund,27040,USD,OPP0856,Prospecting,CAMP020,2025-05-11 00:00:00,Salesforce
SFTXN5925,SF1925,SFACC1925,Payment,38778,USD,OPP0925,Proposal,CAMP046,2025-11-18 00:00:00,Salesforce
SFTXN5088,SF1088,SFACC1088,Payment,42256,USD,OPP0088,Prospecting,CAMP037,2024-11-18 00:00:00,Salesforce
SFTXN5708,SF1708,SFACC1708,Payment,34622,USD,OPP0708,Prospecting,CAMP027,2024-04-07 00:00:00,Salesforce
SFTXN5293,SF1293,SFACC1293,Order,4366,USD,OPP0293,Qualification,CAMP013,2024-11-15 00:00:00,Salesforce
SFTXN5112,SF1112,SFACC1112,Order,38321,USD,OPP0112,Prospecting,CAMP023,2024-02-05 00:00:00,Salesforce
SFTXN5930,SF1930,SFACC1930,Order,40332,USD,OPP0930,Prospecting,CAMP007,2025-01-20 00:00:00,Salesforce
SFTXN5317,SF1317,SFACC1317,Credit,43170,USD,OPP0317,Closed Lost,CAMP008,2024-01-26 00:00:00,Salesforce
SFTXN5029,SF1029,SFACC1029,Credit,27304,USD,OPP0029,Prospecting,CAMP041,2024-11-17 00:00:00,Salesforce
SFTXN5238,SF1238,SFACC1238,Credit,29833,USD,OPP0238,Closed Won,CAMP035,2024-06-02 00:00:00,Salesforce
SFTXN5339,SF1339,SFACC1339,Refund,35269,USD,OPP0339,Closed Lost,CAMP033,2024-11-19 00:00:00,Salesforce
SFTXN5657,SF1657,SFACC1657,Invoice,28750,USD,OPP0657,Closed Lost,CAMP001,2025-05-16 00:00:00,Salesforce
SFTXN5358,SF1358,SFACC1358,Refund,47894,USD,OPP0358,Prospecting,CAMP031,2024-09-14 00:00:00,Salesforce
SFTXN5031,SF1031,SFACC1031,Invoice,44817,USD,OPP0031,Qualification,CAMP018,2025-02-16 00:00:00,Salesforce
SFTXN5675,SF1675,SFACC1675,Order,1249,USD,OPP0675,Negotiation,CAMP002,2025-02-08 00:00:00,Salesforce
SFTXN5286,SF1286,SFACC1286,Invoice,46017,USD,OPP0286,Prospecting,CAMP047,2024-04-18 00:00:00,Salesforce
SFTXN5674,SF1674,SFACC1674,Payment,1681,USD,OPP0674,Proposal,CAMP034,2025-08-24 00:00:00,Salesforce
SFTXN5132,SF1132,SFACC1132,Order,45066,USD,OPP0132,Closed Lost,CAMP039,2024-07-12 00:00:00,Salesforce
SFTXN5383,SF1383,SFACC1383,Refund,39761,USD,OPP0383,Prospecting,CAMP011,2026-03-02 00:00:00,Salesforce
SFTXN5741,SF1741,SFACC1741,Credit,39587,USD,OPP0741,Proposal,CAMP005,2026-02-26 00:00:00,Salesforce
SFTXN5753,SF1753,SFACC1753,Order,46568,USD,OPP0753,Prospecting,CAMP021,2025-12-09 00:00:00,Salesforce
SFTXN5095,SF1095,SFACC1095,Refund,36130,USD,OPP0095,Prospecting,CAMP026,2025-01-21 00:00:00,Salesforce
SFTXN5538,SF1538,SFACC1538,Refund,21771,USD,OPP0538,Prospecting,CAMP030,2025-10-12 00:00:00,Salesforce
SFTXN5892,SF1892,SFACC1892,Invoice,13476,USD,OPP0892,Closed Lost,CAMP040,2025-10-20 00:00:00,Salesforce
SFTXN5401,SF1401,SFACC1401,Credit,24802,USD,OPP0401,Proposal,CAMP050,2025-05-19 00:00:00,Salesforce
SFTXN5142,SF1142,SFACC1142,Payment,34587,USD,OPP0142,Closed Lost,CAMP025,2024-05-26 00:00:00,Salesforce
SFTXN5848,SF1848,SFACC1848,Payment,24636,USD,OPP0848,Qualification,CAMP033,2025-05-08 00:00:00,Salesforce
SFTXN5523,SF1523,SFACC1523,Invoice,38589,USD,OPP0523,Closed Won,CAMP015,2024-07-27 00:00:00,Salesforce
SFTXN5204,SF1204,SFACC1204,Refund,12178,USD,OPP0204,Prospecting,CAMP028,2025-08-03 00:00:00,Salesforce
SFTXN5580,SF1580,SFACC1580,Order,15654,USD,OPP0580,Closed Lost,CAMP024,2025-11-21 00:00:00,Salesforce
SFTXN5468,SF1468,SFACC1468,Invoice,8742,USD,OPP0468,Prospecting,CAMP011,2024-03-05 00:00:00,Salesforce
SFTXN5630,SF1630,SFACC1630,Order,22241,USD,OPP0630,Closed Won,CAMP007,2024-01-28 00:00:00,Salesforce
SFTXN5878,SF1878,SFACC1878,Invoice,26315,USD,OPP0878,Qualification,CAMP017,2024-08-27 00:00:00,Salesforce
SFTXN5807,SF1807,SFACC1807,Credit,12902,USD,OPP0807,Closed Lost,CAMP032,2024-10-23 00:00:00,Salesforce
SFTXN5110,SF1110,SFACC1110,Credit,4713,USD,OPP0110,Proposal,CAMP046,2024-02-04 00:00:00,Salesforce
SFTXN5400,SF1400,SFACC1400,Refund,10257,USD,OPP0400,Negotiation,CAMP016,2024-06-25 00:00:00,Salesforce
SFTXN5604,SF1604,SFACC1604,Payment,11185,USD,OPP0604,Prospecting,CAMP007,2025-06-16 00:00:00,Salesforce
SFTXN5695,SF1695,SFACC1695,Payment,16981,USD,OPP0695,Prospecting,CAMP021,2025-07-20 00:00:00,Salesforce
SFTXN5694,SF1694,SFACC1694,Invoice,2346,USD,OPP0694,Closed Lost,CAMP024,2025-01-23 00:00:00,Salesforce
SFTXN5301,SF1301,SFACC1301,Credit,4399,USD,OPP0301,Negotiation,CAMP016,2025-09-24 00:00:00,Salesforce
SFTXN5774,SF1774,SFACC1774,Credit,19873,USD,OPP0774,Qualification,CAMP041,2025-04-18 00:00:00,Salesforce
SFTXN5334,SF1334,SFACC1334,Refund,6827,USD,OPP0334,Qualification,CAMP042,2025-08-24 00:00:00,Salesforce
SFTXN5057,SF1057,SFACC1057,Refund,47752,USD,OPP0057,Proposal,CAMP032,2026-01-30 00:00:00,Salesforce
SFTXN5724,SF1724,SFACC1724,Credit,11962,USD,OPP0724,Qualification,CAMP045,2024-01-11 00:00:00,Salesforce
SFTXN5933,SF1933,SFACC1933,Order,25485,USD,OPP0933,Qualification,CAMP015,2024-01-16 00:00:00,Salesforce
SFTXN5670,SF1670,SFACC1670,Invoice,32113,USD,OPP0670,Qualification,CAMP030,2025-12-19 00:00:00,Salesforce
SFTXN5192,SF1192,SFACC1192,Credit,4573,USD,OPP0192,Qualification,CAMP001,2024-06-27 00:00:00,Salesforce
SFTXN5256,SF1256,SFACC1256,Invoice,40554,USD,OPP0256,Prospecting,CAMP004,2026-01-05 00:00:00,Salesforce
SFTXN5938,SF1938,SFACC1938,Credit,48344,USD,OPP0938,Qualification,CAMP005,2024-03-30 00:00:00,Salesforce
SFTXN5593,SF1593,SFACC1593,Payment,44112,USD,OPP0593,Prospecting,CAMP035,2025-01-08 00:00:00,Salesforce
SFTXN5074,SF1074,SFACC1074,Invoice,10451,USD,OPP0074,Negotiation,CAMP028,2024-01-21 00:00:00,Salesforce
SFTXN5472,SF1472,SFACC1472,Payment,28033,USD,OPP0472,Prospecting,CAMP042,2025-06-05 00:00:00,Salesforce
SFTXN5554,SF1554,SFACC1554,Invoice,9015,USD,OPP0554,Prospecting,CAMP027,2024-06-28 00:00:00,Salesforce
SFTXN5731,SF1731,SFACC1731,Refund,45019,USD,OPP0731,Closed Lost,CAMP005,2025-10-22 00:00:00,Salesforce
SFTXN5591,SF1591,SFACC1591,Order,37777,USD,OPP0591,Proposal,CAMP015,2024-09-17 00:00:00,Salesforce
SFTXN5652,SF1652,SFACC1652,Refund,26581,USD,OPP0652,Prospecting,CAMP048,2025-10-06 00:00:00,Salesforce
SFTXN5926,SF1926,SFACC1926,Payment,28594,USD,OPP0926,Closed Lost,CAMP004,2025-02-07 00:00:00,Salesforce
SFTXN5790,SF1790,SFACC1790,Credit,32413,USD,OPP0790,Qualification,CAMP027,2024-09-07 00:00:00,Salesforce
SFTXN5195,SF1195,SFACC1195,Payment,27377,USD,OPP0195,Negotiation,CAMP010,2024-07-13 00:00:00,Salesforce
SFTXN5748,SF1748,SFACC1748,Refund,26255,USD,OPP0748,Closed Lost,CAMP027,2024-10-16 00:00:00,Salesforce
SFTXN5060,SF1060,SFACC1060,Order,10243,USD,OPP0060,Qualification,CAMP025,2025-09-10 00:00:00,Salesforce
SFTXN5055,SF1055,SFACC1055,Order,17654,USD,OPP0055,Negotiation,CAMP002,2024-10-05 00:00:00,Salesforce
SFTXN5587,SF1587,SFACC1587,Invoice,23663,USD,OPP0587,Negotiation,CAMP018,2025-06-09 00:00:00,Salesforce
SFTXN5509,SF1509,SFACC1509,Credit,36253,USD,OPP0509,Closed Lost,CAMP027,2024-10-21 00:00:00,Salesforce
SFTXN5668,SF1668,SFACC1668,Credit,7240,USD,OPP0668,Proposal,CAMP039,2025-01-24 00:00:00,Salesforce
SFTXN5805,SF1805,SFACC1805,Credit,11321,USD,OPP0805,Closed Lost,CAMP040,2025-05-17 00:00:00,Salesforce
SFTXN5028,SF1028,SFACC1028,Order,3961,USD,OPP0028,Closed Lost,CAMP027,2024-09-26 00:00:00,Salesforce
SFTXN5562,SF1562,SFACC1562,Order,37149,USD,OPP0562,Closed Lost,CAMP014,2025-12-28 00:00:00,Salesforce
SFTXN5764,SF1764,SFACC1764,Invoice,2939,USD,OPP0764,Negotiation,CAMP008,2025-09-13 00:00:00,Salesforce
SFTXN5516,SF1516,SFACC1516,Credit,45985,USD,OPP0516,Closed Won,CAMP021,2025-05-11 00:00:00,Salesforce
SFTXN5915,SF1915,SFACC1915,Order,41981,USD,OPP0915,Closed Won,CAMP002,2024-07-18 00:00:00,Salesforce
SFTXN5372,SF1372,SFACC1372,Refund,16476,USD,OPP0372,Qualification,CAMP041,2024-11-03 00:00:00,Salesforce
SFTXN5762,SF1762,SFACC1762,Invoice,16737,USD,OPP0762,Closed Won,CAMP038,2026-03-02 00:00:00,Salesforce
SFTXN5050,SF1050,SFACC1050,Order,19888,USD,OPP0050,Closed Lost,CAMP001,2026-02-06 00:00:00,Salesforce
SFTXN5019,SF1019,SFACC1019,Order,35287,USD,OPP0019,Prospecting,CAMP027,2026-02-14 00:00:00,Salesforce
SFTXN5375,SF1375,SFACC1375,Payment,34069,USD,OPP0375,Closed Lost,CAMP046,2024-04-12 00:00:00,Salesforce
SFTXN5651,SF1651,SFACC1651,Payment,47388,USD,OPP0651,Negotiation,CAMP023,2025-12-19 00:00:00,Salesforce
SFTXN5321,SF1321,SFACC1321,Credit,45583,USD,OPP0321,Closed Lost,CAMP006,2025-02-19 00:00:00,Salesforce
SFTXN5834,SF1834,SFACC1834,Credit,37002,USD,OPP0834,Negotiation,CAMP038,2025-01-03 00:00:00,Salesforce
SFTXN5466,SF1466,SFACC1466,Payment,2683,USD,OPP0466,Closed Lost,CAMP031,2025-08-29 00:00:00,Salesforce
SFTXN5854,SF1854,SFACC1854,Payment,20949,USD,OPP0854,Proposal,CAMP040,2025-02-18 00:00:00,Salesforce
SFTXN5463,SF1463,SFACC1463,Invoice,10308,USD,OPP0463,Negotiation,CAMP048,2025-10-15 00:00:00,Salesforce
SFTXN5033,SF1033,SFACC1033,Credit,11668,USD,OPP0033,Closed Won,CAMP038,2025-03-19 00:00:00,Salesforce
SFTXN5402,SF1402,SFACC1402,Refund,39139,USD,OPP0402,Negotiation,CAMP018,2025-07-23 00:00:00,Salesforce
SFTXN5539,SF1539,SFACC1539,Invoice,35229,USD,OPP0539,Negotiation,CAMP015,2024-05-11 00:00:00,Salesforce
SFTXN5285,SF1285,SFACC1285,Refund,21419,USD,OPP0285,Closed Lost,CAMP026,2025-03-28 00:00:00,Salesforce
SFTXN5210,SF1210,SFACC1210,Order,31999,USD,OPP0210,Qualification,CAMP044,2024-07-08 00:00:00,Salesforce
SFTXN5502,SF1502,SFACC1502,Order,42753,USD,OPP0502,Proposal,CAMP020,2025-08-16 00:00:00,Salesforce
SFTXN5629,SF1629,SFACC1629,Refund,18610,USD,OPP0629,Closed Won,CAMP017,2025-03-17 00:00:00,Salesforce
SFTXN5066,SF1066,SFACC1066,Payment,41191,USD,OPP0066,Qualification,CAMP012,2024-07-04 00:00:00,Salesforce
SFTXN5747,SF1747,SFACC1747,Invoice,16413,USD,OPP0747,Closed Lost,CAMP019,2024-08-02 00:00:00,Salesforce
SFTXN5279,SF1279,SFACC1279,Payment,37884,USD,OPP0279,Qualification,CAMP001,2024-03-17 00:00:00,Salesforce
SFTXN5127,SF1127,SFACC1127,Refund,32885,USD,OPP0127,Negotiation,CAMP048,2024-05-04 00:00:00,Salesforce
SFTXN5911,SF1911,SFACC1911,Refund,20019,USD,OPP0911,Closed Lost,CAMP022,2024-06-12 00:00:00,Salesforce
SFTXN5641,SF1641,SFACC1641,Invoice,21500,USD,OPP0641,Closed Won,CAMP022,2024-07-19 00:00:00,Salesforce
SFTXN5606,SF1606,SFACC1606,Order,3895,USD,OPP0606,Closed Lost,CAMP039,2025-04-02 00:00:00,Salesforce
SFTXN5532,SF1532,SFACC1532,Order,24553,USD,OPP0532,Prospecting,CAMP045,2025-04-14 00:00:00,Salesforce
SFTXN5097,SF1097,SFACC1097,Refund,32140,USD,OPP0097,Closed Won,CAMP045,2025-01-20 00:00:00,Salesforce
SFTXN5165,SF1165,SFACC1165,Refund,32479,USD,OPP0165,Proposal,CAMP045,2024-10-11 00:00:00,Salesforce
SFTXN5644,SF1644,SFACC1644,Order,33390,USD,OPP0644,Closed Won,CAMP049,2024-07-18 00:00:00,Salesforce
SFTXN5763,SF1763,SFACC1763,Refund,5046,USD,OPP0763,Qualification,CAMP016,2025-02-27 00:00:00,Salesforce
SFTXN5918,SF1918,SFACC1918,Refund,35704,USD,OPP0918,Negotiation,CAMP004,2024-09-10 00:00:00,Salesforce
SFTXN5864,SF1864,SFACC1864,Credit,14615,USD,OPP0864,Proposal,CAMP003,2025-05-30 00:00:00,Salesforce
SFTXN5513,SF1513,SFACC1513,Invoice,35454,USD,OPP0513,Closed Won,CAMP011,2024-06-08 00:00:00,Salesforce
SFTXN5136,SF1136,SFACC1136,Credit,26569,USD,OPP0136,Qualification,CAMP037,2025-10-27 00:00:00,Salesforce
SFTXN5706,SF1706,SFACC1706,Payment,31464,USD,OPP0706,Qualification,CAMP006,2024-03-06 00:00:00,Salesforce
SFTXN5044,SF1044,SFACC1044,Credit,12425,USD,OPP0044,Negotiation,CAMP011,2025-09-12 00:00:00,Salesforce
SFTXN5827,SF1827,SFACC1827,Credit,42993,USD,OPP0827,Closed Won,CAMP040,2024-01-13 00:00:00,Salesforce
SFTXN5589,SF1589,SFACC1589,Refund,20519,USD,OPP0589,Negotiation,CAMP046,2024-11-29 00:00:00,Salesforce
SFTXN5561,SF1561,SFACC1561,Payment,4128,USD,OPP0561,Closed Won,CAMP001,2024-12-27 00:00:00,Salesforce
SFTXN5069,SF1069,SFACC1069,Payment,38130,USD,OPP0069,Qualification,CAMP034,2024-09-05 00:00:00,Salesforce
SFTXN5782,SF1782,SFACC1782,Payment,7560,USD,OPP0782,Closed Won,CAMP036,2024-06-24 00:00:00,Salesforce
SFTXN5266,SF1266,SFACC1266,Order,4871,USD,OPP0266,Closed Won,CAMP027,2024-01-23 00:00:00,Salesforce
SFTXN5399,SF1399,SFACC1399,Refund,39067,USD,OPP0399,Prospecting,CAMP044,2025-09-14 00:00:00,Salesforce
SFTXN5386,SF1386,SFACC1386,Credit,6638,USD,OPP0386,Qualification,CAMP033,2025-07-31 00:00:00,Salesforce
SFTXN5742,SF1742,SFACC1742,Payment,11197,USD,OPP0742,Qualification,CAMP023,2025-08-25 00:00:00,Salesforce
SFTXN5250,SF1250,SFACC1250,Order,20080,USD,OPP0250,Prospecting,CAMP031,2025-04-09 00:00:00,Salesforce
SFTXN5737,SF1737,SFACC1737,Payment,5403,USD,OPP0737,Negotiation,CAMP019,2025-11-09 00:00:00,Salesforce
SFTXN5393,SF1393,SFACC1393,Credit,36938,USD,OPP0393,Qualification,CAMP021,2025-06-20 00:00:00,Salesforce
SFTXN5945,SF1945,SFACC1945,Invoice,27545,USD,OPP0945,Closed Lost,CAMP001,2024-07-20 00:00:00,Salesforce
SFTXN5068,SF1068,SFACC1068,Payment,42099,USD,OPP0068,Prospecting,CAMP042,2025-05-24 00:00:00,Salesforce
SFTXN5590,SF1590,SFACC1590,Payment,2079,USD,OPP0590,Proposal,CAMP029,2024-11-16 00:00:00,Salesforce
SFTXN5331,SF1331,SFACC1331,Order,34598,USD,OPP0331,Negotiation,CAMP007,2026-01-05 00:00:00,Salesforce
SFTXN5768,SF1768,SFACC1768,Order,42490,USD,OPP0768,Prospecting,CAMP036,2025-04-21 00:00:00,Salesforce
SFTXN5537,SF1537,SFACC1537,Invoice,22844,USD,OPP0537,Closed Lost,CAMP009,2025-11-05 00:00:00,Salesforce
SFTXN5597,SF1597,SFACC1597,Invoice,17269,USD,OPP0597,Qualification,CAMP022,2024-11-03 00:00:00,Salesforce
SFTXN5684,SF1684,SFACC1684,Payment,32578,USD,OPP0684,Prospecting,CAMP024,2025-04-08 00:00:00,Salesforce
SFTXN5247,SF1247,SFACC1247,Refund,24537,USD,OPP0247,Proposal,CAMP003,2025-02-09 00:00:00,Salesforce
SFTXN5905,SF1905,SFACC1905,Invoice,7348,USD,OPP0905,Proposal,CAMP024,2025-04-07 00:00:00,Salesforce
SFTXN5709,SF1709,SFACC1709,Order,12891,USD,OPP0709,Qualification,CAMP028,2024-06-25 00:00:00,Salesforce
SFTXN5428,SF1428,SFACC1428,Refund,33231,USD,OPP0428,Prospecting,CAMP039,2024-04-16 00:00:00,Salesforce
SFTXN5534,SF1534,SFACC1534,Invoice,19723,USD,OPP0534,Negotiation,CAMP005,2025-06-23 00:00:00,Salesforce
SFTXN5922,SF1922,SFACC1922,Refund,25758,USD,OPP0922,Negotiation,CAMP001,2025-03-20 00:00:00,Salesforce
SFTXN5216,SF1216,SFACC1216,Order,1353,USD,OPP0216,Closed Lost,CAMP007,2025-09-08 00:00:00,Salesforce
SFTXN5429,SF1429,SFACC1429,Refund,19154,USD,OPP0429,Qualification,CAMP024,2024-03-25 00:00:00,Salesforce
SFTXN5205,SF1205,SFACC1205,Invoice,46833,USD,OPP0205,Closed Lost,CAMP019,2026-03-09 00:00:00,Salesforce
SFTXN5595,SF1595,SFACC1595,Credit,17886,USD,OPP0595,Negotiation,CAMP045,2025-01-17 00:00:00,Salesforce
SFTXN5008,SF1008,SFACC1008,Payment,26656,USD,OPP0008,Prospecting,CAMP009,2025-02-03 00:00:00,Salesforce
SFTXN5594,SF1594,SFACC1594,Order,5699,USD,OPP0594,Proposal,CAMP020,2026-03-23 00:00:00,Salesforce
SFTXN5026,SF1026,SFACC1026,Payment,1088,USD,OPP0026,Closed Lost,CAMP006,2024-11-22 00:00:00,Salesforce
SFTXN5118,SF1118,SFACC1118,Order,38443,USD,OPP0118,Negotiation,CAMP010,2025-02-12 00:00:00,Salesforce
SFTXN5335,SF1335,SFACC1335,Credit,11272,USD,OPP0335,Negotiation,CAMP010,2025-12-01 00:00:00,Salesforce
SFTXN5223,SF1223,SFACC1223,Payment,4103,USD,OPP0223,Closed Lost,CAMP024,2025-07-12 00:00:00,Salesforce
SFTXN5500,SF1500,SFACC1500,Credit,38639,USD,OPP0500,Proposal,CAMP036,2025-09-12 00:00:00,Salesforce
SFTXN5082,SF1082,SFACC1082,Order,40730,USD,OPP0082,Negotiation,CAMP026,2025-08-21 00:00:00,Salesforce
SFTXN5246,SF1246,SFACC1246,Order,36221,USD,OPP0246,Closed Lost,CAMP028,2025-08-31 00:00:00,Salesforce
SFTXN5251,SF1251,SFACC1251,Order,17030,USD,OPP0251,Qualification,CAMP006,2025-12-28 00:00:00,Salesforce
SFTXN5479,SF1479,SFACC1479,Order,28440,USD,OPP0479,Closed Lost,CAMP049,2025-10-24 00:00:00,Salesforce
SFTXN5064,SF1064,SFACC1064,Order,41191,USD,OPP0064,Closed Won,CAMP011,2024-05-30 00:00:00,Salesforce
SFTXN5294,SF1294,SFACC1294,Payment,14269,USD,OPP0294,Closed Won,CAMP013,2024-04-23 00:00:00,Salesforce
SFTXN5456,SF1456,SFACC1456,Payment,2663,USD,OPP0456,Closed Lost,CAMP004,2025-06-29 00:00:00,Salesforce
SFTXN5795,SF1795,SFACC1795,Invoice,9050,USD,OPP0795,Proposal,CAMP007,2025-05-09 00:00:00,Salesforce
SFTXN5043,SF1043,SFACC1043,Refund,48439,USD,OPP0043,Closed Won,CAMP005,2025-05-10 00:00:00,Salesforce
SFTXN5002,SF1002,SFACC1002,Refund,46778,USD,OPP0002,Prospecting,CAMP007,2026-01-31 00:00:00,Salesforce
SFTXN5492,SF1492,SFACC1492,Order,28022,USD,OPP0492,Prospecting,CAMP007,2025-03-13 00:00:00,Salesforce
SFTXN5052,SF1052,SFACC1052,Order,44070,USD,OPP0052,Closed Lost,CAMP040,2025-05-14 00:00:00,Salesforce
SFTXN5636,SF1636,SFACC1636,Order,48607,USD,OPP0636,Negotiation,CAMP046,2024-04-17 00:00:00,Salesforce
SFTXN5370,SF1370,SFACC1370,Refund,30995,USD,OPP0370,Proposal,CAMP042,2025-08-15 00:00:00,Salesforce
SFTXN5635,SF1635,SFACC1635,Payment,964,USD,OPP0635,Closed Won,CAMP013,2024-03-15 00:00:00,Salesforce
SFTXN5661,SF1661,SFACC1661,Payment,29829,USD,OPP0661,Closed Won,CAMP008,2025-12-29 00:00:00,Salesforce
SFTXN5254,SF1254,SFACC1254,Invoice,47001,USD,OPP0254,Proposal,CAMP038,2025-10-06 00:00:00,Salesforce
SFTXN5403,SF1403,SFACC1403,Payment,49413,USD,OPP0403,Prospecting,CAMP034,2025-01-04 00:00:00,Salesforce
SFTXN5755,SF1755,SFACC1755,Credit,26253,USD,OPP0755,Prospecting,CAMP016,2024-02-07 00:00:00,Salesforce
SFTXN5308,SF1308,SFACC1308,Order,48561,USD,OPP0308,Prospecting,CAMP011,2024-04-07 00:00:00,Salesforce
SFTXN5871,SF1871,SFACC1871,Credit,1110,USD,OPP0871,Proposal,CAMP015,2025-04-20 00:00:00,Salesforce
SFTXN5625,SF1625,SFACC1625,Refund,46534,USD,OPP0625,Closed Won,CAMP042,2024-07-15 00:00:00,Salesforce
SFTXN5659,SF1659,SFACC1659,Credit,14648,USD,OPP0659,Proposal,CAMP033,2025-06-18 00:00:00,Salesforce
SFTXN5089,SF1089,SFACC1089,Invoice,13164,USD,OPP0089,Qualification,CAMP042,2024-09-29 00:00:00,Salesforce
SFTXN5228,SF1228,SFACC1228,Refund,32726,USD,OPP0228,Closed Won,CAMP047,2025-06-06 00:00:00,Salesforce
SFTXN5275,SF1275,SFACC1275,Payment,3334,USD,OPP0275,Closed Lost,CAMP029,2024-09-23 00:00:00,Salesforce
SFTXN5798,SF1798,SFACC1798,Credit,33512,USD,OPP0798,Closed Lost,CAMP011,2024-09-13 00:00:00,Salesforce
SFTXN5047,SF1047,SFACC1047,Refund,1765,USD,OPP0047,Qualification,CAMP009,2025-08-23 00:00:00,Salesforce
SFTXN5232,SF1232,SFACC1232,Invoice,47590,USD,OPP0232,Prospecting,CAMP005,2025-08-30 00:00:00,Salesforce
SFTXN5361,SF1361,SFACC1361,Credit,42921,USD,OPP0361,Closed Won,CAMP038,2025-03-29 00:00:00,Salesforce
SFTXN5812,SF1812,SFACC1812,Order,27458,USD,OPP0812,Proposal,CAMP040,2024-08-20 00:00:00,Salesforce
SFTXN5640,SF1640,SFACC1640,Refund,19436,USD,OPP0640,Prospecting,CAMP006,2025-02-02 00:00:00,Salesforce
SFTXN5373,SF1373,SFACC1373,Invoice,13530,USD,OPP0373,Proposal,CAMP001,2025-07-03 00:00:00,Salesforce
SFTXN5607,SF1607,SFACC1607,Refund,13627,USD,OPP0607,Prospecting,CAMP011,2025-06-14 00:00:00,Salesforce
SFTXN5002,SF1002,SFACC1002,Refund,46778,USD,OPP0002,Prospecting,CAMP007,2026-01-31 00:00:00,Salesforce
SFTXN5789,SF1789,SFACC1789,Refund,614,USD,OPP0789,Closed Lost,CAMP039,2026-01-18 00:00:00,Salesforce
SFTXN5692,SF1692,SFACC1692,Credit,22517,USD,OPP0692,Negotiation,CAMP007,2025-05-02 00:00:00,Salesforce
SFTXN5771,SF1771,SFACC1771,Order,22114,USD,OPP0771,Proposal,CAMP025,2025-05-14 00:00:00,Salesforce
SFTXN5609,SF1609,SFACC1609,Payment,16472,USD,OPP0609,Proposal,CAMP045,2025-11-05 00:00:00,Salesforce
SFTXN5438,SF1438,SFACC1438,Payment,4702,USD,OPP0438,Closed Won,CAMP023,2025-10-09 00:00:00,Salesforce
SFTXN5482,SF1482,SFACC1482,Credit,11687,USD,OPP0482,Closed Lost,CAMP041,2025-02-13 00:00:00,Salesforce
SFTXN5119,SF1119,SFACC1119,Invoice,19616,USD,OPP0119,Closed Lost,CAMP018,2024-12-31 00:00:00,Salesforce
SFTXN5160,SF1160,SFACC1160,Refund,17095,USD,OPP0160,Qualification,CAMP040,2025-02-27 00:00:00,Salesforce
SFTXN5702,SF1702,SFACC1702,Order,21906,USD,OPP0702,Closed Lost,CAMP032,2024-09-02 00:00:00,Salesforce
SFTXN5493,SF1493,SFACC1493,Order,43796,USD,OPP0493,Closed Won,CAMP040,2026-02-01 00:00:00,Salesforce
SFTXN5816,SF1816,SFACC1816,Payment,22594,USD,OPP0816,Negotiation,CAMP016,2024-09-26 00:00:00,Salesforce
SFTXN5653,SF1653,SFACC1653,Order,24096,USD,OPP0653,Qualification,CAMP032,2024-06-26 00:00:00,Salesforce
SFTXN5787,SF1787,SFACC1787,Order,27450,USD,OPP0787,Prospecting,CAMP041,2025-08-10 00:00:00,Salesforce
SFTXN5305,SF1305,SFACC1305,Order,6553,USD,OPP0305,Closed Lost,CAMP021,2026-01-31 00:00:00,Salesforce
SFTXN5717,SF1717,SFACC1717,Refund,47680,USD,OPP0717,Qualification,CAMP037,2026-02-02 00:00:00,Salesforce
SFTXN5576,SF1576,SFACC1576,Order,30042,USD,OPP0576,Closed Won,CAMP027,2025-03-15 00:00:00,Salesforce
SFTXN5365,SF1365,SFACC1365,Credit,30942,USD,OPP0365,Prospecting,CAMP048,2024-03-15 00:00:00,Salesforce
SFTXN5161,SF1161,SFACC1161,Payment,14394,USD,OPP0161,Closed Won,CAMP038,2025-11-01 00:00:00,Salesforce
SFTXN5437,SF1437,SFACC1437,Credit,24357,USD,OPP0437,Prospecting,CAMP004,2024-10-31 00:00:00,Salesforce
SFTXN5942,SF1942,SFACC1942,Invoice,7863,USD,OPP0942,Closed Won,CAMP005,2025-05-09 00:00:00,Salesforce
SFTXN5849,SF1849,SFACC1849,Order,37887,USD,OPP0849,Negotiation,CAMP038,2024-04-01 00:00:00,Salesforce
SFTXN5921,SF1921,SFACC1921,Refund,5550,USD,OPP0921,Prospecting,CAMP004,2024-07-21 00:00:00,Salesforce
SFTXN5598,SF1598,SFACC1598,Invoice,10375,USD,OPP0598,Closed Won,CAMP036,2024-01-24 00:00:00,Salesforce
SFTXN5404,SF1404,SFACC1404,Invoice,49682,USD,OPP0404,Qualification,CAMP034,2025-03-02 00:00:00,Salesforce
SFTXN5470,SF1470,SFACC1470,Invoice,2201,USD,OPP0470,Negotiation,CAMP027,2024-09-25 00:00:00,Salesforce
SFTXN5328,SF1328,SFACC1328,Order,40828,USD,OPP0328,Proposal,CAMP027,2024-04-07 00:00:00,Salesforce
SFTXN5809,SF1809,SFACC1809,Order,49450,USD,OPP0809,Qualification,CAMP025,2025-07-09 00:00:00,Salesforce
SFTXN5032,SF1032,SFACC1032,Credit,43241,USD,OPP0032,Negotiation,CAMP045,2024-09-29 00:00:00,Salesforce
SFTXN5027,SF1027,SFACC1027,Invoice,47462,USD,OPP0027,Closed Lost,CAMP044,2025-06-29 00:00:00,Salesforce
SFTXN5602,SF1602,SFACC1602,Credit,28293,USD,OPP0602,Closed Lost,CAMP041,2025-07-21 00:00:00,Salesforce
SFTXN5818,SF1818,SFACC1818,Invoice,9391,USD,OPP0818,Qualification,CAMP028,2025-01-25 00:00:00,Salesforce
SFTXN5102,SF1102,SFACC1102,Order,26414,USD,OPP0102,Qualification,CAMP047,2025-05-23 00:00:00,Salesforce
SFTXN5465,SF1465,SFACC1465,Refund,20729,USD,OPP0465,Proposal,CAMP003,2025-10-11 00:00:00,Salesforce
SFTXN5186,SF1186,SFACC1186,Payment,9066,USD,OPP0186,Prospecting,CAMP025,2024-06-03 00:00:00,Salesforce
SFTXN5550,SF1550,SFACC1550,Order,28918,USD,OPP0550,Closed Won,CAMP025,2025-03-08 00:00:00,Salesforce
SFTXN5756,SF1756,SFACC1756,Refund,24206,USD,OPP0756,Closed Lost,CAMP033,2024-12-17 00:00:00,Salesforce
SFTXN5710,SF1710,SFACC1710,Credit,36499,USD,OPP0710,Closed Lost,CAMP048,2025-01-13 00:00:00,Salesforce
SFTXN5757,SF1757,SFACC1757,Refund,40365,USD,OPP0757,Closed Lost,CAMP013,2026-02-08 00:00:00,Salesforce
SFTXN5269,SF1269,SFACC1269,Refund,4987,USD,OPP0269,Prospecting,CAMP045,2024-09-18 00:00:00,Salesforce
SFTXN5345,SF1345,SFACC1345,Order,49890,USD,OPP0345,Prospecting,CAMP046,2024-06-15 00:00:00,Salesforce
SFTXN5181,SF1181,SFACC1181,Payment,12879,USD,OPP0181,Negotiation,CAMP020,2024-04-19 00:00:00,Salesforce
SFTXN5284,SF1284,SFACC1284,Order,13106,USD,OPP0284,Proposal,CAMP012,2025-07-03 00:00:00,Salesforce
SFTXN5123,SF1123,SFACC1123,Refund,9215,USD,OPP0123,Qualification,CAMP004,2025-01-14 00:00:00,Salesforce
SFTXN5133,SF1133,SFACC1133,Refund,25539,USD,OPP0133,Negotiation,CAMP006,2024-04-03 00:00:00,Salesforce
SFTXN5786,SF1786,SFACC1786,Order,5317,USD,OPP0786,Qualification,CAMP037,2024-05-17 00:00:00,Salesforce
SFTXN5804,SF1804,SFACC1804,Refund,47799,USD,OPP0804,Closed Won,CAMP009,2025-04-13 00:00:00,Salesforce
SFTXN5733,SF1733,SFACC1733,Refund,15129,USD,OPP0733,Closed Lost,CAMP018,2026-01-29 00:00:00,Salesforce
SFTXN5265,SF1265,SFACC1265,Refund,8303,USD,OPP0265,Proposal,CAMP042,2025-10-24 00:00:00,Salesforce
SFTXN5508,SF1508,SFACC1508,Order,2721,USD,OPP0508,Qualification,CAMP025,2024-08-18 00:00:00,Salesforce
SFTXN5302,SF1302,SFACC1302,Refund,44384,USD,OPP0302,Closed Won,CAMP009,2024-09-24 00:00:00,Salesforce
SFTXN5577,SF1577,SFACC1577,Order,29795,USD,OPP0577,Closed Lost,CAMP026,2024-10-24 00:00:00,Salesforce
SFTXN5944,SF1944,SFACC1944,Order,33246,USD,OPP0944,Closed Won,CAMP038,2024-11-11 00:00:00,Salesforce
SFTXN5058,SF1058,SFACC1058,Credit,27932,USD,OPP0058,Qualification,CAMP024,2025-12-16 00:00:00,Salesforce
SFTXN5448,SF1448,SFACC1448,Refund,34688,USD,OPP0448,Negotiation,CAMP002,2024-08-22 00:00:00,Salesforce
SFTXN5202,SF1202,SFACC1202,Credit,46008,USD,OPP0202,Closed Lost,CAMP048,2025-07-21 00:00:00,Salesforce
SFTXN5076,SF1076,SFACC1076,Order,27419,USD,OPP0076,Proposal,CAMP033,2026-02-10 00:00:00,Salesforce
SFTXN5020,SF1020,SFACC1020,Payment,13611,USD,OPP0020,Closed Lost,CAMP022,2025-08-11 00:00:00,Salesforce
SFTXN5791,SF1791,SFACC1791,Invoice,10233,USD,OPP0791,Closed Won,CAMP013,2024-08-15 00:00:00,Salesforce
SFTXN5830,SF1830,SFACC1830,Refund,46474,USD,OPP0830,Negotiation,CAMP015,2025-11-06 00:00:00,Salesforce
SFTXN5897,SF1897,SFACC1897,Payment,36998,USD,OPP0897,Prospecting,CAMP016,2025-12-21 00:00:00,Salesforce
SFTXN5667,SF1667,SFACC1667,Payment,8904,USD,OPP0667,Closed Lost,CAMP022,2025-06-01 00:00:00,Salesforce
SFTXN5021,SF1021,SFACC1021,Credit,24228,USD,OPP0021,Closed Lost,CAMP043,2024-03-05 00:00:00,Salesforce
SFTXN5519,SF1519,SFACC1519,Refund,23617,USD,OPP0519,Closed Won,CAMP034,2025-04-08 00:00:00,Salesforce
SFTXN5296,SF1296,SFACC1296,Order,28901,USD,OPP0296,Proposal,CAMP038,2025-05-28 00:00:00,Salesforce
SFTXN5681,SF1681,SFACC1681,Invoice,37081,USD,OPP0681,Closed Won,CAMP012,2024-11-20 00:00:00,Salesforce
SFTXN5224,SF1224,SFACC1224,Credit,48841,USD,OPP0224,Qualification,CAMP043,2024-02-14 00:00:00,Salesforce
SFTXN5213,SF1213,SFACC1213,Credit,12392,USD,OPP0213,Closed Won,CAMP038,2025-08-06 00:00:00,Salesforce
SFTXN5736,SF1736,SFACC1736,Order,40800,USD,OPP0736,Prospecting,CAMP043,2024-04-17 00:00:00,Salesforce
SFTXN5363,SF1363,SFACC1363,Order,3603,USD,OPP0363,Negotiation,CAMP026,2025-08-05 00:00:00,Salesforce
SFTXN5511,SF1511,SFACC1511,Credit,41070,USD,OPP0511,Closed Lost,CAMP032,2024-01-13 00:00:00,Salesforce
SFTXN5574,SF1574,SFACC1574,Payment,22013,USD,OPP0574,Prospecting,CAMP011,2024-05-29 00:00:00,Salesforce
SFTXN5872,SF1872,SFACC1872,Credit,43292,USD,OPP0872,Closed Lost,CAMP041,2025-08-15 00:00:00,Salesforce
SFTXN5811,SF1811,SFACC1811,Payment,27790,USD,OPP0811,Proposal,CAMP013,2024-05-26 00:00:00,Salesforce
SFTXN5105,SF1105,SFACC1105,Payment,7310,USD,OPP0105,Proposal,CAMP018,2025-10-02 00:00:00,Salesforce
SFTXN5499,SF1499,SFACC1499,Payment,18508,USD,OPP0499,Prospecting,CAMP036,2024-01-13 00:00:00,Salesforce
SFTXN5346,SF1346,SFACC1346,Payment,40771,USD,OPP0346,Qualification,CAMP018,2024-04-18 00:00:00,Salesforce
SFTXN5224,SF1224,SFACC1224,Credit,48841,USD,OPP0224,Qualification,CAMP043,2024-02-14 00:00:00,Salesforce
SFTXN5433,SF1433,SFACC1433,Invoice,20175,USD,OPP0433,Closed Lost,CAMP003,2025-09-20 00:00:00,Salesforce
SFTXN5039,SF1039,SFACC1039,Invoice,48959,USD,OPP0039,Proposal,CAMP040,2024-10-05 00:00:00,Salesforce
SFTXN5206,SF1206,SFACC1206,Credit,26068,USD,OPP0206,Negotiation,CAMP014,2025-04-11 00:00:00,Salesforce
SFTXN5023,SF1023,SFACC1023,Order,47333,USD,OPP0023,Closed Won,CAMP011,2025-07-25 00:00:00,Salesforce
SFTXN5934,SF1934,SFACC1934,Order,16758,USD,OPP0934,Prospecting,CAMP002,2024-11-11 00:00:00,Salesforce
SFTXN5380,SF1380,SFACC1380,Invoice,10086,USD,OPP0380,Closed Lost,CAMP005,2025-08-13 00:00:00,Salesforce
SFTXN5027,SF1027,SFACC1027,Invoice,47462,USD,OPP0027,Closed Lost,CAMP044,2025-06-29 00:00:00,Salesforce
SFTXN5924,SF1924,SFACC1924,Refund,41094,USD,OPP0924,Closed Won,CAMP036,2024-03-07 00:00:00,Salesforce
SFTXN5310,SF1310,SFACC1310,Invoice,38984,USD,OPP0310,Prospecting,CAMP017,2024-12-24 00:00:00,Salesforce
SFTXN5312,SF1312,SFACC1312,Payment,19005,USD,OPP0312,Qualification,CAMP014,2024-06-30 00:00:00,Salesforce
SFTXN5561,SF1561,SFACC1561,Payment,4128,USD,OPP0561,Closed Won,CAMP001,2024-12-27 00:00:00,Salesforce
SFTXN5880,SF1880,SFACC1880,Refund,44447,USD,OPP0880,Closed Lost,CAMP013,2025-12-20 00:00:00,Salesforce
SFTXN5174,SF1174,SFACC1174,Payment,15055,USD,OPP0174,Prospecting,CAMP003,2025-11-01 00:00:00,Salesforce
SFTXN5430,SF1430,SFACC1430,Credit,43695,USD,OPP0430,Negotiation,CAMP040,2025-04-22 00:00:00,Salesforce
SFTXN5845,SF1845,SFACC1845,Credit,11022,USD,OPP0845,Negotiation,CAMP024,2024-10-19 00:00:00,Salesforce
SFTXN5053,SF1053,SFACC1053,Order,13638,USD,OPP0053,Negotiation,CAMP031,2025-05-06 00:00:00,Salesforce
SFTXN5623,SF1623,SFACC1623,Order,48808,USD,OPP0623,Prospecting,CAMP002,2026-01-21 00:00:00,Salesforce
SFTXN5091,SF1091,SFACC1091,Refund,38239,USD,OPP0091,Closed Won,CAMP050,2024-10-24 00:00:00,Salesforce
SFTXN5362,SF1362,SFACC1362,Refund,15519,USD,OPP0362,Closed Won,CAMP008,2025-01-22 00:00:00,Salesforce
SFTXN5579,SF1579,SFACC1579,Order,30244,USD,OPP0579,Prospecting,CAMP032,2025-05-15 00:00:00,Salesforce
SFTXN5637,SF1637,SFACC1637,Refund,15290,USD,OPP0637,Proposal,CAMP045,2024-12-19 00:00:00,Salesforce
SFTXN5875,SF1875,SFACC1875,Refund,25855,USD,OPP0875,Closed Won,CAMP020,2025-10-25 00:00:00,Salesforce
SFTXN5944,SF1944,SFACC1944,Order,33246,USD,OPP0944,Closed Won,CAMP038,2024-11-11 00:00:00,Salesforce
SFTXN5184,SF1184,SFACC1184,Payment,22946,USD,OPP0184,Closed Lost,CAMP049,2025-06-09 00:00:00,Salesforce
SFTXN5939,SF1939,SFACC1939,Payment,39320,USD,OPP0939,Negotiation,CAMP013,2025-12-06 00:00:00,Salesforce
SFTXN5070,SF1070,SFACC1070,Payment,5740,USD,OPP0070,Negotiation,CAMP009,2024-09-05 00:00:00,Salesforce
SFTXN5769,SF1769,SFACC1769,Order,27466,USD,OPP0769,Negotiation,CAMP042,2025-08-22 00:00:00,Salesforce
SFTXN5001,SF1001,SFACC1001,Refund,3601,USD,OPP0001,Negotiation,CAMP006,2024-02-13 00:00:00,Salesforce
SFTXN5856,SF1856,SFACC1856,Refund,27040,USD,OPP0856,Prospecting,CAMP020,2025-05-11 00:00:00,Salesforce
SFTXN5634,SF1634,SFACC1634,Order,5074,USD,OPP0634,Qualification,CAMP033,2025-03-31 00:00:00,Salesforce
SFTXN5728,SF1728,SFACC1728,Payment,33923,USD,OPP0728,Closed Won,CAMP012,2024-10-11 00:00:00,Salesforce
SFTXN5529,SF1529,SFACC1529,Order,7431,USD,OPP0529,Closed Lost,CAMP017,2025-01-16 00:00:00,Salesforce
SFTXN5514,SF1514,SFACC1514,Invoice,42928,USD,OPP0514,Closed Lost,CAMP018,2024-01-31 00:00:00,Salesforce
SFTXN5525,SF1525,SFACC1525,Payment,23965,USD,OPP0525,Closed Won,CAMP032,2024-06-22 00:00:00,Salesforce
SFTXN5919,SF1919,SFACC1919,Refund,7350,USD,OPP0919,Qualification,CAMP049,2024-04-23 00:00:00,Salesforce
SFTXN5149,SF1149,SFACC1149,Refund,45923,USD,OPP0149,Qualification,CAMP042,2025-07-10 00:00:00,Salesforce
SFTXN5077,SF1077,SFACC1077,Order,25959,USD,OPP0077,Proposal,CAMP014,2025-10-02 00:00:00,Salesforce
SFTXN5886,SF1886,SFACC1886,Refund,49226,USD,OPP0886,Qualification,CAMP028,2025-07-20 00:00:00,Salesforce
SFTXN5416,SF1416,SFACC1416,Payment,31479,USD,OPP0416,Prospecting,CAMP031,2025-03-22 00:00:00,Salesforce
SFTXN5662,SF1662,SFACC1662,Refund,26694,USD,OPP0662,Proposal,CAMP037,2025-10-19 00:00:00,Salesforce
SFTXN5793,SF1793,SFACC1793,Credit,46062,USD,OPP0793,Proposal,CAMP011,2024-05-02 00:00:00,Salesforce
SFTXN5916,SF1916,SFACC1916,Order,26792,USD,OPP0916,Closed Lost,CAMP008,2024-12-21 00:00:00,Salesforce
SFTXN5870,SF1870,SFACC1870,Payment,29440,USD,OPP0870,Closed Lost,CAMP016,2025-08-03 00:00:00,Salesforce
SFTXN5621,SF1621,SFACC1621,Order,3188,USD,OPP0621,Prospecting,CAMP049,2024-05-04 00:00:00,Salesforce
SFTXN5049,SF1049,SFACC1049,Order,8179,USD,OPP0049,Closed Lost,CAMP012,2024-10-08 00:00:00,Salesforce
SFTXN5179,SF1179,SFACC1179,Payment,16295,USD,OPP0179,Closed Won,CAMP004,2024-05-02 00:00:00,Salesforce
SFTXN5705,SF1705,SFACC1705,Invoice,9808,USD,OPP0705,Closed Won,CAMP031,2025-08-26 00:00:00,Salesforce
SFTXN5669,SF1669,SFACC1669,Payment,20147,USD,OPP0669,Proposal,CAMP044,2025-07-09 00:00:00,Salesforce
SFTXN5857,SF1857,SFACC1857,Invoice,39758,USD,OPP0857,Proposal,CAMP033,2024-09-30 00:00:00,Salesforce
SFTXN5515,SF1515,SFACC1515,Credit,8413,USD,OPP0515,Negotiation,CAMP003,2026-03-04 00:00:00,Salesforce
SFTXN5893,SF1893,SFACC1893,Credit,49162,USD,OPP0893,Closed Won,CAMP034,2024-12-17 00:00:00,Salesforce
SFTXN5904,SF1904,SFACC1904,Refund,8947,USD,OPP0904,Prospecting,CAMP038,2025-04-03 00:00:00,Salesforce
SFTXN5462,SF1462,SFACC1462,Order,38671,USD,OPP0462,Prospecting,CAMP020,2024-06-16 00:00:00,Salesforce
SFTXN5059,SF1059,SFACC1059,Credit,45465,USD,OPP0059,Proposal,CAMP016,2024-01-15 00:00:00,Salesforce
SFTXN5221,SF1221,SFACC1221,Refund,4801,USD,OPP0221,Closed Won,CAMP030,2024-06-29 00:00:00,Salesforce
SFTXN5274,SF1274,SFACC1274,Payment,25085,USD,OPP0274,Qualification,CAMP009,2025-11-09 00:00:00,Salesforce
SFTXN5610,SF1610,SFACC1610,Credit,5521,USD,OPP0610,Closed Won,CAMP038,2025-07-16 00:00:00,Salesforce
SFTXN5420,SF1420,SFACC1420,Order,17755,USD,OPP0420,Negotiation,CAMP024,2025-09-13 00:00:00,Salesforce
SFTXN5318,SF1318,SFACC1318,Payment,47938,USD,OPP0318,Prospecting,CAMP036,2025-08-20 00:00:00,Salesforce
SFTXN5354,SF1354,SFACC1354,Credit,47941,USD,OPP0354,Prospecting,CAMP020,2025-11-22 00:00:00,Salesforce
SFTXN5877,SF1877,SFACC1877,Credit,12767,USD,OPP0877,Negotiation,CAMP008,2025-12-22 00:00:00,Salesforce
SFTXN5222,SF1222,SFACC1222,Credit,32366,USD,OPP0222,Prospecting,CAMP013,2024-09-23 00:00:00,Salesforce
SFTXN5016,SF1016,SFACC1016,Order,30556,USD,OPP0016,Closed Won,CAMP013,2025-08-17 00:00:00,Salesforce
SFTXN5111,SF1111,SFACC1111,Order,42175,USD,OPP0111,Prospecting,CAMP007,2025-11-18 00:00:00,Salesforce
SFTXN5212,SF1212,SFACC1212,Credit,33812,USD,OPP0212,Proposal,CAMP002,2024-05-07 00:00:00,Salesforce
SFTXN5530,SF1530,SFACC1530,Refund,24161,USD,OPP0530,Closed Won,CAMP047,2025-04-15 00:00:00,Salesforce
SFTXN5676,SF1676,SFACC1676,Refund,1356,USD,OPP0676,Closed Won,CAMP046,2025-05-21 00:00:00,Salesforce
SFTXN5289,SF1289,SFACC1289,Invoice,27666,USD,OPP0289,Prospecting,CAMP023,2024-10-10 00:00:00,Salesforce
SFTXN5526,SF1526,SFACC1526,Invoice,25706,USD,OPP0526,Qualification,CAMP042,2025-01-19 00:00:00,Salesforce
SFTXN5890,SF1890,SFACC1890,Credit,37386,USD,OPP0890,Negotiation,CAMP044,2024-06-10 00:00:00,Salesforce
SFTXN5567,SF1567,SFACC1567,Order,24519,USD,OPP0567,Proposal,CAMP006,2025-06-19 00:00:00,Salesforce
SFTXN5913,SF1913,SFACC1913,Order,42769,USD,OPP0913,Closed Lost,CAMP022,2024-02-12 00:00:00,Salesforce
SFTXN5367,SF1367,SFACC1367,Refund,16543,USD,OPP0367,Proposal,CAMP020,2024-04-22 00:00:00,Salesforce
SFTXN5371,SF1371,SFACC1371,Credit,45168,USD,OPP0371,Prospecting,CAMP036,2025-10-05 00:00:00,Salesforce
SFTXN5364,SF1364,SFACC1364,Payment,5901,USD,OPP0364,Closed Lost,CAMP027,2024-11-29 00:00:00,Salesforce
SFTXN5005,SF1005,SFACC1005,Invoice,16868,USD,OPP0005,Proposal,CAMP046,2024-11-08 00:00:00,Salesforce
SFTXN5616,SF1616,SFACC1616,Credit,16561,USD,OPP0616,Proposal,CAMP026,2025-03-09 00:00:00,Salesforce
SFTXN5685,SF1685,SFACC1685,Refund,15716,USD,OPP0685,Closed Lost,CAMP008,2025-05-06 00:00:00,Salesforce
SFTXN5406,SF1406,SFACC1406,Invoice,27276,USD,OPP0406,Prospecting,CAMP025,2024-12-13 00:00:00,Salesforce
SFTXN5486,SF1486,SFACC1486,Payment,44707,USD,OPP0486,Prospecting,CAMP007,2025-05-11 00:00:00,Salesforce
SFTXN5147,SF1147,SFACC1147,Invoice,40816,USD,OPP0147,Qualification,CAMP018,2024-03-27 00:00:00,Salesforce
SFTXN5489,SF1489,SFACC1489,Credit,41509,USD,OPP0489,Negotiation,CAMP045,2024-03-20 00:00:00,Salesforce
SFTXN5480,SF1480,SFACC1480,Credit,45872,USD,OPP0480,Qualification,CAMP027,2026-01-16 00:00:00,Salesforce
SFTXN5136,SF1136,SFACC1136,Credit,26569,USD,OPP0136,Qualification,CAMP037,2025-10-27 00:00:00,Salesforce
SFTXN5860,SF1860,SFACC1860,Order,3105,USD,OPP0860,Prospecting,CAMP028,2025-10-18 00:00:00,Salesforce
SFTXN5949,SF1949,SFACC1949,Payment,40375,USD,OPP0949,Proposal,CAMP045,2024-06-05 00:00:00,Salesforce
SFTXN5377,SF1377,SFACC1377,Credit,35243,USD,OPP0377,Proposal,CAMP012,2024-01-26 00:00:00,Salesforce
SFTXN5146,SF1146,SFACC1146,Order,29596,USD,OPP0146,Closed Won,CAMP017,2024-12-19 00:00:00,Salesforce
SFTXN5429,SF1429,SFACC1429,Refund,19154,USD,OPP0429,Qualification,CAMP024,2024-03-25 00:00:00,Salesforce
SFTXN5546,SF1546,SFACC1546,Invoice,31275,USD,OPP0546,Prospecting,CAMP006,2025-07-22 00:00:00,Salesforce
SFTXN5763,SF1763,SFACC1763,Refund,5046,USD,OPP0763,Qualification,CAMP016,2025-02-27 00:00:00,Salesforce
SFTXN5413,SF1413,SFACC1413,Invoice,21940,USD,OPP0413,Closed Won,CAMP034,2025-02-08 00:00:00,Salesforce
SFTXN5651,SF1651,SFACC1651,Payment,47388,USD,OPP0651,Negotiation,CAMP023,2025-12-19 00:00:00,Salesforce
SFTXN5138,SF1138,SFACC1138,Invoice,43661,USD,OPP0138,Closed Lost,CAMP042,2025-12-02 00:00:00,Salesforce
SFTXN5785,SF1785,SFACC1785,Order,7999,USD,OPP0785,Prospecting,CAMP011,2024-06-27 00:00:00,Salesforce
SFTXN5248,SF1248,SFACC1248,Payment,2257,USD,OPP0248,Prospecting,CAMP010,2024-07-21 00:00:00,Salesforce
SFTXN5914,SF1914,SFACC1914,Credit,24171,USD,OPP0914,Proposal,CAMP008,2024-04-04 00:00:00,Salesforce
SFTXN5178,SF1178,SFACC1178,Order,16605,USD,OPP0178,Qualification,CAMP004,2025-09-15 00:00:00,Salesforce
SFTXN5846,SF1846,SFACC1846,Order,5645,USD,OPP0846,Negotiation,CAMP012,2026-01-23 00:00:00,Salesforce
SFTXN5405,SF1405,SFACC1405,Order,39923,USD,OPP0405,Closed Won,CAMP009,2025-03-25 00:00:00,Salesforce
SFTXN5612,SF1612,SFACC1612,Refund,10870,USD,OPP0612,Prospecting,CAMP017,2025-06-16 00:00:00,Salesforce
SFTXN5912,SF1912,SFACC1912,Payment,20443,USD,OPP0912,Closed Lost,CAMP035,2025-02-17 00:00:00,Salesforce
SFTXN5658,SF1658,SFACC1658,Payment,35459,USD,OPP0658,Negotiation,CAMP037,2026-01-01 00:00:00,Salesforce
SFTXN5422,SF1422,SFACC1422,Invoice,4213,USD,OPP0422,Closed Won,CAMP039,2024-12-19 00:00:00,Salesforce
SFTXN5819,SF1819,SFACC1819,Order,27818,USD,OPP0819,Qualification,CAMP024,2024-07-05 00:00:00,Salesforce
SFTXN5865,SF1865,SFACC1865,Order,24813,USD,OPP0865,Proposal,CAMP012,2024-07-28 00:00:00,Salesforce
SFTXN5327,SF1327,SFACC1327,Credit,19208,USD,OPP0327,Prospecting,CAMP023,2024-10-21 00:00:00,Salesforce
SFTXN5151,SF1151,SFACC1151,Refund,45661,USD,OPP0151,Qualification,CAMP047,2024-01-07 00:00:00,Salesforce
SFTXN5262,SF1262,SFACC1262,Refund,4304,USD,OPP0262,Qualification,CAMP035,2024-08-29 00:00:00,Salesforce
SFTXN5541,SF1541,SFACC1541,Credit,16192,USD,OPP0541,Negotiation,CAMP049,2024-02-08 00:00:00,Salesforce
SFTXN5154,SF1154,SFACC1154,Refund,21184,USD,OPP0154,Prospecting,CAMP008,2026-01-23 00:00:00,Salesforce
SFTXN5082,SF1082,SFACC1082,Order,40730,USD,OPP0082,Negotiation,CAMP026,2025-08-21 00:00:00,Salesforce
SFTXN5092,SF1092,SFACC1092,Payment,16440,USD,OPP0092,Qualification,CAMP047,2025-06-13 00:00:00,Salesforce
SFTXN5749,SF1749,SFACC1749,Refund,41245,USD,OPP0749,Closed Won,CAMP043,2026-03-19 00:00:00,Salesforce
SFTXN5660,SF1660,SFACC1660,Invoice,37884,USD,OPP0660,Negotiation,CAMP047,2025-07-19 00:00:00,Salesforce
SFTXN5121,SF1121,SFACC1121,Payment,32880,USD,OPP0121,Negotiation,CAMP036,2024-05-19 00:00:00,Salesforce
SFTXN5436,SF1436,SFACC1436,Invoice,18428,USD,OPP0436,Negotiation,CAMP017,2025-11-12 00:00:00,Salesforce
SFTXN5776,SF1776,SFACC1776,Refund,22964,USD,OPP0776,Negotiation,CAMP020,2025-07-24 00:00:00,Salesforce
SFTXN5114,SF1114,SFACC1114,Credit,7168,USD,OPP0114,Negotiation,CAMP020,2024-11-20 00:00:00,Salesforce
SFTXN5894,SF1894,SFACC1894,Invoice,21491,USD,OPP0894,Closed Won,CAMP033,2024-02-29 00:00:00,Salesforce
SFTXN5583,SF1583,SFACC1583,Credit,33291,USD,OPP0583,Proposal,CAMP008,2024-03-31 00:00:00,Salesforce
SFTXN5298,SF1298,SFACC1298,Refund,37502,USD,OPP0298,Prospecting,CAMP013,2025-01-31 00:00:00,Salesforce
SFTXN5101,SF1101,SFACC1101,Order,35067,USD,OPP0101,Closed Lost,CAMP014,2025-03-07 00:00:00,Salesforce
SFTXN5815,SF1815,SFACC1815,Refund,41814,USD,OPP0815,Proposal,CAMP050,2026-03-03 00:00:00,Salesforce
SFTXN5292,SF1292,SFACC1292,Credit,13729,USD,OPP0292,Proposal,CAMP036,2024-05-04 00:00:00,Salesforce
SFTXN5366,SF1366,SFACC1366,Payment,8759,USD,OPP0366,Closed Won,CAMP023,2024-02-23 00:00:00,Salesforce
SFTXN5618,SF1618,SFACC1618,Order,17535,USD,OPP0618,Closed Won,CAMP043,2024-01-05 00:00:00,Salesforce
SFTXN5545,SF1545,SFACC1545,Refund,41725,USD,OPP0545,Prospecting,CAMP030,2026-01-23 00:00:00,Salesforce
SFTXN5840,SF1840,SFACC1840,Order,6350,USD,OPP0840,Prospecting,CAMP004,2025-07-26 00:00:00,Salesforce
SFTXN5754,SF1754,SFACC1754,Invoice,29871,USD,OPP0754,Negotiation,CAMP023,2024-02-08 00:00:00,Salesforce
SFTXN5653,SF1653,SFACC1653,Order,24096,USD,OPP0653,Qualification,CAMP032,2024-06-26 00:00:00,Salesforce
SFTXN5356,SF1356,SFACC1356,Order,26875,USD,OPP0356,Closed Won,CAMP038,2024-06-08 00:00:00,Salesforce
SFTXN5012,SF1012,SFACC1012,Invoice,15368,USD,OPP0012,Closed Won,CAMP041,2025-05-14 00:00:00,Salesforce
SFTXN5824,SF1824,SFACC1824,Order,17001,USD,OPP0824,Proposal,CAMP050,2024-05-31 00:00:00,Salesforce
SFTXN5745,SF1745,SFACC1745,Refund,24641,USD,OPP0745,Prospecting,CAMP024,2024-03-12 00:00:00,Salesforce
SFTXN5137,SF1137,SFACC1137,Order,35651,USD,OPP0137,Negotiation,CAMP041,2025-08-21 00:00:00,Salesforce
SFTXN5497,SF1497,SFACC1497,Order,46899,USD,OPP0497,Negotiation,CAMP023,2025-09-30 00:00:00,Salesforce
SFTXN5177,SF1177,SFACC1177,Invoice,49023,USD,OPP0177,Prospecting,CAMP010,2025-07-04 00:00:00,Salesforce
SFTXN5316,SF1316,SFACC1316,Credit,12525,USD,OPP0316,Qualification,CAMP004,2025-04-22 00:00:00,Salesforce
SFTXN5093,SF1093,SFACC1093,Credit,1814,USD,OPP0093,Qualification,CAMP021,2024-09-29 00:00:00,Salesforce
SFTXN5487,SF1487,SFACC1487,Invoice,42501,USD,OPP0487,Qualification,CAMP030,2024-12-08 00:00:00,Salesforce
SFTXN5258,SF1258,SFACC1258,Payment,44485,USD,OPP0258,Closed Won,CAMP050,2024-11-27 00:00:00,Salesforce
SFTXN5712,SF1712,SFACC1712,Credit,49594,USD,OPP0712,Closed Won,CAMP049,2025-02-21 00:00:00,Salesforce
SFTXN5022,SF1022,SFACC1022,Payment,42664,USD,OPP0022,Qualification,CAMP041,2024-06-07 00:00:00,Salesforce
SFTXN5841,SF1841,SFACC1841,Order,3812,USD,OPP0841,Closed Won,CAMP012,2025-07-26 00:00:00,Salesforce
SFTXN5241,SF1241,SFACC1241,Payment,20678,USD,OPP0241,Closed Lost,CAMP025,2025-09-06 00:00:00,Salesforce
SFTXN5277,SF1277,SFACC1277,Credit,38124,USD,OPP0277,Closed Lost,CAMP016,2026-01-26 00:00:00,Salesforce
SFTXN5866,SF1866,SFACC1866,Invoice,23433,USD,OPP0866,Negotiation,CAMP019,2024-03-17 00:00:00,Salesforce
SFTXN5281,SF1281,SFACC1281,Order,29431,USD,OPP0281,Prospecting,CAMP038,2025-08-24 00:00:00,Salesforce
SFTXN5198,SF1198,SFACC1198,Refund,5088,USD,OPP0198,Prospecting,CAMP014,2025-05-29 00:00:00,Salesforce
SFTXN5237,SF1237,SFACC1237,Payment,32655,USD,OPP0237,Proposal,CAMP025,2024-05-21 00:00:00,Salesforce
SFTXN5134,SF1134,SFACC1134,Refund,11264,USD,OPP0134,Proposal,CAMP013,2024-12-09 00:00:00,Salesforce
SFTXN5570,SF1570,SFACC1570,Order,14766,USD,OPP0570,Negotiation,CAMP049,2025-10-28 00:00:00,Salesforce
SFTXN5187,SF1187,SFACC1187,Payment,35628,USD,OPP0187,Closed Won,CAMP030,2025-05-29 00:00:00,Salesforce
SFTXN5273,SF1273,SFACC1273,Invoice,32172,USD,OPP0273,Proposal,CAMP044,2025-02-23 00:00:00,Salesforce
SFTXN5240,SF1240,SFACC1240,Credit,42495,USD,OPP0240,Closed Lost,CAMP041,2024-09-20 00:00:00,Salesforce
SFTXN5083,SF1083,SFACC1083,Order,43669,USD,OPP0083,Proposal,CAMP025,2024-07-23 00:00:00,Salesforce
SFTXN5907,SF1907,SFACC1907,Invoice,21707,USD,OPP0907,Closed Won,CAMP043,2025-03-10 00:00:00,Salesforce
SFTXN5394,SF1394,SFACC1394,Payment,9727,USD,OPP0394,Qualification,CAMP002,2025-06-08 00:00:00,Salesforce
SFTXN5461,SF1461,SFACC1461,Refund,805,USD,OPP0461,Closed Lost,CAMP047,2025-09-13 00:00:00,Salesforce
SFTXN5903,SF1903,SFACC1903,Invoice,4668,USD,OPP0903,Closed Won,CAMP012,2025-10-07 00:00:00,Salesforce
SFTXN5825,SF1825,SFACC1825,Payment,10041,USD,OPP0825,Closed Lost,CAMP004,2024-12-28 00:00:00,Salesforce
SFTXN5426,SF1426,SFACC1426,Refund,24653,USD,OPP0426,Proposal,CAMP035,2024-08-01 00:00:00,Salesforce
SFTXN5340,SF1340,SFACC1340,Order,30180,USD,OPP0340,Closed Won,CAMP046,2024-01-31 00:00:00,Salesforce
